{"nodes": [{"id": "de86d595-e34d-4abf-98b0-9af483008f0d", "label": "Departamento de Administración", "type": "uab"}, {"id": 1549, "label": "Agudelo Aguirre Alberto Antonio", "type": "author"}, {"id": 1554, "label": "Marulanda Echeverry Carlos Eduardo", "type": "author"}, {"id": 1557, "label": "Alvarez Giraldo Claudia Milena", "type": "author"}, {"id": 1559, "label": "Tabares Peralta Daniel", "type": "author"}, {"id": 1565, "label": "Escobar Arias Gabriel Eduardo", "type": "author"}, {"id": 1566, "label": "Castaño Duque German Albeiro", "type": "author"}, {"id": "generadores", "label": "generadores", "type": "topic"}, {"id": "producción", "label": "producción", "type": "topic"}, {"id": "productividad", "label": "productividad", "type": "topic"}, {"id": 1568, "label": "Idarraga Perez German", "type": "author"}, {"id": 1569, "label": "Vargas Agudelo Gladis", "type": "author"}, {"id": 1572, "label": "Quintero Vergara Helmer", "type": "author"}, {"id": 1573, "label": "Lopez Lopez Ivan Dario", "type": "author"}, {"id": 1574, "label": "Vieira Salazar Jaime Andres", "type": "author"}, {"id": 1577, "label": "Quiñones Cardenas Jeremias", "type": "author"}, {"id": 1578, "label": "Urrea Arbelaez Joaquin", "type": "author"}, {"id": 1579, "label": "Salinas Avila John Jairo", "type": "author"}, {"id": 1581, "label": "Jurado Salgado Jorge Ivan", "type": "author"}, {"id": 1582, "label": "Carvajal Orozco Jose Gabriel", "type": "author"}, {"id": 1583, "label": "Franco Hernandez Josefina", "type": "author"}, {"id": 1584, "label": "Chica Mesa Juan Carlos", "type": "author"}, {"id": 1585, "label": "Castaño Molano Juan Manuel", "type": "author"}, {"id": "medición", "label": "medición", "type": "topic"}, {"id": "ríos", "label": "ríos", "type": "topic"}, {"id": "modelado", "label": "modelado", "type": "topic"}, {"id": "río tunjuelo", "label": "río tunjuelo", "type": "topic"}, {"id": "calidad del agua", "label": "calidad del agua", "type": "topic"}, {"id": "drenaje urbano", "label": "drenaje urbano", "type": "topic"}, {"id": "modelado integrado", "label": "modelado integrado", "type": "topic"}, {"id": "planificación", "label": "planificación", "type": "topic"}, {"id": "organismos", "label": "organismos", "type": "topic"}, {"id": "current", "label": "current", "type": "topic"}, {"id": "oxígeno", "label": "oxígeno", "type": "topic"}, {"id": "aguas residuales", "label": "aguas residuales", "type": "topic"}, {"id": "programación", "label": "programación", "type": "topic"}, {"id": "recopilación de datos", "label": "recopilación de datos", "type": "topic"}, {"id": "organizaciones", "label": "organizaciones", "type": "topic"}, {"id": "recursos hídricos", "label": "recursos hídricos", "type": "topic"}, {"id": "aplicadores", "label": "aplicadores", "type": "topic"}, {"id": "autorización", "label": "autorización", "type": "topic"}, {"id": "calibración", "label": "calibración", "type": "topic"}, {"id": "aditivos", "label": "aditivos", "type": "topic"}, {"id": "administración", "label": "administración", "type": "topic"}, {"id": "marcas comerciales", "label": "marcas comerciales", "type": "topic"}, {"id": "fotografías", "label": "fotografías", "type": "topic"}, {"id": "industrias", "label": "industrias", "type": "topic"}, {"id": "construcción", "label": "construcción", "type": "topic"}, {"id": 1586, "label": "Montoya Monsalve Juan Nicolas", "type": "author"}, {"id": 1587, "label": "Giraldo Velez Laura Patricia", "type": "author"}, {"id": 1589, "label": "Zapata Ortiz Libardo", "type": "author"}, {"id": 1591, "label": "Rosado Salgado Luis Arturo", "type": "author"}, {"id": 1594, "label": "Lopez Villegas Luis Ignacio", "type": "author"}, {"id": 1603, "label": "Escobar Ortega Mauricio", "type": "author"}, {"id": 1605, "label": "Bautista Parrado Miguel", "type": "author"}, {"id": 1607, "label": "Ocampo Osorio Nelly", "type": "author"}, {"id": 1608, "label": "Aristizabal Lopez Nelson", "type": "author"}, {"id": 1611, "label": "Garcia Cano Olga Lucia", "type": "author"}, {"id": 1612, "label": "Ramirez Garzon Oliverio", "type": "author"}, {"id": 1613, "label": "Meza Aguirre Oscar Eduardo", "type": "author"}, {"id": 1615, "label": "Marin Cardona Pablo Felipe", "type": "author"}, {"id": 1617, "label": "Rojas Medina Ricardo Alfredo", "type": "author"}, {"id": 2901, "label": "Giraldo Gomez Rodrigo", "type": "author"}, {"id": 2902, "label": "Velez Restrepo Gabriel", "type": "author"}, {"id": 2903, "label": "Ocampo Quintero Luis Gonzalo", "type": "author"}, {"id": 2908, "label": "Ramirez Hernandez Hernando", "type": "author"}, {"id": 2909, "label": "Marin Toro Jose Albeiro", "type": "author"}, {"id": 2910, "label": "Carrascal Arevalo Hector Manuel", "type": "author"}, {"id": 2959, "label": "Serna Alzate Manuel Guillermo", "type": "author"}, {"id": 2960, "label": "Franco Osorio Marco Tulio", "type": "author"}, {"id": 2961, "label": "Sanchez Arenas Gonzalo De Jesus", "type": "author"}, {"id": 2962, "label": "Zambrano Franco Jose Rafael", "type": "author"}, {"id": 2965, "label": "Navarro Castaño Diego", "type": "author"}, {"id": 2966, "label": "Calderon Hernandez Gregorio", "type": "author"}, {"id": 2972, "label": "Ramirez Ospina Duvan Emilio", "type": "author"}, {"id": 2973, "label": "Jaramillo Vargas Jorge Alberto", "type": "author"}, {"id": 2974, "label": "Cardona Leon Jose Octavio", "type": "author"}, {"id": 3080, "label": "Trujillo Alvarez Martha Ligia", "type": "author"}, {"id": 3083, "label": "Davila Arias Beatriz Elena", "type": "author"}, {"id": 3174, "label": "Osorio Londoño Andres Alberto", "type": "author"}, {"id": 3180, "label": "Otalora Cabanzo William Hernan", "type": "author"}, {"id": 3257, "label": "Osorio Barreto Daniel", "type": "author"}, {"id": 3294, "label": "Rendon Uribe Jorge Alonso", "type": "author"}, {"id": 3295, "label": "Buitrago Murillo Ivan", "type": "author"}, {"id": 3331, "label": "Restrepo Aguirre Emilio Antonio", "type": "author"}, {"id": 3332, "label": "Marulanda Lopez Alberto", "type": "author"}, {"id": 3334, "label": "Garcia Mejia Jairo", "type": "author"}, {"id": 3353, "label": "Patiño Vargas Jose Ducardo", "type": "author"}, {"id": 3433, "label": "Sanchez Jaramillo Andres Felipe", "type": "author"}, {"id": 3442, "label": "Angelillis Quiceno Diego", "type": "author"}], "links": [{"source": "de86d595-e34d-4abf-98b0-9af483008f0d", "target": 1549, "value": 1}, {"source": "de86d595-e34d-4abf-98b0-9af483008f0d", "target": 1554, "value": 1}, {"source": "de86d595-e34d-4abf-98b0-9af483008f0d", "target": 1557, "value": 1}, {"source": "de86d595-e34d-4abf-98b0-9af483008f0d", "target": 1559, "value": 1}, {"source": "de86d595-e34d-4abf-98b0-9af483008f0d", "target": 1565, "value": 1}, {"source": "de86d595-e34d-4abf-98b0-9af483008f0d", "target": 1566, "value": 1}, {"source": 1566, "target": "generadores", "value": 1}, {"source": 1566, "target": "producción", "value": 1}, {"source": 1566, "target": "productividad", "value": 1}, {"source": "de86d595-e34d-4abf-98b0-9af483008f0d", "target": 1568, "value": 1}, {"source": "de86d595-e34d-4abf-98b0-9af483008f0d", "target": 1569, "value": 1}, {"source": "de86d595-e34d-4abf-98b0-9af483008f0d", "target": 1572, "value": 1}, {"source": "de86d595-e34d-4abf-98b0-9af483008f0d", "target": 1573, "value": 1}, {"source": "de86d595-e34d-4abf-98b0-9af483008f0d", "target": 1574, "value": 1}, {"source": "de86d595-e34d-4abf-98b0-9af483008f0d", "target": 1577, "value": 1}, {"source": "de86d595-e34d-4abf-98b0-9af483008f0d", "target": 1578, "value": 1}, {"source": "de86d595-e34d-4abf-98b0-9af483008f0d", "target": 1579, "value": 1}, {"source": "de86d595-e34d-4abf-98b0-9af483008f0d", "target": 1581, "value": 1}, {"source": "de86d595-e34d-4abf-98b0-9af483008f0d", "target": 1582, "value": 1}, {"source": "de86d595-e34d-4abf-98b0-9af483008f0d", "target": 1583, "value": 1}, {"source": "de86d595-e34d-4abf-98b0-9af483008f0d", "target": 1584, "value": 1}, {"source": "de86d595-e34d-4abf-98b0-9af483008f0d", "target": 1585, "value": 1}, {"source": 1585, "target": "medición", "value": 2}, {"source": 1585, "target": "ríos", "value": 1}, {"source": 1585, "target": "modelado", "value": 1}, {"source": 1585, "target": "río tunjuelo", "value": 1}, {"source": 1585, "target": "calidad del agua", "value": 1}, {"source": 1585, "target": "drenaje urbano", "value": 1}, {"source": 1585, "target": "modelado integrado", "value": 1}, {"source": 1585, "target": "planificación", "value": 1}, {"source": 1585, "target": "organismos", "value": 1}, {"source": 1585, "target": "current", "value": 1}, {"source": 1585, "target": "oxígeno", "value": 1}, {"source": 1585, "target": "aguas residuales", "value": 1}, {"source": 1585, "target": "programación", "value": 1}, {"source": 1585, "target": "recopilación de datos", "value": 1}, {"source": 1585, "target": "organizaciones", "value": 1}, {"source": 1585, "target": "recursos hídricos", "value": 1}, {"source": 1585, "target": "aplicadores", "value": 1}, {"source": 1585, "target": "autorización", "value": 1}, {"source": 1585, "target": "calibración", "value": 1}, {"source": 1585, "target": "aditivos", "value": 1}, {"source": 1585, "target": "administración", "value": 1}, {"source": 1585, "target": "marcas comerciales", "value": 1}, {"source": 1585, "target": "fotografías", "value": 1}, {"source": 1585, "target": "industrias", "value": 1}, {"source": 1585, "target": "construcción", "value": 1}, {"source": "de86d595-e34d-4abf-98b0-9af483008f0d", "target": 1586, "value": 1}, {"source": "de86d595-e34d-4abf-98b0-9af483008f0d", "target": 1587, "value": 1}, {"source": "de86d595-e34d-4abf-98b0-9af483008f0d", "target": 1589, "value": 1}, {"source": "de86d595-e34d-4abf-98b0-9af483008f0d", "target": 1591, "value": 1}, {"source": "de86d595-e34d-4abf-98b0-9af483008f0d", "target": 1594, "value": 1}, {"source": "de86d595-e34d-4abf-98b0-9af483008f0d", "target": 1603, "value": 1}, {"source": "de86d595-e34d-4abf-98b0-9af483008f0d", "target": 1605, "value": 1}, {"source": "de86d595-e34d-4abf-98b0-9af483008f0d", "target": 1607, "value": 1}, {"source": "de86d595-e34d-4abf-98b0-9af483008f0d", "target": 1608, "value": 1}, {"source": "de86d595-e34d-4abf-98b0-9af483008f0d", "target": 1611, "value": 1}, {"source": "de86d595-e34d-4abf-98b0-9af483008f0d", "target": 1612, "value": 1}, {"source": "de86d595-e34d-4abf-98b0-9af483008f0d", "target": 1613, "value": 1}, {"source": "de86d595-e34d-4abf-98b0-9af483008f0d", "target": 1615, "value": 1}, {"source": "de86d595-e34d-4abf-98b0-9af483008f0d", "target": 1617, "value": 1}, {"source": "de86d595-e34d-4abf-98b0-9af483008f0d", "target": 2901, "value": 1}, {"source": "de86d595-e34d-4abf-98b0-9af483008f0d", "target": 2902, "value": 1}, {"source": "de86d595-e34d-4abf-98b0-9af483008f0d", "target": 2903, "value": 1}, {"source": "de86d595-e34d-4abf-98b0-9af483008f0d", "target": 2908, "value": 1}, {"source": "de86d595-e34d-4abf-98b0-9af483008f0d", "target": 2909, "value": 1}, {"source": "de86d595-e34d-4abf-98b0-9af483008f0d", "target": 2910, "value": 1}, {"source": "de86d595-e34d-4abf-98b0-9af483008f0d", "target": 2959, "value": 1}, {"source": "de86d595-e34d-4abf-98b0-9af483008f0d", "target": 2960, "value": 1}, {"source": "de86d595-e34d-4abf-98b0-9af483008f0d", "target": 2961, "value": 1}, {"source": "de86d595-e34d-4abf-98b0-9af483008f0d", "target": 2962, "value": 1}, {"source": "de86d595-e34d-4abf-98b0-9af483008f0d", "target": 2965, "value": 1}, {"source": "de86d595-e34d-4abf-98b0-9af483008f0d", "target": 2966, "value": 1}, {"source": "de86d595-e34d-4abf-98b0-9af483008f0d", "target": 2972, "value": 1}, {"source": "de86d595-e34d-4abf-98b0-9af483008f0d", "target": 2973, "value": 1}, {"source": "de86d595-e34d-4abf-98b0-9af483008f0d", "target": 2974, "value": 1}, {"source": "de86d595-e34d-4abf-98b0-9af483008f0d", "target": 3080, "value": 1}, {"source": "de86d595-e34d-4abf-98b0-9af483008f0d", "target": 3083, "value": 1}, {"source": "de86d595-e34d-4abf-98b0-9af483008f0d", "target": 3174, "value": 1}, {"source": "de86d595-e34d-4abf-98b0-9af483008f0d", "target": 3180, "value": 1}, {"source": "de86d595-e34d-4abf-98b0-9af483008f0d", "target": 3257, "value": 1}, {"source": "de86d595-e34d-4abf-98b0-9af483008f0d", "target": 3294, "value": 1}, {"source": "de86d595-e34d-4abf-98b0-9af483008f0d", "target": 3295, "value": 1}, {"source": "de86d595-e34d-4abf-98b0-9af483008f0d", "target": 3331, "value": 1}, {"source": "de86d595-e34d-4abf-98b0-9af483008f0d", "target": 3332, "value": 1}, {"source": "de86d595-e34d-4abf-98b0-9af483008f0d", "target": 3334, "value": 1}, {"source": "de86d595-e34d-4abf-98b0-9af483008f0d", "target": 3353, "value": 1}, {"source": "de86d595-e34d-4abf-98b0-9af483008f0d", "target": 3433, "value": 1}, {"source": "de86d595-e34d-4abf-98b0-9af483008f0d", "target": 3442, "value": 1}], "options": [{"label": "Estado inicial", "value": "Departamento de Administración", "group": "00. Opciones predeterminadas"}, {"label": "Agudelo Aguirre Alberto Antonio", "value": "Agudelo Aguirre Alberto Antonio", "group": "02. Opciones de autor"}, {"label": "Alvarez Giraldo Claudia Milena", "value": "Alvarez Giraldo Claudia Milena", "group": "02. Opciones de autor"}, {"label": "Angelillis Quiceno Diego", "value": "Angelillis Quiceno Diego", "group": "02. Opciones de autor"}, {"label": "Aristizabal Lopez Nelson", "value": "Aristizabal Lopez Nelson", "group": "02. Opciones de autor"}, {"label": "Bautista Parrado Miguel", "value": "Bautista Parrado Miguel", "group": "02. Opciones de autor"}, {"label": "Buitrago Murillo Ivan", "value": "Buitrago Murillo Ivan", "group": "02. Opciones de autor"}, {"label": "Calderon Hernandez Gregorio", "value": "Calderon Hernandez Gregorio", "group": "02. Opciones de autor"}, {"label": "Cardona Leon Jose Octavio", "value": "Cardona Leon Jose Octavio", "group": "02. Opciones de autor"}, {"label": "Carrascal Arevalo Hector Manuel", "value": "Carrascal Arevalo Hector Manuel", "group": "02. Opciones de autor"}, {"label": "Carvajal Orozco Jose Gabriel", "value": "Carvajal Orozco Jose Gabriel", "group": "02. Opciones de autor"}, {"label": "Castaño Duque German Albeiro", "value": "Castaño Duque German Albeiro", "group": "02. Opciones de autor"}, {"label": "Castaño Molano Juan Manuel", "value": "Castaño Molano Juan Manuel", "group": "02. Opciones de autor"}, {"label": "Chica Mesa Juan Carlos", "value": "Chica Mesa Juan Carlos", "group": "02. Opciones de autor"}, {"label": "Davila Arias Beatriz Elena", "value": "Davila Arias Beatriz Elena", "group": "02. Opciones de autor"}, {"label": "Escobar Arias Gabriel Eduardo", "value": "Escobar Arias Gabriel Eduardo", "group": "02. Opciones de autor"}, {"label": "Escobar Ortega Mauricio", "value": "Escobar Ortega Mauricio", "group": "02. Opciones de autor"}, {"label": "Franco Hernandez Josefina", "value": "Franco Hernandez Josefina", "group": "02. Opciones de autor"}, {"label": "Franco Osorio Marco Tulio", "value": "Franco Osorio Marco Tulio", "group": "02. Opciones de autor"}, {"label": "Garcia Cano Olga Lucia", "value": "Garcia Cano Olga Lucia", "group": "02. Opciones de autor"}, {"label": "Garcia Mejia Jairo", "value": "Garcia Mejia Jairo", "group": "02. Opciones de autor"}, {"label": "Giraldo Gomez Rodrigo", "value": "Giraldo Gomez Rodrigo", "group": "02. Opciones de autor"}, {"label": "Giraldo Velez Laura Patricia", "value": "Giraldo Velez Laura Patricia", "group": "02. Opciones de autor"}, {"label": "Idarraga Perez German", "value": "Idarraga Perez German", "group": "02. Opciones de autor"}, {"label": "Jaramillo Vargas Jorge Alberto", "value": "Jaramillo Vargas Jorge Alberto", "group": "02. Opciones de autor"}, {"label": "Jurado Salgado Jorge Ivan", "value": "Jurado Salgado Jorge Ivan", "group": "02. Opciones de autor"}, {"label": "Lopez Lopez Ivan Dario", "value": "Lopez Lopez Ivan Dario", "group": "02. Opciones de autor"}, {"label": "Lopez Villegas Luis Ignacio", "value": "Lopez Villegas Luis Ignacio", "group": "02. Opciones de autor"}, {"label": "Marin Cardona Pablo Felipe", "value": "Marin Cardona Pablo Felipe", "group": "02. Opciones de autor"}, {"label": "Marin Toro Jose Albeiro", "value": "Marin Toro Jose Albeiro", "group": "02. Opciones de autor"}, {"label": "Marulanda Echeverry Carlos Eduardo", "value": "Marulanda Echeverry Carlos Eduardo", "group": "02. Opciones de autor"}, {"label": "Marulanda Lopez Alberto", "value": "Marulanda Lopez Alberto", "group": "02. Opciones de autor"}, {"label": "Meza Aguirre Oscar Eduardo", "value": "Meza Aguirre Oscar Eduardo", "group": "02. Opciones de autor"}, {"label": "Montoya Monsalve Juan Nicolas", "value": "Montoya Monsalve Juan Nicolas", "group": "02. Opciones de autor"}, {"label": "Navarro Castaño Diego", "value": "Navarro Castaño Diego", "group": "02. Opciones de autor"}, {"label": "Ocampo Osorio Nelly", "value": "Ocampo Osorio Nelly", "group": "02. Opciones de autor"}, {"label": "Ocampo Quintero Luis Gonzalo", "value": "Ocampo Quintero Luis Gonzalo", "group": "02. Opciones de autor"}, {"label": "Osorio Barreto Daniel", "value": "Osorio Barreto Daniel", "group": "02. Opciones de autor"}, {"label": "Osorio Londoño Andres Alberto", "value": "Osorio Londoño Andres Alberto", "group": "02. Opciones de autor"}, {"label": "Otalora Cabanzo William Hernan", "value": "Otalora Cabanzo William Hernan", "group": "02. Opciones de autor"}, {"label": "Patiño Vargas Jose Ducardo", "value": "Patiño Vargas Jose Ducardo", "group": "02. Opciones de autor"}, {"label": "Quintero Vergara Helmer", "value": "Quintero Vergara Helmer", "group": "02. Opciones de autor"}, {"label": "Quiñones Cardenas Jeremias", "value": "Quiñones Cardenas Jeremias", "group": "02. Opciones de autor"}, {"label": "Ramirez Garzon Oliverio", "value": "Ramirez Garzon Oliverio", "group": "02. Opciones de autor"}, {"label": "Ramirez Hernandez Hernando", "value": "Ramirez Hernandez Hernando", "group": "02. Opciones de autor"}, {"label": "Ramirez Ospina Duvan Emilio", "value": "Ramirez Ospina Duvan Emilio", "group": "02. Opciones de autor"}, {"label": "Rendon Uribe Jorge Alonso", "value": "Rendon Uribe Jorge Alonso", "group": "02. Opciones de autor"}, {"label": "Restrepo Aguirre Emilio Antonio", "value": "Restrepo Aguirre Emilio Antonio", "group": "02. Opciones de autor"}, {"label": "Rojas Medina Ricardo Alfredo", "value": "Rojas Medina Ricardo Alfredo", "group": "02. Opciones de autor"}, {"label": "Rosado Salgado Luis Arturo", "value": "Rosado Salgado Luis Arturo", "group": "02. Opciones de autor"}, {"label": "Salinas Avila John Jairo", "value": "Salinas Avila John Jairo", "group": "02. Opciones de autor"}, {"label": "Sanchez Arenas Gonzalo De Jesus", "value": "Sanchez Arenas Gonzalo De Jesus", "group": "02. Opciones de autor"}, {"label": "Sanchez Jaramillo Andres Felipe", "value": "Sanchez Jaramillo Andres Felipe", "group": "02. Opciones de autor"}, {"label": "Serna Alzate Manuel Guillermo", "value": "Serna Alzate Manuel Guillermo", "group": "02. Opciones de autor"}, {"label": "Tabares Peralta Daniel", "value": "Tabares Peralta Daniel", "group": "02. Opciones de autor"}, {"label": "Trujillo Alvarez Martha Ligia", "value": "Trujillo Alvarez Martha Ligia", "group": "02. Opciones de autor"}, {"label": "Urrea Arbelaez Joaquin", "value": "Urrea Arbelaez Joaquin", "group": "02. Opciones de autor"}, {"label": "Vargas Agudelo Gladis", "value": "Vargas Agudelo Gladis", "group": "02. Opciones de autor"}, {"label": "Velez Restrepo Gabriel", "value": "Velez Restrepo Gabriel", "group": "02. Opciones de autor"}, {"label": "Vieira Salazar Jaime Andres", "value": "Vieira Salazar Jaime Andres", "group": "02. Opciones de autor"}, {"label": "Zambrano Franco Jose Rafael", "value": "Zambrano Franco Jose Rafael", "group": "02. Opciones de autor"}, {"label": "Zapata Ortiz Libardo", "value": "Zapata Ortiz Libardo", "group": "02. Opciones de autor"}, {"label": "Departamento de Administración", "value": "Departamento de Administración", "group": "02. Opciones de uab"}, {"label": "aditivos", "value": "aditivos", "group": "03. Opciones de temas"}, {"label": "administración", "value": "administración", "group": "03. Opciones de temas"}, {"label": "aguas residuales", "value": "aguas residuales", "group": "03. Opciones de temas"}, {"label": "aplicadores", "value": "aplicadores", "group": "03. Opciones de temas"}, {"label": "autorización", "value": "autorización", "group": "03. Opciones de temas"}, {"label": "calibración", "value": "calibración", "group": "03. Opciones de temas"}, {"label": "calidad del agua", "value": "calidad del agua", "group": "03. Opciones de temas"}, {"label": "construcción", "value": "construcción", "group": "03. Opciones de temas"}, {"label": "current", "value": "current", "group": "03. Opciones de temas"}, {"label": "drenaje urbano", "value": "drenaje urbano", "group": "03. Opciones de temas"}, {"label": "fotografías", "value": "fotografías", "group": "03. Opciones de temas"}, {"label": "generadores", "value": "generadores", "group": "03. Opciones de temas"}, {"label": "industrias", "value": "industrias", "group": "03. Opciones de temas"}, {"label": "marcas comerciales", "value": "marcas comerciales", "group": "03. Opciones de temas"}, {"label": "medición", "value": "medición", "group": "03. Opciones de temas"}, {"label": "modelado", "value": "modelado", "group": "03. Opciones de temas"}, {"label": "modelado integrado", "value": "modelado integrado", "group": "03. Opciones de temas"}, {"label": "organismos", "value": "organismos", "group": "03. Opciones de temas"}, {"label": "organizaciones", "value": "organizaciones", "group": "03. Opciones de temas"}, {"label": "oxígeno", "value": "oxígeno", "group": "03. Opciones de temas"}, {"label": "planificación", "value": "planificación", "group": "03. Opciones de temas"}, {"label": "producción", "value": "producción", "group": "03. Opciones de temas"}, {"label": "productividad", "value": "productividad", "group": "03. Opciones de temas"}, {"label": "programación", "value": "programación", "group": "03. Opciones de temas"}, {"label": "recopilación de datos", "value": "recopilación de datos", "group": "03. Opciones de temas"}, {"label": "recursos hídricos", "value": "recursos hídricos", "group": "03. Opciones de temas"}, {"label": "río tunjuelo", "value": "río tunjuelo", "group": "03. Opciones de temas"}, {"label": "ríos", "value": "ríos", "group": "03. Opciones de temas"}]}