{"nodes": [{"id": "0330239e-40f1-4141-9072-cc286839a59c", "label": "Departamento de Movimiento Corporal Humano", "type": "uab"}, {"id": 28, "label": "Alvis Gómez Karim Martina", "type": "author"}, {"id": "deportes", "label": "deportes", "type": "topic"}, {"id": "física", "label": "física", "type": "topic"}, {"id": "socialismo", "label": "socialismo", "type": "topic"}, {"id": "socialización", "label": "socialización", "type": "topic"}, {"id": "individualidad", "label": "individualidad", "type": "topic"}, {"id": "individualismo", "label": "individualismo", "type": "topic"}, {"id": "investigación", "label": "investigación", "type": "topic"}, {"id": "métodos", "label": "métodos", "type": "topic"}, {"id": "envejecimiento", "label": "envejecimiento", "type": "topic"}, {"id": "movimiento", "label": "movimiento", "type": "topic"}, {"id": "atletas", "label": "atletas", "type": "topic"}, {"id": "imagen corporal", "label": "imagen corporal", "type": "topic"}, {"id": "educación", "label": "educación", "type": "topic"}, {"id": "ambiente", "label": "ambiente", "type": "topic"}, {"id": "humanos", "label": "humanos", "type": "topic"}, {"id": "hombres", "label": "hombres", "type": "topic"}, {"id": "mujeres", "label": "mujeres", "type": "topic"}, {"id": "discapacidad", "label": "discapacidad", "type": "topic"}, {"id": "materiales", "label": "materiales", "type": "topic"}, {"id": "tenis", "label": "tenis", "type": "topic"}, {"id": "formación", "label": "formación", "type": "topic"}, {"id": "estudios transversales", "label": "estudios transversales", "type": "topic"}, {"id": "mano", "label": "mano", "type": "topic"}, {"id": "salud", "label": "salud", "type": "topic"}, {"id": "humanidades", "label": "humanidades", "type": "topic"}, {"id": "humanismo", "label": "humanismo", "type": "topic"}, {"id": "recreación", "label": "recreación", "type": "topic"}, {"id": "integración social", "label": "integración social", "type": "topic"}, {"id": "parálisis cerebral", "label": "parálisis cerebral", "type": "topic"}, {"id": "invalidez", "label": "invalidez", "type": "topic"}, {"id": 78, "label": "Barrera Castillo Miryam Lilia", "type": "author"}, {"id": "controlabilidad", "label": "controlabilidad", "type": "topic"}, {"id": "postura", "label": "postura", "type": "topic"}, {"id": "ecualizadores", "label": "ecualizadores", "type": "topic"}, {"id": "videos", "label": "videos", "type": "topic"}, {"id": "receptores", "label": "receptores", "type": "topic"}, {"id": "calificaciones", "label": "calificaciones", "type": "topic"}, {"id": "frecuencia", "label": "frecuencia", "type": "topic"}, {"id": "fotografía", "label": "fotografía", "type": "topic"}, {"id": "película (s", "label": "película (s", "type": "topic"}, {"id": "brazo", "label": "brazo", "type": "topic"}, {"id": "cabeza", "label": "cabeza", "type": "topic"}, {"id": "dorso", "label": "dorso", "type": "topic"}, {"id": "elementos", "label": "elementos", "type": "topic"}, {"id": "fotograbar", "label": "fotograbar", "type": "topic"}, {"id": "logro", "label": "logro", "type": "topic"}, {"id": "hijo único", "label": "hijo único", "type": "topic"}, {"id": "periodismo", "label": "periodismo", "type": "topic"}, {"id": "américas", "label": "américas", "type": "topic"}, {"id": "parálisis", "label": "parálisis", "type": "topic"}, {"id": "universidades", "label": "universidades", "type": "topic"}, {"id": "conocimiento", "label": "conocimiento", "type": "topic"}, {"id": "colombia", "label": "colombia", "type": "topic"}, {"id": 126, "label": "Caicedo Molina Imma Quitzel", "type": "author"}, {"id": "dolor de la región lumbar", "label": "dolor de la región lumbar", "type": "topic"}, {"id": "músculos", "label": "músculos", "type": "topic"}, {"id": "dolor", "label": "dolor", "type": "topic"}, {"id": "dolor de espalda", "label": "dolor de espalda", "type": "topic"}, {"id": "prevalencia", "label": "prevalencia", "type": "topic"}, {"id": "fuerza muscular", "label": "fuerza muscular", "type": "topic"}, {"id": "factores protectores", "label": "factores protectores", "type": "topic"}, {"id": "medición", "label": "medición", "type": "topic"}, {"id": "proteccion", "label": "proteccion", "type": "topic"}, {"id": "logística", "label": "logística", "type": "topic"}, {"id": "contexto", "label": "contexto", "type": "topic"}, {"id": "riesgo", "label": "riesgo", "type": "topic"}, {"id": "respeto", "label": "respeto", "type": "topic"}, {"id": "lumbalgia", "label": "lumbalgia", "type": "topic"}, {"id": "malla de postura", "label": "malla de postura", "type": "topic"}, {"id": "flexibilidad", "label": "flexibilidad", "type": "topic"}, {"id": "docilidad", "label": "docilidad", "type": "topic"}, {"id": "programación", "label": "programación", "type": "topic"}, {"id": "programa", "label": "programa", "type": "topic"}, {"id": "vida", "label": "vida", "type": "topic"}, {"id": "cuidadores", "label": "cuidadores", "type": "topic"}, {"id": 143, "label": "Camargo Rojas Diana Alexandra", "type": "author"}, {"id": "publicaciones", "label": "publicaciones", "type": "topic"}, {"id": "generadores", "label": "generadores", "type": "topic"}, {"id": "lesiones", "label": "lesiones", "type": "topic"}, {"id": "revisión", "label": "revisión", "type": "topic"}, {"id": "observadores", "label": "observadores", "type": "topic"}, {"id": "organismos", "label": "organismos", "type": "topic"}, {"id": "críticas", "label": "críticas", "type": "topic"}, {"id": "índices", "label": "índices", "type": "topic"}, {"id": "pruebas", "label": "pruebas", "type": "topic"}, {"id": "epidemiología", "label": "epidemiología", "type": "topic"}, {"id": "ciencias económicas", "label": "ciencias económicas", "type": "topic"}, {"id": "economía", "label": "economía", "type": "topic"}, {"id": "administración", "label": "administración", "type": "topic"}, {"id": "rehabilitación", "label": "rehabilitación", "type": "topic"}, {"id": "correlacionadores", "label": "correlacionadores", "type": "topic"}, {"id": "correlación", "label": "correlación", "type": "topic"}, {"id": "indexación", "label": "indexación", "type": "topic"}, {"id": 218, "label": "Cortes Reyes Edgar", "type": "author"}, {"id": "pacientes", "label": "pacientes", "type": "topic"}, {"id": "ejercicio físico", "label": "ejercicio físico", "type": "topic"}, {"id": "síndrome de down", "label": "síndrome de down", "type": "topic"}, {"id": "síndrome", "label": "síndrome", "type": "topic"}, {"id": "certificación", "label": "certificación", "type": "topic"}, {"id": "ocupaciones", "label": "ocupaciones", "type": "topic"}, {"id": "anciano", "label": "anciano", "type": "topic"}, {"id": "clasificación", "label": "clasificación", "type": "topic"}, {"id": "trabajo", "label": "trabajo", "type": "topic"}, {"id": "anciano de 80 o más años", "label": "anciano de 80 o más años", "type": "topic"}, {"id": "adecuado", "label": "adecuado", "type": "topic"}, {"id": "estadística", "label": "estadística", "type": "topic"}, {"id": 392, "label": "Hernández Álvarez Edgar Debray", "type": "author"}, {"id": "población", "label": "población", "type": "topic"}, {"id": "sobrepeso", "label": "sobrepeso", "type": "topic"}, {"id": "adulto", "label": "adulto", "type": "topic"}, {"id": "presión", "label": "presión", "type": "topic"}, {"id": "actividad motora", "label": "actividad motora", "type": "topic"}, {"id": "índice", "label": "índice", "type": "topic"}, {"id": "hospitals", "label": "hospitals", "type": "topic"}, {"id": "hospitalización", "label": "hospitalización", "type": "topic"}, {"id": "enfermedades", "label": "enfermedades", "type": "topic"}, {"id": "enfermedad", "label": "enfermedad", "type": "topic"}, {"id": "instituciones académicas", "label": "instituciones académicas", "type": "topic"}, {"id": "actividad del motor", "label": "actividad del motor", "type": "topic"}, {"id": 427, "label": "Landinez Parra Nancy Stella", "type": "author"}, {"id": "biología", "label": "biología", "type": "topic"}, {"id": "modelado", "label": "modelado", "type": "topic"}, {"id": "tejidos", "label": "tejidos", "type": "topic"}, {"id": "matemáticas", "label": "matemáticas", "type": "topic"}, {"id": "modelo matemático", "label": "modelo matemático", "type": "topic"}, {"id": "mecánica", "label": "mecánica", "type": "topic"}, {"id": "matemática", "label": "matemática", "type": "topic"}, {"id": "cartílago", "label": "cartílago", "type": "topic"}, {"id": "formiatos", "label": "formiatos", "type": "topic"}, {"id": "dirigir", "label": "dirigir", "type": "topic"}, {"id": "condrocitos", "label": "condrocitos", "type": "topic"}, {"id": "ordenadores", "label": "ordenadores", "type": "topic"}, {"id": "células", "label": "células", "type": "topic"}, {"id": "células 3t3", "label": "células 3t3", "type": "topic"}, {"id": "células a549", "label": "células a549", "type": "topic"}, {"id": "conducta", "label": "conducta", "type": "topic"}, {"id": "soluciones", "label": "soluciones", "type": "topic"}, {"id": "mecanobiología", "label": "mecanobiología", "type": "topic"}, {"id": "behaviorismo", "label": "behaviorismo", "type": "topic"}, {"id": "fisiología", "label": "fisiología", "type": "topic"}, {"id": "implantes dentales", "label": "implantes dentales", "type": "topic"}, {"id": "implantación dental", "label": "implantación dental", "type": "topic"}, {"id": "computadores", "label": "computadores", "type": "topic"}, {"id": "implantes", "label": "implantes", "type": "topic"}, {"id": "proteinas", "label": "proteinas", "type": "topic"}, {"id": "plomo", "label": "plomo", "type": "topic"}, {"id": 473, "label": "Mancera Soto Erica Mabel", "type": "author"}, {"id": "fútbol", "label": "fútbol", "type": "topic"}, {"id": "ejercicio", "label": "ejercicio", "type": "topic"}, {"id": "índice de masa corporal", "label": "índice de masa corporal", "type": "topic"}, {"id": "adolescente", "label": "adolescente", "type": "topic"}, {"id": "tiempo", "label": "tiempo", "type": "topic"}, {"id": "oxígeno", "label": "oxígeno", "type": "topic"}, {"id": "oxigenadores", "label": "oxigenadores", "type": "topic"}, {"id": 509, "label": "Mena Bejarano Beatriz", "type": "author"}, {"id": "políticas", "label": "políticas", "type": "topic"}, {"id": "rodilla", "label": "rodilla", "type": "topic"}, {"id": "obesidad", "label": "obesidad", "type": "topic"}, {"id": "presas", "label": "presas", "type": "topic"}, {"id": "fase s", "label": "fase s", "type": "topic"}, {"id": "recolección de datos", "label": "recolección de datos", "type": "topic"}, {"id": "derechos humanos", "label": "derechos humanos", "type": "topic"}, {"id": 525, "label": "Molina Achury Nancy Jeanet", "type": "author"}, {"id": "organizaciones", "label": "organizaciones", "type": "topic"}, {"id": "salud pública", "label": "salud pública", "type": "topic"}, {"id": "lógica", "label": "lógica", "type": "topic"}, {"id": "política pública", "label": "política pública", "type": "topic"}, {"id": "comprensión", "label": "comprensión", "type": "topic"}, {"id": "conductividad", "label": "conductividad", "type": "topic"}, {"id": "grupos focales", "label": "grupos focales", "type": "topic"}, {"id": "reflectividad", "label": "reflectividad", "type": "topic"}, {"id": "cuerpo humano", "label": "cuerpo humano", "type": "topic"}, {"id": 542, "label": "Morales Caro Myriam Stella", "type": "author"}, {"id": "estudiantes", "label": "estudiantes", "type": "topic"}, {"id": "malla de fisioterapia", "label": "malla de fisioterapia", "type": "topic"}, {"id": "mujer", "label": "mujer", "type": "topic"}, {"id": "mastectomía", "label": "mastectomía", "type": "topic"}, {"id": "cuerpo", "label": "cuerpo", "type": "topic"}, {"id": "corporalidad", "label": "corporalidad", "type": "topic"}, {"id": "subjetividad", "label": "subjetividad", "type": "topic"}, {"id": "corporal image", "label": "corporal image", "type": "topic"}, {"id": "imagen tsoroporal", "label": "imagen tsoroporal", "type": "topic"}, {"id": "personalidad", "label": "personalidad", "type": "topic"}, {"id": "personas", "label": "personas", "type": "topic"}, {"id": "grabación", "label": "grabación", "type": "topic"}, {"id": "registros", "label": "registros", "type": "topic"}, {"id": "registers", "label": "registers", "type": "topic"}, {"id": "entrevistas", "label": "entrevistas", "type": "topic"}, {"id": "perfusión", "label": "perfusión", "type": "topic"}, {"id": "juicio", "label": "juicio", "type": "topic"}, {"id": "transportes", "label": "transportes", "type": "topic"}, {"id": 553, "label": "Moscoso Alvarado Fabiola", "type": "author"}, {"id": "nervio facial", "label": "nervio facial", "type": "topic"}, {"id": "motores", "label": "motores", "type": "topic"}, {"id": "afecto", "label": "afecto", "type": "topic"}, {"id": "sistema cardiovascular", "label": "sistema cardiovascular", "type": "topic"}, {"id": "seguridad", "label": "seguridad", "type": "topic"}, {"id": "mejoramiento", "label": "mejoramiento", "type": "topic"}, {"id": "accidente cerebrovascular", "label": "accidente cerebrovascular", "type": "topic"}, {"id": "historia", "label": "historia", "type": "topic"}, {"id": "aprendizaje", "label": "aprendizaje", "type": "topic"}, {"id": "sillas de ruedas", "label": "sillas de ruedas", "type": "topic"}, {"id": "silla de ruedas", "label": "silla de ruedas", "type": "topic"}, {"id": "traducciones", "label": "traducciones", "type": "topic"}, {"id": "traducción", "label": "traducción", "type": "topic"}, {"id": 573, "label": "Ocampo Plazas Mary Luz", "type": "author"}, {"id": "educational institutions", "label": "educational institutions", "type": "topic"}, {"id": "ciudades", "label": "ciudades", "type": "topic"}, {"id": "aditivos", "label": "aditivos", "type": "topic"}, {"id": "entrevista", "label": "entrevista", "type": "topic"}, {"id": "colección", "label": "colección", "type": "topic"}, {"id": "amputación", "label": "amputación", "type": "topic"}, {"id": "actividad física", "label": "actividad física", "type": "topic"}, {"id": "objetivos", "label": "objetivos", "type": "topic"}, {"id": 665, "label": "Prieto Rodríguez Adriana", "type": "author"}, {"id": "comunismo", "label": "comunismo", "type": "topic"}, {"id": "comunicación", "label": "comunicación", "type": "topic"}, {"id": "orientación", "label": "orientación", "type": "topic"}, {"id": "política", "label": "política", "type": "topic"}, {"id": "promoción de la salud", "label": "promoción de la salud", "type": "topic"}, {"id": "formulario", "label": "formulario", "type": "topic"}, {"id": "autocuidado", "label": "autocuidado", "type": "topic"}, {"id": "física sanitaria", "label": "física sanitaria", "type": "topic"}, {"id": "desarrollo humano", "label": "desarrollo humano", "type": "topic"}, {"id": 667, "label": "Puentes Vega Ingrid Estefany", "type": "author"}, {"id": "masaje", "label": "masaje", "type": "topic"}, {"id": "lugar de trabajo", "label": "lugar de trabajo", "type": "topic"}, {"id": "cuello", "label": "cuello", "type": "topic"}, {"id": "autoria", "label": "autoria", "type": "topic"}, {"id": "artículo de revista", "label": "artículo de revista", "type": "topic"}, {"id": "lugar de trabajo de promoción de la salud", "label": "lugar de trabajo de promoción de la salud", "type": "topic"}, {"id": "entornos de trabajo de salud", "label": "entornos de trabajo de salud", "type": "topic"}, {"id": "plan nacional de salud ocupacional", "label": "plan nacional de salud ocupacional", "type": "topic"}, {"id": "salud laboral", "label": "salud laboral", "type": "topic"}, {"id": "planificación en salud", "label": "planificación en salud", "type": "topic"}, {"id": "organización mundial de la salud", "label": "organización mundial de la salud", "type": "topic"}, {"id": "américa latina", "label": "américa latina", "type": "topic"}, {"id": 718, "label": "Robayo Torres Aydee Luisa", "type": "author"}, {"id": "construcción", "label": "construcción", "type": "topic"}, {"id": "niño", "label": "niño", "type": "topic"}, {"id": "arte", "label": "arte", "type": "topic"}, {"id": "pediatría", "label": "pediatría", "type": "topic"}, {"id": "hermenéutica", "label": "hermenéutica", "type": "topic"}, {"id": "software", "label": "software", "type": "topic"}, {"id": 724, "label": "Rodríguez Ivon Johanna", "type": "author"}, {"id": "corazón", "label": "corazón", "type": "topic"}, {"id": "ventilación", "label": "ventilación", "type": "topic"}, {"id": "hemodinámica", "label": "hemodinámica", "type": "topic"}, {"id": "cardiopatías", "label": "cardiopatías", "type": "topic"}, {"id": "pulmón", "label": "pulmón", "type": "topic"}, {"id": "sistema respiratorio", "label": "sistema respiratorio", "type": "topic"}, {"id": "respiración", "label": "respiración", "type": "topic"}, {"id": "enfermedad coronaria", "label": "enfermedad coronaria", "type": "topic"}, {"id": "ventilación pulmonar", "label": "ventilación pulmonar", "type": "topic"}, {"id": "anestesia", "label": "anestesia", "type": "topic"}, {"id": "planificación", "label": "planificación", "type": "topic"}, {"id": "supervisión", "label": "supervisión", "type": "topic"}, {"id": "gasto cardíaco", "label": "gasto cardíaco", "type": "topic"}, {"id": "gasto cardiaco", "label": "gasto cardiaco", "type": "topic"}, {"id": "biorreacttancia", "label": "biorreacttancia", "type": "topic"}, {"id": "ventilación mecánica", "label": "ventilación mecánica", "type": "topic"}, {"id": "tórax", "label": "tórax", "type": "topic"}, {"id": "arterias", "label": "arterias", "type": "topic"}, {"id": "anestésicos", "label": "anestésicos", "type": "topic"}, {"id": "frecuencia cardíaca", "label": "frecuencia cardíaca", "type": "topic"}, {"id": "revascularización miocárdica", "label": "revascularización miocárdica", "type": "topic"}, {"id": 734, "label": "Rodríguez Medina Carmen Lilia", "type": "author"}, {"id": "estadísticas", "label": "estadísticas", "type": "topic"}, {"id": "cuidados intensivos", "label": "cuidados intensivos", "type": "topic"}, {"id": "medición de presión", "label": "medición de presión", "type": "topic"}, {"id": "adulto joven", "label": "adulto joven", "type": "topic"}, {"id": "malla de los músculos respiratorios", "label": "malla de los músculos respiratorios", "type": "topic"}, {"id": "estilo de vida sedentario", "label": "estilo de vida sedentario", "type": "topic"}, {"id": "musculos respiratorios de malla", "label": "musculos respiratorios de malla", "type": "topic"}, {"id": "estandarización", "label": "estandarización", "type": "topic"}, {"id": "normas", "label": "normas", "type": "topic"}, {"id": "metros", "label": "metros", "type": "topic"}, {"id": "músculos respiratorios", "label": "músculos respiratorios", "type": "topic"}, {"id": "madres", "label": "madres", "type": "topic"}, {"id": "hospitales", "label": "hospitales", "type": "topic"}, {"id": 849, "label": "Torres Baquero Marta", "type": "author"}, {"id": "enseñanza", "label": "enseñanza", "type": "topic"}, {"id": "narración", "label": "narración", "type": "topic"}, {"id": "mama", "label": "mama", "type": "topic"}, {"id": "diagnóstico", "label": "diagnóstico", "type": "topic"}, {"id": "incidencia", "label": "incidencia", "type": "topic"}, {"id": "mortalidad", "label": "mortalidad", "type": "topic"}, {"id": "ansiedad", "label": "ansiedad", "type": "topic"}, {"id": "miedo", "label": "miedo", "type": "topic"}, {"id": "intuición", "label": "intuición", "type": "topic"}, {"id": "virtudes", "label": "virtudes", "type": "topic"}, {"id": "periodicidad", "label": "periodicidad", "type": "topic"}, {"id": "cultura", "label": "cultura", "type": "topic"}, {"id": 3076, "label": "Hernandez Hernandez Irma", "type": "author"}, {"id": 3079, "label": "Jimenez Robayo Maria Cristina", "type": "author"}, {"id": 3122, "label": "Escobar De Villate Martha Ines", "type": "author"}, {"id": 3143, "label": "Dominguez Sanchez Maria Andrea", "type": "author"}, {"id": 3401, "label": "Africano Africano Judith", "type": "author"}, {"id": 3404, "label": "Zapata Osorio Gloria Teresa", "type": "author"}], "links": [{"source": "0330239e-40f1-4141-9072-cc286839a59c", "target": 28, "value": 1}, {"source": 28, "target": "deportes", "value": 12}, {"source": 28, "target": "física", "value": 11}, {"source": 28, "target": "socialismo", "value": 9}, {"source": 28, "target": "socialización", "value": 9}, {"source": 28, "target": "individualidad", "value": 7}, {"source": 28, "target": "individualismo", "value": 7}, {"source": 28, "target": "investigación", "value": 7}, {"source": 28, "target": "métodos", "value": 6}, {"source": 28, "target": "envejecimiento", "value": 5}, {"source": 28, "target": "movimiento", "value": 5}, {"source": 28, "target": "atletas", "value": 4}, {"source": 28, "target": "imagen corporal", "value": 4}, {"source": 28, "target": "educación", "value": 4}, {"source": 28, "target": "ambiente", "value": 4}, {"source": 28, "target": "humanos", "value": 4}, {"source": 28, "target": "hombres", "value": 3}, {"source": 28, "target": "mujeres", "value": 3}, {"source": 28, "target": "discapacidad", "value": 3}, {"source": 28, "target": "materiales", "value": 3}, {"source": 28, "target": "tenis", "value": 3}, {"source": 28, "target": "formación", "value": 3}, {"source": 28, "target": "estudios transversales", "value": 3}, {"source": 28, "target": "mano", "value": 3}, {"source": 28, "target": "salud", "value": 3}, {"source": 28, "target": "humanidades", "value": 3}, {"source": 28, "target": "humanismo", "value": 3}, {"source": 28, "target": "recreación", "value": 3}, {"source": 28, "target": "integración social", "value": 2}, {"source": 28, "target": "parálisis cerebral", "value": 2}, {"source": 28, "target": "invalidez", "value": 2}, {"source": "0330239e-40f1-4141-9072-cc286839a59c", "target": 78, "value": 1}, {"source": 78, "target": "parálisis cerebral", "value": 1}, {"source": 78, "target": "controlabilidad", "value": 1}, {"source": 78, "target": "postura", "value": 1}, {"source": 78, "target": "ecualizadores", "value": 1}, {"source": 78, "target": "videos", "value": 1}, {"source": 78, "target": "receptores", "value": 1}, {"source": 78, "target": "calificaciones", "value": 1}, {"source": 78, "target": "frecuencia", "value": 1}, {"source": 78, "target": "fotografía", "value": 1}, {"source": 78, "target": "película (s", "value": 1}, {"source": 78, "target": "envejecimiento", "value": 1}, {"source": 78, "target": "brazo", "value": 1}, {"source": 78, "target": "mano", "value": 1}, {"source": 78, "target": "cabeza", "value": 1}, {"source": 78, "target": "dorso", "value": 1}, {"source": 78, "target": "elementos", "value": 1}, {"source": 78, "target": "fotograbar", "value": 1}, {"source": 78, "target": "métodos", "value": 1}, {"source": 78, "target": "logro", "value": 1}, {"source": 78, "target": "hijo único", "value": 1}, {"source": 78, "target": "periodismo", "value": 1}, {"source": 78, "target": "salud", "value": 1}, {"source": 78, "target": "américas", "value": 1}, {"source": 78, "target": "parálisis", "value": 1}, {"source": 78, "target": "universidades", "value": 1}, {"source": 78, "target": "conocimiento", "value": 1}, {"source": 78, "target": "colombia", "value": 1}, {"source": "0330239e-40f1-4141-9072-cc286839a59c", "target": 126, "value": 1}, {"source": 126, "target": "dolor de la región lumbar", "value": 3}, {"source": 126, "target": "postura", "value": 3}, {"source": 126, "target": "dorso", "value": 3}, {"source": 126, "target": "músculos", "value": 3}, {"source": 126, "target": "dolor", "value": 3}, {"source": 126, "target": "dolor de espalda", "value": 3}, {"source": 126, "target": "prevalencia", "value": 3}, {"source": 126, "target": "colombia", "value": 3}, {"source": 126, "target": "fuerza muscular", "value": 3}, {"source": 126, "target": "factores protectores", "value": 3}, {"source": 126, "target": "medición", "value": 3}, {"source": 126, "target": "materiales", "value": 3}, {"source": 126, "target": "física", "value": 3}, {"source": 126, "target": "proteccion", "value": 2}, {"source": 126, "target": "logística", "value": 2}, {"source": 126, "target": "contexto", "value": 2}, {"source": 126, "target": "riesgo", "value": 2}, {"source": 126, "target": "métodos", "value": 2}, {"source": 126, "target": "respeto", "value": 2}, {"source": 126, "target": "lumbalgia", "value": 1}, {"source": 126, "target": "malla de postura", "value": 1}, {"source": 126, "target": "flexibilidad", "value": 1}, {"source": 126, "target": "docilidad", "value": 1}, {"source": 126, "target": "programación", "value": 1}, {"source": 126, "target": "programa", "value": 1}, {"source": 126, "target": "formación", "value": 1}, {"source": 126, "target": "vida", "value": 1}, {"source": 126, "target": "educación", "value": 1}, {"source": 126, "target": "cuidadores", "value": 1}, {"source": 126, "target": "envejecimiento", "value": 1}, {"source": "0330239e-40f1-4141-9072-cc286839a59c", "target": 143, "value": 1}, {"source": 143, "target": "socialismo", "value": 16}, {"source": 143, "target": "socialización", "value": 16}, {"source": 143, "target": "salud", "value": 16}, {"source": 143, "target": "física", "value": 15}, {"source": 143, "target": "deportes", "value": 9}, {"source": 143, "target": "publicaciones", "value": 9}, {"source": 143, "target": "programación", "value": 8}, {"source": 143, "target": "programa", "value": 8}, {"source": 143, "target": "envejecimiento", "value": 8}, {"source": 143, "target": "materiales", "value": 8}, {"source": 143, "target": "generadores", "value": 7}, {"source": 143, "target": "lesiones", "value": 7}, {"source": 143, "target": "revisión", "value": 7}, {"source": 143, "target": "observadores", "value": 7}, {"source": 143, "target": "organismos", "value": 6}, {"source": 143, "target": "críticas", "value": 6}, {"source": 143, "target": "índices", "value": 6}, {"source": 143, "target": "pruebas", "value": 6}, {"source": 143, "target": "epidemiología", "value": 6}, {"source": 143, "target": "conocimiento", "value": 5}, {"source": 143, "target": "ciencias económicas", "value": 5}, {"source": 143, "target": "economía", "value": 5}, {"source": 143, "target": "administración", "value": 5}, {"source": 143, "target": "rehabilitación", "value": 5}, {"source": 143, "target": "atletas", "value": 5}, {"source": 143, "target": "prevalencia", "value": 5}, {"source": 143, "target": "correlacionadores", "value": 5}, {"source": 143, "target": "correlación", "value": 5}, {"source": 143, "target": "medición", "value": 5}, {"source": 143, "target": "indexación", "value": 5}, {"source": "0330239e-40f1-4141-9072-cc286839a59c", "target": 218, "value": 1}, {"source": 218, "target": "métodos", "value": 20}, {"source": 218, "target": "colombia", "value": 15}, {"source": 218, "target": "envejecimiento", "value": 10}, {"source": 218, "target": "salud", "value": 9}, {"source": 218, "target": "pacientes", "value": 9}, {"source": 218, "target": "programa", "value": 9}, {"source": 218, "target": "ejercicio físico", "value": 8}, {"source": 218, "target": "síndrome de down", "value": 7}, {"source": 218, "target": "prevalencia", "value": 7}, {"source": 218, "target": "deportes", "value": 7}, {"source": 218, "target": "física", "value": 7}, {"source": 218, "target": "músculos", "value": 7}, {"source": 218, "target": "síndrome", "value": 6}, {"source": 218, "target": "pruebas", "value": 6}, {"source": 218, "target": "correlacionadores", "value": 6}, {"source": 218, "target": "certificación", "value": 6}, {"source": 218, "target": "generadores", "value": 6}, {"source": 218, "target": "ocupaciones", "value": 6}, {"source": 218, "target": "anciano", "value": 6}, {"source": 218, "target": "atletas", "value": 5}, {"source": 218, "target": "formación", "value": 5}, {"source": 218, "target": "observadores", "value": 5}, {"source": 218, "target": "clasificación", "value": 5}, {"source": 218, "target": "humanos", "value": 5}, {"source": 218, "target": "trabajo", "value": 5}, {"source": 218, "target": "conocimiento", "value": 5}, {"source": 218, "target": "universidades", "value": 5}, {"source": 218, "target": "anciano de 80 o más años", "value": 5}, {"source": 218, "target": "adecuado", "value": 4}, {"source": 218, "target": "estadística", "value": 4}, {"source": "0330239e-40f1-4141-9072-cc286839a59c", "target": 392, "value": 1}, {"source": 392, "target": "física", "value": 18}, {"source": 392, "target": "programa", "value": 17}, {"source": 392, "target": "programación", "value": 14}, {"source": 392, "target": "pacientes", "value": 11}, {"source": 392, "target": "métodos", "value": 11}, {"source": 392, "target": "población", "value": 10}, {"source": 392, "target": "deportes", "value": 9}, {"source": 392, "target": "envejecimiento", "value": 9}, {"source": 392, "target": "formación", "value": 8}, {"source": 392, "target": "sobrepeso", "value": 8}, {"source": 392, "target": "medición", "value": 8}, {"source": 392, "target": "adulto", "value": 8}, {"source": 392, "target": "revisión", "value": 7}, {"source": 392, "target": "músculos", "value": 7}, {"source": 392, "target": "presión", "value": 7}, {"source": 392, "target": "índices", "value": 7}, {"source": 392, "target": "controlabilidad", "value": 6}, {"source": 392, "target": "materiales", "value": 6}, {"source": 392, "target": "estudios transversales", "value": 6}, {"source": 392, "target": "actividad motora", "value": 6}, {"source": 392, "target": "índice", "value": 6}, {"source": 392, "target": "hospitals", "value": 6}, {"source": 392, "target": "hospitalización", "value": 6}, {"source": 392, "target": "enfermedades", "value": 5}, {"source": 392, "target": "enfermedad", "value": 5}, {"source": 392, "target": "pruebas", "value": 5}, {"source": 392, "target": "fuerza muscular", "value": 5}, {"source": 392, "target": "colombia", "value": 5}, {"source": 392, "target": "instituciones académicas", "value": 5}, {"source": 392, "target": "actividad del motor", "value": 5}, {"source": "0330239e-40f1-4141-9072-cc286839a59c", "target": 427, "value": 1}, {"source": 427, "target": "biología", "value": 37}, {"source": 427, "target": "modelado", "value": 30}, {"source": 427, "target": "tejidos", "value": 29}, {"source": 427, "target": "matemáticas", "value": 24}, {"source": 427, "target": "modelo matemático", "value": 23}, {"source": 427, "target": "mecánica", "value": 23}, {"source": 427, "target": "matemática", "value": 22}, {"source": 427, "target": "cartílago", "value": 19}, {"source": 427, "target": "formiatos", "value": 18}, {"source": 427, "target": "dirigir", "value": 18}, {"source": 427, "target": "métodos", "value": 17}, {"source": 427, "target": "condrocitos", "value": 15}, {"source": 427, "target": "ordenadores", "value": 14}, {"source": 427, "target": "células", "value": 14}, {"source": 427, "target": "células 3t3", "value": 14}, {"source": 427, "target": "células a549", "value": 14}, {"source": 427, "target": "conducta", "value": 14}, {"source": 427, "target": "soluciones", "value": 13}, {"source": 427, "target": "mecanobiología", "value": 13}, {"source": 427, "target": "behaviorismo", "value": 13}, {"source": 427, "target": "generadores", "value": 12}, {"source": 427, "target": "elementos", "value": 12}, {"source": 427, "target": "fisiología", "value": 12}, {"source": 427, "target": "implantes dentales", "value": 11}, {"source": 427, "target": "implantación dental", "value": 11}, {"source": 427, "target": "críticas", "value": 11}, {"source": 427, "target": "computadores", "value": 10}, {"source": 427, "target": "implantes", "value": 10}, {"source": 427, "target": "proteinas", "value": 10}, {"source": 427, "target": "plomo", "value": 10}, {"source": "0330239e-40f1-4141-9072-cc286839a59c", "target": 473, "value": 1}, {"source": 473, "target": "programa", "value": 12}, {"source": 473, "target": "métodos", "value": 8}, {"source": 473, "target": "deportes", "value": 7}, {"source": 473, "target": "física", "value": 7}, {"source": 473, "target": "programación", "value": 7}, {"source": 473, "target": "ejercicio físico", "value": 6}, {"source": 473, "target": "formación", "value": 6}, {"source": 473, "target": "envejecimiento", "value": 6}, {"source": 473, "target": "mujeres", "value": 5}, {"source": 473, "target": "controlabilidad", "value": 5}, {"source": 473, "target": "fútbol", "value": 5}, {"source": 473, "target": "instituciones académicas", "value": 5}, {"source": 473, "target": "actividad motora", "value": 5}, {"source": 473, "target": "sobrepeso", "value": 4}, {"source": 473, "target": "investigación", "value": 4}, {"source": 473, "target": "pruebas", "value": 3}, {"source": 473, "target": "ejercicio", "value": 3}, {"source": 473, "target": "atletas", "value": 3}, {"source": 473, "target": "población", "value": 3}, {"source": 473, "target": "actividad del motor", "value": 3}, {"source": 473, "target": "índice de masa corporal", "value": 3}, {"source": 473, "target": "índice", "value": 3}, {"source": 473, "target": "medición", "value": 3}, {"source": 473, "target": "adolescente", "value": 3}, {"source": 473, "target": "músculos", "value": 3}, {"source": 473, "target": "anciano", "value": 3}, {"source": 473, "target": "anciano de 80 o más años", "value": 3}, {"source": 473, "target": "tiempo", "value": 3}, {"source": 473, "target": "oxígeno", "value": 2}, {"source": 473, "target": "oxigenadores", "value": 2}, {"source": "0330239e-40f1-4141-9072-cc286839a59c", "target": 509, "value": 1}, {"source": 509, "target": "física", "value": 9}, {"source": 509, "target": "humanos", "value": 5}, {"source": 509, "target": "deportes", "value": 4}, {"source": 509, "target": "salud", "value": 4}, {"source": 509, "target": "educación", "value": 4}, {"source": 509, "target": "socialismo", "value": 4}, {"source": 509, "target": "socialización", "value": 4}, {"source": 509, "target": "humanidades", "value": 4}, {"source": 509, "target": "humanismo", "value": 4}, {"source": 509, "target": "investigación", "value": 4}, {"source": 509, "target": "instituciones académicas", "value": 3}, {"source": 509, "target": "métodos", "value": 3}, {"source": 509, "target": "índice", "value": 3}, {"source": 509, "target": "políticas", "value": 3}, {"source": 509, "target": "publicaciones", "value": 3}, {"source": 509, "target": "rodilla", "value": 3}, {"source": 509, "target": "sobrepeso", "value": 2}, {"source": 509, "target": "programación", "value": 2}, {"source": 509, "target": "programa", "value": 2}, {"source": 509, "target": "obesidad", "value": 2}, {"source": 509, "target": "presas", "value": 2}, {"source": 509, "target": "índices", "value": 2}, {"source": 509, "target": "controlabilidad", "value": 2}, {"source": 509, "target": "indexación", "value": 2}, {"source": 509, "target": "índice de masa corporal", "value": 2}, {"source": 509, "target": "fase s", "value": 2}, {"source": 509, "target": "ambiente", "value": 2}, {"source": 509, "target": "colombia", "value": 2}, {"source": 509, "target": "recolección de datos", "value": 2}, {"source": 509, "target": "derechos humanos", "value": 2}, {"source": "0330239e-40f1-4141-9072-cc286839a59c", "target": 525, "value": 1}, {"source": 525, "target": "salud", "value": 21}, {"source": 525, "target": "publicaciones", "value": 11}, {"source": 525, "target": "políticas", "value": 10}, {"source": 525, "target": "trabajo", "value": 10}, {"source": 525, "target": "socialismo", "value": 9}, {"source": 525, "target": "socialización", "value": 9}, {"source": 525, "target": "organismos", "value": 8}, {"source": 525, "target": "organizaciones", "value": 7}, {"source": 525, "target": "colombia", "value": 7}, {"source": 525, "target": "educación", "value": 7}, {"source": 525, "target": "rehabilitación", "value": 6}, {"source": 525, "target": "elementos", "value": 6}, {"source": 525, "target": "salud pública", "value": 6}, {"source": 525, "target": "lógica", "value": 5}, {"source": 525, "target": "política pública", "value": 5}, {"source": 525, "target": "materiales", "value": 5}, {"source": 525, "target": "instituciones académicas", "value": 5}, {"source": 525, "target": "humanos", "value": 5}, {"source": 525, "target": "comprensión", "value": 4}, {"source": 525, "target": "movimiento", "value": 4}, {"source": 525, "target": "individualidad", "value": 4}, {"source": 525, "target": "individualismo", "value": 4}, {"source": 525, "target": "conocimiento", "value": 4}, {"source": 525, "target": "conductividad", "value": 3}, {"source": 525, "target": "grupos focales", "value": 3}, {"source": 525, "target": "correlacionadores", "value": 3}, {"source": 525, "target": "correlación", "value": 3}, {"source": 525, "target": "universidades", "value": 3}, {"source": 525, "target": "reflectividad", "value": 3}, {"source": 525, "target": "cuerpo humano", "value": 3}, {"source": "0330239e-40f1-4141-9072-cc286839a59c", "target": 542, "value": 1}, {"source": 542, "target": "socialismo", "value": 2}, {"source": 542, "target": "socialización", "value": 2}, {"source": 542, "target": "colombia", "value": 2}, {"source": 542, "target": "trabajo", "value": 2}, {"source": 542, "target": "estudiantes", "value": 2}, {"source": 542, "target": "universidades", "value": 2}, {"source": 542, "target": "mujeres", "value": 1}, {"source": 542, "target": "malla de fisioterapia", "value": 1}, {"source": 542, "target": "mujer", "value": 1}, {"source": 542, "target": "mastectomía", "value": 1}, {"source": 542, "target": "cuerpo", "value": 1}, {"source": 542, "target": "corporalidad", "value": 1}, {"source": 542, "target": "subjetividad", "value": 1}, {"source": 542, "target": "corporal image", "value": 1}, {"source": 542, "target": "imagen tsoroporal", "value": 1}, {"source": 542, "target": "personalidad", "value": 1}, {"source": 542, "target": "personas", "value": 1}, {"source": 542, "target": "organismos", "value": 1}, {"source": 542, "target": "grabación", "value": 1}, {"source": 542, "target": "registros", "value": 1}, {"source": 542, "target": "registers", "value": 1}, {"source": 542, "target": "organizaciones", "value": 1}, {"source": 542, "target": "entrevistas", "value": 1}, {"source": 542, "target": "tejidos", "value": 1}, {"source": 542, "target": "oxígeno", "value": 1}, {"source": 542, "target": "perfusión", "value": 1}, {"source": 542, "target": "oxigenadores", "value": 1}, {"source": 542, "target": "juicio", "value": 1}, {"source": 542, "target": "transportes", "value": 1}, {"source": 542, "target": "humanos", "value": 1}, {"source": "0330239e-40f1-4141-9072-cc286839a59c", "target": 553, "value": 1}, {"source": 553, "target": "materiales", "value": 4}, {"source": 553, "target": "población", "value": 3}, {"source": 553, "target": "rehabilitación", "value": 3}, {"source": 553, "target": "músculos", "value": 3}, {"source": 553, "target": "formación", "value": 3}, {"source": 553, "target": "métodos", "value": 3}, {"source": 553, "target": "física", "value": 3}, {"source": 553, "target": "pruebas", "value": 2}, {"source": 553, "target": "nervio facial", "value": 2}, {"source": 553, "target": "motores", "value": 2}, {"source": 553, "target": "afecto", "value": 2}, {"source": 553, "target": "conductividad", "value": 2}, {"source": 553, "target": "parálisis cerebral", "value": 2}, {"source": 553, "target": "fisiología", "value": 2}, {"source": 553, "target": "generadores", "value": 2}, {"source": 553, "target": "sistema cardiovascular", "value": 2}, {"source": 553, "target": "investigación", "value": 2}, {"source": 553, "target": "administración", "value": 2}, {"source": 553, "target": "seguridad", "value": 2}, {"source": 553, "target": "envejecimiento", "value": 2}, {"source": 553, "target": "mejoramiento", "value": 2}, {"source": 553, "target": "reflectividad", "value": 2}, {"source": 553, "target": "accidente cerebrovascular", "value": 2}, {"source": 553, "target": "pacientes", "value": 2}, {"source": 553, "target": "historia", "value": 2}, {"source": 553, "target": "aprendizaje", "value": 2}, {"source": 553, "target": "sillas de ruedas", "value": 1}, {"source": 553, "target": "silla de ruedas", "value": 1}, {"source": 553, "target": "traducciones", "value": 1}, {"source": 553, "target": "traducción", "value": 1}, {"source": "0330239e-40f1-4141-9072-cc286839a59c", "target": 573, "value": 1}, {"source": 573, "target": "física", "value": 22}, {"source": 573, "target": "educación", "value": 13}, {"source": 573, "target": "instituciones académicas", "value": 11}, {"source": 573, "target": "socialismo", "value": 10}, {"source": 573, "target": "socialización", "value": 10}, {"source": 573, "target": "biología", "value": 8}, {"source": 573, "target": "logro", "value": 7}, {"source": 573, "target": "ambiente", "value": 7}, {"source": 573, "target": "humanos", "value": 7}, {"source": 573, "target": "educational institutions", "value": 6}, {"source": 573, "target": "salud", "value": 6}, {"source": 573, "target": "generadores", "value": 5}, {"source": 573, "target": "ciudades", "value": 5}, {"source": 573, "target": "programa", "value": 5}, {"source": 573, "target": "humanidades", "value": 5}, {"source": 573, "target": "deportes", "value": 5}, {"source": 573, "target": "métodos", "value": 5}, {"source": 573, "target": "programación", "value": 4}, {"source": 573, "target": "entrevistas", "value": 4}, {"source": 573, "target": "aditivos", "value": 4}, {"source": 573, "target": "entrevista", "value": 4}, {"source": 573, "target": "colección", "value": 4}, {"source": 573, "target": "estudiantes", "value": 4}, {"source": 573, "target": "envejecimiento", "value": 4}, {"source": 573, "target": "humanismo", "value": 4}, {"source": 573, "target": "amputación", "value": 4}, {"source": 573, "target": "población", "value": 4}, {"source": 573, "target": "actividad física", "value": 3}, {"source": 573, "target": "objetivos", "value": 3}, {"source": 573, "target": "políticas", "value": 3}, {"source": "0330239e-40f1-4141-9072-cc286839a59c", "target": 665, "value": 1}, {"source": 665, "target": "física", "value": 12}, {"source": 665, "target": "salud", "value": 9}, {"source": 665, "target": "comunismo", "value": 6}, {"source": 665, "target": "comunicación", "value": 6}, {"source": 665, "target": "colombia", "value": 4}, {"source": 665, "target": "socialismo", "value": 4}, {"source": 665, "target": "socialización", "value": 4}, {"source": 665, "target": "métodos", "value": 4}, {"source": 665, "target": "universidades", "value": 4}, {"source": 665, "target": "orientación", "value": 3}, {"source": 665, "target": "política", "value": 3}, {"source": 665, "target": "promoción de la salud", "value": 3}, {"source": 665, "target": "estudiantes", "value": 3}, {"source": 665, "target": "modelado", "value": 2}, {"source": 665, "target": "formulario", "value": 2}, {"source": 665, "target": "autocuidado", "value": 2}, {"source": 665, "target": "física sanitaria", "value": 2}, {"source": 665, "target": "población", "value": 2}, {"source": 665, "target": "humanos", "value": 2}, {"source": 665, "target": "desarrollo humano", "value": 2}, {"source": 665, "target": "ejercicio físico", "value": 2}, {"source": 665, "target": "humanidades", "value": 2}, {"source": 665, "target": "humanismo", "value": 2}, {"source": 665, "target": "trabajo", "value": 2}, {"source": 665, "target": "enfermedades", "value": 2}, {"source": 665, "target": "enfermedad", "value": 2}, {"source": 665, "target": "revisión", "value": 2}, {"source": 665, "target": "individualidad", "value": 1}, {"source": 665, "target": "individualismo", "value": 1}, {"source": 665, "target": "actividad física", "value": 1}, {"source": "0330239e-40f1-4141-9072-cc286839a59c", "target": 667, "value": 1}, {"source": 667, "target": "masaje", "value": 5}, {"source": 667, "target": "salud", "value": 3}, {"source": 667, "target": "lugar de trabajo", "value": 3}, {"source": 667, "target": "cuello", "value": 1}, {"source": 667, "target": "dorso", "value": 1}, {"source": 667, "target": "deportes", "value": 1}, {"source": 667, "target": "movimiento", "value": 1}, {"source": 667, "target": "autoria", "value": 1}, {"source": 667, "target": "periodismo", "value": 1}, {"source": 667, "target": "artículo de revista", "value": 1}, {"source": 667, "target": "lugar de trabajo de promoción de la salud", "value": 1}, {"source": 667, "target": "entornos de trabajo de salud", "value": 1}, {"source": 667, "target": "plan nacional de salud ocupacional", "value": 1}, {"source": 667, "target": "organismos", "value": 1}, {"source": 667, "target": "autocuidado", "value": 1}, {"source": 667, "target": "ambiente", "value": 1}, {"source": 667, "target": "promoción de la salud", "value": 1}, {"source": 667, "target": "trabajo", "value": 1}, {"source": 667, "target": "salud laboral", "value": 1}, {"source": 667, "target": "ocupaciones", "value": 1}, {"source": 667, "target": "planificación en salud", "value": 1}, {"source": 667, "target": "organizaciones", "value": 1}, {"source": 667, "target": "organización mundial de la salud", "value": 1}, {"source": 667, "target": "seguridad", "value": 1}, {"source": 667, "target": "américas", "value": 1}, {"source": 667, "target": "américa latina", "value": 1}, {"source": 667, "target": "colombia", "value": 1}, {"source": "0330239e-40f1-4141-9072-cc286839a59c", "target": 718, "value": 1}, {"source": 718, "target": "métodos", "value": 13}, {"source": 718, "target": "comunicación", "value": 12}, {"source": 718, "target": "comunismo", "value": 11}, {"source": 718, "target": "materiales", "value": 9}, {"source": 718, "target": "humanos", "value": 9}, {"source": 718, "target": "hijo único", "value": 8}, {"source": 718, "target": "entrevistas", "value": 8}, {"source": 718, "target": "vida", "value": 8}, {"source": 718, "target": "publicaciones", "value": 8}, {"source": 718, "target": "educación", "value": 7}, {"source": 718, "target": "construcción", "value": 7}, {"source": 718, "target": "investigación", "value": 7}, {"source": 718, "target": "colombia", "value": 7}, {"source": 718, "target": "niño", "value": 6}, {"source": 718, "target": "conocimiento", "value": 6}, {"source": 718, "target": "arte", "value": 6}, {"source": 718, "target": "universidades", "value": 6}, {"source": 718, "target": "motores", "value": 5}, {"source": 718, "target": "socialismo", "value": 5}, {"source": 718, "target": "socialización", "value": 5}, {"source": 718, "target": "pediatría", "value": 5}, {"source": 718, "target": "trabajo", "value": 5}, {"source": 718, "target": "humanidades", "value": 5}, {"source": 718, "target": "postura", "value": 4}, {"source": 718, "target": "pacientes", "value": 4}, {"source": 718, "target": "salud", "value": 4}, {"source": 718, "target": "hermenéutica", "value": 4}, {"source": 718, "target": "entrevista", "value": 4}, {"source": 718, "target": "software", "value": 4}, {"source": 718, "target": "humanismo", "value": 4}, {"source": "0330239e-40f1-4141-9072-cc286839a59c", "target": 724, "value": 1}, {"source": 724, "target": "pacientes", "value": 3}, {"source": 724, "target": "enfermedades", "value": 2}, {"source": 724, "target": "corazón", "value": 2}, {"source": 724, "target": "enfermedad", "value": 2}, {"source": 724, "target": "ventilación", "value": 2}, {"source": 724, "target": "hemodinámica", "value": 2}, {"source": 724, "target": "mecánica", "value": 2}, {"source": 724, "target": "cardiopatías", "value": 2}, {"source": 724, "target": "pulmón", "value": 2}, {"source": 724, "target": "medición", "value": 1}, {"source": 724, "target": "sistema respiratorio", "value": 1}, {"source": 724, "target": "respiración", "value": 1}, {"source": 724, "target": "enfermedad coronaria", "value": 1}, {"source": 724, "target": "ventilación pulmonar", "value": 1}, {"source": 724, "target": "anestesia", "value": 1}, {"source": 724, "target": "planificación", "value": 1}, {"source": 724, "target": "fisiología", "value": 1}, {"source": 724, "target": "supervisión", "value": 1}, {"source": 724, "target": "gasto cardíaco", "value": 1}, {"source": 724, "target": "afecto", "value": 1}, {"source": 724, "target": "gasto cardiaco", "value": 1}, {"source": 724, "target": "biorreacttancia", "value": 1}, {"source": 724, "target": "ventilación mecánica", "value": 1}, {"source": 724, "target": "presión", "value": 1}, {"source": 724, "target": "tórax", "value": 1}, {"source": 724, "target": "arterias", "value": 1}, {"source": 724, "target": "anestésicos", "value": 1}, {"source": 724, "target": "frecuencia cardíaca", "value": 1}, {"source": 724, "target": "revascularización miocárdica", "value": 1}, {"source": 724, "target": "métodos", "value": 1}, {"source": "0330239e-40f1-4141-9072-cc286839a59c", "target": 734, "value": 1}, {"source": 734, "target": "medición", "value": 2}, {"source": 734, "target": "presión", "value": 2}, {"source": 734, "target": "estadísticas", "value": 2}, {"source": 734, "target": "materiales", "value": 2}, {"source": 734, "target": "hospitals", "value": 2}, {"source": 734, "target": "hospitalización", "value": 2}, {"source": 734, "target": "cuidados intensivos", "value": 2}, {"source": 734, "target": "medición de presión", "value": 1}, {"source": 734, "target": "adulto", "value": 1}, {"source": 734, "target": "adulto joven", "value": 1}, {"source": 734, "target": "estudiantes", "value": 1}, {"source": 734, "target": "malla de los músculos respiratorios", "value": 1}, {"source": 734, "target": "fuerza muscular", "value": 1}, {"source": 734, "target": "estilo de vida sedentario", "value": 1}, {"source": 734, "target": "musculos respiratorios de malla", "value": 1}, {"source": 734, "target": "colombia", "value": 1}, {"source": 734, "target": "física", "value": 1}, {"source": 734, "target": "estadística", "value": 1}, {"source": 734, "target": "software", "value": 1}, {"source": 734, "target": "estandarización", "value": 1}, {"source": 734, "target": "normas", "value": 1}, {"source": 734, "target": "entrevistas", "value": 1}, {"source": 734, "target": "metros", "value": 1}, {"source": 734, "target": "músculos", "value": 1}, {"source": 734, "target": "músculos respiratorios", "value": 1}, {"source": 734, "target": "estudios transversales", "value": 1}, {"source": 734, "target": "madres", "value": 1}, {"source": 734, "target": "hospitales", "value": 1}, {"source": 734, "target": "salud", "value": 1}, {"source": 734, "target": "controlabilidad", "value": 1}, {"source": "0330239e-40f1-4141-9072-cc286839a59c", "target": 849, "value": 1}, {"source": 849, "target": "universidades", "value": 2}, {"source": 849, "target": "enseñanza", "value": 2}, {"source": 849, "target": "socialismo", "value": 2}, {"source": 849, "target": "socialización", "value": 2}, {"source": 849, "target": "conocimiento", "value": 2}, {"source": 849, "target": "historia", "value": 1}, {"source": 849, "target": "mastectomía", "value": 1}, {"source": 849, "target": "registros", "value": 1}, {"source": 849, "target": "mujeres", "value": 1}, {"source": 849, "target": "organismos", "value": 1}, {"source": 849, "target": "narración", "value": 1}, {"source": 849, "target": "personalidad", "value": 1}, {"source": 849, "target": "personas", "value": 1}, {"source": 849, "target": "organizaciones", "value": 1}, {"source": 849, "target": "mama", "value": 1}, {"source": 849, "target": "diagnóstico", "value": 1}, {"source": 849, "target": "incidencia", "value": 1}, {"source": 849, "target": "mortalidad", "value": 1}, {"source": 849, "target": "métodos", "value": 1}, {"source": 849, "target": "ansiedad", "value": 1}, {"source": 849, "target": "miedo", "value": 1}, {"source": 849, "target": "logro", "value": 1}, {"source": 849, "target": "intuición", "value": 1}, {"source": 849, "target": "tiempo", "value": 1}, {"source": 849, "target": "humanos", "value": 1}, {"source": 849, "target": "virtudes", "value": 1}, {"source": 849, "target": "periodicidad", "value": 1}, {"source": 849, "target": "movimiento", "value": 1}, {"source": 849, "target": "biología", "value": 1}, {"source": 849, "target": "cultura", "value": 1}, {"source": "0330239e-40f1-4141-9072-cc286839a59c", "target": 3076, "value": 1}, {"source": "0330239e-40f1-4141-9072-cc286839a59c", "target": 3079, "value": 1}, {"source": "0330239e-40f1-4141-9072-cc286839a59c", "target": 3122, "value": 1}, {"source": "0330239e-40f1-4141-9072-cc286839a59c", "target": 3143, "value": 1}, {"source": "0330239e-40f1-4141-9072-cc286839a59c", "target": 3401, "value": 1}, {"source": "0330239e-40f1-4141-9072-cc286839a59c", "target": 3404, "value": 1}], "options": [{"label": "Estado inicial", "value": "Departamento de Movimiento Corporal Humano", "group": "00. Opciones predeterminadas"}, {"label": "Africano Africano Judith", "value": "Africano Africano Judith", "group": "02. Opciones de autor"}, {"label": "Alvis Gómez Karim Martina", "value": "Alvis Gómez Karim Martina", "group": "02. Opciones de autor"}, {"label": "Barrera Castillo Miryam Lilia", "value": "Barrera Castillo Miryam Lilia", "group": "02. Opciones de autor"}, {"label": "Caicedo Molina Imma Quitzel", "value": "Caicedo Molina Imma Quitzel", "group": "02. Opciones de autor"}, {"label": "Camargo Rojas Diana Alexandra", "value": "Camargo Rojas Diana Alexandra", "group": "02. Opciones de autor"}, {"label": "Cortes Reyes Edgar", "value": "Cortes Reyes Edgar", "group": "02. Opciones de autor"}, {"label": "Dominguez Sanchez Maria Andrea", "value": "Dominguez Sanchez Maria Andrea", "group": "02. Opciones de autor"}, {"label": "Escobar De Villate Martha Ines", "value": "Escobar De Villate Martha Ines", "group": "02. Opciones de autor"}, {"label": "Hernandez Hernandez Irma", "value": "Hernandez Hernandez Irma", "group": "02. Opciones de autor"}, {"label": "Hernández Álvarez Edgar Debray", "value": "Hernández Álvarez Edgar Debray", "group": "02. Opciones de autor"}, {"label": "Jimenez Robayo Maria Cristina", "value": "Jimenez Robayo Maria Cristina", "group": "02. Opciones de autor"}, {"label": "Landinez Parra Nancy Stella", "value": "Landinez Parra Nancy Stella", "group": "02. Opciones de autor"}, {"label": "Mancera Soto Erica Mabel", "value": "Mancera Soto Erica Mabel", "group": "02. Opciones de autor"}, {"label": "Mena Bejarano Beatriz", "value": "Mena Bejarano Beatriz", "group": "02. Opciones de autor"}, {"label": "Molina Achury Nancy Jeanet", "value": "Molina Achury Nancy Jeanet", "group": "02. Opciones de autor"}, {"label": "Morales Caro Myriam Stella", "value": "Morales Caro Myriam Stella", "group": "02. Opciones de autor"}, {"label": "Moscoso Alvarado Fabiola", "value": "Moscoso Alvarado Fabiola", "group": "02. Opciones de autor"}, {"label": "Ocampo Plazas Mary Luz", "value": "Ocampo Plazas Mary Luz", "group": "02. Opciones de autor"}, {"label": "Prieto Rodríguez Adriana", "value": "Prieto Rodríguez Adriana", "group": "02. Opciones de autor"}, {"label": "Puentes Vega Ingrid Estefany", "value": "Puentes Vega Ingrid Estefany", "group": "02. Opciones de autor"}, {"label": "Robayo Torres Aydee Luisa", "value": "Robayo Torres Aydee Luisa", "group": "02. Opciones de autor"}, {"label": "Rodríguez Ivon Johanna", "value": "Rodríguez Ivon Johanna", "group": "02. Opciones de autor"}, {"label": "Rodríguez Medina Carmen Lilia", "value": "Rodríguez Medina Carmen Lilia", "group": "02. Opciones de autor"}, {"label": "Torres Baquero Marta", "value": "Torres Baquero Marta", "group": "02. Opciones de autor"}, {"label": "Zapata Osorio Gloria Teresa", "value": "Zapata Osorio Gloria Teresa", "group": "02. Opciones de autor"}, {"label": "Departamento de Movimiento Corporal Humano", "value": "Departamento de Movimiento Corporal Humano", "group": "02. Opciones de uab"}, {"label": "accidente cerebrovascular", "value": "accidente cerebrovascular", "group": "03. Opciones de temas"}, {"label": "actividad del motor", "value": "actividad del motor", "group": "03. Opciones de temas"}, {"label": "actividad física", "value": "actividad física", "group": "03. Opciones de temas"}, {"label": "actividad motora", "value": "actividad motora", "group": "03. Opciones de temas"}, {"label": "adecuado", "value": "adecuado", "group": "03. Opciones de temas"}, {"label": "aditivos", "value": "aditivos", "group": "03. Opciones de temas"}, {"label": "administración", "value": "administración", "group": "03. Opciones de temas"}, {"label": "adolescente", "value": "adolescente", "group": "03. Opciones de temas"}, {"label": "adulto", "value": "adulto", "group": "03. Opciones de temas"}, {"label": "adulto joven", "value": "adulto joven", "group": "03. Opciones de temas"}, {"label": "afecto", "value": "afecto", "group": "03. Opciones de temas"}, {"label": "ambiente", "value": "ambiente", "group": "03. Opciones de temas"}, {"label": "amputación", "value": "amputación", "group": "03. Opciones de temas"}, {"label": "américa latina", "value": "américa latina", "group": "03. Opciones de temas"}, {"label": "américas", "value": "américas", "group": "03. Opciones de temas"}, {"label": "anciano", "value": "anciano", "group": "03. Opciones de temas"}, {"label": "anciano de 80 o más años", "value": "anciano de 80 o más años", "group": "03. Opciones de temas"}, {"label": "anestesia", "value": "anestesia", "group": "03. Opciones de temas"}, {"label": "anestésicos", "value": "anestésicos", "group": "03. Opciones de temas"}, {"label": "ansiedad", "value": "ansiedad", "group": "03. Opciones de temas"}, {"label": "aprendizaje", "value": "aprendizaje", "group": "03. Opciones de temas"}, {"label": "arte", "value": "arte", "group": "03. Opciones de temas"}, {"label": "arterias", "value": "arterias", "group": "03. Opciones de temas"}, {"label": "artículo de revista", "value": "artículo de revista", "group": "03. Opciones de temas"}, {"label": "atletas", "value": "atletas", "group": "03. Opciones de temas"}, {"label": "autocuidado", "value": "autocuidado", "group": "03. Opciones de temas"}, {"label": "autoria", "value": "autoria", "group": "03. Opciones de temas"}, {"label": "behaviorismo", "value": "behaviorismo", "group": "03. Opciones de temas"}, {"label": "biología", "value": "biología", "group": "03. Opciones de temas"}, {"label": "biorreacttancia", "value": "biorreacttancia", "group": "03. Opciones de temas"}, {"label": "brazo", "value": "brazo", "group": "03. Opciones de temas"}, {"label": "cabeza", "value": "cabeza", "group": "03. Opciones de temas"}, {"label": "calificaciones", "value": "calificaciones", "group": "03. Opciones de temas"}, {"label": "cardiopatías", "value": "cardiopatías", "group": "03. Opciones de temas"}, {"label": "cartílago", "value": "cartílago", "group": "03. Opciones de temas"}, {"label": "certificación", "value": "certificación", "group": "03. Opciones de temas"}, {"label": "ciencias económicas", "value": "ciencias económicas", "group": "03. Opciones de temas"}, {"label": "ciudades", "value": "ciudades", "group": "03. Opciones de temas"}, {"label": "clasificación", "value": "clasificación", "group": "03. Opciones de temas"}, {"label": "colección", "value": "colección", "group": "03. Opciones de temas"}, {"label": "colombia", "value": "colombia", "group": "03. Opciones de temas"}, {"label": "comprensión", "value": "comprensión", "group": "03. Opciones de temas"}, {"label": "computadores", "value": "computadores", "group": "03. Opciones de temas"}, {"label": "comunicación", "value": "comunicación", "group": "03. Opciones de temas"}, {"label": "comunismo", "value": "comunismo", "group": "03. Opciones de temas"}, {"label": "condrocitos", "value": "condrocitos", "group": "03. Opciones de temas"}, {"label": "conducta", "value": "conducta", "group": "03. Opciones de temas"}, {"label": "conductividad", "value": "conductividad", "group": "03. Opciones de temas"}, {"label": "conocimiento", "value": "conocimiento", "group": "03. Opciones de temas"}, {"label": "construcción", "value": "construcción", "group": "03. Opciones de temas"}, {"label": "contexto", "value": "contexto", "group": "03. Opciones de temas"}, {"label": "controlabilidad", "value": "controlabilidad", "group": "03. Opciones de temas"}, {"label": "corazón", "value": "corazón", "group": "03. Opciones de temas"}, {"label": "corporal image", "value": "corporal image", "group": "03. Opciones de temas"}, {"label": "corporalidad", "value": "corporalidad", "group": "03. Opciones de temas"}, {"label": "correlacionadores", "value": "correlacionadores", "group": "03. Opciones de temas"}, {"label": "correlación", "value": "correlación", "group": "03. Opciones de temas"}, {"label": "críticas", "value": "críticas", "group": "03. Opciones de temas"}, {"label": "cuello", "value": "cuello", "group": "03. Opciones de temas"}, {"label": "cuerpo", "value": "cuerpo", "group": "03. Opciones de temas"}, {"label": "cuerpo humano", "value": "cuerpo humano", "group": "03. Opciones de temas"}, {"label": "cuidadores", "value": "cuidadores", "group": "03. Opciones de temas"}, {"label": "cuidados intensivos", "value": "cuidados intensivos", "group": "03. Opciones de temas"}, {"label": "cultura", "value": "cultura", "group": "03. Opciones de temas"}, {"label": "células", "value": "células", "group": "03. Opciones de temas"}, {"label": "células 3t3", "value": "células 3t3", "group": "03. Opciones de temas"}, {"label": "células a549", "value": "células a549", "group": "03. Opciones de temas"}, {"label": "deportes", "value": "deportes", "group": "03. Opciones de temas"}, {"label": "derechos humanos", "value": "derechos humanos", "group": "03. Opciones de temas"}, {"label": "desarrollo humano", "value": "desarrollo humano", "group": "03. Opciones de temas"}, {"label": "diagnóstico", "value": "diagnóstico", "group": "03. Opciones de temas"}, {"label": "dirigir", "value": "dirigir", "group": "03. Opciones de temas"}, {"label": "discapacidad", "value": "discapacidad", "group": "03. Opciones de temas"}, {"label": "docilidad", "value": "docilidad", "group": "03. Opciones de temas"}, {"label": "dolor", "value": "dolor", "group": "03. Opciones de temas"}, {"label": "dolor de espalda", "value": "dolor de espalda", "group": "03. Opciones de temas"}, {"label": "dolor de la región lumbar", "value": "dolor de la región lumbar", "group": "03. Opciones de temas"}, {"label": "dorso", "value": "dorso", "group": "03. Opciones de temas"}, {"label": "economía", "value": "economía", "group": "03. Opciones de temas"}, {"label": "ecualizadores", "value": "ecualizadores", "group": "03. Opciones de temas"}, {"label": "educación", "value": "educación", "group": "03. Opciones de temas"}, {"label": "educational institutions", "value": "educational institutions", "group": "03. Opciones de temas"}, {"label": "ejercicio", "value": "ejercicio", "group": "03. Opciones de temas"}, {"label": "ejercicio físico", "value": "ejercicio físico", "group": "03. Opciones de temas"}, {"label": "elementos", "value": "elementos", "group": "03. Opciones de temas"}, {"label": "enfermedad", "value": "enfermedad", "group": "03. Opciones de temas"}, {"label": "enfermedad coronaria", "value": "enfermedad coronaria", "group": "03. Opciones de temas"}, {"label": "enfermedades", "value": "enfermedades", "group": "03. Opciones de temas"}, {"label": "enseñanza", "value": "enseñanza", "group": "03. Opciones de temas"}, {"label": "entornos de trabajo de salud", "value": "entornos de trabajo de salud", "group": "03. Opciones de temas"}, {"label": "entrevista", "value": "entrevista", "group": "03. Opciones de temas"}, {"label": "entrevistas", "value": "entrevistas", "group": "03. Opciones de temas"}, {"label": "envejecimiento", "value": "envejecimiento", "group": "03. Opciones de temas"}, {"label": "epidemiología", "value": "epidemiología", "group": "03. Opciones de temas"}, {"label": "estadística", "value": "estadística", "group": "03. Opciones de temas"}, {"label": "estadísticas", "value": "estadísticas", "group": "03. Opciones de temas"}, {"label": "estandarización", "value": "estandarización", "group": "03. Opciones de temas"}, {"label": "estilo de vida sedentario", "value": "estilo de vida sedentario", "group": "03. Opciones de temas"}, {"label": "estudiantes", "value": "estudiantes", "group": "03. Opciones de temas"}, {"label": "estudios transversales", "value": "estudios transversales", "group": "03. Opciones de temas"}, {"label": "factores protectores", "value": "factores protectores", "group": "03. Opciones de temas"}, {"label": "fase s", "value": "fase s", "group": "03. Opciones de temas"}, {"label": "fisiología", "value": "fisiología", "group": "03. Opciones de temas"}, {"label": "flexibilidad", "value": "flexibilidad", "group": "03. Opciones de temas"}, {"label": "formación", "value": "formación", "group": "03. Opciones de temas"}, {"label": "formiatos", "value": "formiatos", "group": "03. Opciones de temas"}, {"label": "formulario", "value": "formulario", "group": "03. Opciones de temas"}, {"label": "fotograbar", "value": "fotograbar", "group": "03. Opciones de temas"}, {"label": "fotografía", "value": "fotografía", "group": "03. Opciones de temas"}, {"label": "frecuencia", "value": "frecuencia", "group": "03. Opciones de temas"}, {"label": "frecuencia cardíaca", "value": "frecuencia cardíaca", "group": "03. Opciones de temas"}, {"label": "fuerza muscular", "value": "fuerza muscular", "group": "03. Opciones de temas"}, {"label": "física", "value": "física", "group": "03. Opciones de temas"}, {"label": "física sanitaria", "value": "física sanitaria", "group": "03. Opciones de temas"}, {"label": "fútbol", "value": "fútbol", "group": "03. Opciones de temas"}, {"label": "gasto cardiaco", "value": "gasto cardiaco", "group": "03. Opciones de temas"}, {"label": "gasto cardíaco", "value": "gasto cardíaco", "group": "03. Opciones de temas"}, {"label": "generadores", "value": "generadores", "group": "03. Opciones de temas"}, {"label": "grabación", "value": "grabación", "group": "03. Opciones de temas"}, {"label": "grupos focales", "value": "grupos focales", "group": "03. Opciones de temas"}, {"label": "hemodinámica", "value": "hemodinámica", "group": "03. Opciones de temas"}, {"label": "hermenéutica", "value": "hermenéutica", "group": "03. Opciones de temas"}, {"label": "hijo único", "value": "hijo único", "group": "03. Opciones de temas"}, {"label": "historia", "value": "historia", "group": "03. Opciones de temas"}, {"label": "hombres", "value": "hombres", "group": "03. Opciones de temas"}, {"label": "hospitales", "value": "hospitales", "group": "03. Opciones de temas"}, {"label": "hospitalización", "value": "hospitalización", "group": "03. Opciones de temas"}, {"label": "hospitals", "value": "hospitals", "group": "03. Opciones de temas"}, {"label": "humanidades", "value": "humanidades", "group": "03. Opciones de temas"}, {"label": "humanismo", "value": "humanismo", "group": "03. Opciones de temas"}, {"label": "humanos", "value": "humanos", "group": "03. Opciones de temas"}, {"label": "imagen corporal", "value": "imagen corporal", "group": "03. Opciones de temas"}, {"label": "imagen tsoroporal", "value": "imagen tsoroporal", "group": "03. Opciones de temas"}, {"label": "implantación dental", "value": "implantación dental", "group": "03. Opciones de temas"}, {"label": "implantes", "value": "implantes", "group": "03. Opciones de temas"}, {"label": "implantes dentales", "value": "implantes dentales", "group": "03. Opciones de temas"}, {"label": "incidencia", "value": "incidencia", "group": "03. Opciones de temas"}, {"label": "indexación", "value": "indexación", "group": "03. Opciones de temas"}, {"label": "individualidad", "value": "individualidad", "group": "03. Opciones de temas"}, {"label": "individualismo", "value": "individualismo", "group": "03. Opciones de temas"}, {"label": "instituciones académicas", "value": "instituciones académicas", "group": "03. Opciones de temas"}, {"label": "integración social", "value": "integración social", "group": "03. Opciones de temas"}, {"label": "intuición", "value": "intuición", "group": "03. Opciones de temas"}, {"label": "invalidez", "value": "invalidez", "group": "03. Opciones de temas"}, {"label": "investigación", "value": "investigación", "group": "03. Opciones de temas"}, {"label": "juicio", "value": "juicio", "group": "03. Opciones de temas"}, {"label": "lesiones", "value": "lesiones", "group": "03. Opciones de temas"}, {"label": "logro", "value": "logro", "group": "03. Opciones de temas"}, {"label": "logística", "value": "logística", "group": "03. Opciones de temas"}, {"label": "lugar de trabajo", "value": "lugar de trabajo", "group": "03. Opciones de temas"}, {"label": "lugar de trabajo de promoción de la salud", "value": "lugar de trabajo de promoción de la salud", "group": "03. Opciones de temas"}, {"label": "lumbalgia", "value": "lumbalgia", "group": "03. Opciones de temas"}, {"label": "lógica", "value": "lógica", "group": "03. Opciones de temas"}, {"label": "madres", "value": "madres", "group": "03. Opciones de temas"}, {"label": "malla de fisioterapia", "value": "malla de fisioterapia", "group": "03. Opciones de temas"}, {"label": "malla de los músculos respiratorios", "value": "malla de los músculos respiratorios", "group": "03. Opciones de temas"}, {"label": "malla de postura", "value": "malla de postura", "group": "03. Opciones de temas"}, {"label": "mama", "value": "mama", "group": "03. Opciones de temas"}, {"label": "mano", "value": "mano", "group": "03. Opciones de temas"}, {"label": "masaje", "value": "masaje", "group": "03. Opciones de temas"}, {"label": "mastectomía", "value": "mastectomía", "group": "03. Opciones de temas"}, {"label": "matemática", "value": "matemática", "group": "03. Opciones de temas"}, {"label": "matemáticas", "value": "matemáticas", "group": "03. Opciones de temas"}, {"label": "materiales", "value": "materiales", "group": "03. Opciones de temas"}, {"label": "mecanobiología", "value": "mecanobiología", "group": "03. Opciones de temas"}, {"label": "mecánica", "value": "mecánica", "group": "03. Opciones de temas"}, {"label": "medición", "value": "medición", "group": "03. Opciones de temas"}, {"label": "medición de presión", "value": "medición de presión", "group": "03. Opciones de temas"}, {"label": "mejoramiento", "value": "mejoramiento", "group": "03. Opciones de temas"}, {"label": "metros", "value": "metros", "group": "03. Opciones de temas"}, {"label": "miedo", "value": "miedo", "group": "03. Opciones de temas"}, {"label": "modelado", "value": "modelado", "group": "03. Opciones de temas"}, {"label": "modelo matemático", "value": "modelo matemático", "group": "03. Opciones de temas"}, {"label": "mortalidad", "value": "mortalidad", "group": "03. Opciones de temas"}, {"label": "motores", "value": "motores", "group": "03. Opciones de temas"}, {"label": "movimiento", "value": "movimiento", "group": "03. Opciones de temas"}, {"label": "mujer", "value": "mujer", "group": "03. Opciones de temas"}, {"label": "mujeres", "value": "mujeres", "group": "03. Opciones de temas"}, {"label": "musculos respiratorios de malla", "value": "musculos respiratorios de malla", "group": "03. Opciones de temas"}, {"label": "métodos", "value": "métodos", "group": "03. Opciones de temas"}, {"label": "músculos", "value": "músculos", "group": "03. Opciones de temas"}, {"label": "músculos respiratorios", "value": "músculos respiratorios", "group": "03. Opciones de temas"}, {"label": "narración", "value": "narración", "group": "03. Opciones de temas"}, {"label": "nervio facial", "value": "nervio facial", "group": "03. Opciones de temas"}, {"label": "niño", "value": "niño", "group": "03. Opciones de temas"}, {"label": "normas", "value": "normas", "group": "03. Opciones de temas"}, {"label": "obesidad", "value": "obesidad", "group": "03. Opciones de temas"}, {"label": "objetivos", "value": "objetivos", "group": "03. Opciones de temas"}, {"label": "observadores", "value": "observadores", "group": "03. Opciones de temas"}, {"label": "ocupaciones", "value": "ocupaciones", "group": "03. Opciones de temas"}, {"label": "ordenadores", "value": "ordenadores", "group": "03. Opciones de temas"}, {"label": "organismos", "value": "organismos", "group": "03. Opciones de temas"}, {"label": "organizaciones", "value": "organizaciones", "group": "03. Opciones de temas"}, {"label": "organización mundial de la salud", "value": "organización mundial de la salud", "group": "03. Opciones de temas"}, {"label": "orientación", "value": "orientación", "group": "03. Opciones de temas"}, {"label": "oxigenadores", "value": "oxigenadores", "group": "03. Opciones de temas"}, {"label": "oxígeno", "value": "oxígeno", "group": "03. Opciones de temas"}, {"label": "pacientes", "value": "pacientes", "group": "03. Opciones de temas"}, {"label": "parálisis", "value": "parálisis", "group": "03. Opciones de temas"}, {"label": "parálisis cerebral", "value": "parálisis cerebral", "group": "03. Opciones de temas"}, {"label": "pediatría", "value": "pediatría", "group": "03. Opciones de temas"}, {"label": "película (s", "value": "película (s", "group": "03. Opciones de temas"}, {"label": "perfusión", "value": "perfusión", "group": "03. Opciones de temas"}, {"label": "periodicidad", "value": "periodicidad", "group": "03. Opciones de temas"}, {"label": "periodismo", "value": "periodismo", "group": "03. Opciones de temas"}, {"label": "personalidad", "value": "personalidad", "group": "03. Opciones de temas"}, {"label": "personas", "value": "personas", "group": "03. Opciones de temas"}, {"label": "plan nacional de salud ocupacional", "value": "plan nacional de salud ocupacional", "group": "03. Opciones de temas"}, {"label": "planificación", "value": "planificación", "group": "03. Opciones de temas"}, {"label": "planificación en salud", "value": "planificación en salud", "group": "03. Opciones de temas"}, {"label": "plomo", "value": "plomo", "group": "03. Opciones de temas"}, {"label": "población", "value": "población", "group": "03. Opciones de temas"}, {"label": "política", "value": "política", "group": "03. Opciones de temas"}, {"label": "política pública", "value": "política pública", "group": "03. Opciones de temas"}, {"label": "políticas", "value": "políticas", "group": "03. Opciones de temas"}, {"label": "postura", "value": "postura", "group": "03. Opciones de temas"}, {"label": "presas", "value": "presas", "group": "03. Opciones de temas"}, {"label": "presión", "value": "presión", "group": "03. Opciones de temas"}, {"label": "prevalencia", "value": "prevalencia", "group": "03. Opciones de temas"}, {"label": "programa", "value": "programa", "group": "03. Opciones de temas"}, {"label": "programación", "value": "programación", "group": "03. Opciones de temas"}, {"label": "promoción de la salud", "value": "promoción de la salud", "group": "03. Opciones de temas"}, {"label": "proteccion", "value": "proteccion", "group": "03. Opciones de temas"}, {"label": "proteinas", "value": "proteinas", "group": "03. Opciones de temas"}, {"label": "pruebas", "value": "pruebas", "group": "03. Opciones de temas"}, {"label": "publicaciones", "value": "publicaciones", "group": "03. Opciones de temas"}, {"label": "pulmón", "value": "pulmón", "group": "03. Opciones de temas"}, {"label": "receptores", "value": "receptores", "group": "03. Opciones de temas"}, {"label": "recolección de datos", "value": "recolección de datos", "group": "03. Opciones de temas"}, {"label": "recreación", "value": "recreación", "group": "03. Opciones de temas"}, {"label": "reflectividad", "value": "reflectividad", "group": "03. Opciones de temas"}, {"label": "registers", "value": "registers", "group": "03. Opciones de temas"}, {"label": "registros", "value": "registros", "group": "03. Opciones de temas"}, {"label": "rehabilitación", "value": "rehabilitación", "group": "03. Opciones de temas"}, {"label": "respeto", "value": "respeto", "group": "03. Opciones de temas"}, {"label": "respiración", "value": "respiración", "group": "03. Opciones de temas"}, {"label": "revascularización miocárdica", "value": "revascularización miocárdica", "group": "03. Opciones de temas"}, {"label": "revisión", "value": "revisión", "group": "03. Opciones de temas"}, {"label": "riesgo", "value": "riesgo", "group": "03. Opciones de temas"}, {"label": "rodilla", "value": "rodilla", "group": "03. Opciones de temas"}, {"label": "salud", "value": "salud", "group": "03. Opciones de temas"}, {"label": "salud laboral", "value": "salud laboral", "group": "03. Opciones de temas"}, {"label": "salud pública", "value": "salud pública", "group": "03. Opciones de temas"}, {"label": "seguridad", "value": "seguridad", "group": "03. Opciones de temas"}, {"label": "silla de ruedas", "value": "silla de ruedas", "group": "03. Opciones de temas"}, {"label": "sillas de ruedas", "value": "sillas de ruedas", "group": "03. Opciones de temas"}, {"label": "sistema cardiovascular", "value": "sistema cardiovascular", "group": "03. Opciones de temas"}, {"label": "sistema respiratorio", "value": "sistema respiratorio", "group": "03. Opciones de temas"}, {"label": "sobrepeso", "value": "sobrepeso", "group": "03. Opciones de temas"}, {"label": "socialismo", "value": "socialismo", "group": "03. Opciones de temas"}, {"label": "socialización", "value": "socialización", "group": "03. Opciones de temas"}, {"label": "software", "value": "software", "group": "03. Opciones de temas"}, {"label": "soluciones", "value": "soluciones", "group": "03. Opciones de temas"}, {"label": "subjetividad", "value": "subjetividad", "group": "03. Opciones de temas"}, {"label": "supervisión", "value": "supervisión", "group": "03. Opciones de temas"}, {"label": "síndrome", "value": "síndrome", "group": "03. Opciones de temas"}, {"label": "síndrome de down", "value": "síndrome de down", "group": "03. Opciones de temas"}, {"label": "tejidos", "value": "tejidos", "group": "03. Opciones de temas"}, {"label": "tenis", "value": "tenis", "group": "03. Opciones de temas"}, {"label": "tiempo", "value": "tiempo", "group": "03. Opciones de temas"}, {"label": "trabajo", "value": "trabajo", "group": "03. Opciones de temas"}, {"label": "traducciones", "value": "traducciones", "group": "03. Opciones de temas"}, {"label": "traducción", "value": "traducción", "group": "03. Opciones de temas"}, {"label": "transportes", "value": "transportes", "group": "03. Opciones de temas"}, {"label": "tórax", "value": "tórax", "group": "03. Opciones de temas"}, {"label": "universidades", "value": "universidades", "group": "03. Opciones de temas"}, {"label": "ventilación", "value": "ventilación", "group": "03. Opciones de temas"}, {"label": "ventilación mecánica", "value": "ventilación mecánica", "group": "03. Opciones de temas"}, {"label": "ventilación pulmonar", "value": "ventilación pulmonar", "group": "03. Opciones de temas"}, {"label": "vida", "value": "vida", "group": "03. Opciones de temas"}, {"label": "videos", "value": "videos", "group": "03. Opciones de temas"}, {"label": "virtudes", "value": "virtudes", "group": "03. Opciones de temas"}, {"label": "índice", "value": "índice", "group": "03. Opciones de temas"}, {"label": "índice de masa corporal", "value": "índice de masa corporal", "group": "03. Opciones de temas"}, {"label": "índices", "value": "índices", "group": "03. Opciones de temas"}]}