{"nodes": [{"id": "c6febf72-232c-46bc-bd5b-c41cea06faea", "label": "DIRECCIÓN DE SEDE CARIBE", "type": "faculty"}, {"id": "aebc4d23-ea0f-45d6-978d-51140537536e", "label": "Unidad de Docencia y Formación", "type": "uab"}, {"id": 2752, "label": "Marquez Perez Ana Isabel", "type": "author"}, {"id": 2754, "label": "Beltrán Barrera Yilson Javier", "type": "author"}, {"id": 2755, "label": "Sanmiguel Ardila Raquel", "type": "author"}, {"id": 2757, "label": "Santos Martinez Adriana", "type": "author"}, {"id": 2758, "label": "James Cruz Johannie Lucia", "type": "author"}, {"id": 2760, "label": "Avella Esquivel Francisco Jose", "type": "author"}, {"id": 2762, "label": "Zea Sjoberg Sven Eloy", "type": "author"}, {"id": 2763, "label": "Medina Calderon Jairo Humberto", "type": "author"}, {"id": 2764, "label": "Acero Pizarro Arturo", "type": "author"}, {"id": 2765, "label": "Campos Campos Nestor Hernando", "type": "author"}, {"id": 2766, "label": "Osorio Cano Juan David", "type": "author"}, {"id": 2767, "label": "Roman Romero Raul", "type": "author"}, {"id": "1fdf00db-5f9c-4385-a4ae-5f0a0796a0d0", "label": "Dirección de Sede Caribe", "type": "uab"}, {"id": 2753, "label": "Bartens Angela", "type": "author"}, {"id": 2756, "label": "Ardila Benavides Claudia Leonor", "type": "author"}, {"id": 2759, "label": "Robinson Bent Lenito Ernesto", "type": "author"}, {"id": 2761, "label": "Cuevas Melendez Henry", "type": "author"}], "links": [{"source": "c6febf72-232c-46bc-bd5b-c41cea06faea", "target": "aebc4d23-ea0f-45d6-978d-51140537536e", "value": 1}, {"source": "aebc4d23-ea0f-45d6-978d-51140537536e", "target": 2752, "value": 1}, {"source": "aebc4d23-ea0f-45d6-978d-51140537536e", "target": 2754, "value": 1}, {"source": "aebc4d23-ea0f-45d6-978d-51140537536e", "target": 2755, "value": 1}, {"source": "aebc4d23-ea0f-45d6-978d-51140537536e", "target": 2757, "value": 1}, {"source": "aebc4d23-ea0f-45d6-978d-51140537536e", "target": 2758, "value": 1}, {"source": "aebc4d23-ea0f-45d6-978d-51140537536e", "target": 2760, "value": 1}, {"source": "aebc4d23-ea0f-45d6-978d-51140537536e", "target": 2762, "value": 1}, {"source": "aebc4d23-ea0f-45d6-978d-51140537536e", "target": 2763, "value": 1}, {"source": "aebc4d23-ea0f-45d6-978d-51140537536e", "target": 2764, "value": 1}, {"source": "aebc4d23-ea0f-45d6-978d-51140537536e", "target": 2765, "value": 1}, {"source": "aebc4d23-ea0f-45d6-978d-51140537536e", "target": 2766, "value": 1}, {"source": "aebc4d23-ea0f-45d6-978d-51140537536e", "target": 2767, "value": 1}, {"source": "c6febf72-232c-46bc-bd5b-c41cea06faea", "target": "1fdf00db-5f9c-4385-a4ae-5f0a0796a0d0", "value": 1}, {"source": "1fdf00db-5f9c-4385-a4ae-5f0a0796a0d0", "target": 2753, "value": 1}, {"source": "1fdf00db-5f9c-4385-a4ae-5f0a0796a0d0", "target": 2756, "value": 1}, {"source": "1fdf00db-5f9c-4385-a4ae-5f0a0796a0d0", "target": 2759, "value": 1}, {"source": "1fdf00db-5f9c-4385-a4ae-5f0a0796a0d0", "target": 2761, "value": 1}], "options": [{"label": "Estado inicial", "value": "DIRECCIÓN DE SEDE CARIBE", "group": "00. Opciones predeterminadas"}, {"label": "DIRECCIÓN DE SEDE CARIBE", "value": "DIRECCIÓN DE SEDE CARIBE", "group": "01. Opciones de facultad"}, {"label": "Dirección de Sede Caribe", "value": "Dirección de Sede Caribe", "group": "02. Opciones de uab"}, {"label": "Unidad de Docencia y Formación", "value": "Unidad de Docencia y Formación", "group": "02. Opciones de uab"}, {"label": "Acero Pizarro Arturo", "value": "Acero Pizarro Arturo", "group": "03. Opciones de autor"}, {"label": "Ardila Benavides Claudia Leonor", "value": "Ardila Benavides Claudia Leonor", "group": "03. Opciones de autor"}, {"label": "Avella Esquivel Francisco Jose", "value": "Avella Esquivel Francisco Jose", "group": "03. Opciones de autor"}, {"label": "Bartens Angela", "value": "Bartens Angela", "group": "03. Opciones de autor"}, {"label": "Beltrán Barrera Yilson Javier", "value": "Beltrán Barrera Yilson Javier", "group": "03. Opciones de autor"}, {"label": "Campos Campos Nestor Hernando", "value": "Campos Campos Nestor Hernando", "group": "03. Opciones de autor"}, {"label": "Cuevas Melendez Henry", "value": "Cuevas Melendez Henry", "group": "03. Opciones de autor"}, {"label": "James Cruz Johannie Lucia", "value": "James Cruz Johannie Lucia", "group": "03. Opciones de autor"}, {"label": "Marquez Perez Ana Isabel", "value": "Marquez Perez Ana Isabel", "group": "03. Opciones de autor"}, {"label": "Medina Calderon Jairo Humberto", "value": "Medina Calderon Jairo Humberto", "group": "03. Opciones de autor"}, {"label": "Osorio Cano Juan David", "value": "Osorio Cano Juan David", "group": "03. Opciones de autor"}, {"label": "Robinson Bent Lenito Ernesto", "value": "Robinson Bent Lenito Ernesto", "group": "03. Opciones de autor"}, {"label": "Roman Romero Raul", "value": "Roman Romero Raul", "group": "03. Opciones de autor"}, {"label": "Sanmiguel Ardila Raquel", "value": "Sanmiguel Ardila Raquel", "group": "03. Opciones de autor"}, {"label": "Santos Martinez Adriana", "value": "Santos Martinez Adriana", "group": "03. Opciones de autor"}, {"label": "Zea Sjoberg Sven Eloy", "value": "Zea Sjoberg Sven Eloy", "group": "03. Opciones de autor"}]}