{"nodes": [{"id": "c34b10f1-a294-4bf2-8328-21ae49519588", "label": "Departamento de Ingeniería", "type": "uab"}, {"id": 2644, "label": "Madero Morales Edgar Enrique", "type": "author"}, {"id": 2646, "label": "Ipaz Cuastumal Sandro Nolan", "type": "author"}, {"id": 2649, "label": "Garcia Ocampo Alvaro", "type": "author"}, {"id": 2657, "label": "Herrera Londoño Maria Ligia", "type": "author"}, {"id": 2658, "label": "Rubiano Mejia Jorge Eliecer", "type": "author"}, {"id": 2660, "label": "Jaramillo Agudelo Alejandro", "type": "author"}, {"id": 2661, "label": "Rojas Palacios Hernan", "type": "author"}, {"id": 2669, "label": "Duque Nivia Guillermo", "type": "author"}, {"id": 2671, "label": "Restrepo Madrid Norton Jair", "type": "author"}, {"id": 2672, "label": "Gonzalez Salcedo Luis Octavio", "type": "author"}, {"id": 2678, "label": "Prato Garcia Dorian", "type": "author"}, {"id": 2679, "label": "Andrade Mahecha Margarita Maria", "type": "author"}, {"id": 2681, "label": "Dominguez Calle Efrain Antonio", "type": "author"}, {"id": 2682, "label": "Hernandez Reyes Rodrigo", "type": "author"}, {"id": 2686, "label": "Hleap Zapata Jose Igor", "type": "author"}, {"id": 2687, "label": "Cadavid Rodriguez Luz Stella", "type": "author"}, {"id": 2691, "label": "Otalvaro Tamayo Leon Felipe", "type": "author"}, {"id": 2692, "label": "Tafur Hermann Harold", "type": "author"}, {"id": 2693, "label": "Chaparro Anaya Oscar", "type": "author"}, {"id": 2696, "label": "Herrera Gutierrez Oscar Alonso", "type": "author"}, {"id": 2699, "label": "Pinzon Botero Maria Victoria", "type": "author"}, {"id": 2701, "label": "Madriñan Molina Raul", "type": "author"}, {"id": 2702, "label": "Serna Cock Liliana", "type": "author"}, {"id": "aplicadores", "label": "aplicadores", "type": "topic"}, {"id": "propiedades de la cepa probiótica", "label": "propiedades de la cepa probiótica", "type": "topic"}, {"id": "tejido mamario", "label": "tejido mamario", "type": "topic"}, {"id": "capacidad de adhesión", "label": "capacidad de adhesión", "type": "topic"}, {"id": "mastitis", "label": "mastitis", "type": "topic"}, {"id": "presion", "label": "presion", "type": "topic"}, {"id": "microscopía", "label": "microscopía", "type": "topic"}, {"id": "microscopio de electrones", "label": "microscopio de electrones", "type": "topic"}, {"id": "pruebas", "label": "pruebas", "type": "topic"}, {"id": "seguridad", "label": "seguridad", "type": "topic"}, {"id": "aditivos", "label": "aditivos", "type": "topic"}, {"id": "controlabilidad", "label": "controlabilidad", "type": "topic"}, {"id": "en vivo", "label": "en vivo", "type": "topic"}, {"id": "negocio", "label": "negocio", "type": "topic"}, {"id": "biomasa", "label": "biomasa", "type": "topic"}, {"id": "conductividad", "label": "conductividad", "type": "topic"}, {"id": "medios de comunicación", "label": "medios de comunicación", "type": "topic"}, {"id": "observadores", "label": "observadores", "type": "topic"}, {"id": "electrones", "label": "electrones", "type": "topic"}, {"id": "electricidad", "label": "electricidad", "type": "topic"}, {"id": 2708, "label": "Martinez Correa Hugo Alexander", "type": "author"}, {"id": 2712, "label": "Montealegre Leon Fernando Augusto", "type": "author"}, {"id": 2713, "label": "Molina Tabares Jose Manuel", "type": "author"}, {"id": 2714, "label": "Peña Rueda Aurora", "type": "author"}, {"id": 2716, "label": "Vanegas Mahecha Pedro", "type": "author"}, {"id": 2718, "label": "Penagos Luna Alvaro", "type": "author"}, {"id": 2723, "label": "Marulanda Valencia Edgar", "type": "author"}, {"id": 2724, "label": "Mejia Giraldo Luis Fernando", "type": "author"}, {"id": 2727, "label": "Leon Hernandez Juan Gabriel", "type": "author"}, {"id": 2728, "label": "Rueda Saa German Horacio", "type": "author"}, {"id": 2730, "label": "Cifuentes Poveda Ruben Dario", "type": "author"}, {"id": 2733, "label": "Ordoñez Santos Luis Eduardo", "type": "author"}, {"id": 2737, "label": "Escobar Chalarca Carlos Alberto", "type": "author"}, {"id": 2741, "label": "Flor Montoya Carlos Arturo", "type": "author"}, {"id": 2743, "label": "Rodriguez Salcedo Judith", "type": "author"}, {"id": 2744, "label": "Guzman Alvis Angela Ines", "type": "author"}, {"id": 2745, "label": "Mora Bejarano Carlos Humberto", "type": "author"}, {"id": 2747, "label": "Selvaraj John Josephraj", "type": "author"}, {"id": 2750, "label": "Torres Prieto Enrique Alejandro", "type": "author"}, {"id": 2751, "label": "Dussan Sarria Saul", "type": "author"}], "links": [{"source": "c34b10f1-a294-4bf2-8328-21ae49519588", "target": 2644, "value": 1}, {"source": "c34b10f1-a294-4bf2-8328-21ae49519588", "target": 2646, "value": 1}, {"source": "c34b10f1-a294-4bf2-8328-21ae49519588", "target": 2649, "value": 1}, {"source": "c34b10f1-a294-4bf2-8328-21ae49519588", "target": 2657, "value": 1}, {"source": "c34b10f1-a294-4bf2-8328-21ae49519588", "target": 2658, "value": 1}, {"source": "c34b10f1-a294-4bf2-8328-21ae49519588", "target": 2660, "value": 1}, {"source": "c34b10f1-a294-4bf2-8328-21ae49519588", "target": 2661, "value": 1}, {"source": "c34b10f1-a294-4bf2-8328-21ae49519588", "target": 2669, "value": 1}, {"source": "c34b10f1-a294-4bf2-8328-21ae49519588", "target": 2671, "value": 1}, {"source": "c34b10f1-a294-4bf2-8328-21ae49519588", "target": 2672, "value": 1}, {"source": "c34b10f1-a294-4bf2-8328-21ae49519588", "target": 2678, "value": 1}, {"source": "c34b10f1-a294-4bf2-8328-21ae49519588", "target": 2679, "value": 1}, {"source": "c34b10f1-a294-4bf2-8328-21ae49519588", "target": 2681, "value": 1}, {"source": "c34b10f1-a294-4bf2-8328-21ae49519588", "target": 2682, "value": 1}, {"source": "c34b10f1-a294-4bf2-8328-21ae49519588", "target": 2686, "value": 1}, {"source": "c34b10f1-a294-4bf2-8328-21ae49519588", "target": 2687, "value": 1}, {"source": "c34b10f1-a294-4bf2-8328-21ae49519588", "target": 2691, "value": 1}, {"source": "c34b10f1-a294-4bf2-8328-21ae49519588", "target": 2692, "value": 1}, {"source": "c34b10f1-a294-4bf2-8328-21ae49519588", "target": 2693, "value": 1}, {"source": "c34b10f1-a294-4bf2-8328-21ae49519588", "target": 2696, "value": 1}, {"source": "c34b10f1-a294-4bf2-8328-21ae49519588", "target": 2699, "value": 1}, {"source": "c34b10f1-a294-4bf2-8328-21ae49519588", "target": 2701, "value": 1}, {"source": "c34b10f1-a294-4bf2-8328-21ae49519588", "target": 2702, "value": 1}, {"source": 2702, "target": "aplicadores", "value": 1}, {"source": 2702, "target": "propiedades de la cepa probiótica", "value": 1}, {"source": 2702, "target": "tejido mamario", "value": 1}, {"source": 2702, "target": "capacidad de adhesión", "value": 1}, {"source": 2702, "target": "mastitis", "value": 1}, {"source": 2702, "target": "presion", "value": 1}, {"source": 2702, "target": "microscopía", "value": 1}, {"source": 2702, "target": "microscopio de electrones", "value": 1}, {"source": 2702, "target": "pruebas", "value": 1}, {"source": 2702, "target": "seguridad", "value": 1}, {"source": 2702, "target": "aditivos", "value": 1}, {"source": 2702, "target": "controlabilidad", "value": 1}, {"source": 2702, "target": "en vivo", "value": 1}, {"source": 2702, "target": "negocio", "value": 1}, {"source": 2702, "target": "biomasa", "value": 1}, {"source": 2702, "target": "conductividad", "value": 1}, {"source": 2702, "target": "medios de comunicación", "value": 1}, {"source": 2702, "target": "observadores", "value": 1}, {"source": 2702, "target": "electrones", "value": 1}, {"source": 2702, "target": "electricidad", "value": 1}, {"source": "c34b10f1-a294-4bf2-8328-21ae49519588", "target": 2708, "value": 1}, {"source": "c34b10f1-a294-4bf2-8328-21ae49519588", "target": 2712, "value": 1}, {"source": "c34b10f1-a294-4bf2-8328-21ae49519588", "target": 2713, "value": 1}, {"source": "c34b10f1-a294-4bf2-8328-21ae49519588", "target": 2714, "value": 1}, {"source": "c34b10f1-a294-4bf2-8328-21ae49519588", "target": 2716, "value": 1}, {"source": "c34b10f1-a294-4bf2-8328-21ae49519588", "target": 2718, "value": 1}, {"source": "c34b10f1-a294-4bf2-8328-21ae49519588", "target": 2723, "value": 1}, {"source": "c34b10f1-a294-4bf2-8328-21ae49519588", "target": 2724, "value": 1}, {"source": "c34b10f1-a294-4bf2-8328-21ae49519588", "target": 2727, "value": 1}, {"source": "c34b10f1-a294-4bf2-8328-21ae49519588", "target": 2728, "value": 1}, {"source": "c34b10f1-a294-4bf2-8328-21ae49519588", "target": 2730, "value": 1}, {"source": "c34b10f1-a294-4bf2-8328-21ae49519588", "target": 2733, "value": 1}, {"source": "c34b10f1-a294-4bf2-8328-21ae49519588", "target": 2737, "value": 1}, {"source": "c34b10f1-a294-4bf2-8328-21ae49519588", "target": 2741, "value": 1}, {"source": "c34b10f1-a294-4bf2-8328-21ae49519588", "target": 2743, "value": 1}, {"source": "c34b10f1-a294-4bf2-8328-21ae49519588", "target": 2744, "value": 1}, {"source": "c34b10f1-a294-4bf2-8328-21ae49519588", "target": 2745, "value": 1}, {"source": "c34b10f1-a294-4bf2-8328-21ae49519588", "target": 2747, "value": 1}, {"source": "c34b10f1-a294-4bf2-8328-21ae49519588", "target": 2750, "value": 1}, {"source": "c34b10f1-a294-4bf2-8328-21ae49519588", "target": 2751, "value": 1}], "options": [{"label": "Estado inicial", "value": "Departamento de Ingeniería", "group": "00. Opciones predeterminadas"}, {"label": "Andrade Mahecha Margarita Maria", "value": "Andrade Mahecha Margarita Maria", "group": "02. Opciones de autor"}, {"label": "Cadavid Rodriguez Luz Stella", "value": "Cadavid Rodriguez Luz Stella", "group": "02. Opciones de autor"}, {"label": "Chaparro Anaya Oscar", "value": "Chaparro Anaya Oscar", "group": "02. Opciones de autor"}, {"label": "Cifuentes Poveda Ruben Dario", "value": "Cifuentes Poveda Ruben Dario", "group": "02. Opciones de autor"}, {"label": "Dominguez Calle Efrain Antonio", "value": "Dominguez Calle Efrain Antonio", "group": "02. Opciones de autor"}, {"label": "Duque Nivia Guillermo", "value": "Duque Nivia Guillermo", "group": "02. Opciones de autor"}, {"label": "Dussan Sarria Saul", "value": "Dussan Sarria Saul", "group": "02. Opciones de autor"}, {"label": "Escobar Chalarca Carlos Alberto", "value": "Escobar Chalarca Carlos Alberto", "group": "02. Opciones de autor"}, {"label": "Flor Montoya Carlos Arturo", "value": "Flor Montoya Carlos Arturo", "group": "02. Opciones de autor"}, {"label": "Garcia Ocampo Alvaro", "value": "Garcia Ocampo Alvaro", "group": "02. Opciones de autor"}, {"label": "Gonzalez Salcedo Luis Octavio", "value": "Gonzalez Salcedo Luis Octavio", "group": "02. Opciones de autor"}, {"label": "Guzman Alvis Angela Ines", "value": "Guzman Alvis Angela Ines", "group": "02. Opciones de autor"}, {"label": "Hernandez Reyes Rodrigo", "value": "Hernandez Reyes Rodrigo", "group": "02. Opciones de autor"}, {"label": "Herrera Gutierrez Oscar Alonso", "value": "Herrera Gutierrez Oscar Alonso", "group": "02. Opciones de autor"}, {"label": "Herrera Londoño Maria Ligia", "value": "Herrera Londoño Maria Ligia", "group": "02. Opciones de autor"}, {"label": "Hleap Zapata Jose Igor", "value": "Hleap Zapata Jose Igor", "group": "02. Opciones de autor"}, {"label": "Ipaz Cuastumal Sandro Nolan", "value": "Ipaz Cuastumal Sandro Nolan", "group": "02. Opciones de autor"}, {"label": "Jaramillo Agudelo Alejandro", "value": "Jaramillo Agudelo Alejandro", "group": "02. Opciones de autor"}, {"label": "Leon Hernandez Juan Gabriel", "value": "Leon Hernandez Juan Gabriel", "group": "02. Opciones de autor"}, {"label": "Madero Morales Edgar Enrique", "value": "Madero Morales Edgar Enrique", "group": "02. Opciones de autor"}, {"label": "Madriñan Molina Raul", "value": "Madriñan Molina Raul", "group": "02. Opciones de autor"}, {"label": "Martinez Correa Hugo Alexander", "value": "Martinez Correa Hugo Alexander", "group": "02. Opciones de autor"}, {"label": "Marulanda Valencia Edgar", "value": "Marulanda Valencia Edgar", "group": "02. Opciones de autor"}, {"label": "Mejia Giraldo Luis Fernando", "value": "Mejia Giraldo Luis Fernando", "group": "02. Opciones de autor"}, {"label": "Molina Tabares Jose Manuel", "value": "Molina Tabares Jose Manuel", "group": "02. Opciones de autor"}, {"label": "Montealegre Leon Fernando Augusto", "value": "Montealegre Leon Fernando Augusto", "group": "02. Opciones de autor"}, {"label": "Mora Bejarano Carlos Humberto", "value": "Mora Bejarano Carlos Humberto", "group": "02. Opciones de autor"}, {"label": "Ordoñez Santos Luis Eduardo", "value": "Ordoñez Santos Luis Eduardo", "group": "02. Opciones de autor"}, {"label": "Otalvaro Tamayo Leon Felipe", "value": "Otalvaro Tamayo Leon Felipe", "group": "02. Opciones de autor"}, {"label": "Penagos Luna Alvaro", "value": "Penagos Luna Alvaro", "group": "02. Opciones de autor"}, {"label": "Peña Rueda Aurora", "value": "Peña Rueda Aurora", "group": "02. Opciones de autor"}, {"label": "Pinzon Botero Maria Victoria", "value": "Pinzon Botero Maria Victoria", "group": "02. Opciones de autor"}, {"label": "Prato Garcia Dorian", "value": "Prato Garcia Dorian", "group": "02. Opciones de autor"}, {"label": "Restrepo Madrid Norton Jair", "value": "Restrepo Madrid Norton Jair", "group": "02. Opciones de autor"}, {"label": "Rodriguez Salcedo Judith", "value": "Rodriguez Salcedo Judith", "group": "02. Opciones de autor"}, {"label": "Rojas Palacios Hernan", "value": "Rojas Palacios Hernan", "group": "02. Opciones de autor"}, {"label": "Rubiano Mejia Jorge Eliecer", "value": "Rubiano Mejia Jorge Eliecer", "group": "02. Opciones de autor"}, {"label": "Rueda Saa German Horacio", "value": "Rueda Saa German Horacio", "group": "02. Opciones de autor"}, {"label": "Selvaraj John Josephraj", "value": "Selvaraj John Josephraj", "group": "02. Opciones de autor"}, {"label": "Serna Cock Liliana", "value": "Serna Cock Liliana", "group": "02. Opciones de autor"}, {"label": "Tafur Hermann Harold", "value": "Tafur Hermann Harold", "group": "02. Opciones de autor"}, {"label": "Torres Prieto Enrique Alejandro", "value": "Torres Prieto Enrique Alejandro", "group": "02. Opciones de autor"}, {"label": "Vanegas Mahecha Pedro", "value": "Vanegas Mahecha Pedro", "group": "02. Opciones de autor"}, {"label": "Departamento de Ingeniería", "value": "Departamento de Ingeniería", "group": "02. Opciones de uab"}, {"label": "aditivos", "value": "aditivos", "group": "03. Opciones de temas"}, {"label": "aplicadores", "value": "aplicadores", "group": "03. Opciones de temas"}, {"label": "biomasa", "value": "biomasa", "group": "03. Opciones de temas"}, {"label": "capacidad de adhesión", "value": "capacidad de adhesión", "group": "03. Opciones de temas"}, {"label": "conductividad", "value": "conductividad", "group": "03. Opciones de temas"}, {"label": "controlabilidad", "value": "controlabilidad", "group": "03. Opciones de temas"}, {"label": "electricidad", "value": "electricidad", "group": "03. Opciones de temas"}, {"label": "electrones", "value": "electrones", "group": "03. Opciones de temas"}, {"label": "en vivo", "value": "en vivo", "group": "03. Opciones de temas"}, {"label": "mastitis", "value": "mastitis", "group": "03. Opciones de temas"}, {"label": "medios de comunicación", "value": "medios de comunicación", "group": "03. Opciones de temas"}, {"label": "microscopio de electrones", "value": "microscopio de electrones", "group": "03. Opciones de temas"}, {"label": "microscopía", "value": "microscopía", "group": "03. Opciones de temas"}, {"label": "negocio", "value": "negocio", "group": "03. Opciones de temas"}, {"label": "observadores", "value": "observadores", "group": "03. Opciones de temas"}, {"label": "presion", "value": "presion", "group": "03. Opciones de temas"}, {"label": "propiedades de la cepa probiótica", "value": "propiedades de la cepa probiótica", "group": "03. Opciones de temas"}, {"label": "pruebas", "value": "pruebas", "group": "03. Opciones de temas"}, {"label": "seguridad", "value": "seguridad", "group": "03. Opciones de temas"}, {"label": "tejido mamario", "value": "tejido mamario", "group": "03. Opciones de temas"}]}