{"nodes": [{"id": "b3ad8f6f-7a3b-4c40-930e-490eefab0ebf", "label": "Departamento de Ciencia Política", "type": "uab"}, {"id": 1067, "label": "Borja Alarcón Miguel Antonio", "type": "author"}, {"id": "colombia", "label": "colombia", "type": "topic"}, {"id": "sociedad", "label": "sociedad", "type": "topic"}, {"id": "paz", "label": "paz", "type": "topic"}, {"id": "gobierno", "label": "gobierno", "type": "topic"}, {"id": "descentralización", "label": "descentralización", "type": "topic"}, {"id": "constitución", "label": "constitución", "type": "topic"}, {"id": "balance", "label": "balance", "type": "topic"}, {"id": "justicia", "label": "justicia", "type": "topic"}, {"id": "administración", "label": "administración", "type": "topic"}, {"id": 1071, "label": "Mantilla Valbuena Silvia Cristina", "type": "author"}, {"id": "civil", "label": "civil", "type": "topic"}, {"id": "soberanía", "label": "soberanía", "type": "topic"}, {"id": "movilización", "label": "movilización", "type": "topic"}, {"id": "categoría", "label": "categoría", "type": "topic"}, {"id": 1072, "label": "Pérez Rivera Félix María", "type": "author"}, {"id": 1073, "label": "Novoa Torres Edgar Alberto", "type": "author"}, {"id": "identidad", "label": "identidad", "type": "topic"}, {"id": "capitalismo", "label": "capitalismo", "type": "topic"}, {"id": 1075, "label": "Roth Deubel Andre Noel", "type": "author"}, {"id": "administración pública y ciencia militar", "label": "administración pública y ciencia militar", "type": "topic"}, {"id": "problemas y servicios sociales, asociaciones", "label": "problemas y servicios sociales, asociaciones", "type": "topic"}, {"id": "ciencias sociales", "label": "ciencias sociales", "type": "topic"}, {"id": "democracia", "label": "democracia", "type": "topic"}, {"id": "público", "label": "público", "type": "topic"}, {"id": "historia general de américa del sur", "label": "historia general de américa del sur", "type": "topic"}, {"id": "ciencia política (política y gobierno)", "label": "ciencia política (política y gobierno)", "type": "topic"}, {"id": "economía", "label": "economía", "type": "topic"}, {"id": "ciudadanía", "label": "ciudadanía", "type": "topic"}, {"id": "medios noticiosos, periodismo, publicación", "label": "medios noticiosos, periodismo, publicación", "type": "topic"}, {"id": "políticas", "label": "políticas", "type": "topic"}, {"id": "salud", "label": "salud", "type": "topic"}, {"id": "energía", "label": "energía", "type": "topic"}, {"id": "urbanización", "label": "urbanización", "type": "topic"}, {"id": "salud urbana", "label": "salud urbana", "type": "topic"}, {"id": "políticas energéticas", "label": "políticas energéticas", "type": "topic"}, {"id": "salud ambiental", "label": "salud ambiental", "type": "topic"}, {"id": "fosil fuelos salud", "label": "fosil fuelos salud", "type": "topic"}, {"id": "régimen político", "label": "régimen político", "type": "topic"}, {"id": "ciencias económicas", "label": "ciencias económicas", "type": "topic"}, {"id": "ambiente", "label": "ambiente", "type": "topic"}, {"id": "política", "label": "política", "type": "topic"}, {"id": "modelado", "label": "modelado", "type": "topic"}, {"id": "lógica", "label": "lógica", "type": "topic"}, {"id": "reguladores", "label": "reguladores", "type": "topic"}, {"id": "government", "label": "government", "type": "topic"}, {"id": 1077, "label": "Quevedo Castro Jaime Eudoro", "type": "author"}, {"id": 1081, "label": "Estrada Álvarez Jairo Hernando", "type": "author"}, {"id": "banco", "label": "banco", "type": "topic"}, {"id": "congreso", "label": "congreso", "type": "topic"}, {"id": "trabajo", "label": "trabajo", "type": "topic"}, {"id": "latinoamerica", "label": "latinoamerica", "type": "topic"}, {"id": "laboral", "label": "laboral", "type": "topic"}, {"id": "sindicalismo", "label": "sindicalismo", "type": "topic"}, {"id": "agrario", "label": "agrario", "type": "topic"}, {"id": "ciencias médicas; medicina", "label": "ciencias médicas; medicina", "type": "topic"}, {"id": "psicología", "label": "psicología", "type": "topic"}, {"id": 1082, "label": "Munera Ruiz Leopoldo Alberto", "type": "author"}, {"id": "igualdad", "label": "igualdad", "type": "topic"}, {"id": "trabajador", "label": "trabajador", "type": "topic"}, {"id": "escuelas filosóficas específicas", "label": "escuelas filosóficas específicas", "type": "topic"}, {"id": "filosofía moderna occidental", "label": "filosofía moderna occidental", "type": "topic"}, {"id": "educación", "label": "educación", "type": "topic"}, {"id": 1086, "label": "Hernández Riveros Luis Humberto", "type": "author"}, {"id": 1087, "label": "Quiñones Páez Julio Rafael", "type": "author"}, {"id": 1092, "label": "Leal Gamboa Álvaro", "type": "author"}, {"id": 1095, "label": "Acosta Sánchez Fabian Rodolfo", "type": "author"}, {"id": "corrupción", "label": "corrupción", "type": "topic"}, {"id": "ciencias de la vida; biología", "label": "ciencias de la vida; biología", "type": "topic"}, {"id": 1099, "label": "Medina Gallego Carlos", "type": "author"}, {"id": "epilepsia", "label": "epilepsia", "type": "topic"}, {"id": "literatura", "label": "literatura", "type": "topic"}, {"id": "investigación", "label": "investigación", "type": "topic"}, {"id": "hormona adrenocorticotrópica", "label": "hormona adrenocorticotrópica", "type": "topic"}, {"id": "inflamación", "label": "inflamación", "type": "topic"}, {"id": "interleucina-8", "label": "interleucina-8", "type": "topic"}, {"id": "encefalopatía epiléptica", "label": "encefalopatía epiléptica", "type": "topic"}, {"id": "biomarcadores", "label": "biomarcadores", "type": "topic"}, {"id": "hormonas", "label": "hormonas", "type": "topic"}, {"id": "ética", "label": "ética", "type": "topic"}, {"id": "revisión", "label": "revisión", "type": "topic"}, {"id": "interleucina-3", "label": "interleucina-3", "type": "topic"}, {"id": "interleucinas", "label": "interleucinas", "type": "topic"}, {"id": "interleucina-1", "label": "interleucina-1", "type": "topic"}, {"id": "interleucina-2", "label": "interleucina-2", "type": "topic"}, {"id": "interleucina-4", "label": "interleucina-4", "type": "topic"}, {"id": "interleucina-5", "label": "interleucina-5", "type": "topic"}, {"id": "interleucina-6", "label": "interleucina-6", "type": "topic"}, {"id": "interleucina-7", "label": "interleucina-7", "type": "topic"}, {"id": "calidad de vida", "label": "calidad de vida", "type": "topic"}, {"id": "vida", "label": "vida", "type": "topic"}, {"id": "adolescente", "label": "adolescente", "type": "topic"}, {"id": "pediatría", "label": "pediatría", "type": "topic"}, {"id": "escamas", "label": "escamas", "type": "topic"}, {"id": "estudio de validación", "label": "estudio de validación", "type": "topic"}, {"id": "pacientes", "label": "pacientes", "type": "topic"}, {"id": "diagnóstico", "label": "diagnóstico", "type": "topic"}, {"id": "hospitalización", "label": "hospitalización", "type": "topic"}, {"id": 1100, "label": "Villa Pérez Edgar", "type": "author"}, {"id": "banco central", "label": "banco central", "type": "topic"}, {"id": 1104, "label": "Forero Pineda Clemente", "type": "author"}, {"id": "comercial", "label": "comercial", "type": "topic"}, {"id": "familia", "label": "familia", "type": "topic"}, {"id": "homicidio", "label": "homicidio", "type": "topic"}, {"id": 1105, "label": "López Latorre José Fernando", "type": "author"}, {"id": 1106, "label": "Munoz Medina Alberto", "type": "author"}, {"id": 1108, "label": "Urrutia Montoya Miguel", "type": "author"}, {"id": "fiscal", "label": "fiscal", "type": "topic"}, {"id": "crimen", "label": "crimen", "type": "topic"}, {"id": "asalariado", "label": "asalariado", "type": "topic"}, {"id": "pobreza", "label": "pobreza", "type": "topic"}, {"id": 1110, "label": "García Peña Jaramillo Daniel", "type": "author"}, {"id": 1114, "label": "Jiménez Martin Andrea Carolina", "type": "author"}, {"id": "injusticia", "label": "injusticia", "type": "topic"}, {"id": 1120, "label": "Maldonado Guerrero Luis Fernando", "type": "author"}, {"id": "libertad", "label": "libertad", "type": "topic"}, {"id": 1125, "label": "Herrera Zgaib Miguel Angel", "type": "author"}, {"id": "autonomía", "label": "autonomía", "type": "topic"}, {"id": 1128, "label": "Gutiérrez Sánchez Luis Guillermo", "type": "author"}, {"id": 1129, "label": "Leibovich Goldenberg José", "type": "author"}, {"id": 1130, "label": "Bayaz De Charum Peral", "type": "author"}, {"id": 1131, "label": "Vargas Velásquez Alejo", "type": "author"}, {"id": "conciliación", "label": "conciliación", "type": "topic"}, {"id": "legislación", "label": "legislación", "type": "topic"}, {"id": 1132, "label": "Puyo Tamayo Gustavo Adolfo", "type": "author"}, {"id": 1134, "label": "Charry Gaitán Ana María", "type": "author"}, {"id": 1151, "label": "Burgos Silva José German", "type": "author"}, {"id": "banca", "label": "banca", "type": "topic"}, {"id": "atentado", "label": "atentado", "type": "topic"}, {"id": "embargo", "label": "embargo", "type": "topic"}, {"id": "arbitro", "label": "arbitro", "type": "topic"}, {"id": 1158, "label": "Sarmiento Aranzales Alfredo", "type": "author"}, {"id": 1164, "label": "Sánchez Ruiz Hernando", "type": "author"}, {"id": "biopsia de colon", "label": "biopsia de colon", "type": "topic"}, {"id": "colopatía", "label": "colopatía", "type": "topic"}, {"id": "nsaids", "label": "nsaids", "type": "topic"}, {"id": "esteroides", "label": "esteroides", "type": "topic"}, {"id": "colonoscopía", "label": "colonoscopía", "type": "topic"}, {"id": "patología", "label": "patología", "type": "topic"}, {"id": "intestinos", "label": "intestinos", "type": "topic"}, {"id": "tejidos", "label": "tejidos", "type": "topic"}, {"id": "células", "label": "células", "type": "topic"}, {"id": "células 3t3", "label": "células 3t3", "type": "topic"}, {"id": "células a549", "label": "células a549", "type": "topic"}, {"id": "úlcera", "label": "úlcera", "type": "topic"}, {"id": "diarrea", "label": "diarrea", "type": "topic"}, {"id": "biopsia", "label": "biopsia", "type": "topic"}, {"id": "colonoscopios", "label": "colonoscopios", "type": "topic"}, {"id": "carácter", "label": "carácter", "type": "topic"}, {"id": "asociación", "label": "asociación", "type": "topic"}, {"id": 1169, "label": "Echavarria Soto Juan José", "type": "author"}, {"id": "salario", "label": "salario", "type": "topic"}, {"id": "balanza de pagos", "label": "balanza de pagos", "type": "topic"}, {"id": 1171, "label": "Moncayo Cruz Víctor Manuel", "type": "author"}, {"id": 1177, "label": "Zimmering Raina", "type": "author"}, {"id": 1179, "label": "Díaz Arenas Pedro Augustin", "type": "author"}, {"id": 1180, "label": "García Duarte Ricardo", "type": "author"}, {"id": 1182, "label": "Bejarano Ávila Jesús Antonio", "type": "author"}, {"id": 1183, "label": "Trujillo Rueda Manuel", "type": "author"}, {"id": 1186, "label": "Lozano Ayala Alejandro", "type": "author"}, {"id": "problemas sociales y servicios para grupo de personas", "label": "problemas sociales y servicios para grupo de personas", "type": "topic"}, {"id": "administración pública", "label": "administración pública", "type": "topic"}, {"id": "problemas y servicios sociales; asociaciones", "label": "problemas y servicios sociales; asociaciones", "type": "topic"}, {"id": "economía doméstica y vida familiar", "label": "economía doméstica y vida familiar", "type": "topic"}, {"id": 1187, "label": "Romero Silva Marco Alberto", "type": "author"}, {"id": 1195, "label": "Mora Cortes Andrés Felipe", "type": "author"}, {"id": "ciudadano", "label": "ciudadano", "type": "topic"}, {"id": 1199, "label": "Zambrano Rodríguez Carlos Vladimir", "type": "author"}, {"id": "constitucionalidad", "label": "constitucionalidad", "type": "topic"}, {"id": 1201, "label": "Wabgou Maguemati", "type": "author"}, {"id": 1202, "label": "Roll Vélez David Alberto", "type": "author"}, {"id": "voto", "label": "voto", "type": "topic"}, {"id": "abogado", "label": "abogado", "type": "topic"}, {"id": 1205, "label": "González Salas Edgar Alfonso", "type": "author"}, {"id": 1208, "label": "Toro Pérez Catalina", "type": "author"}, {"id": "comercio, comunicaciones, transporte", "label": "comercio, comunicaciones, transporte", "type": "topic"}], "links": [{"source": "b3ad8f6f-7a3b-4c40-930e-490eefab0ebf", "target": 1067, "value": 1}, {"source": 1067, "target": "colombia", "value": 9}, {"source": 1067, "target": "sociedad", "value": 7}, {"source": 1067, "target": "paz", "value": 4}, {"source": 1067, "target": "gobierno", "value": 2}, {"source": 1067, "target": "descentralización", "value": 2}, {"source": 1067, "target": "constitución", "value": 2}, {"source": 1067, "target": "balance", "value": 2}, {"source": 1067, "target": "justicia", "value": 1}, {"source": 1067, "target": "administración", "value": 1}, {"source": "b3ad8f6f-7a3b-4c40-930e-490eefab0ebf", "target": 1071, "value": 1}, {"source": 1071, "target": "colombia", "value": 20}, {"source": 1071, "target": "justicia", "value": 2}, {"source": 1071, "target": "civil", "value": 2}, {"source": 1071, "target": "gobierno", "value": 2}, {"source": 1071, "target": "sociedad", "value": 2}, {"source": 1071, "target": "paz", "value": 1}, {"source": 1071, "target": "balance", "value": 1}, {"source": 1071, "target": "constitución", "value": 1}, {"source": 1071, "target": "soberanía", "value": 1}, {"source": 1071, "target": "movilización", "value": 1}, {"source": 1071, "target": "categoría", "value": 1}, {"source": "b3ad8f6f-7a3b-4c40-930e-490eefab0ebf", "target": 1072, "value": 1}, {"source": "b3ad8f6f-7a3b-4c40-930e-490eefab0ebf", "target": 1073, "value": 1}, {"source": 1073, "target": "colombia", "value": 5}, {"source": 1073, "target": "identidad", "value": 2}, {"source": 1073, "target": "capitalismo", "value": 1}, {"source": 1073, "target": "administración", "value": 1}, {"source": 1073, "target": "sociedad", "value": 1}, {"source": "b3ad8f6f-7a3b-4c40-930e-490eefab0ebf", "target": 1075, "value": 1}, {"source": 1075, "target": "colombia", "value": 15}, {"source": 1075, "target": "administración pública y ciencia militar", "value": 8}, {"source": 1075, "target": "problemas y servicios sociales, asociaciones", "value": 8}, {"source": 1075, "target": "administración", "value": 6}, {"source": 1075, "target": "ciencias sociales", "value": 6}, {"source": 1075, "target": "sociedad", "value": 5}, {"source": 1075, "target": "democracia", "value": 4}, {"source": 1075, "target": "gobierno", "value": 3}, {"source": 1075, "target": "público", "value": 3}, {"source": 1075, "target": "historia general de américa del sur", "value": 3}, {"source": 1075, "target": "ciencia política (política y gobierno)", "value": 3}, {"source": 1075, "target": "economía", "value": 2}, {"source": 1075, "target": "ciudadanía", "value": 2}, {"source": 1075, "target": "medios noticiosos, periodismo, publicación", "value": 2}, {"source": 1075, "target": "políticas", "value": 1}, {"source": 1075, "target": "salud", "value": 1}, {"source": 1075, "target": "energía", "value": 1}, {"source": 1075, "target": "urbanización", "value": 1}, {"source": 1075, "target": "salud urbana", "value": 1}, {"source": 1075, "target": "políticas energéticas", "value": 1}, {"source": 1075, "target": "salud ambiental", "value": 1}, {"source": 1075, "target": "fosil fuelos salud", "value": 1}, {"source": 1075, "target": "régimen político", "value": 1}, {"source": 1075, "target": "ciencias económicas", "value": 1}, {"source": 1075, "target": "ambiente", "value": 1}, {"source": 1075, "target": "política", "value": 1}, {"source": 1075, "target": "modelado", "value": 1}, {"source": 1075, "target": "lógica", "value": 1}, {"source": 1075, "target": "reguladores", "value": 1}, {"source": 1075, "target": "government", "value": 1}, {"source": "b3ad8f6f-7a3b-4c40-930e-490eefab0ebf", "target": 1077, "value": 1}, {"source": "b3ad8f6f-7a3b-4c40-930e-490eefab0ebf", "target": 1081, "value": 1}, {"source": 1081, "target": "colombia", "value": 26}, {"source": 1081, "target": "capitalismo", "value": 20}, {"source": 1081, "target": "gobierno", "value": 16}, {"source": 1081, "target": "paz", "value": 7}, {"source": 1081, "target": "constitución", "value": 6}, {"source": 1081, "target": "administración", "value": 4}, {"source": 1081, "target": "sociedad", "value": 3}, {"source": 1081, "target": "movilización", "value": 3}, {"source": 1081, "target": "ciencias sociales", "value": 3}, {"source": 1081, "target": "banco", "value": 2}, {"source": 1081, "target": "congreso", "value": 2}, {"source": 1081, "target": "trabajo", "value": 2}, {"source": 1081, "target": "problemas y servicios sociales, asociaciones", "value": 2}, {"source": 1081, "target": "economía", "value": 2}, {"source": 1081, "target": "latinoamerica", "value": 1}, {"source": 1081, "target": "laboral", "value": 1}, {"source": 1081, "target": "sindicalismo", "value": 1}, {"source": 1081, "target": "balance", "value": 1}, {"source": 1081, "target": "democracia", "value": 1}, {"source": 1081, "target": "agrario", "value": 1}, {"source": 1081, "target": "justicia", "value": 1}, {"source": 1081, "target": "ciencias médicas; medicina", "value": 1}, {"source": 1081, "target": "psicología", "value": 1}, {"source": 1081, "target": "administración pública y ciencia militar", "value": 1}, {"source": 1081, "target": "ciencia política (política y gobierno)", "value": 1}, {"source": "b3ad8f6f-7a3b-4c40-930e-490eefab0ebf", "target": 1082, "value": 1}, {"source": 1082, "target": "colombia", "value": 11}, {"source": 1082, "target": "paz", "value": 5}, {"source": 1082, "target": "gobierno", "value": 5}, {"source": 1082, "target": "trabajo", "value": 4}, {"source": 1082, "target": "democracia", "value": 4}, {"source": 1082, "target": "capitalismo", "value": 2}, {"source": 1082, "target": "constitución", "value": 2}, {"source": 1082, "target": "laboral", "value": 1}, {"source": 1082, "target": "público", "value": 1}, {"source": 1082, "target": "igualdad", "value": 1}, {"source": 1082, "target": "latinoamerica", "value": 1}, {"source": 1082, "target": "trabajador", "value": 1}, {"source": 1082, "target": "ciencias sociales", "value": 1}, {"source": 1082, "target": "escuelas filosóficas específicas", "value": 1}, {"source": 1082, "target": "filosofía moderna occidental", "value": 1}, {"source": 1082, "target": "ciencia política (política y gobierno)", "value": 1}, {"source": 1082, "target": "educación", "value": 1}, {"source": "b3ad8f6f-7a3b-4c40-930e-490eefab0ebf", "target": 1086, "value": 1}, {"source": 1086, "target": "colombia", "value": 4}, {"source": 1086, "target": "paz", "value": 2}, {"source": 1086, "target": "democracia", "value": 1}, {"source": 1086, "target": "gobierno", "value": 1}, {"source": "b3ad8f6f-7a3b-4c40-930e-490eefab0ebf", "target": 1087, "value": 1}, {"source": "b3ad8f6f-7a3b-4c40-930e-490eefab0ebf", "target": 1092, "value": 1}, {"source": "b3ad8f6f-7a3b-4c40-930e-490eefab0ebf", "target": 1095, "value": 1}, {"source": 1095, "target": "democracia", "value": 3}, {"source": 1095, "target": "colombia", "value": 3}, {"source": 1095, "target": "ciudadanía", "value": 2}, {"source": 1095, "target": "paz", "value": 1}, {"source": 1095, "target": "corrupción", "value": 1}, {"source": 1095, "target": "balance", "value": 1}, {"source": 1095, "target": "civil", "value": 1}, {"source": 1095, "target": "sociedad", "value": 1}, {"source": 1095, "target": "trabajo", "value": 1}, {"source": 1095, "target": "público", "value": 1}, {"source": 1095, "target": "educación", "value": 1}, {"source": 1095, "target": "ciencias de la vida; biología", "value": 1}, {"source": "b3ad8f6f-7a3b-4c40-930e-490eefab0ebf", "target": 1099, "value": 1}, {"source": 1099, "target": "colombia", "value": 3}, {"source": 1099, "target": "epilepsia", "value": 2}, {"source": 1099, "target": "literatura", "value": 2}, {"source": 1099, "target": "paz", "value": 2}, {"source": 1099, "target": "investigación", "value": 1}, {"source": 1099, "target": "hormona adrenocorticotrópica", "value": 1}, {"source": 1099, "target": "inflamación", "value": 1}, {"source": 1099, "target": "interleucina-8", "value": 1}, {"source": 1099, "target": "encefalopatía epiléptica", "value": 1}, {"source": 1099, "target": "biomarcadores", "value": 1}, {"source": 1099, "target": "hormonas", "value": 1}, {"source": 1099, "target": "ética", "value": 1}, {"source": 1099, "target": "revisión", "value": 1}, {"source": 1099, "target": "interleucina-3", "value": 1}, {"source": 1099, "target": "interleucinas", "value": 1}, {"source": 1099, "target": "interleucina-1", "value": 1}, {"source": 1099, "target": "interleucina-2", "value": 1}, {"source": 1099, "target": "interleucina-4", "value": 1}, {"source": 1099, "target": "interleucina-5", "value": 1}, {"source": 1099, "target": "interleucina-6", "value": 1}, {"source": 1099, "target": "interleucina-7", "value": 1}, {"source": 1099, "target": "calidad de vida", "value": 1}, {"source": 1099, "target": "vida", "value": 1}, {"source": 1099, "target": "adolescente", "value": 1}, {"source": 1099, "target": "pediatría", "value": 1}, {"source": 1099, "target": "escamas", "value": 1}, {"source": 1099, "target": "estudio de validación", "value": 1}, {"source": 1099, "target": "pacientes", "value": 1}, {"source": 1099, "target": "diagnóstico", "value": 1}, {"source": 1099, "target": "hospitalización", "value": 1}, {"source": "b3ad8f6f-7a3b-4c40-930e-490eefab0ebf", "target": 1100, "value": 1}, {"source": 1100, "target": "banco", "value": 1}, {"source": 1100, "target": "banco central", "value": 1}, {"source": 1100, "target": "colombia", "value": 1}, {"source": "b3ad8f6f-7a3b-4c40-930e-490eefab0ebf", "target": 1104, "value": 1}, {"source": 1104, "target": "colombia", "value": 8}, {"source": 1104, "target": "sociedad", "value": 5}, {"source": 1104, "target": "comercial", "value": 5}, {"source": 1104, "target": "gobierno", "value": 3}, {"source": 1104, "target": "público", "value": 3}, {"source": 1104, "target": "trabajo", "value": 2}, {"source": 1104, "target": "democracia", "value": 1}, {"source": 1104, "target": "civil", "value": 1}, {"source": 1104, "target": "familia", "value": 1}, {"source": 1104, "target": "homicidio", "value": 1}, {"source": "b3ad8f6f-7a3b-4c40-930e-490eefab0ebf", "target": 1105, "value": 1}, {"source": "b3ad8f6f-7a3b-4c40-930e-490eefab0ebf", "target": 1106, "value": 1}, {"source": "b3ad8f6f-7a3b-4c40-930e-490eefab0ebf", "target": 1108, "value": 1}, {"source": 1108, "target": "colombia", "value": 31}, {"source": 1108, "target": "fiscal", "value": 13}, {"source": 1108, "target": "gobierno", "value": 9}, {"source": 1108, "target": "banco", "value": 4}, {"source": 1108, "target": "laboral", "value": 4}, {"source": 1108, "target": "banco central", "value": 3}, {"source": 1108, "target": "trabajador", "value": 3}, {"source": 1108, "target": "público", "value": 3}, {"source": 1108, "target": "crimen", "value": 2}, {"source": 1108, "target": "comercial", "value": 2}, {"source": 1108, "target": "sindicalismo", "value": 1}, {"source": 1108, "target": "democracia", "value": 1}, {"source": 1108, "target": "asalariado", "value": 1}, {"source": 1108, "target": "constitución", "value": 1}, {"source": 1108, "target": "igualdad", "value": 1}, {"source": 1108, "target": "sociedad", "value": 1}, {"source": 1108, "target": "trabajo", "value": 1}, {"source": 1108, "target": "pobreza", "value": 1}, {"source": "b3ad8f6f-7a3b-4c40-930e-490eefab0ebf", "target": 1110, "value": 1}, {"source": "b3ad8f6f-7a3b-4c40-930e-490eefab0ebf", "target": 1114, "value": 1}, {"source": 1114, "target": "paz", "value": 10}, {"source": 1114, "target": "colombia", "value": 6}, {"source": 1114, "target": "gobierno", "value": 5}, {"source": 1114, "target": "democracia", "value": 5}, {"source": 1114, "target": "capitalismo", "value": 4}, {"source": 1114, "target": "justicia", "value": 3}, {"source": 1114, "target": "trabajo", "value": 2}, {"source": 1114, "target": "movilización", "value": 2}, {"source": 1114, "target": "economía", "value": 2}, {"source": 1114, "target": "ciencias sociales", "value": 2}, {"source": 1114, "target": "civil", "value": 1}, {"source": 1114, "target": "latinoamerica", "value": 1}, {"source": 1114, "target": "injusticia", "value": 1}, {"source": 1114, "target": "balance", "value": 1}, {"source": 1114, "target": "congreso", "value": 1}, {"source": 1114, "target": "sociedad", "value": 1}, {"source": 1114, "target": "problemas y servicios sociales, asociaciones", "value": 1}, {"source": 1114, "target": "ciencia política (política y gobierno)", "value": 1}, {"source": "b3ad8f6f-7a3b-4c40-930e-490eefab0ebf", "target": 1120, "value": 1}, {"source": 1120, "target": "libertad", "value": 1}, {"source": "b3ad8f6f-7a3b-4c40-930e-490eefab0ebf", "target": 1125, "value": 1}, {"source": 1125, "target": "colombia", "value": 5}, {"source": 1125, "target": "justicia", "value": 1}, {"source": 1125, "target": "paz", "value": 1}, {"source": 1125, "target": "ciudadanía", "value": 1}, {"source": 1125, "target": "civil", "value": 1}, {"source": 1125, "target": "sociedad", "value": 1}, {"source": 1125, "target": "público", "value": 1}, {"source": 1125, "target": "autonomía", "value": 1}, {"source": 1125, "target": "ciencias sociales", "value": 1}, {"source": 1125, "target": "problemas y servicios sociales, asociaciones", "value": 1}, {"source": 1125, "target": "ciencia política (política y gobierno)", "value": 1}, {"source": "b3ad8f6f-7a3b-4c40-930e-490eefab0ebf", "target": 1128, "value": 1}, {"source": "b3ad8f6f-7a3b-4c40-930e-490eefab0ebf", "target": 1129, "value": 1}, {"source": 1129, "target": "colombia", "value": 1}, {"source": "b3ad8f6f-7a3b-4c40-930e-490eefab0ebf", "target": 1130, "value": 1}, {"source": "b3ad8f6f-7a3b-4c40-930e-490eefab0ebf", "target": 1131, "value": 1}, {"source": 1131, "target": "paz", "value": 16}, {"source": 1131, "target": "colombia", "value": 15}, {"source": 1131, "target": "gobierno", "value": 10}, {"source": 1131, "target": "democracia", "value": 6}, {"source": 1131, "target": "administración", "value": 4}, {"source": 1131, "target": "constitución", "value": 3}, {"source": 1131, "target": "sociedad", "value": 3}, {"source": 1131, "target": "capitalismo", "value": 2}, {"source": 1131, "target": "civil", "value": 2}, {"source": 1131, "target": "conciliación", "value": 1}, {"source": 1131, "target": "legislación", "value": 1}, {"source": 1131, "target": "trabajador", "value": 1}, {"source": 1131, "target": "público", "value": 1}, {"source": 1131, "target": "balance", "value": 1}, {"source": 1131, "target": "descentralización", "value": 1}, {"source": 1131, "target": "crimen", "value": 1}, {"source": 1131, "target": "administración pública y ciencia militar", "value": 1}, {"source": "b3ad8f6f-7a3b-4c40-930e-490eefab0ebf", "target": 1132, "value": 1}, {"source": 1132, "target": "colombia", "value": 1}, {"source": "b3ad8f6f-7a3b-4c40-930e-490eefab0ebf", "target": 1134, "value": 1}, {"source": "b3ad8f6f-7a3b-4c40-930e-490eefab0ebf", "target": 1151, "value": 1}, {"source": 1151, "target": "banco", "value": 9}, {"source": 1151, "target": "justicia", "value": 8}, {"source": 1151, "target": "banca", "value": 3}, {"source": 1151, "target": "comercial", "value": 3}, {"source": 1151, "target": "igualdad", "value": 2}, {"source": 1151, "target": "gobierno", "value": 2}, {"source": 1151, "target": "constitución", "value": 2}, {"source": 1151, "target": "trabajo", "value": 2}, {"source": 1151, "target": "democracia", "value": 1}, {"source": 1151, "target": "atentado", "value": 1}, {"source": 1151, "target": "administración", "value": 1}, {"source": 1151, "target": "colombia", "value": 1}, {"source": 1151, "target": "público", "value": 1}, {"source": 1151, "target": "autonomía", "value": 1}, {"source": 1151, "target": "embargo", "value": 1}, {"source": 1151, "target": "arbitro", "value": 1}, {"source": 1151, "target": "ciencia política (política y gobierno)", "value": 1}, {"source": 1151, "target": "economía", "value": 1}, {"source": "b3ad8f6f-7a3b-4c40-930e-490eefab0ebf", "target": 1158, "value": 1}, {"source": "b3ad8f6f-7a3b-4c40-930e-490eefab0ebf", "target": 1164, "value": 1}, {"source": 1164, "target": "biopsia de colon", "value": 1}, {"source": 1164, "target": "colopatía", "value": 1}, {"source": 1164, "target": "nsaids", "value": 1}, {"source": 1164, "target": "esteroides", "value": 1}, {"source": 1164, "target": "pacientes", "value": 1}, {"source": 1164, "target": "colonoscopía", "value": 1}, {"source": 1164, "target": "patología", "value": 1}, {"source": 1164, "target": "intestinos", "value": 1}, {"source": 1164, "target": "tejidos", "value": 1}, {"source": 1164, "target": "células", "value": 1}, {"source": 1164, "target": "células 3t3", "value": 1}, {"source": 1164, "target": "células a549", "value": 1}, {"source": 1164, "target": "úlcera", "value": 1}, {"source": 1164, "target": "diarrea", "value": 1}, {"source": 1164, "target": "diagnóstico", "value": 1}, {"source": 1164, "target": "biopsia", "value": 1}, {"source": 1164, "target": "hospitalización", "value": 1}, {"source": 1164, "target": "colonoscopios", "value": 1}, {"source": 1164, "target": "carácter", "value": 1}, {"source": 1164, "target": "asociación", "value": 1}, {"source": 1164, "target": "colombia", "value": 1}, {"source": 1164, "target": "laboral", "value": 1}, {"source": "b3ad8f6f-7a3b-4c40-930e-490eefab0ebf", "target": 1169, "value": 1}, {"source": 1169, "target": "colombia", "value": 34}, {"source": 1169, "target": "trabajo", "value": 9}, {"source": 1169, "target": "banco", "value": 8}, {"source": 1169, "target": "banco central", "value": 7}, {"source": 1169, "target": "fiscal", "value": 5}, {"source": 1169, "target": "gobierno", "value": 4}, {"source": 1169, "target": "comercial", "value": 3}, {"source": 1169, "target": "laboral", "value": 2}, {"source": 1169, "target": "descentralización", "value": 2}, {"source": 1169, "target": "sociedad", "value": 1}, {"source": 1169, "target": "salario", "value": 1}, {"source": 1169, "target": "balanza de pagos", "value": 1}, {"source": 1169, "target": "constitución", "value": 1}, {"source": "b3ad8f6f-7a3b-4c40-930e-490eefab0ebf", "target": 1171, "value": 1}, {"source": 1171, "target": "administración", "value": 2}, {"source": 1171, "target": "descentralización", "value": 2}, {"source": 1171, "target": "constitución", "value": 1}, {"source": 1171, "target": "trabajo", "value": 1}, {"source": 1171, "target": "justicia", "value": 1}, {"source": 1171, "target": "fiscal", "value": 1}, {"source": "b3ad8f6f-7a3b-4c40-930e-490eefab0ebf", "target": 1177, "value": 1}, {"source": "b3ad8f6f-7a3b-4c40-930e-490eefab0ebf", "target": 1179, "value": 1}, {"source": 1179, "target": "constitución", "value": 2}, {"source": 1179, "target": "colombia", "value": 1}, {"source": "b3ad8f6f-7a3b-4c40-930e-490eefab0ebf", "target": 1180, "value": 1}, {"source": "b3ad8f6f-7a3b-4c40-930e-490eefab0ebf", "target": 1182, "value": 1}, {"source": 1182, "target": "colombia", "value": 5}, {"source": 1182, "target": "corrupción", "value": 2}, {"source": 1182, "target": "administración", "value": 1}, {"source": 1182, "target": "paz", "value": 1}, {"source": 1182, "target": "balance", "value": 1}, {"source": 1182, "target": "descentralización", "value": 1}, {"source": "b3ad8f6f-7a3b-4c40-930e-490eefab0ebf", "target": 1183, "value": 1}, {"source": "b3ad8f6f-7a3b-4c40-930e-490eefab0ebf", "target": 1186, "value": 1}, {"source": 1186, "target": "ciencias sociales", "value": 3}, {"source": 1186, "target": "problemas y servicios sociales, asociaciones", "value": 3}, {"source": 1186, "target": "público", "value": 2}, {"source": 1186, "target": "administración pública y ciencia militar", "value": 2}, {"source": 1186, "target": "educación", "value": 2}, {"source": 1186, "target": "problemas sociales y servicios para grupo de personas", "value": 1}, {"source": 1186, "target": "administración pública", "value": 1}, {"source": 1186, "target": "problemas y servicios sociales; asociaciones", "value": 1}, {"source": 1186, "target": "historia general de américa del sur", "value": 1}, {"source": 1186, "target": "economía", "value": 1}, {"source": 1186, "target": "economía doméstica y vida familiar", "value": 1}, {"source": "b3ad8f6f-7a3b-4c40-930e-490eefab0ebf", "target": 1187, "value": 1}, {"source": 1187, "target": "administración pública y ciencia militar", "value": 6}, {"source": 1187, "target": "problemas y servicios sociales, asociaciones", "value": 4}, {"source": 1187, "target": "ciencias sociales", "value": 4}, {"source": 1187, "target": "ciencia política (política y gobierno)", "value": 2}, {"source": 1187, "target": "paz", "value": 1}, {"source": 1187, "target": "congreso", "value": 1}, {"source": 1187, "target": "economía", "value": 1}, {"source": 1187, "target": "historia general de américa del sur", "value": 1}, {"source": "b3ad8f6f-7a3b-4c40-930e-490eefab0ebf", "target": 1195, "value": 1}, {"source": 1195, "target": "colombia", "value": 17}, {"source": 1195, "target": "público", "value": 4}, {"source": 1195, "target": "justicia", "value": 4}, {"source": 1195, "target": "fiscal", "value": 3}, {"source": 1195, "target": "trabajo", "value": 3}, {"source": 1195, "target": "paz", "value": 3}, {"source": 1195, "target": "igualdad", "value": 2}, {"source": 1195, "target": "sociedad", "value": 2}, {"source": 1195, "target": "educación", "value": 2}, {"source": 1195, "target": "autonomía", "value": 1}, {"source": 1195, "target": "libertad", "value": 1}, {"source": 1195, "target": "ciudadano", "value": 1}, {"source": 1195, "target": "pobreza", "value": 1}, {"source": 1195, "target": "balance", "value": 1}, {"source": 1195, "target": "embargo", "value": 1}, {"source": 1195, "target": "gobierno", "value": 1}, {"source": 1195, "target": "capitalismo", "value": 1}, {"source": 1195, "target": "problemas y servicios sociales, asociaciones", "value": 1}, {"source": 1195, "target": "administración pública y ciencia militar", "value": 1}, {"source": "b3ad8f6f-7a3b-4c40-930e-490eefab0ebf", "target": 1199, "value": 1}, {"source": 1199, "target": "colombia", "value": 4}, {"source": 1199, "target": "identidad", "value": 4}, {"source": 1199, "target": "justicia", "value": 3}, {"source": 1199, "target": "democracia", "value": 2}, {"source": 1199, "target": "libertad", "value": 2}, {"source": 1199, "target": "público", "value": 1}, {"source": 1199, "target": "constitucionalidad", "value": 1}, {"source": 1199, "target": "capitalismo", "value": 1}, {"source": 1199, "target": "congreso", "value": 1}, {"source": 1199, "target": "sociedad", "value": 1}, {"source": 1199, "target": "descentralización", "value": 1}, {"source": 1199, "target": "constitución", "value": 1}, {"source": 1199, "target": "ciudadano", "value": 1}, {"source": "b3ad8f6f-7a3b-4c40-930e-490eefab0ebf", "target": 1201, "value": 1}, {"source": 1201, "target": "gobierno", "value": 1}, {"source": "b3ad8f6f-7a3b-4c40-930e-490eefab0ebf", "target": 1202, "value": 1}, {"source": 1202, "target": "colombia", "value": 19}, {"source": 1202, "target": "latinoamerica", "value": 5}, {"source": 1202, "target": "corrupción", "value": 4}, {"source": 1202, "target": "paz", "value": 4}, {"source": 1202, "target": "democracia", "value": 3}, {"source": 1202, "target": "constitución", "value": 2}, {"source": 1202, "target": "voto", "value": 2}, {"source": 1202, "target": "gobierno", "value": 2}, {"source": 1202, "target": "abogado", "value": 1}, {"source": 1202, "target": "pobreza", "value": 1}, {"source": 1202, "target": "fiscal", "value": 1}, {"source": 1202, "target": "trabajo", "value": 1}, {"source": 1202, "target": "trabajador", "value": 1}, {"source": 1202, "target": "laboral", "value": 1}, {"source": 1202, "target": "balance", "value": 1}, {"source": 1202, "target": "sociedad", "value": 1}, {"source": "b3ad8f6f-7a3b-4c40-930e-490eefab0ebf", "target": 1205, "value": 1}, {"source": "b3ad8f6f-7a3b-4c40-930e-490eefab0ebf", "target": 1208, "value": 1}, {"source": 1208, "target": "colombia", "value": 10}, {"source": 1208, "target": "capitalismo", "value": 6}, {"source": 1208, "target": "latinoamerica", "value": 6}, {"source": 1208, "target": "sociedad", "value": 5}, {"source": 1208, "target": "identidad", "value": 4}, {"source": 1208, "target": "gobierno", "value": 3}, {"source": 1208, "target": "público", "value": 2}, {"source": 1208, "target": "movilización", "value": 2}, {"source": 1208, "target": "trabajo", "value": 2}, {"source": 1208, "target": "paz", "value": 1}, {"source": 1208, "target": "comercial", "value": 1}, {"source": 1208, "target": "autonomía", "value": 1}, {"source": 1208, "target": "problemas y servicios sociales, asociaciones", "value": 1}, {"source": 1208, "target": "ciencias de la vida; biología", "value": 1}, {"source": 1208, "target": "administración pública y ciencia militar", "value": 1}, {"source": 1208, "target": "ciencias médicas; medicina", "value": 1}, {"source": 1208, "target": "comercio, comunicaciones, transporte", "value": 1}, {"source": 1208, "target": "economía", "value": 1}], "options": [{"label": "Estado inicial", "value": "Departamento de Ciencia Política", "group": "00. Opciones predeterminadas"}, {"label": "Acosta Sánchez Fabian Rodolfo", "value": "Acosta Sánchez Fabian Rodolfo", "group": "02. Opciones de autor"}, {"label": "Bayaz De Charum Peral", "value": "Bayaz De Charum Peral", "group": "02. Opciones de autor"}, {"label": "Bejarano Ávila Jesús Antonio", "value": "Bejarano Ávila Jesús Antonio", "group": "02. Opciones de autor"}, {"label": "Borja Alarcón Miguel Antonio", "value": "Borja Alarcón Miguel Antonio", "group": "02. Opciones de autor"}, {"label": "Burgos Silva José German", "value": "Burgos Silva José German", "group": "02. Opciones de autor"}, {"label": "Charry Gaitán Ana María", "value": "Charry Gaitán Ana María", "group": "02. Opciones de autor"}, {"label": "Díaz Arenas Pedro Augustin", "value": "Díaz Arenas Pedro Augustin", "group": "02. Opciones de autor"}, {"label": "Echavarria Soto Juan José", "value": "Echavarria Soto Juan José", "group": "02. Opciones de autor"}, {"label": "Estrada Álvarez Jairo Hernando", "value": "Estrada Álvarez Jairo Hernando", "group": "02. Opciones de autor"}, {"label": "Forero Pineda Clemente", "value": "Forero Pineda Clemente", "group": "02. Opciones de autor"}, {"label": "García Duarte Ricardo", "value": "García Duarte Ricardo", "group": "02. Opciones de autor"}, {"label": "García Peña Jaramillo Daniel", "value": "García Peña Jaramillo Daniel", "group": "02. Opciones de autor"}, {"label": "González Salas Edgar Alfonso", "value": "González Salas Edgar Alfonso", "group": "02. Opciones de autor"}, {"label": "Gutiérrez Sánchez Luis Guillermo", "value": "Gutiérrez Sánchez Luis Guillermo", "group": "02. Opciones de autor"}, {"label": "Hernández Riveros Luis Humberto", "value": "Hernández Riveros Luis Humberto", "group": "02. Opciones de autor"}, {"label": "Herrera Zgaib Miguel Angel", "value": "Herrera Zgaib Miguel Angel", "group": "02. Opciones de autor"}, {"label": "Jiménez Martin Andrea Carolina", "value": "Jiménez Martin Andrea Carolina", "group": "02. Opciones de autor"}, {"label": "Leal Gamboa Álvaro", "value": "Leal Gamboa Álvaro", "group": "02. Opciones de autor"}, {"label": "Leibovich Goldenberg José", "value": "Leibovich Goldenberg José", "group": "02. Opciones de autor"}, {"label": "Lozano Ayala Alejandro", "value": "Lozano Ayala Alejandro", "group": "02. Opciones de autor"}, {"label": "López Latorre José Fernando", "value": "López Latorre José Fernando", "group": "02. Opciones de autor"}, {"label": "Maldonado Guerrero Luis Fernando", "value": "Maldonado Guerrero Luis Fernando", "group": "02. Opciones de autor"}, {"label": "Mantilla Valbuena Silvia Cristina", "value": "Mantilla Valbuena Silvia Cristina", "group": "02. Opciones de autor"}, {"label": "Medina Gallego Carlos", "value": "Medina Gallego Carlos", "group": "02. Opciones de autor"}, {"label": "Moncayo Cruz Víctor Manuel", "value": "Moncayo Cruz Víctor Manuel", "group": "02. Opciones de autor"}, {"label": "Mora Cortes Andrés Felipe", "value": "Mora Cortes Andrés Felipe", "group": "02. Opciones de autor"}, {"label": "Munera Ruiz Leopoldo Alberto", "value": "Munera Ruiz Leopoldo Alberto", "group": "02. Opciones de autor"}, {"label": "Munoz Medina Alberto", "value": "Munoz Medina Alberto", "group": "02. Opciones de autor"}, {"label": "Novoa Torres Edgar Alberto", "value": "Novoa Torres Edgar Alberto", "group": "02. Opciones de autor"}, {"label": "Puyo Tamayo Gustavo Adolfo", "value": "Puyo Tamayo Gustavo Adolfo", "group": "02. Opciones de autor"}, {"label": "Pérez Rivera Félix María", "value": "Pérez Rivera Félix María", "group": "02. Opciones de autor"}, {"label": "Quevedo Castro Jaime Eudoro", "value": "Quevedo Castro Jaime Eudoro", "group": "02. Opciones de autor"}, {"label": "Quiñones Páez Julio Rafael", "value": "Quiñones Páez Julio Rafael", "group": "02. Opciones de autor"}, {"label": "Roll Vélez David Alberto", "value": "Roll Vélez David Alberto", "group": "02. Opciones de autor"}, {"label": "Romero Silva Marco Alberto", "value": "Romero Silva Marco Alberto", "group": "02. Opciones de autor"}, {"label": "Roth Deubel Andre Noel", "value": "Roth Deubel Andre Noel", "group": "02. Opciones de autor"}, {"label": "Sarmiento Aranzales Alfredo", "value": "Sarmiento Aranzales Alfredo", "group": "02. Opciones de autor"}, {"label": "Sánchez Ruiz Hernando", "value": "Sánchez Ruiz Hernando", "group": "02. Opciones de autor"}, {"label": "Toro Pérez Catalina", "value": "Toro Pérez Catalina", "group": "02. Opciones de autor"}, {"label": "Trujillo Rueda Manuel", "value": "Trujillo Rueda Manuel", "group": "02. Opciones de autor"}, {"label": "Urrutia Montoya Miguel", "value": "Urrutia Montoya Miguel", "group": "02. Opciones de autor"}, {"label": "Vargas Velásquez Alejo", "value": "Vargas Velásquez Alejo", "group": "02. Opciones de autor"}, {"label": "Villa Pérez Edgar", "value": "Villa Pérez Edgar", "group": "02. Opciones de autor"}, {"label": "Wabgou Maguemati", "value": "Wabgou Maguemati", "group": "02. Opciones de autor"}, {"label": "Zambrano Rodríguez Carlos Vladimir", "value": "Zambrano Rodríguez Carlos Vladimir", "group": "02. Opciones de autor"}, {"label": "Zimmering Raina", "value": "Zimmering Raina", "group": "02. Opciones de autor"}, {"label": "Departamento de Ciencia Política", "value": "Departamento de Ciencia Política", "group": "02. Opciones de uab"}, {"label": "abogado", "value": "abogado", "group": "03. Opciones de temas"}, {"label": "administración", "value": "administración", "group": "03. Opciones de temas"}, {"label": "administración pública", "value": "administración pública", "group": "03. Opciones de temas"}, {"label": "administración pública y ciencia militar", "value": "administración pública y ciencia militar", "group": "03. Opciones de temas"}, {"label": "adolescente", "value": "adolescente", "group": "03. Opciones de temas"}, {"label": "agrario", "value": "agrario", "group": "03. Opciones de temas"}, {"label": "ambiente", "value": "ambiente", "group": "03. Opciones de temas"}, {"label": "arbitro", "value": "arbitro", "group": "03. Opciones de temas"}, {"label": "asalariado", "value": "asalariado", "group": "03. Opciones de temas"}, {"label": "asociación", "value": "asociación", "group": "03. Opciones de temas"}, {"label": "atentado", "value": "atentado", "group": "03. Opciones de temas"}, {"label": "autonomía", "value": "autonomía", "group": "03. Opciones de temas"}, {"label": "balance", "value": "balance", "group": "03. Opciones de temas"}, {"label": "balanza de pagos", "value": "balanza de pagos", "group": "03. Opciones de temas"}, {"label": "banca", "value": "banca", "group": "03. Opciones de temas"}, {"label": "banco", "value": "banco", "group": "03. Opciones de temas"}, {"label": "banco central", "value": "banco central", "group": "03. Opciones de temas"}, {"label": "biomarcadores", "value": "biomarcadores", "group": "03. Opciones de temas"}, {"label": "biopsia", "value": "biopsia", "group": "03. Opciones de temas"}, {"label": "biopsia de colon", "value": "biopsia de colon", "group": "03. Opciones de temas"}, {"label": "calidad de vida", "value": "calidad de vida", "group": "03. Opciones de temas"}, {"label": "capitalismo", "value": "capitalismo", "group": "03. Opciones de temas"}, {"label": "carácter", "value": "carácter", "group": "03. Opciones de temas"}, {"label": "categoría", "value": "categoría", "group": "03. Opciones de temas"}, {"label": "ciencia política (política y gobierno)", "value": "ciencia política (política y gobierno)", "group": "03. Opciones de temas"}, {"label": "ciencias de la vida; biología", "value": "ciencias de la vida; biología", "group": "03. Opciones de temas"}, {"label": "ciencias económicas", "value": "ciencias económicas", "group": "03. Opciones de temas"}, {"label": "ciencias médicas; medicina", "value": "ciencias médicas; medicina", "group": "03. Opciones de temas"}, {"label": "ciencias sociales", "value": "ciencias sociales", "group": "03. Opciones de temas"}, {"label": "ciudadano", "value": "ciudadano", "group": "03. Opciones de temas"}, {"label": "ciudadanía", "value": "ciudadanía", "group": "03. Opciones de temas"}, {"label": "civil", "value": "civil", "group": "03. Opciones de temas"}, {"label": "colombia", "value": "colombia", "group": "03. Opciones de temas"}, {"label": "colonoscopios", "value": "colonoscopios", "group": "03. Opciones de temas"}, {"label": "colonoscopía", "value": "colonoscopía", "group": "03. Opciones de temas"}, {"label": "colopatía", "value": "colopatía", "group": "03. Opciones de temas"}, {"label": "comercial", "value": "comercial", "group": "03. Opciones de temas"}, {"label": "comercio, comunicaciones, transporte", "value": "comercio, comunicaciones, transporte", "group": "03. Opciones de temas"}, {"label": "conciliación", "value": "conciliación", "group": "03. Opciones de temas"}, {"label": "congreso", "value": "congreso", "group": "03. Opciones de temas"}, {"label": "constitucionalidad", "value": "constitucionalidad", "group": "03. Opciones de temas"}, {"label": "constitución", "value": "constitución", "group": "03. Opciones de temas"}, {"label": "corrupción", "value": "corrupción", "group": "03. Opciones de temas"}, {"label": "crimen", "value": "crimen", "group": "03. Opciones de temas"}, {"label": "células", "value": "células", "group": "03. Opciones de temas"}, {"label": "células 3t3", "value": "células 3t3", "group": "03. Opciones de temas"}, {"label": "células a549", "value": "células a549", "group": "03. Opciones de temas"}, {"label": "democracia", "value": "democracia", "group": "03. Opciones de temas"}, {"label": "descentralización", "value": "descentralización", "group": "03. Opciones de temas"}, {"label": "diagnóstico", "value": "diagnóstico", "group": "03. Opciones de temas"}, {"label": "diarrea", "value": "diarrea", "group": "03. Opciones de temas"}, {"label": "economía", "value": "economía", "group": "03. Opciones de temas"}, {"label": "economía doméstica y vida familiar", "value": "economía doméstica y vida familiar", "group": "03. Opciones de temas"}, {"label": "educación", "value": "educación", "group": "03. Opciones de temas"}, {"label": "embargo", "value": "embargo", "group": "03. Opciones de temas"}, {"label": "encefalopatía epiléptica", "value": "encefalopatía epiléptica", "group": "03. Opciones de temas"}, {"label": "energía", "value": "energía", "group": "03. Opciones de temas"}, {"label": "epilepsia", "value": "epilepsia", "group": "03. Opciones de temas"}, {"label": "escamas", "value": "escamas", "group": "03. Opciones de temas"}, {"label": "escuelas filosóficas específicas", "value": "escuelas filosóficas específicas", "group": "03. Opciones de temas"}, {"label": "esteroides", "value": "esteroides", "group": "03. Opciones de temas"}, {"label": "estudio de validación", "value": "estudio de validación", "group": "03. Opciones de temas"}, {"label": "familia", "value": "familia", "group": "03. Opciones de temas"}, {"label": "filosofía moderna occidental", "value": "filosofía moderna occidental", "group": "03. Opciones de temas"}, {"label": "fiscal", "value": "fiscal", "group": "03. Opciones de temas"}, {"label": "fosil fuelos salud", "value": "fosil fuelos salud", "group": "03. Opciones de temas"}, {"label": "gobierno", "value": "gobierno", "group": "03. Opciones de temas"}, {"label": "government", "value": "government", "group": "03. Opciones de temas"}, {"label": "historia general de américa del sur", "value": "historia general de américa del sur", "group": "03. Opciones de temas"}, {"label": "homicidio", "value": "homicidio", "group": "03. Opciones de temas"}, {"label": "hormona adrenocorticotrópica", "value": "hormona adrenocorticotrópica", "group": "03. Opciones de temas"}, {"label": "hormonas", "value": "hormonas", "group": "03. Opciones de temas"}, {"label": "hospitalización", "value": "hospitalización", "group": "03. Opciones de temas"}, {"label": "identidad", "value": "identidad", "group": "03. Opciones de temas"}, {"label": "igualdad", "value": "igualdad", "group": "03. Opciones de temas"}, {"label": "inflamación", "value": "inflamación", "group": "03. Opciones de temas"}, {"label": "injusticia", "value": "injusticia", "group": "03. Opciones de temas"}, {"label": "interleucina-1", "value": "interleucina-1", "group": "03. Opciones de temas"}, {"label": "interleucina-2", "value": "interleucina-2", "group": "03. Opciones de temas"}, {"label": "interleucina-3", "value": "interleucina-3", "group": "03. Opciones de temas"}, {"label": "interleucina-4", "value": "interleucina-4", "group": "03. Opciones de temas"}, {"label": "interleucina-5", "value": "interleucina-5", "group": "03. Opciones de temas"}, {"label": "interleucina-6", "value": "interleucina-6", "group": "03. Opciones de temas"}, {"label": "interleucina-7", "value": "interleucina-7", "group": "03. Opciones de temas"}, {"label": "interleucina-8", "value": "interleucina-8", "group": "03. Opciones de temas"}, {"label": "interleucinas", "value": "interleucinas", "group": "03. Opciones de temas"}, {"label": "intestinos", "value": "intestinos", "group": "03. Opciones de temas"}, {"label": "investigación", "value": "investigación", "group": "03. Opciones de temas"}, {"label": "justicia", "value": "justicia", "group": "03. Opciones de temas"}, {"label": "laboral", "value": "laboral", "group": "03. Opciones de temas"}, {"label": "latinoamerica", "value": "latinoamerica", "group": "03. Opciones de temas"}, {"label": "legislación", "value": "legislación", "group": "03. Opciones de temas"}, {"label": "libertad", "value": "libertad", "group": "03. Opciones de temas"}, {"label": "literatura", "value": "literatura", "group": "03. Opciones de temas"}, {"label": "lógica", "value": "lógica", "group": "03. Opciones de temas"}, {"label": "medios noticiosos, periodismo, publicación", "value": "medios noticiosos, periodismo, publicación", "group": "03. Opciones de temas"}, {"label": "modelado", "value": "modelado", "group": "03. Opciones de temas"}, {"label": "movilización", "value": "movilización", "group": "03. Opciones de temas"}, {"label": "nsaids", "value": "nsaids", "group": "03. Opciones de temas"}, {"label": "pacientes", "value": "pacientes", "group": "03. Opciones de temas"}, {"label": "patología", "value": "patología", "group": "03. Opciones de temas"}, {"label": "paz", "value": "paz", "group": "03. Opciones de temas"}, {"label": "pediatría", "value": "pediatría", "group": "03. Opciones de temas"}, {"label": "pobreza", "value": "pobreza", "group": "03. Opciones de temas"}, {"label": "política", "value": "política", "group": "03. Opciones de temas"}, {"label": "políticas", "value": "políticas", "group": "03. Opciones de temas"}, {"label": "políticas energéticas", "value": "políticas energéticas", "group": "03. Opciones de temas"}, {"label": "problemas sociales y servicios para grupo de personas", "value": "problemas sociales y servicios para grupo de personas", "group": "03. Opciones de temas"}, {"label": "problemas y servicios sociales, asociaciones", "value": "problemas y servicios sociales, asociaciones", "group": "03. Opciones de temas"}, {"label": "problemas y servicios sociales; asociaciones", "value": "problemas y servicios sociales; asociaciones", "group": "03. Opciones de temas"}, {"label": "psicología", "value": "psicología", "group": "03. Opciones de temas"}, {"label": "público", "value": "público", "group": "03. Opciones de temas"}, {"label": "reguladores", "value": "reguladores", "group": "03. Opciones de temas"}, {"label": "revisión", "value": "revisión", "group": "03. Opciones de temas"}, {"label": "régimen político", "value": "régimen político", "group": "03. Opciones de temas"}, {"label": "salario", "value": "salario", "group": "03. Opciones de temas"}, {"label": "salud", "value": "salud", "group": "03. Opciones de temas"}, {"label": "salud ambiental", "value": "salud ambiental", "group": "03. Opciones de temas"}, {"label": "salud urbana", "value": "salud urbana", "group": "03. Opciones de temas"}, {"label": "sindicalismo", "value": "sindicalismo", "group": "03. Opciones de temas"}, {"label": "soberanía", "value": "soberanía", "group": "03. Opciones de temas"}, {"label": "sociedad", "value": "sociedad", "group": "03. Opciones de temas"}, {"label": "tejidos", "value": "tejidos", "group": "03. Opciones de temas"}, {"label": "trabajador", "value": "trabajador", "group": "03. Opciones de temas"}, {"label": "trabajo", "value": "trabajo", "group": "03. Opciones de temas"}, {"label": "urbanización", "value": "urbanización", "group": "03. Opciones de temas"}, {"label": "vida", "value": "vida", "group": "03. Opciones de temas"}, {"label": "voto", "value": "voto", "group": "03. Opciones de temas"}, {"label": "ética", "value": "ética", "group": "03. Opciones de temas"}, {"label": "úlcera", "value": "úlcera", "group": "03. Opciones de temas"}]}