{"nodes": [{"id": "321dfc04-89e1-4613-b05d-d64a6450265f", "label": "Departamento de Ciencia Animal", "type": "uab"}, {"id": 2581, "label": "Rincón Florez Juan Carlos", "type": "author"}, {"id": 2584, "label": "Owen Bartlett Arthur Alwyn", "type": "author"}, {"id": 2594, "label": "Lenis Sanin Yasser Yohan", "type": "author"}, {"id": 2599, "label": "Velez Terranova Oscar Mauricio", "type": "author"}, {"id": 2600, "label": "Gomez Carabali Arnulfo", "type": "author"}, {"id": 2601, "label": "Sarria Buenaventura Patricia Isabel", "type": "author"}, {"id": 2603, "label": "Alvarez Franco Luz Angela", "type": "author"}, {"id": 2604, "label": "Quintero De Vallejo Victoria Eugenia", "type": "author"}, {"id": 2607, "label": "Campos Gaona Romulo", "type": "author"}, {"id": 2609, "label": "Muñoz Arboleda Luz Stella", "type": "author"}, {"id": 2616, "label": "Pineda Vasquez Maria Elena", "type": "author"}, {"id": 2617, "label": "Sanchez Guerrero Hugo", "type": "author"}, {"id": 2618, "label": "Hernandez Herrera Darwin Yovanny", "type": "author"}, {"id": 2619, "label": "Vasquez Gamboa Lucena", "type": "author"}, {"id": 2621, "label": "Giraldo Patiño Leonidas", "type": "author"}, {"id": 2622, "label": "Benavides Montaño Javier Antonio", "type": "author"}, {"id": 2623, "label": "Lopez Galeano Arnobio", "type": "author"}, {"id": 2624, "label": "Ararat Jose Enrique", "type": "author"}, {"id": 2629, "label": "Reyes Rojas Gustavo Adolfo", "type": "author"}, {"id": 2630, "label": "Ramirez Nader Luis Miguel", "type": "author"}, {"id": 2631, "label": "Ortiz Grisales Sanin", "type": "author"}, {"id": 2632, "label": "Malagon Manrique Ricardo", "type": "author"}, {"id": 2635, "label": "Gracia Cardenas Roberto", "type": "author"}, {"id": 2637, "label": "Duran Castro Carlos Vicente", "type": "author"}, {"id": 2639, "label": "Jaramillo Cruz Carlos Alberto", "type": "author"}, {"id": 2640, "label": "Gomez Peñaranda Jose Ader", "type": "author"}, {"id": 2641, "label": "Valencia Llano Nestor Fabio", "type": "author"}, {"id": 2860, "label": "Soares Da Silva Ferreira Matheus", "type": "author"}, {"id": 3221, "label": "Camargo Rodriguez Delmis Omar", "type": "author"}, {"id": 3395, "label": "Barrientos Grajales Sorany Milena", "type": "author"}], "links": [{"source": "321dfc04-89e1-4613-b05d-d64a6450265f", "target": 2581, "value": 1}, {"source": "321dfc04-89e1-4613-b05d-d64a6450265f", "target": 2584, "value": 1}, {"source": "321dfc04-89e1-4613-b05d-d64a6450265f", "target": 2594, "value": 1}, {"source": "321dfc04-89e1-4613-b05d-d64a6450265f", "target": 2599, "value": 1}, {"source": "321dfc04-89e1-4613-b05d-d64a6450265f", "target": 2600, "value": 1}, {"source": "321dfc04-89e1-4613-b05d-d64a6450265f", "target": 2601, "value": 1}, {"source": "321dfc04-89e1-4613-b05d-d64a6450265f", "target": 2603, "value": 1}, {"source": "321dfc04-89e1-4613-b05d-d64a6450265f", "target": 2604, "value": 1}, {"source": "321dfc04-89e1-4613-b05d-d64a6450265f", "target": 2607, "value": 1}, {"source": "321dfc04-89e1-4613-b05d-d64a6450265f", "target": 2609, "value": 1}, {"source": "321dfc04-89e1-4613-b05d-d64a6450265f", "target": 2616, "value": 1}, {"source": "321dfc04-89e1-4613-b05d-d64a6450265f", "target": 2617, "value": 1}, {"source": "321dfc04-89e1-4613-b05d-d64a6450265f", "target": 2618, "value": 1}, {"source": "321dfc04-89e1-4613-b05d-d64a6450265f", "target": 2619, "value": 1}, {"source": "321dfc04-89e1-4613-b05d-d64a6450265f", "target": 2621, "value": 1}, {"source": "321dfc04-89e1-4613-b05d-d64a6450265f", "target": 2622, "value": 1}, {"source": "321dfc04-89e1-4613-b05d-d64a6450265f", "target": 2623, "value": 1}, {"source": "321dfc04-89e1-4613-b05d-d64a6450265f", "target": 2624, "value": 1}, {"source": "321dfc04-89e1-4613-b05d-d64a6450265f", "target": 2629, "value": 1}, {"source": "321dfc04-89e1-4613-b05d-d64a6450265f", "target": 2630, "value": 1}, {"source": "321dfc04-89e1-4613-b05d-d64a6450265f", "target": 2631, "value": 1}, {"source": "321dfc04-89e1-4613-b05d-d64a6450265f", "target": 2632, "value": 1}, {"source": "321dfc04-89e1-4613-b05d-d64a6450265f", "target": 2635, "value": 1}, {"source": "321dfc04-89e1-4613-b05d-d64a6450265f", "target": 2637, "value": 1}, {"source": "321dfc04-89e1-4613-b05d-d64a6450265f", "target": 2639, "value": 1}, {"source": "321dfc04-89e1-4613-b05d-d64a6450265f", "target": 2640, "value": 1}, {"source": "321dfc04-89e1-4613-b05d-d64a6450265f", "target": 2641, "value": 1}, {"source": "321dfc04-89e1-4613-b05d-d64a6450265f", "target": 2860, "value": 1}, {"source": "321dfc04-89e1-4613-b05d-d64a6450265f", "target": 3221, "value": 1}, {"source": "321dfc04-89e1-4613-b05d-d64a6450265f", "target": 3395, "value": 1}], "options": [{"label": "Estado inicial", "value": "Departamento de Ciencia Animal", "group": "00. Opciones predeterminadas"}, {"label": "Alvarez Franco Luz Angela", "value": "Alvarez Franco Luz Angela", "group": "02. Opciones de autor"}, {"label": "Ararat Jose Enrique", "value": "Ararat Jose Enrique", "group": "02. Opciones de autor"}, {"label": "Barrientos Grajales Sorany Milena", "value": "Barrientos Grajales Sorany Milena", "group": "02. Opciones de autor"}, {"label": "Benavides Montaño Javier Antonio", "value": "Benavides Montaño Javier Antonio", "group": "02. Opciones de autor"}, {"label": "Camargo Rodriguez Delmis Omar", "value": "Camargo Rodriguez Delmis Omar", "group": "02. Opciones de autor"}, {"label": "Campos Gaona Romulo", "value": "Campos Gaona Romulo", "group": "02. Opciones de autor"}, {"label": "Duran Castro Carlos Vicente", "value": "Duran Castro Carlos Vicente", "group": "02. Opciones de autor"}, {"label": "Giraldo Patiño Leonidas", "value": "Giraldo Patiño Leonidas", "group": "02. Opciones de autor"}, {"label": "Gomez Carabali Arnulfo", "value": "Gomez Carabali Arnulfo", "group": "02. Opciones de autor"}, {"label": "Gomez Peñaranda Jose Ader", "value": "Gomez Peñaranda Jose Ader", "group": "02. Opciones de autor"}, {"label": "Gracia Cardenas Roberto", "value": "Gracia Cardenas Roberto", "group": "02. Opciones de autor"}, {"label": "Hernandez Herrera Darwin Yovanny", "value": "Hernandez Herrera Darwin Yovanny", "group": "02. Opciones de autor"}, {"label": "Jaramillo Cruz Carlos Alberto", "value": "Jaramillo Cruz Carlos Alberto", "group": "02. Opciones de autor"}, {"label": "Lenis Sanin Yasser Yohan", "value": "Lenis Sanin Yasser Yohan", "group": "02. Opciones de autor"}, {"label": "Lopez Galeano Arnobio", "value": "Lopez Galeano Arnobio", "group": "02. Opciones de autor"}, {"label": "Malagon Manrique Ricardo", "value": "Malagon Manrique Ricardo", "group": "02. Opciones de autor"}, {"label": "Muñoz Arboleda Luz Stella", "value": "Muñoz Arboleda Luz Stella", "group": "02. Opciones de autor"}, {"label": "Ortiz Grisales Sanin", "value": "Ortiz Grisales Sanin", "group": "02. Opciones de autor"}, {"label": "Owen Bartlett Arthur Alwyn", "value": "Owen Bartlett Arthur Alwyn", "group": "02. Opciones de autor"}, {"label": "Pineda Vasquez Maria Elena", "value": "Pineda Vasquez Maria Elena", "group": "02. Opciones de autor"}, {"label": "Quintero De Vallejo Victoria Eugenia", "value": "Quintero De Vallejo Victoria Eugenia", "group": "02. Opciones de autor"}, {"label": "Ramirez Nader Luis Miguel", "value": "Ramirez Nader Luis Miguel", "group": "02. Opciones de autor"}, {"label": "Reyes Rojas Gustavo Adolfo", "value": "Reyes Rojas Gustavo Adolfo", "group": "02. Opciones de autor"}, {"label": "Rincón Florez Juan Carlos", "value": "Rincón Florez Juan Carlos", "group": "02. Opciones de autor"}, {"label": "Sanchez Guerrero Hugo", "value": "Sanchez Guerrero Hugo", "group": "02. Opciones de autor"}, {"label": "Sarria Buenaventura Patricia Isabel", "value": "Sarria Buenaventura Patricia Isabel", "group": "02. Opciones de autor"}, {"label": "Soares Da Silva Ferreira Matheus", "value": "Soares Da Silva Ferreira Matheus", "group": "02. Opciones de autor"}, {"label": "Valencia Llano Nestor Fabio", "value": "Valencia Llano Nestor Fabio", "group": "02. Opciones de autor"}, {"label": "Vasquez Gamboa Lucena", "value": "Vasquez Gamboa Lucena", "group": "02. Opciones de autor"}, {"label": "Velez Terranova Oscar Mauricio", "value": "Velez Terranova Oscar Mauricio", "group": "02. Opciones de autor"}, {"label": "Departamento de Ciencia Animal", "value": "Departamento de Ciencia Animal", "group": "02. Opciones de uab"}]}