{"nodes": [{"id": "4cf46ef9-9fdd-4901-892e-f183a5934710", "label": "Departamento de Ciencias de la Computación y de la Decisión", "type": "uab"}, {"id": 981, "label": "Branch Bedoya John Willian", "type": "author"}, {"id": "algoritmos", "label": "algoritmos", "type": "topic"}, {"id": "modelado", "label": "modelado", "type": "topic"}, {"id": "superficies", "label": "superficies", "type": "topic"}, {"id": "imagen", "label": "imagen", "type": "topic"}, {"id": "fotografías", "label": "fotografías", "type": "topic"}, {"id": "ordenadores", "label": "ordenadores", "type": "topic"}, {"id": "aplicadores", "label": "aplicadores", "type": "topic"}, {"id": "generadores", "label": "generadores", "type": "topic"}, {"id": "estrés", "label": "estrés", "type": "topic"}, {"id": "fotoelasticidad", "label": "fotoelasticidad", "type": "topic"}, {"id": "visualización", "label": "visualización", "type": "topic"}, {"id": "mejoramiento", "label": "mejoramiento", "type": "topic"}, {"id": "adecuado", "label": "adecuado", "type": "topic"}, {"id": "pruebas", "label": "pruebas", "type": "topic"}, {"id": "forma", "label": "forma", "type": "topic"}, {"id": "tecnología", "label": "tecnología", "type": "topic"}, {"id": "algoritmos genéticos", "label": "algoritmos genéticos", "type": "topic"}, {"id": "construcción", "label": "construcción", "type": "topic"}, {"id": "medición", "label": "medición", "type": "topic"}, {"id": "estimacion", "label": "estimacion", "type": "topic"}, {"id": "redes neuronales", "label": "redes neuronales", "type": "topic"}, {"id": "simulación", "label": "simulación", "type": "topic"}, {"id": "genética", "label": "genética", "type": "topic"}, {"id": "motores", "label": "motores", "type": "topic"}, {"id": "transformadores", "label": "transformadores", "type": "topic"}, {"id": "dinámica", "label": "dinámica", "type": "topic"}, {"id": "robustez", "label": "robustez", "type": "topic"}, {"id": "sensores", "label": "sensores", "type": "topic"}, {"id": "herramientas", "label": "herramientas", "type": "topic"}, {"id": "encendiendo", "label": "encendiendo", "type": "topic"}, {"id": 984, "label": "Arango Aramburo Santiago", "type": "author"}, {"id": "sistemas dinámicos", "label": "sistemas dinámicos", "type": "topic"}, {"id": "electricidad", "label": "electricidad", "type": "topic"}, {"id": "energía", "label": "energía", "type": "topic"}, {"id": "ciencias económicas", "label": "ciencias económicas", "type": "topic"}, {"id": "seguridad", "label": "seguridad", "type": "topic"}, {"id": "alternadores", "label": "alternadores", "type": "topic"}, {"id": "producción", "label": "producción", "type": "topic"}, {"id": "reguladores", "label": "reguladores", "type": "topic"}, {"id": "productividad", "label": "productividad", "type": "topic"}, {"id": "administración", "label": "administración", "type": "topic"}, {"id": "current", "label": "current", "type": "topic"}, {"id": "costos", "label": "costos", "type": "topic"}, {"id": "industrias", "label": "industrias", "type": "topic"}, {"id": "cambio climático", "label": "cambio climático", "type": "topic"}, {"id": "observadores", "label": "observadores", "type": "topic"}, {"id": "sincronización", "label": "sincronización", "type": "topic"}, {"id": "controlabilidad", "label": "controlabilidad", "type": "topic"}, {"id": "sistemas de poder", "label": "sistemas de poder", "type": "topic"}, {"id": "estabilidad", "label": "estabilidad", "type": "topic"}, {"id": "laboratorios", "label": "laboratorios", "type": "topic"}, {"id": "organismos", "label": "organismos", "type": "topic"}, {"id": "organizaciones", "label": "organizaciones", "type": "topic"}, {"id": "fiabilidad", "label": "fiabilidad", "type": "topic"}, {"id": 1293, "label": "Awad Aubad Gabriel Alberto", "type": "author"}, {"id": "bibliometría", "label": "bibliometría", "type": "topic"}, {"id": "emprendimiento", "label": "emprendimiento", "type": "topic"}, {"id": "contexto", "label": "contexto", "type": "topic"}, {"id": "aditivos", "label": "aditivos", "type": "topic"}, {"id": "autorización", "label": "autorización", "type": "topic"}, {"id": "conductividad", "label": "conductividad", "type": "topic"}, {"id": "topología", "label": "topología", "type": "topic"}, {"id": "dirigir", "label": "dirigir", "type": "topic"}, {"id": "estadísticas", "label": "estadísticas", "type": "topic"}, {"id": "negocio", "label": "negocio", "type": "topic"}, {"id": "códigos", "label": "códigos", "type": "topic"}, {"id": "comentarios", "label": "comentarios", "type": "topic"}, {"id": "estandarización", "label": "estandarización", "type": "topic"}, {"id": "estándares", "label": "estándares", "type": "topic"}, {"id": "momento", "label": "momento", "type": "topic"}, {"id": "globalización", "label": "globalización", "type": "topic"}, {"id": 1305, "label": "Cadavid Higuita Diana Lorena", "type": "author"}, {"id": "transporte", "label": "transporte", "type": "topic"}, {"id": "actual", "label": "actual", "type": "topic"}, {"id": "compañías", "label": "compañías", "type": "topic"}, {"id": "gobierno", "label": "gobierno", "type": "topic"}, {"id": "planificación", "label": "planificación", "type": "topic"}, {"id": "sistemas fotovoltaicos", "label": "sistemas fotovoltaicos", "type": "topic"}, {"id": "batidor", "label": "batidor", "type": "topic"}, {"id": "vehículos", "label": "vehículos", "type": "topic"}, {"id": "pantallas", "label": "pantallas", "type": "topic"}, {"id": "educación", "label": "educación", "type": "topic"}, {"id": "instituciones educacionales", "label": "instituciones educacionales", "type": "topic"}, {"id": "contaminación", "label": "contaminación", "type": "topic"}, {"id": 1318, "label": "Correa Botero Daniel", "type": "author"}, {"id": "software", "label": "software", "type": "topic"}, {"id": "web 20", "label": "web 20", "type": "topic"}, {"id": "tutoriales", "label": "tutoriales", "type": "topic"}, {"id": "limitante", "label": "limitante", "type": "topic"}, {"id": "programación", "label": "programación", "type": "topic"}, {"id": "sistemas de software", "label": "sistemas de software", "type": "topic"}, {"id": "líneas de productos de software", "label": "líneas de productos de software", "type": "topic"}, {"id": "manuales", "label": "manuales", "type": "topic"}, {"id": 1324, "label": "Diaz Serna Francisco Javier", "type": "author"}, {"id": "linealidad", "label": "linealidad", "type": "topic"}, {"id": "horarios", "label": "horarios", "type": "topic"}, {"id": "pronóstico", "label": "pronóstico", "type": "topic"}, {"id": "previsión de la demanda", "label": "previsión de la demanda", "type": "topic"}, {"id": "programación lineal", "label": "programación lineal", "type": "topic"}, {"id": "depósito", "label": "depósito", "type": "topic"}, {"id": "algoritmos heurísticos", "label": "algoritmos heurísticos", "type": "topic"}, {"id": "programación de proyectos", "label": "programación de proyectos", "type": "topic"}, {"id": "rentabilidad", "label": "rentabilidad", "type": "topic"}, {"id": "generación hidroeléctrica", "label": "generación hidroeléctrica", "type": "topic"}, {"id": "fabricación", "label": "fabricación", "type": "topic"}, {"id": 1327, "label": "Espinosa Bedoya Albeiro", "type": "author"}, {"id": "resistencia", "label": "resistencia", "type": "topic"}, {"id": "resiste", "label": "resiste", "type": "topic"}, {"id": "modelado computacional", "label": "modelado computacional", "type": "topic"}, {"id": "mecanizado", "label": "mecanizado", "type": "topic"}, {"id": "ecuaciones", "label": "ecuaciones", "type": "topic"}, {"id": "transformaciones", "label": "transformaciones", "type": "topic"}, {"id": 1332, "label": "Franco Cardona Carlos Jaime", "type": "author"}, {"id": "disponibilidad", "label": "disponibilidad", "type": "topic"}, {"id": "precisión", "label": "precisión", "type": "topic"}, {"id": "carbón", "label": "carbón", "type": "topic"}, {"id": "redes neuronales artificiales", "label": "redes neuronales artificiales", "type": "topic"}, {"id": 1354, "label": "Guzman Luna Jaime Alberto", "type": "author"}, {"id": "semántica", "label": "semántica", "type": "topic"}, {"id": "servicios web", "label": "servicios web", "type": "topic"}, {"id": "web semántica", "label": "web semántica", "type": "topic"}, {"id": "robots", "label": "robots", "type": "topic"}, {"id": "inteligencia artificial", "label": "inteligencia artificial", "type": "topic"}, {"id": "navegación", "label": "navegación", "type": "topic"}, {"id": "documentación", "label": "documentación", "type": "topic"}, {"id": "publicación", "label": "publicación", "type": "topic"}, {"id": "enrutamiento", "label": "enrutamiento", "type": "topic"}, {"id": 1363, "label": "Jaramillo Alvarez Gloria Patricia", "type": "author"}, {"id": "ecualizadores", "label": "ecualizadores", "type": "topic"}, {"id": "soporte de sistemas", "label": "soporte de sistemas", "type": "topic"}, {"id": "incertidumbre", "label": "incertidumbre", "type": "topic"}, {"id": "toma de decisiones", "label": "toma de decisiones", "type": "topic"}, {"id": "calibración", "label": "calibración", "type": "topic"}, {"id": "la investigación de operaciones", "label": "la investigación de operaciones", "type": "topic"}, {"id": "aisladores", "label": "aisladores", "type": "topic"}, {"id": "aceleración", "label": "aceleración", "type": "topic"}, {"id": "pruebas psicométricas", "label": "pruebas psicométricas", "type": "topic"}, {"id": "psicología", "label": "psicología", "type": "topic"}, {"id": 1364, "label": "Jimenez Builes Jovani Alberto", "type": "author"}, {"id": "capacitación", "label": "capacitación", "type": "topic"}, {"id": "colaboración", "label": "colaboración", "type": "topic"}, {"id": "vigilancia", "label": "vigilancia", "type": "topic"}, {"id": "conocimiento administrativo", "label": "conocimiento administrativo", "type": "topic"}, {"id": "arquitectura", "label": "arquitectura", "type": "topic"}, {"id": 1367, "label": "Jimenez Ramirez Claudia Stella", "type": "author"}, {"id": "procesamiento de datos", "label": "procesamiento de datos", "type": "topic"}, {"id": "conjuntos difusos", "label": "conjuntos difusos", "type": "topic"}, {"id": "descubrimiento del conocimiento", "label": "descubrimiento del conocimiento", "type": "topic"}, {"id": "metadatos", "label": "metadatos", "type": "topic"}, {"id": "lógica difusa", "label": "lógica difusa", "type": "topic"}, {"id": "lógica", "label": "lógica", "type": "topic"}, {"id": "lingüística", "label": "lingüística", "type": "topic"}, {"id": "inteligencia de negocio", "label": "inteligencia de negocio", "type": "topic"}, {"id": "filtración", "label": "filtración", "type": "topic"}, {"id": "filtros", "label": "filtros", "type": "topic"}, {"id": 1376, "label": "Manjarres Betancur Roberto Antonio", "type": "author"}, {"id": "ingeniería de software", "label": "ingeniería de software", "type": "topic"}, {"id": "gráficos", "label": "gráficos", "type": "topic"}, {"id": "metamodelo", "label": "metamodelo", "type": "topic"}, {"id": "edificios", "label": "edificios", "type": "topic"}, {"id": "discurso", "label": "discurso", "type": "topic"}, {"id": "modelos gráficos", "label": "modelos gráficos", "type": "topic"}, {"id": "ingeniería de conocimientos", "label": "ingeniería de conocimientos", "type": "topic"}, {"id": 1397, "label": "Moreno Arboleda Francisco Javier", "type": "author"}, {"id": "almacenamiento", "label": "almacenamiento", "type": "topic"}, {"id": "bases de datos", "label": "bases de datos", "type": "topic"}, {"id": "resúmenes", "label": "resúmenes", "type": "topic"}, {"id": "almacenes de datos", "label": "almacenes de datos", "type": "topic"}, {"id": "sistema de posicionamiento global", "label": "sistema de posicionamiento global", "type": "topic"}, {"id": "contenedores", "label": "contenedores", "type": "topic"}, {"id": 1398, "label": "Moreno Cadavid Julian", "type": "author"}, {"id": "agentes de software", "label": "agentes de software", "type": "topic"}, {"id": "matemáticas", "label": "matemáticas", "type": "topic"}, {"id": "los mercados de valores", "label": "los mercados de valores", "type": "topic"}, {"id": 1399, "label": "Moreno Velasquez Luis Fernando", "type": "author"}, {"id": "minimización", "label": "minimización", "type": "topic"}, {"id": "resolución de problemas", "label": "resolución de problemas", "type": "topic"}, {"id": "circuitos", "label": "circuitos", "type": "topic"}, {"id": "bibliotecas", "label": "bibliotecas", "type": "topic"}, {"id": "enrutamiento de vehículos", "label": "enrutamiento de vehículos", "type": "topic"}, {"id": "enfriamiento", "label": "enfriamiento", "type": "topic"}, {"id": 1407, "label": "Olaya Morales Yris", "type": "author"}, {"id": "materiales", "label": "materiales", "type": "topic"}, {"id": "colombia", "label": "colombia", "type": "topic"}, {"id": 1412, "label": "Ospina Arango Juan David", "type": "author"}, {"id": "receptores", "label": "receptores", "type": "topic"}, {"id": "tumores", "label": "tumores", "type": "topic"}, {"id": "modulación", "label": "modulación", "type": "topic"}, {"id": "tomografía", "label": "tomografía", "type": "topic"}, {"id": "probabilidad", "label": "probabilidad", "type": "topic"}, {"id": "tomografía computarizada", "label": "tomografía computarizada", "type": "topic"}, {"id": "histogramas", "label": "histogramas", "type": "topic"}, {"id": "calculadoras", "label": "calculadoras", "type": "topic"}, {"id": "vigas", "label": "vigas", "type": "topic"}, {"id": "correladores", "label": "correladores", "type": "topic"}, {"id": "correlación", "label": "correlación", "type": "topic"}, {"id": "logística", "label": "logística", "type": "topic"}, {"id": "bosques aleatorios", "label": "bosques aleatorios", "type": "topic"}, {"id": "índices", "label": "índices", "type": "topic"}, {"id": "indexación", "label": "indexación", "type": "topic"}, {"id": "registro de imagen", "label": "registro de imagen", "type": "topic"}, {"id": 1414, "label": "Ovalle Carranza Demetrio Arturo", "type": "author"}, {"id": "sistemas multi-agentes", "label": "sistemas multi-agentes", "type": "topic"}, {"id": "prototipos", "label": "prototipos", "type": "topic"}, {"id": "agentes inteligentes", "label": "agentes inteligentes", "type": "topic"}, {"id": "sistemas de recomendación", "label": "sistemas de recomendación", "type": "topic"}, {"id": "cognición", "label": "cognición", "type": "topic"}, {"id": 1418, "label": "Perez Zapata Gustavo Adolfo", "type": "author"}, {"id": "proteccion", "label": "proteccion", "type": "topic"}, {"id": "evaluación del desempeño", "label": "evaluación del desempeño", "type": "topic"}, {"id": "sistemático", "label": "sistemático", "type": "topic"}, {"id": "gestion de seguridad", "label": "gestion de seguridad", "type": "topic"}, {"id": "seguridad de información", "label": "seguridad de información", "type": "topic"}, {"id": "herramientas de software", "label": "herramientas de software", "type": "topic"}, {"id": 1419, "label": "Posada Agudelo Laura", "type": "author"}, {"id": 1464, "label": "Velasquez Henao Juan David", "type": "author"}, {"id": "perceptrons multicapa", "label": "perceptrons multicapa", "type": "topic"}, {"id": 1469, "label": "Villa Garzon Fernan Alonso", "type": "author"}, {"id": "backpropagación", "label": "backpropagación", "type": "topic"}, {"id": "algoritmos de backpropagación", "label": "algoritmos de backpropagación", "type": "topic"}, {"id": "calidad del aire", "label": "calidad del aire", "type": "topic"}, {"id": "mejores prácticas", "label": "mejores prácticas", "type": "topic"}, {"id": "ganar", "label": "ganar", "type": "topic"}, {"id": "conferencias", "label": "conferencias", "type": "topic"}, {"id": 1474, "label": "Zapata Jaramillo Carlos Mario", "type": "author"}, {"id": "automatización", "label": "automatización", "type": "topic"}, {"id": "idiomas naturales", "label": "idiomas naturales", "type": "topic"}, {"id": "arte", "label": "arte", "type": "topic"}, {"id": 2944, "label": "Arango Isaza Fernando", "type": "author"}, {"id": 3094, "label": "Gomez Alvarez Maria Clara", "type": "author"}, {"id": 3129, "label": "Giraldo Gomez Gloria Lucia", "type": "author"}, {"id": 3167, "label": "Gonzalez Calderon Guillermo", "type": "author"}, {"id": 3232, "label": "Lotero Velez Laura", "type": "author"}, {"id": 3312, "label": "Hincapie Cardona Jorge Odilio", "type": "author"}, {"id": 3319, "label": "Alvarez Montoya William", "type": "author"}, {"id": 3458, "label": "Torres Madroñero Maria Constanza", "type": "author"}], "links": [{"source": "4cf46ef9-9fdd-4901-892e-f183a5934710", "target": 981, "value": 1}, {"source": 981, "target": "algoritmos", "value": 62}, {"source": 981, "target": "modelado", "value": 62}, {"source": 981, "target": "superficies", "value": 55}, {"source": 981, "target": "imagen", "value": 51}, {"source": 981, "target": "fotografías", "value": 48}, {"source": 981, "target": "ordenadores", "value": 45}, {"source": 981, "target": "aplicadores", "value": 41}, {"source": 981, "target": "generadores", "value": 40}, {"source": 981, "target": "estrés", "value": 34}, {"source": 981, "target": "fotoelasticidad", "value": 32}, {"source": 981, "target": "visualización", "value": 27}, {"source": 981, "target": "mejoramiento", "value": 25}, {"source": 981, "target": "adecuado", "value": 22}, {"source": 981, "target": "pruebas", "value": 22}, {"source": 981, "target": "forma", "value": 22}, {"source": 981, "target": "tecnología", "value": 20}, {"source": 981, "target": "algoritmos genéticos", "value": 19}, {"source": 981, "target": "construcción", "value": 19}, {"source": 981, "target": "medición", "value": 19}, {"source": 981, "target": "estimacion", "value": 19}, {"source": 981, "target": "redes neuronales", "value": 19}, {"source": 981, "target": "simulación", "value": 19}, {"source": 981, "target": "genética", "value": 18}, {"source": 981, "target": "motores", "value": 18}, {"source": 981, "target": "transformadores", "value": 18}, {"source": 981, "target": "dinámica", "value": 18}, {"source": 981, "target": "robustez", "value": 17}, {"source": 981, "target": "sensores", "value": 17}, {"source": 981, "target": "herramientas", "value": 17}, {"source": 981, "target": "encendiendo", "value": 15}, {"source": "4cf46ef9-9fdd-4901-892e-f183a5934710", "target": 984, "value": 1}, {"source": 984, "target": "modelado", "value": 68}, {"source": 984, "target": "dinámica", "value": 60}, {"source": 984, "target": "simulación", "value": 58}, {"source": 984, "target": "sistemas dinámicos", "value": 53}, {"source": 984, "target": "electricidad", "value": 45}, {"source": 984, "target": "generadores", "value": 40}, {"source": 984, "target": "energía", "value": 32}, {"source": 984, "target": "tecnología", "value": 25}, {"source": 984, "target": "ciencias económicas", "value": 25}, {"source": 984, "target": "seguridad", "value": 23}, {"source": 984, "target": "alternadores", "value": 19}, {"source": 984, "target": "producción", "value": 18}, {"source": 984, "target": "pruebas", "value": 18}, {"source": 984, "target": "reguladores", "value": 17}, {"source": 984, "target": "productividad", "value": 17}, {"source": 984, "target": "herramientas", "value": 16}, {"source": 984, "target": "administración", "value": 16}, {"source": 984, "target": "current", "value": 14}, {"source": 984, "target": "costos", "value": 14}, {"source": 984, "target": "industrias", "value": 13}, {"source": 984, "target": "cambio climático", "value": 13}, {"source": 984, "target": "observadores", "value": 13}, {"source": 984, "target": "sincronización", "value": 12}, {"source": 984, "target": "controlabilidad", "value": 12}, {"source": 984, "target": "sistemas de poder", "value": 11}, {"source": 984, "target": "estabilidad", "value": 11}, {"source": 984, "target": "laboratorios", "value": 11}, {"source": 984, "target": "organismos", "value": 10}, {"source": 984, "target": "organizaciones", "value": 10}, {"source": 984, "target": "fiabilidad", "value": 10}, {"source": "4cf46ef9-9fdd-4901-892e-f183a5934710", "target": 1293, "value": 1}, {"source": 1293, "target": "modelado", "value": 11}, {"source": 1293, "target": "dinámica", "value": 5}, {"source": 1293, "target": "generadores", "value": 5}, {"source": 1293, "target": "bibliometría", "value": 5}, {"source": 1293, "target": "emprendimiento", "value": 5}, {"source": 1293, "target": "simulación", "value": 4}, {"source": 1293, "target": "contexto", "value": 4}, {"source": 1293, "target": "aditivos", "value": 3}, {"source": 1293, "target": "herramientas", "value": 3}, {"source": 1293, "target": "medición", "value": 3}, {"source": 1293, "target": "administración", "value": 3}, {"source": 1293, "target": "construcción", "value": 3}, {"source": 1293, "target": "tecnología", "value": 3}, {"source": 1293, "target": "autorización", "value": 3}, {"source": 1293, "target": "conductividad", "value": 3}, {"source": 1293, "target": "topología", "value": 3}, {"source": 1293, "target": "ciencias económicas", "value": 3}, {"source": 1293, "target": "dirigir", "value": 3}, {"source": 1293, "target": "estadísticas", "value": 3}, {"source": 1293, "target": "negocio", "value": 3}, {"source": 1293, "target": "ordenadores", "value": 2}, {"source": 1293, "target": "códigos", "value": 2}, {"source": 1293, "target": "comentarios", "value": 2}, {"source": 1293, "target": "estandarización", "value": 2}, {"source": 1293, "target": "estándares", "value": 2}, {"source": 1293, "target": "organismos", "value": 2}, {"source": 1293, "target": "organizaciones", "value": 2}, {"source": 1293, "target": "pruebas", "value": 2}, {"source": 1293, "target": "momento", "value": 2}, {"source": 1293, "target": "globalización", "value": 2}, {"source": "4cf46ef9-9fdd-4901-892e-f183a5934710", "target": 1305, "value": 1}, {"source": 1305, "target": "modelado", "value": 14}, {"source": 1305, "target": "tecnología", "value": 7}, {"source": 1305, "target": "simulación", "value": 6}, {"source": 1305, "target": "generadores", "value": 6}, {"source": 1305, "target": "autorización", "value": 5}, {"source": 1305, "target": "electricidad", "value": 5}, {"source": 1305, "target": "dinámica", "value": 4}, {"source": 1305, "target": "costos", "value": 4}, {"source": 1305, "target": "transporte", "value": 4}, {"source": 1305, "target": "actual", "value": 3}, {"source": 1305, "target": "aditivos", "value": 3}, {"source": 1305, "target": "compañías", "value": 3}, {"source": 1305, "target": "energía", "value": 3}, {"source": 1305, "target": "gobierno", "value": 3}, {"source": 1305, "target": "planificación", "value": 3}, {"source": 1305, "target": "sistemas dinámicos", "value": 3}, {"source": 1305, "target": "sistemas fotovoltaicos", "value": 2}, {"source": 1305, "target": "batidor", "value": 2}, {"source": 1305, "target": "organismos", "value": 2}, {"source": 1305, "target": "organizaciones", "value": 2}, {"source": 1305, "target": "vehículos", "value": 2}, {"source": 1305, "target": "forma", "value": 2}, {"source": 1305, "target": "pantallas", "value": 2}, {"source": 1305, "target": "estandarización", "value": 2}, {"source": 1305, "target": "estándares", "value": 2}, {"source": 1305, "target": "producción", "value": 2}, {"source": 1305, "target": "productividad", "value": 2}, {"source": 1305, "target": "educación", "value": 2}, {"source": 1305, "target": "instituciones educacionales", "value": 2}, {"source": 1305, "target": "contaminación", "value": 2}, {"source": "4cf46ef9-9fdd-4901-892e-f183a5934710", "target": 1318, "value": 1}, {"source": 1318, "target": "software", "value": 2}, {"source": 1318, "target": "herramientas", "value": 2}, {"source": 1318, "target": "códigos", "value": 2}, {"source": 1318, "target": "momento", "value": 2}, {"source": 1318, "target": "web 20", "value": 1}, {"source": 1318, "target": "tutoriales", "value": 1}, {"source": 1318, "target": "aplicadores", "value": 1}, {"source": 1318, "target": "seguridad", "value": 1}, {"source": 1318, "target": "contexto", "value": 1}, {"source": 1318, "target": "limitante", "value": 1}, {"source": 1318, "target": "programación", "value": 1}, {"source": 1318, "target": "sistemas de software", "value": 1}, {"source": 1318, "target": "líneas de productos de software", "value": 1}, {"source": 1318, "target": "industrias", "value": 1}, {"source": 1318, "target": "construcción", "value": 1}, {"source": 1318, "target": "producción", "value": 1}, {"source": 1318, "target": "productividad", "value": 1}, {"source": 1318, "target": "autorización", "value": 1}, {"source": 1318, "target": "manuales", "value": 1}, {"source": "4cf46ef9-9fdd-4901-892e-f183a5934710", "target": 1324, "value": 1}, {"source": 1324, "target": "modelado", "value": 25}, {"source": 1324, "target": "planificación", "value": 23}, {"source": 1324, "target": "mejoramiento", "value": 16}, {"source": 1324, "target": "linealidad", "value": 13}, {"source": 1324, "target": "algoritmos", "value": 12}, {"source": 1324, "target": "horarios", "value": 11}, {"source": 1324, "target": "generadores", "value": 11}, {"source": 1324, "target": "programación", "value": 10}, {"source": 1324, "target": "dinámica", "value": 8}, {"source": 1324, "target": "pronóstico", "value": 7}, {"source": 1324, "target": "momento", "value": 6}, {"source": 1324, "target": "estimacion", "value": 6}, {"source": 1324, "target": "compañías", "value": 6}, {"source": 1324, "target": "producción", "value": 6}, {"source": 1324, "target": "productividad", "value": 6}, {"source": 1324, "target": "previsión de la demanda", "value": 6}, {"source": 1324, "target": "programación lineal", "value": 5}, {"source": 1324, "target": "simulación", "value": 5}, {"source": 1324, "target": "comentarios", "value": 5}, {"source": 1324, "target": "costos", "value": 5}, {"source": 1324, "target": "estadísticas", "value": 4}, {"source": 1324, "target": "depósito", "value": 4}, {"source": 1324, "target": "algoritmos heurísticos", "value": 4}, {"source": 1324, "target": "programación de proyectos", "value": 3}, {"source": 1324, "target": "aplicadores", "value": 3}, {"source": 1324, "target": "rentabilidad", "value": 3}, {"source": 1324, "target": "autorización", "value": 3}, {"source": 1324, "target": "generación hidroeléctrica", "value": 3}, {"source": 1324, "target": "fabricación", "value": 3}, {"source": 1324, "target": "electricidad", "value": 3}, {"source": "4cf46ef9-9fdd-4901-892e-f183a5934710", "target": 1327, "value": 1}, {"source": 1327, "target": "modelado", "value": 18}, {"source": 1327, "target": "producción", "value": 14}, {"source": 1327, "target": "productividad", "value": 14}, {"source": 1327, "target": "software", "value": 12}, {"source": 1327, "target": "conductividad", "value": 11}, {"source": 1327, "target": "controlabilidad", "value": 10}, {"source": 1327, "target": "ordenadores", "value": 10}, {"source": 1327, "target": "aplicadores", "value": 10}, {"source": 1327, "target": "fotografías", "value": 8}, {"source": 1327, "target": "industrias", "value": 8}, {"source": 1327, "target": "pruebas", "value": 7}, {"source": 1327, "target": "generadores", "value": 7}, {"source": 1327, "target": "administración", "value": 6}, {"source": 1327, "target": "comentarios", "value": 6}, {"source": 1327, "target": "resistencia", "value": 6}, {"source": 1327, "target": "resiste", "value": 6}, {"source": 1327, "target": "modelado computacional", "value": 6}, {"source": 1327, "target": "superficies", "value": 5}, {"source": 1327, "target": "momento", "value": 5}, {"source": 1327, "target": "mecanizado", "value": 5}, {"source": 1327, "target": "estandarización", "value": 5}, {"source": 1327, "target": "estándares", "value": 5}, {"source": 1327, "target": "ecuaciones", "value": 5}, {"source": 1327, "target": "compañías", "value": 5}, {"source": 1327, "target": "estimacion", "value": 5}, {"source": 1327, "target": "motores", "value": 5}, {"source": 1327, "target": "adecuado", "value": 4}, {"source": 1327, "target": "negocio", "value": 4}, {"source": 1327, "target": "transformaciones", "value": 4}, {"source": 1327, "target": "transformadores", "value": 4}, {"source": "4cf46ef9-9fdd-4901-892e-f183a5934710", "target": 1332, "value": 1}, {"source": 1332, "target": "electricidad", "value": 117}, {"source": 1332, "target": "modelado", "value": 115}, {"source": 1332, "target": "energía", "value": 68}, {"source": 1332, "target": "dinámica", "value": 57}, {"source": 1332, "target": "generadores", "value": 51}, {"source": 1332, "target": "simulación", "value": 47}, {"source": 1332, "target": "pronóstico", "value": 42}, {"source": 1332, "target": "sistemas dinámicos", "value": 40}, {"source": 1332, "target": "tecnología", "value": 37}, {"source": 1332, "target": "momento", "value": 37}, {"source": 1332, "target": "costos", "value": 27}, {"source": 1332, "target": "redes neuronales", "value": 24}, {"source": 1332, "target": "aditivos", "value": 23}, {"source": 1332, "target": "industrias", "value": 23}, {"source": 1332, "target": "reguladores", "value": 22}, {"source": 1332, "target": "gobierno", "value": 21}, {"source": 1332, "target": "actual", "value": 19}, {"source": 1332, "target": "alternadores", "value": 18}, {"source": 1332, "target": "ciencias económicas", "value": 18}, {"source": 1332, "target": "linealidad", "value": 17}, {"source": 1332, "target": "herramientas", "value": 16}, {"source": 1332, "target": "disponibilidad", "value": 16}, {"source": 1332, "target": "precisión", "value": 16}, {"source": 1332, "target": "seguridad", "value": 15}, {"source": 1332, "target": "contexto", "value": 15}, {"source": 1332, "target": "comentarios", "value": 15}, {"source": 1332, "target": "estimacion", "value": 14}, {"source": 1332, "target": "carbón", "value": 13}, {"source": 1332, "target": "redes neuronales artificiales", "value": 13}, {"source": 1332, "target": "compañías", "value": 12}, {"source": "4cf46ef9-9fdd-4901-892e-f183a5934710", "target": 1354, "value": 1}, {"source": 1354, "target": "web 20", "value": 62}, {"source": 1354, "target": "modelado", "value": 58}, {"source": 1354, "target": "planificación", "value": 45}, {"source": 1354, "target": "semántica", "value": 42}, {"source": 1354, "target": "servicios web", "value": 36}, {"source": 1354, "target": "web semántica", "value": 24}, {"source": 1354, "target": "robots", "value": 24}, {"source": 1354, "target": "administración", "value": 22}, {"source": 1354, "target": "tecnología", "value": 21}, {"source": 1354, "target": "motores", "value": 20}, {"source": 1354, "target": "aplicadores", "value": 20}, {"source": 1354, "target": "momento", "value": 19}, {"source": 1354, "target": "algoritmos", "value": 18}, {"source": 1354, "target": "ordenadores", "value": 17}, {"source": 1354, "target": "generadores", "value": 17}, {"source": 1354, "target": "construcción", "value": 17}, {"source": 1354, "target": "software", "value": 14}, {"source": 1354, "target": "educación", "value": 13}, {"source": 1354, "target": "inteligencia artificial", "value": 13}, {"source": 1354, "target": "programación", "value": 12}, {"source": 1354, "target": "navegación", "value": 11}, {"source": 1354, "target": "documentación", "value": 11}, {"source": 1354, "target": "precisión", "value": 10}, {"source": 1354, "target": "aditivos", "value": 10}, {"source": 1354, "target": "simulación", "value": 10}, {"source": 1354, "target": "publicación", "value": 10}, {"source": 1354, "target": "organismos", "value": 10}, {"source": 1354, "target": "organizaciones", "value": 10}, {"source": 1354, "target": "mecanizado", "value": 9}, {"source": 1354, "target": "enrutamiento", "value": 9}, {"source": "4cf46ef9-9fdd-4901-892e-f183a5934710", "target": 1363, "value": 1}, {"source": 1363, "target": "ecualizadores", "value": 15}, {"source": 1363, "target": "mejoramiento", "value": 14}, {"source": 1363, "target": "modelado", "value": 12}, {"source": 1363, "target": "algoritmos", "value": 11}, {"source": 1363, "target": "planificación", "value": 10}, {"source": 1363, "target": "administración", "value": 10}, {"source": 1363, "target": "soporte de sistemas", "value": 9}, {"source": 1363, "target": "pruebas", "value": 8}, {"source": 1363, "target": "energía", "value": 8}, {"source": 1363, "target": "linealidad", "value": 8}, {"source": 1363, "target": "incertidumbre", "value": 7}, {"source": 1363, "target": "algoritmos genéticos", "value": 6}, {"source": 1363, "target": "genética", "value": 6}, {"source": 1363, "target": "transporte", "value": 6}, {"source": 1363, "target": "toma de decisiones", "value": 6}, {"source": 1363, "target": "herramientas", "value": 5}, {"source": 1363, "target": "estimacion", "value": 4}, {"source": 1363, "target": "calibración", "value": 3}, {"source": 1363, "target": "la investigación de operaciones", "value": 3}, {"source": 1363, "target": "generadores", "value": 3}, {"source": 1363, "target": "aisladores", "value": 3}, {"source": 1363, "target": "aceleración", "value": 3}, {"source": 1363, "target": "dinámica", "value": 2}, {"source": 1363, "target": "software", "value": 2}, {"source": 1363, "target": "simulación", "value": 2}, {"source": 1363, "target": "pruebas psicométricas", "value": 2}, {"source": 1363, "target": "psicología", "value": 2}, {"source": 1363, "target": "ciencias económicas", "value": 2}, {"source": 1363, "target": "momento", "value": 2}, {"source": 1363, "target": "limitante", "value": 2}, {"source": "4cf46ef9-9fdd-4901-892e-f183a5934710", "target": 1364, "value": 1}, {"source": 1364, "target": "modelado", "value": 86}, {"source": 1364, "target": "educación", "value": 70}, {"source": 1364, "target": "robots", "value": 46}, {"source": 1364, "target": "administración", "value": 45}, {"source": 1364, "target": "motores", "value": 44}, {"source": 1364, "target": "aplicadores", "value": 41}, {"source": 1364, "target": "ordenadores", "value": 40}, {"source": 1364, "target": "software", "value": 39}, {"source": 1364, "target": "tecnología", "value": 32}, {"source": 1364, "target": "construcción", "value": 27}, {"source": 1364, "target": "generadores", "value": 27}, {"source": 1364, "target": "momento", "value": 26}, {"source": 1364, "target": "pruebas", "value": 25}, {"source": 1364, "target": "controlabilidad", "value": 24}, {"source": 1364, "target": "herramientas", "value": 21}, {"source": 1364, "target": "capacitación", "value": 20}, {"source": 1364, "target": "medición", "value": 19}, {"source": 1364, "target": "inteligencia artificial", "value": 19}, {"source": 1364, "target": "colaboración", "value": 19}, {"source": 1364, "target": "negocio", "value": 18}, {"source": 1364, "target": "vigilancia", "value": 18}, {"source": 1364, "target": "programación", "value": 17}, {"source": 1364, "target": "planificación", "value": 17}, {"source": 1364, "target": "organismos", "value": 17}, {"source": 1364, "target": "organizaciones", "value": 17}, {"source": 1364, "target": "mejoramiento", "value": 16}, {"source": 1364, "target": "conocimiento administrativo", "value": 16}, {"source": 1364, "target": "contexto", "value": 15}, {"source": 1364, "target": "arquitectura", "value": 15}, {"source": 1364, "target": "producción", "value": 15}, {"source": "4cf46ef9-9fdd-4901-892e-f183a5934710", "target": 1367, "value": 1}, {"source": 1367, "target": "modelado", "value": 12}, {"source": 1367, "target": "administración", "value": 8}, {"source": 1367, "target": "semántica", "value": 7}, {"source": 1367, "target": "motores", "value": 7}, {"source": 1367, "target": "procesamiento de datos", "value": 7}, {"source": 1367, "target": "ordenadores", "value": 7}, {"source": 1367, "target": "generadores", "value": 7}, {"source": 1367, "target": "contexto", "value": 6}, {"source": 1367, "target": "organismos", "value": 5}, {"source": 1367, "target": "organizaciones", "value": 5}, {"source": 1367, "target": "conjuntos difusos", "value": 5}, {"source": 1367, "target": "limitante", "value": 5}, {"source": 1367, "target": "aditivos", "value": 5}, {"source": 1367, "target": "descubrimiento del conocimiento", "value": 4}, {"source": 1367, "target": "metadatos", "value": 4}, {"source": 1367, "target": "estandarización", "value": 4}, {"source": 1367, "target": "estándares", "value": 4}, {"source": 1367, "target": "producción", "value": 4}, {"source": 1367, "target": "dinámica", "value": 4}, {"source": 1367, "target": "lógica difusa", "value": 4}, {"source": 1367, "target": "lógica", "value": 4}, {"source": 1367, "target": "lingüística", "value": 4}, {"source": 1367, "target": "educación", "value": 4}, {"source": 1367, "target": "estadísticas", "value": 3}, {"source": 1367, "target": "conocimiento administrativo", "value": 3}, {"source": 1367, "target": "negocio", "value": 3}, {"source": 1367, "target": "inteligencia de negocio", "value": 3}, {"source": 1367, "target": "productividad", "value": 3}, {"source": 1367, "target": "filtración", "value": 3}, {"source": 1367, "target": "filtros", "value": 3}, {"source": "4cf46ef9-9fdd-4901-892e-f183a5934710", "target": 1376, "value": 1}, {"source": 1376, "target": "software", "value": 5}, {"source": 1376, "target": "ingeniería de software", "value": 3}, {"source": 1376, "target": "motores", "value": 3}, {"source": 1376, "target": "modelado", "value": 3}, {"source": 1376, "target": "gráficos", "value": 2}, {"source": 1376, "target": "metamodelo", "value": 2}, {"source": 1376, "target": "web 20", "value": 1}, {"source": 1376, "target": "construcción", "value": 1}, {"source": 1376, "target": "edificios", "value": 1}, {"source": 1376, "target": "herramientas", "value": 1}, {"source": 1376, "target": "aplicadores", "value": 1}, {"source": 1376, "target": "momento", "value": 1}, {"source": 1376, "target": "navegación", "value": 1}, {"source": 1376, "target": "transformaciones", "value": 1}, {"source": 1376, "target": "transformadores", "value": 1}, {"source": 1376, "target": "manuales", "value": 1}, {"source": 1376, "target": "discurso", "value": 1}, {"source": 1376, "target": "modelos gráficos", "value": 1}, {"source": 1376, "target": "ingeniería de conocimientos", "value": 1}, {"source": "4cf46ef9-9fdd-4901-892e-f183a5934710", "target": 1397, "value": 1}, {"source": 1397, "target": "modelado", "value": 40}, {"source": 1397, "target": "algoritmos", "value": 27}, {"source": 1397, "target": "momento", "value": 25}, {"source": 1397, "target": "aplicadores", "value": 19}, {"source": 1397, "target": "almacenamiento", "value": 19}, {"source": 1397, "target": "administración", "value": 16}, {"source": 1397, "target": "generadores", "value": 16}, {"source": 1397, "target": "herramientas", "value": 13}, {"source": 1397, "target": "bases de datos", "value": 12}, {"source": 1397, "target": "web 20", "value": 12}, {"source": 1397, "target": "ordenadores", "value": 11}, {"source": 1397, "target": "programación", "value": 11}, {"source": 1397, "target": "aditivos", "value": 10}, {"source": 1397, "target": "resúmenes", "value": 10}, {"source": 1397, "target": "actual", "value": 10}, {"source": 1397, "target": "enrutamiento", "value": 9}, {"source": 1397, "target": "tecnología", "value": 9}, {"source": 1397, "target": "transporte", "value": 8}, {"source": 1397, "target": "visualización", "value": 7}, {"source": 1397, "target": "contexto", "value": 7}, {"source": 1397, "target": "globalización", "value": 7}, {"source": 1397, "target": "vehículos", "value": 7}, {"source": 1397, "target": "almacenes de datos", "value": 7}, {"source": 1397, "target": "motores", "value": 6}, {"source": 1397, "target": "publicación", "value": 6}, {"source": 1397, "target": "forma", "value": 6}, {"source": 1397, "target": "sistema de posicionamiento global", "value": 6}, {"source": 1397, "target": "contenedores", "value": 6}, {"source": 1397, "target": "producción", "value": 6}, {"source": 1397, "target": "productividad", "value": 6}, {"source": "4cf46ef9-9fdd-4901-892e-f183a5934710", "target": 1398, "value": 1}, {"source": 1398, "target": "modelado", "value": 64}, {"source": 1398, "target": "educación", "value": 37}, {"source": 1398, "target": "generadores", "value": 33}, {"source": 1398, "target": "momento", "value": 29}, {"source": 1398, "target": "simulación", "value": 23}, {"source": 1398, "target": "herramientas", "value": 21}, {"source": 1398, "target": "software", "value": 19}, {"source": 1398, "target": "tecnología", "value": 16}, {"source": 1398, "target": "electricidad", "value": 15}, {"source": 1398, "target": "aplicadores", "value": 14}, {"source": 1398, "target": "pruebas", "value": 14}, {"source": 1398, "target": "estadísticas", "value": 14}, {"source": 1398, "target": "ordenadores", "value": 13}, {"source": 1398, "target": "lógica", "value": 13}, {"source": 1398, "target": "colaboración", "value": 12}, {"source": 1398, "target": "lógica difusa", "value": 12}, {"source": 1398, "target": "algoritmos", "value": 11}, {"source": 1398, "target": "programación", "value": 11}, {"source": 1398, "target": "administración", "value": 11}, {"source": 1398, "target": "alternadores", "value": 10}, {"source": 1398, "target": "construcción", "value": 10}, {"source": 1398, "target": "inteligencia artificial", "value": 10}, {"source": 1398, "target": "pronóstico", "value": 10}, {"source": 1398, "target": "dinámica", "value": 9}, {"source": 1398, "target": "capacitación", "value": 9}, {"source": 1398, "target": "agentes de software", "value": 9}, {"source": 1398, "target": "matemáticas", "value": 8}, {"source": 1398, "target": "los mercados de valores", "value": 8}, {"source": 1398, "target": "autorización", "value": 8}, {"source": 1398, "target": "medición", "value": 8}, {"source": "4cf46ef9-9fdd-4901-892e-f183a5934710", "target": 1399, "value": 1}, {"source": 1399, "target": "algoritmos", "value": 17}, {"source": 1399, "target": "planificación", "value": 15}, {"source": 1399, "target": "modelado", "value": 14}, {"source": 1399, "target": "programación", "value": 9}, {"source": 1399, "target": "algoritmos heurísticos", "value": 7}, {"source": 1399, "target": "horarios", "value": 7}, {"source": 1399, "target": "mejoramiento", "value": 7}, {"source": 1399, "target": "generadores", "value": 5}, {"source": 1399, "target": "depósito", "value": 4}, {"source": 1399, "target": "costos", "value": 4}, {"source": 1399, "target": "minimización", "value": 4}, {"source": 1399, "target": "software", "value": 4}, {"source": 1399, "target": "linealidad", "value": 4}, {"source": 1399, "target": "resolución de problemas", "value": 4}, {"source": 1399, "target": "momento", "value": 3}, {"source": 1399, "target": "vehículos", "value": 3}, {"source": 1399, "target": "circuitos", "value": 3}, {"source": 1399, "target": "aditivos", "value": 3}, {"source": 1399, "target": "programación lineal", "value": 3}, {"source": 1399, "target": "simulación", "value": 2}, {"source": 1399, "target": "dinámica", "value": 2}, {"source": 1399, "target": "comentarios", "value": 2}, {"source": 1399, "target": "ordenadores", "value": 2}, {"source": 1399, "target": "bibliotecas", "value": 2}, {"source": 1399, "target": "enrutamiento", "value": 2}, {"source": 1399, "target": "enrutamiento de vehículos", "value": 2}, {"source": 1399, "target": "transporte", "value": 2}, {"source": 1399, "target": "producción", "value": 1}, {"source": 1399, "target": "productividad", "value": 1}, {"source": 1399, "target": "enfriamiento", "value": 1}, {"source": "4cf46ef9-9fdd-4901-892e-f183a5934710", "target": 1407, "value": 1}, {"source": 1407, "target": "modelado", "value": 22}, {"source": 1407, "target": "dinámica", "value": 18}, {"source": 1407, "target": "simulación", "value": 14}, {"source": 1407, "target": "energía", "value": 13}, {"source": 1407, "target": "sistemas dinámicos", "value": 10}, {"source": 1407, "target": "electricidad", "value": 10}, {"source": 1407, "target": "ciencias económicas", "value": 8}, {"source": 1407, "target": "costos", "value": 7}, {"source": 1407, "target": "alternadores", "value": 7}, {"source": 1407, "target": "generadores", "value": 7}, {"source": 1407, "target": "industrias", "value": 7}, {"source": 1407, "target": "producción", "value": 6}, {"source": 1407, "target": "productividad", "value": 6}, {"source": 1407, "target": "materiales", "value": 6}, {"source": 1407, "target": "reguladores", "value": 5}, {"source": 1407, "target": "seguridad", "value": 5}, {"source": 1407, "target": "colombia", "value": 5}, {"source": 1407, "target": "actual", "value": 5}, {"source": 1407, "target": "construcción", "value": 5}, {"source": 1407, "target": "planificación", "value": 4}, {"source": 1407, "target": "administración", "value": 4}, {"source": 1407, "target": "estimacion", "value": 4}, {"source": 1407, "target": "transporte", "value": 4}, {"source": 1407, "target": "incertidumbre", "value": 3}, {"source": 1407, "target": "tecnología", "value": 3}, {"source": 1407, "target": "estabilidad", "value": 3}, {"source": 1407, "target": "comentarios", "value": 3}, {"source": 1407, "target": "disponibilidad", "value": 3}, {"source": 1407, "target": "linealidad", "value": 3}, {"source": 1407, "target": "ordenadores", "value": 3}, {"source": "4cf46ef9-9fdd-4901-892e-f183a5934710", "target": 1412, "value": 1}, {"source": 1412, "target": "modelado", "value": 30}, {"source": 1412, "target": "fotografías", "value": 28}, {"source": 1412, "target": "estandarización", "value": 18}, {"source": 1412, "target": "estándares", "value": 18}, {"source": 1412, "target": "ordenadores", "value": 18}, {"source": 1412, "target": "estimacion", "value": 16}, {"source": 1412, "target": "receptores", "value": 16}, {"source": 1412, "target": "planificación", "value": 16}, {"source": 1412, "target": "tumores", "value": 15}, {"source": 1412, "target": "materiales", "value": 14}, {"source": 1412, "target": "pruebas", "value": 11}, {"source": 1412, "target": "modulación", "value": 11}, {"source": 1412, "target": "generadores", "value": 10}, {"source": 1412, "target": "tomografía", "value": 10}, {"source": 1412, "target": "probabilidad", "value": 10}, {"source": 1412, "target": "estadísticas", "value": 9}, {"source": 1412, "target": "tomografía computarizada", "value": 9}, {"source": 1412, "target": "histogramas", "value": 9}, {"source": 1412, "target": "calculadoras", "value": 9}, {"source": 1412, "target": "vigas", "value": 9}, {"source": 1412, "target": "correladores", "value": 9}, {"source": 1412, "target": "correlación", "value": 9}, {"source": 1412, "target": "logística", "value": 8}, {"source": 1412, "target": "organismos", "value": 8}, {"source": 1412, "target": "organizaciones", "value": 8}, {"source": 1412, "target": "bosques aleatorios", "value": 8}, {"source": 1412, "target": "índices", "value": 7}, {"source": 1412, "target": "indexación", "value": 7}, {"source": 1412, "target": "registro de imagen", "value": 7}, {"source": 1412, "target": "precisión", "value": 7}, {"source": "4cf46ef9-9fdd-4901-892e-f183a5934710", "target": 1414, "value": 1}, {"source": 1414, "target": "modelado", "value": 110}, {"source": 1414, "target": "educación", "value": 56}, {"source": 1414, "target": "sistemas multi-agentes", "value": 46}, {"source": 1414, "target": "prototipos", "value": 39}, {"source": 1414, "target": "colaboración", "value": 38}, {"source": 1414, "target": "ordenadores", "value": 34}, {"source": 1414, "target": "contexto", "value": 32}, {"source": 1414, "target": "pruebas", "value": 28}, {"source": 1414, "target": "aplicadores", "value": 26}, {"source": 1414, "target": "construcción", "value": 25}, {"source": 1414, "target": "inteligencia artificial", "value": 25}, {"source": 1414, "target": "aditivos", "value": 25}, {"source": 1414, "target": "agentes inteligentes", "value": 25}, {"source": 1414, "target": "generadores", "value": 24}, {"source": 1414, "target": "tecnología", "value": 24}, {"source": 1414, "target": "momento", "value": 24}, {"source": 1414, "target": "administración", "value": 23}, {"source": 1414, "target": "planificación", "value": 22}, {"source": 1414, "target": "software", "value": 21}, {"source": 1414, "target": "herramientas", "value": 21}, {"source": 1414, "target": "web 20", "value": 21}, {"source": 1414, "target": "sistemas de recomendación", "value": 20}, {"source": 1414, "target": "negocio", "value": 18}, {"source": 1414, "target": "electricidad", "value": 18}, {"source": 1414, "target": "arquitectura", "value": 18}, {"source": 1414, "target": "controlabilidad", "value": 18}, {"source": 1414, "target": "publicación", "value": 17}, {"source": 1414, "target": "cognición", "value": 17}, {"source": 1414, "target": "actual", "value": 16}, {"source": 1414, "target": "energía", "value": 16}, {"source": "4cf46ef9-9fdd-4901-892e-f183a5934710", "target": 1418, "value": 1}, {"source": 1418, "target": "organismos", "value": 1}, {"source": 1418, "target": "controlabilidad", "value": 1}, {"source": 1418, "target": "estandarización", "value": 1}, {"source": 1418, "target": "estándares", "value": 1}, {"source": 1418, "target": "organizaciones", "value": 1}, {"source": 1418, "target": "proteccion", "value": 1}, {"source": 1418, "target": "modelado", "value": 1}, {"source": 1418, "target": "administración", "value": 1}, {"source": 1418, "target": "seguridad", "value": 1}, {"source": 1418, "target": "evaluación del desempeño", "value": 1}, {"source": 1418, "target": "sistemático", "value": 1}, {"source": 1418, "target": "gestion de seguridad", "value": 1}, {"source": 1418, "target": "seguridad de información", "value": 1}, {"source": 1418, "target": "software", "value": 1}, {"source": 1418, "target": "herramientas de software", "value": 1}, {"source": 1418, "target": "negocio", "value": 1}, {"source": 1418, "target": "generadores", "value": 1}, {"source": 1418, "target": "herramientas", "value": 1}, {"source": 1418, "target": "aplicadores", "value": 1}, {"source": 1418, "target": "contenedores", "value": 1}, {"source": "4cf46ef9-9fdd-4901-892e-f183a5934710", "target": 1419, "value": 1}, {"source": "4cf46ef9-9fdd-4901-892e-f183a5934710", "target": 1464, "value": 1}, {"source": 1464, "target": "modelado", "value": 118}, {"source": 1464, "target": "momento", "value": 66}, {"source": 1464, "target": "pronóstico", "value": 61}, {"source": 1464, "target": "redes neuronales", "value": 55}, {"source": 1464, "target": "linealidad", "value": 51}, {"source": 1464, "target": "electricidad", "value": 50}, {"source": 1464, "target": "mejoramiento", "value": 43}, {"source": 1464, "target": "redes neuronales artificiales", "value": 40}, {"source": 1464, "target": "algoritmos", "value": 39}, {"source": 1464, "target": "comentarios", "value": 31}, {"source": 1464, "target": "estadísticas", "value": 29}, {"source": 1464, "target": "dinámica", "value": 27}, {"source": 1464, "target": "pruebas", "value": 23}, {"source": 1464, "target": "sistemático", "value": 23}, {"source": 1464, "target": "aditivos", "value": 23}, {"source": 1464, "target": "estimacion", "value": 22}, {"source": 1464, "target": "precisión", "value": 21}, {"source": 1464, "target": "generadores", "value": 18}, {"source": 1464, "target": "simulación", "value": 14}, {"source": 1464, "target": "energía", "value": 14}, {"source": 1464, "target": "publicación", "value": 14}, {"source": 1464, "target": "globalización", "value": 14}, {"source": 1464, "target": "aplicadores", "value": 14}, {"source": 1464, "target": "correladores", "value": 14}, {"source": 1464, "target": "correlación", "value": 14}, {"source": 1464, "target": "perceptrons multicapa", "value": 13}, {"source": 1464, "target": "ciencias económicas", "value": 12}, {"source": 1464, "target": "capacitación", "value": 12}, {"source": 1464, "target": "herramientas", "value": 12}, {"source": 1464, "target": "construcción", "value": 12}, {"source": "4cf46ef9-9fdd-4901-892e-f183a5934710", "target": 1469, "value": 1}, {"source": 1469, "target": "redes neuronales", "value": 12}, {"source": 1469, "target": "generadores", "value": 11}, {"source": 1469, "target": "modelado", "value": 11}, {"source": 1469, "target": "momento", "value": 10}, {"source": 1469, "target": "redes neuronales artificiales", "value": 9}, {"source": 1469, "target": "linealidad", "value": 9}, {"source": 1469, "target": "algoritmos", "value": 9}, {"source": 1469, "target": "correladores", "value": 7}, {"source": 1469, "target": "correlación", "value": 7}, {"source": 1469, "target": "capacitación", "value": 7}, {"source": 1469, "target": "mejoramiento", "value": 6}, {"source": 1469, "target": "vigilancia", "value": 6}, {"source": 1469, "target": "limitante", "value": 5}, {"source": 1469, "target": "perceptrons multicapa", "value": 5}, {"source": 1469, "target": "arquitectura", "value": 5}, {"source": 1469, "target": "dinámica", "value": 5}, {"source": 1469, "target": "backpropagación", "value": 5}, {"source": 1469, "target": "pronóstico", "value": 4}, {"source": 1469, "target": "la investigación de operaciones", "value": 4}, {"source": 1469, "target": "pruebas", "value": 4}, {"source": 1469, "target": "algoritmos de backpropagación", "value": 4}, {"source": 1469, "target": "contaminación", "value": 4}, {"source": 1469, "target": "calidad del aire", "value": 4}, {"source": 1469, "target": "administración", "value": 3}, {"source": 1469, "target": "mejores prácticas", "value": 3}, {"source": 1469, "target": "ganar", "value": 3}, {"source": 1469, "target": "adecuado", "value": 3}, {"source": 1469, "target": "estadísticas", "value": 3}, {"source": 1469, "target": "conferencias", "value": 3}, {"source": 1469, "target": "tecnología", "value": 3}, {"source": "4cf46ef9-9fdd-4901-892e-f183a5934710", "target": 1474, "value": 1}, {"source": 1474, "target": "software", "value": 105}, {"source": 1474, "target": "modelado", "value": 62}, {"source": 1474, "target": "generadores", "value": 62}, {"source": 1474, "target": "motores", "value": 58}, {"source": 1474, "target": "ingeniería de software", "value": 46}, {"source": 1474, "target": "herramientas", "value": 39}, {"source": 1474, "target": "aplicadores", "value": 36}, {"source": 1474, "target": "ordenadores", "value": 32}, {"source": 1474, "target": "controlabilidad", "value": 31}, {"source": 1474, "target": "comentarios", "value": 26}, {"source": 1474, "target": "automatización", "value": 23}, {"source": 1474, "target": "idiomas naturales", "value": 23}, {"source": 1474, "target": "códigos", "value": 22}, {"source": 1474, "target": "administración", "value": 18}, {"source": 1474, "target": "estandarización", "value": 18}, {"source": 1474, "target": "estándares", "value": 18}, {"source": 1474, "target": "aditivos", "value": 16}, {"source": 1474, "target": "gráficos", "value": 16}, {"source": 1474, "target": "lingüística", "value": 16}, {"source": 1474, "target": "programación", "value": 16}, {"source": 1474, "target": "producción", "value": 15}, {"source": 1474, "target": "productividad", "value": 15}, {"source": 1474, "target": "transformaciones", "value": 15}, {"source": 1474, "target": "transformadores", "value": 15}, {"source": 1474, "target": "negocio", "value": 14}, {"source": 1474, "target": "educación", "value": 14}, {"source": 1474, "target": "contexto", "value": 13}, {"source": 1474, "target": "arte", "value": 13}, {"source": 1474, "target": "semántica", "value": 13}, {"source": 1474, "target": "documentación", "value": 12}, {"source": "4cf46ef9-9fdd-4901-892e-f183a5934710", "target": 2944, "value": 1}, {"source": "4cf46ef9-9fdd-4901-892e-f183a5934710", "target": 3094, "value": 1}, {"source": "4cf46ef9-9fdd-4901-892e-f183a5934710", "target": 3129, "value": 1}, {"source": "4cf46ef9-9fdd-4901-892e-f183a5934710", "target": 3167, "value": 1}, {"source": "4cf46ef9-9fdd-4901-892e-f183a5934710", "target": 3232, "value": 1}, {"source": "4cf46ef9-9fdd-4901-892e-f183a5934710", "target": 3312, "value": 1}, {"source": "4cf46ef9-9fdd-4901-892e-f183a5934710", "target": 3319, "value": 1}, {"source": "4cf46ef9-9fdd-4901-892e-f183a5934710", "target": 3458, "value": 1}], "options": [{"label": "Estado inicial", "value": "Departamento de Ciencias de la Computación y de la Decisión", "group": "00. Opciones predeterminadas"}, {"label": "Alvarez Montoya William", "value": "Alvarez Montoya William", "group": "02. Opciones de autor"}, {"label": "Arango Aramburo Santiago", "value": "Arango Aramburo Santiago", "group": "02. Opciones de autor"}, {"label": "Arango Isaza Fernando", "value": "Arango Isaza Fernando", "group": "02. Opciones de autor"}, {"label": "Awad Aubad Gabriel Alberto", "value": "Awad Aubad Gabriel Alberto", "group": "02. Opciones de autor"}, {"label": "Branch Bedoya John Willian", "value": "Branch Bedoya John Willian", "group": "02. Opciones de autor"}, {"label": "Cadavid Higuita Diana Lorena", "value": "Cadavid Higuita Diana Lorena", "group": "02. Opciones de autor"}, {"label": "Correa Botero Daniel", "value": "Correa Botero Daniel", "group": "02. Opciones de autor"}, {"label": "Diaz Serna Francisco Javier", "value": "Diaz Serna Francisco Javier", "group": "02. Opciones de autor"}, {"label": "Espinosa Bedoya Albeiro", "value": "Espinosa Bedoya Albeiro", "group": "02. Opciones de autor"}, {"label": "Franco Cardona Carlos Jaime", "value": "Franco Cardona Carlos Jaime", "group": "02. Opciones de autor"}, {"label": "Giraldo Gomez Gloria Lucia", "value": "Giraldo Gomez Gloria Lucia", "group": "02. Opciones de autor"}, {"label": "Gomez Alvarez Maria Clara", "value": "Gomez Alvarez Maria Clara", "group": "02. Opciones de autor"}, {"label": "Gonzalez Calderon Guillermo", "value": "Gonzalez Calderon Guillermo", "group": "02. Opciones de autor"}, {"label": "Guzman Luna Jaime Alberto", "value": "Guzman Luna Jaime Alberto", "group": "02. Opciones de autor"}, {"label": "Hincapie Cardona Jorge Odilio", "value": "Hincapie Cardona Jorge Odilio", "group": "02. Opciones de autor"}, {"label": "Jaramillo Alvarez Gloria Patricia", "value": "Jaramillo Alvarez Gloria Patricia", "group": "02. Opciones de autor"}, {"label": "Jimenez Builes Jovani Alberto", "value": "Jimenez Builes Jovani Alberto", "group": "02. Opciones de autor"}, {"label": "Jimenez Ramirez Claudia Stella", "value": "Jimenez Ramirez Claudia Stella", "group": "02. Opciones de autor"}, {"label": "Lotero Velez Laura", "value": "Lotero Velez Laura", "group": "02. Opciones de autor"}, {"label": "Manjarres Betancur Roberto Antonio", "value": "Manjarres Betancur Roberto Antonio", "group": "02. Opciones de autor"}, {"label": "Moreno Arboleda Francisco Javier", "value": "Moreno Arboleda Francisco Javier", "group": "02. Opciones de autor"}, {"label": "Moreno Cadavid Julian", "value": "Moreno Cadavid Julian", "group": "02. Opciones de autor"}, {"label": "Moreno Velasquez Luis Fernando", "value": "Moreno Velasquez Luis Fernando", "group": "02. Opciones de autor"}, {"label": "Olaya Morales Yris", "value": "Olaya Morales Yris", "group": "02. Opciones de autor"}, {"label": "Ospina Arango Juan David", "value": "Ospina Arango Juan David", "group": "02. Opciones de autor"}, {"label": "Ovalle Carranza Demetrio Arturo", "value": "Ovalle Carranza Demetrio Arturo", "group": "02. Opciones de autor"}, {"label": "Perez Zapata Gustavo Adolfo", "value": "Perez Zapata Gustavo Adolfo", "group": "02. Opciones de autor"}, {"label": "Posada Agudelo Laura", "value": "Posada Agudelo Laura", "group": "02. Opciones de autor"}, {"label": "Torres Madroñero Maria Constanza", "value": "Torres Madroñero Maria Constanza", "group": "02. Opciones de autor"}, {"label": "Velasquez Henao Juan David", "value": "Velasquez Henao Juan David", "group": "02. Opciones de autor"}, {"label": "Villa Garzon Fernan Alonso", "value": "Villa Garzon Fernan Alonso", "group": "02. Opciones de autor"}, {"label": "Zapata Jaramillo Carlos Mario", "value": "Zapata Jaramillo Carlos Mario", "group": "02. Opciones de autor"}, {"label": "Departamento de Ciencias de la Computación y de la Decisión", "value": "Departamento de Ciencias de la Computación y de la Decisión", "group": "02. Opciones de uab"}, {"label": "aceleración", "value": "aceleración", "group": "03. Opciones de temas"}, {"label": "actual", "value": "actual", "group": "03. Opciones de temas"}, {"label": "adecuado", "value": "adecuado", "group": "03. Opciones de temas"}, {"label": "aditivos", "value": "aditivos", "group": "03. Opciones de temas"}, {"label": "administración", "value": "administración", "group": "03. Opciones de temas"}, {"label": "agentes de software", "value": "agentes de software", "group": "03. Opciones de temas"}, {"label": "agentes inteligentes", "value": "agentes inteligentes", "group": "03. Opciones de temas"}, {"label": "aisladores", "value": "aisladores", "group": "03. Opciones de temas"}, {"label": "algoritmos", "value": "algoritmos", "group": "03. Opciones de temas"}, {"label": "algoritmos de backpropagación", "value": "algoritmos de backpropagación", "group": "03. Opciones de temas"}, {"label": "algoritmos genéticos", "value": "algoritmos genéticos", "group": "03. Opciones de temas"}, {"label": "algoritmos heurísticos", "value": "algoritmos heurísticos", "group": "03. Opciones de temas"}, {"label": "almacenamiento", "value": "almacenamiento", "group": "03. Opciones de temas"}, {"label": "almacenes de datos", "value": "almacenes de datos", "group": "03. Opciones de temas"}, {"label": "alternadores", "value": "alternadores", "group": "03. Opciones de temas"}, {"label": "aplicadores", "value": "aplicadores", "group": "03. Opciones de temas"}, {"label": "arquitectura", "value": "arquitectura", "group": "03. Opciones de temas"}, {"label": "arte", "value": "arte", "group": "03. Opciones de temas"}, {"label": "automatización", "value": "automatización", "group": "03. Opciones de temas"}, {"label": "autorización", "value": "autorización", "group": "03. Opciones de temas"}, {"label": "backpropagación", "value": "backpropagación", "group": "03. Opciones de temas"}, {"label": "bases de datos", "value": "bases de datos", "group": "03. Opciones de temas"}, {"label": "batidor", "value": "batidor", "group": "03. Opciones de temas"}, {"label": "bibliometría", "value": "bibliometría", "group": "03. Opciones de temas"}, {"label": "bibliotecas", "value": "bibliotecas", "group": "03. Opciones de temas"}, {"label": "bosques aleatorios", "value": "bosques aleatorios", "group": "03. Opciones de temas"}, {"label": "calculadoras", "value": "calculadoras", "group": "03. Opciones de temas"}, {"label": "calibración", "value": "calibración", "group": "03. Opciones de temas"}, {"label": "calidad del aire", "value": "calidad del aire", "group": "03. Opciones de temas"}, {"label": "cambio climático", "value": "cambio climático", "group": "03. Opciones de temas"}, {"label": "capacitación", "value": "capacitación", "group": "03. Opciones de temas"}, {"label": "carbón", "value": "carbón", "group": "03. Opciones de temas"}, {"label": "ciencias económicas", "value": "ciencias económicas", "group": "03. Opciones de temas"}, {"label": "circuitos", "value": "circuitos", "group": "03. Opciones de temas"}, {"label": "cognición", "value": "cognición", "group": "03. Opciones de temas"}, {"label": "colaboración", "value": "colaboración", "group": "03. Opciones de temas"}, {"label": "colombia", "value": "colombia", "group": "03. Opciones de temas"}, {"label": "comentarios", "value": "comentarios", "group": "03. Opciones de temas"}, {"label": "compañías", "value": "compañías", "group": "03. Opciones de temas"}, {"label": "conductividad", "value": "conductividad", "group": "03. Opciones de temas"}, {"label": "conferencias", "value": "conferencias", "group": "03. Opciones de temas"}, {"label": "conjuntos difusos", "value": "conjuntos difusos", "group": "03. Opciones de temas"}, {"label": "conocimiento administrativo", "value": "conocimiento administrativo", "group": "03. Opciones de temas"}, {"label": "construcción", "value": "construcción", "group": "03. Opciones de temas"}, {"label": "contaminación", "value": "contaminación", "group": "03. Opciones de temas"}, {"label": "contenedores", "value": "contenedores", "group": "03. Opciones de temas"}, {"label": "contexto", "value": "contexto", "group": "03. Opciones de temas"}, {"label": "controlabilidad", "value": "controlabilidad", "group": "03. Opciones de temas"}, {"label": "correlación", "value": "correlación", "group": "03. Opciones de temas"}, {"label": "correladores", "value": "correladores", "group": "03. Opciones de temas"}, {"label": "costos", "value": "costos", "group": "03. Opciones de temas"}, {"label": "current", "value": "current", "group": "03. Opciones de temas"}, {"label": "códigos", "value": "códigos", "group": "03. Opciones de temas"}, {"label": "depósito", "value": "depósito", "group": "03. Opciones de temas"}, {"label": "descubrimiento del conocimiento", "value": "descubrimiento del conocimiento", "group": "03. Opciones de temas"}, {"label": "dinámica", "value": "dinámica", "group": "03. Opciones de temas"}, {"label": "dirigir", "value": "dirigir", "group": "03. Opciones de temas"}, {"label": "discurso", "value": "discurso", "group": "03. Opciones de temas"}, {"label": "disponibilidad", "value": "disponibilidad", "group": "03. Opciones de temas"}, {"label": "documentación", "value": "documentación", "group": "03. Opciones de temas"}, {"label": "ecuaciones", "value": "ecuaciones", "group": "03. Opciones de temas"}, {"label": "ecualizadores", "value": "ecualizadores", "group": "03. Opciones de temas"}, {"label": "edificios", "value": "edificios", "group": "03. Opciones de temas"}, {"label": "educación", "value": "educación", "group": "03. Opciones de temas"}, {"label": "electricidad", "value": "electricidad", "group": "03. Opciones de temas"}, {"label": "emprendimiento", "value": "emprendimiento", "group": "03. Opciones de temas"}, {"label": "encendiendo", "value": "encendiendo", "group": "03. Opciones de temas"}, {"label": "energía", "value": "energía", "group": "03. Opciones de temas"}, {"label": "enfriamiento", "value": "enfriamiento", "group": "03. Opciones de temas"}, {"label": "enrutamiento", "value": "enrutamiento", "group": "03. Opciones de temas"}, {"label": "enrutamiento de vehículos", "value": "enrutamiento de vehículos", "group": "03. Opciones de temas"}, {"label": "estabilidad", "value": "estabilidad", "group": "03. Opciones de temas"}, {"label": "estadísticas", "value": "estadísticas", "group": "03. Opciones de temas"}, {"label": "estandarización", "value": "estandarización", "group": "03. Opciones de temas"}, {"label": "estimacion", "value": "estimacion", "group": "03. Opciones de temas"}, {"label": "estrés", "value": "estrés", "group": "03. Opciones de temas"}, {"label": "estándares", "value": "estándares", "group": "03. Opciones de temas"}, {"label": "evaluación del desempeño", "value": "evaluación del desempeño", "group": "03. Opciones de temas"}, {"label": "fabricación", "value": "fabricación", "group": "03. Opciones de temas"}, {"label": "fiabilidad", "value": "fiabilidad", "group": "03. Opciones de temas"}, {"label": "filtración", "value": "filtración", "group": "03. Opciones de temas"}, {"label": "filtros", "value": "filtros", "group": "03. Opciones de temas"}, {"label": "forma", "value": "forma", "group": "03. Opciones de temas"}, {"label": "fotoelasticidad", "value": "fotoelasticidad", "group": "03. Opciones de temas"}, {"label": "fotografías", "value": "fotografías", "group": "03. Opciones de temas"}, {"label": "ganar", "value": "ganar", "group": "03. Opciones de temas"}, {"label": "generación hidroeléctrica", "value": "generación hidroeléctrica", "group": "03. Opciones de temas"}, {"label": "generadores", "value": "generadores", "group": "03. Opciones de temas"}, {"label": "genética", "value": "genética", "group": "03. Opciones de temas"}, {"label": "gestion de seguridad", "value": "gestion de seguridad", "group": "03. Opciones de temas"}, {"label": "globalización", "value": "globalización", "group": "03. Opciones de temas"}, {"label": "gobierno", "value": "gobierno", "group": "03. Opciones de temas"}, {"label": "gráficos", "value": "gráficos", "group": "03. Opciones de temas"}, {"label": "herramientas", "value": "herramientas", "group": "03. Opciones de temas"}, {"label": "herramientas de software", "value": "herramientas de software", "group": "03. Opciones de temas"}, {"label": "histogramas", "value": "histogramas", "group": "03. Opciones de temas"}, {"label": "horarios", "value": "horarios", "group": "03. Opciones de temas"}, {"label": "idiomas naturales", "value": "idiomas naturales", "group": "03. Opciones de temas"}, {"label": "imagen", "value": "imagen", "group": "03. Opciones de temas"}, {"label": "incertidumbre", "value": "incertidumbre", "group": "03. Opciones de temas"}, {"label": "indexación", "value": "indexación", "group": "03. Opciones de temas"}, {"label": "industrias", "value": "industrias", "group": "03. Opciones de temas"}, {"label": "ingeniería de conocimientos", "value": "ingeniería de conocimientos", "group": "03. Opciones de temas"}, {"label": "ingeniería de software", "value": "ingeniería de software", "group": "03. Opciones de temas"}, {"label": "instituciones educacionales", "value": "instituciones educacionales", "group": "03. Opciones de temas"}, {"label": "inteligencia artificial", "value": "inteligencia artificial", "group": "03. Opciones de temas"}, {"label": "inteligencia de negocio", "value": "inteligencia de negocio", "group": "03. Opciones de temas"}, {"label": "la investigación de operaciones", "value": "la investigación de operaciones", "group": "03. Opciones de temas"}, {"label": "laboratorios", "value": "laboratorios", "group": "03. Opciones de temas"}, {"label": "limitante", "value": "limitante", "group": "03. Opciones de temas"}, {"label": "linealidad", "value": "linealidad", "group": "03. Opciones de temas"}, {"label": "lingüística", "value": "lingüística", "group": "03. Opciones de temas"}, {"label": "logística", "value": "logística", "group": "03. Opciones de temas"}, {"label": "los mercados de valores", "value": "los mercados de valores", "group": "03. Opciones de temas"}, {"label": "líneas de productos de software", "value": "líneas de productos de software", "group": "03. Opciones de temas"}, {"label": "lógica", "value": "lógica", "group": "03. Opciones de temas"}, {"label": "lógica difusa", "value": "lógica difusa", "group": "03. Opciones de temas"}, {"label": "manuales", "value": "manuales", "group": "03. Opciones de temas"}, {"label": "matemáticas", "value": "matemáticas", "group": "03. Opciones de temas"}, {"label": "materiales", "value": "materiales", "group": "03. Opciones de temas"}, {"label": "mecanizado", "value": "mecanizado", "group": "03. Opciones de temas"}, {"label": "medición", "value": "medición", "group": "03. Opciones de temas"}, {"label": "mejoramiento", "value": "mejoramiento", "group": "03. Opciones de temas"}, {"label": "mejores prácticas", "value": "mejores prácticas", "group": "03. Opciones de temas"}, {"label": "metadatos", "value": "metadatos", "group": "03. Opciones de temas"}, {"label": "metamodelo", "value": "metamodelo", "group": "03. Opciones de temas"}, {"label": "minimización", "value": "minimización", "group": "03. Opciones de temas"}, {"label": "modelado", "value": "modelado", "group": "03. Opciones de temas"}, {"label": "modelado computacional", "value": "modelado computacional", "group": "03. Opciones de temas"}, {"label": "modelos gráficos", "value": "modelos gráficos", "group": "03. Opciones de temas"}, {"label": "modulación", "value": "modulación", "group": "03. Opciones de temas"}, {"label": "momento", "value": "momento", "group": "03. Opciones de temas"}, {"label": "motores", "value": "motores", "group": "03. Opciones de temas"}, {"label": "navegación", "value": "navegación", "group": "03. Opciones de temas"}, {"label": "negocio", "value": "negocio", "group": "03. Opciones de temas"}, {"label": "observadores", "value": "observadores", "group": "03. Opciones de temas"}, {"label": "ordenadores", "value": "ordenadores", "group": "03. Opciones de temas"}, {"label": "organismos", "value": "organismos", "group": "03. Opciones de temas"}, {"label": "organizaciones", "value": "organizaciones", "group": "03. Opciones de temas"}, {"label": "pantallas", "value": "pantallas", "group": "03. Opciones de temas"}, {"label": "perceptrons multicapa", "value": "perceptrons multicapa", "group": "03. Opciones de temas"}, {"label": "planificación", "value": "planificación", "group": "03. Opciones de temas"}, {"label": "precisión", "value": "precisión", "group": "03. Opciones de temas"}, {"label": "previsión de la demanda", "value": "previsión de la demanda", "group": "03. Opciones de temas"}, {"label": "probabilidad", "value": "probabilidad", "group": "03. Opciones de temas"}, {"label": "procesamiento de datos", "value": "procesamiento de datos", "group": "03. Opciones de temas"}, {"label": "producción", "value": "producción", "group": "03. Opciones de temas"}, {"label": "productividad", "value": "productividad", "group": "03. Opciones de temas"}, {"label": "programación", "value": "programación", "group": "03. Opciones de temas"}, {"label": "programación de proyectos", "value": "programación de proyectos", "group": "03. Opciones de temas"}, {"label": "programación lineal", "value": "programación lineal", "group": "03. Opciones de temas"}, {"label": "pronóstico", "value": "pronóstico", "group": "03. Opciones de temas"}, {"label": "proteccion", "value": "proteccion", "group": "03. Opciones de temas"}, {"label": "prototipos", "value": "prototipos", "group": "03. Opciones de temas"}, {"label": "pruebas", "value": "pruebas", "group": "03. Opciones de temas"}, {"label": "pruebas psicométricas", "value": "pruebas psicométricas", "group": "03. Opciones de temas"}, {"label": "psicología", "value": "psicología", "group": "03. Opciones de temas"}, {"label": "publicación", "value": "publicación", "group": "03. Opciones de temas"}, {"label": "receptores", "value": "receptores", "group": "03. Opciones de temas"}, {"label": "redes neuronales", "value": "redes neuronales", "group": "03. Opciones de temas"}, {"label": "redes neuronales artificiales", "value": "redes neuronales artificiales", "group": "03. Opciones de temas"}, {"label": "registro de imagen", "value": "registro de imagen", "group": "03. Opciones de temas"}, {"label": "reguladores", "value": "reguladores", "group": "03. Opciones de temas"}, {"label": "rentabilidad", "value": "rentabilidad", "group": "03. Opciones de temas"}, {"label": "resiste", "value": "resiste", "group": "03. Opciones de temas"}, {"label": "resistencia", "value": "resistencia", "group": "03. Opciones de temas"}, {"label": "resolución de problemas", "value": "resolución de problemas", "group": "03. Opciones de temas"}, {"label": "resúmenes", "value": "resúmenes", "group": "03. Opciones de temas"}, {"label": "robots", "value": "robots", "group": "03. Opciones de temas"}, {"label": "robustez", "value": "robustez", "group": "03. Opciones de temas"}, {"label": "seguridad", "value": "seguridad", "group": "03. Opciones de temas"}, {"label": "seguridad de información", "value": "seguridad de información", "group": "03. Opciones de temas"}, {"label": "semántica", "value": "semántica", "group": "03. Opciones de temas"}, {"label": "sensores", "value": "sensores", "group": "03. Opciones de temas"}, {"label": "servicios web", "value": "servicios web", "group": "03. Opciones de temas"}, {"label": "simulación", "value": "simulación", "group": "03. Opciones de temas"}, {"label": "sincronización", "value": "sincronización", "group": "03. Opciones de temas"}, {"label": "sistema de posicionamiento global", "value": "sistema de posicionamiento global", "group": "03. Opciones de temas"}, {"label": "sistemas de poder", "value": "sistemas de poder", "group": "03. Opciones de temas"}, {"label": "sistemas de recomendación", "value": "sistemas de recomendación", "group": "03. Opciones de temas"}, {"label": "sistemas de software", "value": "sistemas de software", "group": "03. Opciones de temas"}, {"label": "sistemas dinámicos", "value": "sistemas dinámicos", "group": "03. Opciones de temas"}, {"label": "sistemas fotovoltaicos", "value": "sistemas fotovoltaicos", "group": "03. Opciones de temas"}, {"label": "sistemas multi-agentes", "value": "sistemas multi-agentes", "group": "03. Opciones de temas"}, {"label": "sistemático", "value": "sistemático", "group": "03. Opciones de temas"}, {"label": "software", "value": "software", "group": "03. Opciones de temas"}, {"label": "soporte de sistemas", "value": "soporte de sistemas", "group": "03. Opciones de temas"}, {"label": "superficies", "value": "superficies", "group": "03. Opciones de temas"}, {"label": "tecnología", "value": "tecnología", "group": "03. Opciones de temas"}, {"label": "toma de decisiones", "value": "toma de decisiones", "group": "03. Opciones de temas"}, {"label": "tomografía", "value": "tomografía", "group": "03. Opciones de temas"}, {"label": "tomografía computarizada", "value": "tomografía computarizada", "group": "03. Opciones de temas"}, {"label": "topología", "value": "topología", "group": "03. Opciones de temas"}, {"label": "transformaciones", "value": "transformaciones", "group": "03. Opciones de temas"}, {"label": "transformadores", "value": "transformadores", "group": "03. Opciones de temas"}, {"label": "transporte", "value": "transporte", "group": "03. Opciones de temas"}, {"label": "tumores", "value": "tumores", "group": "03. Opciones de temas"}, {"label": "tutoriales", "value": "tutoriales", "group": "03. Opciones de temas"}, {"label": "vehículos", "value": "vehículos", "group": "03. Opciones de temas"}, {"label": "vigas", "value": "vigas", "group": "03. Opciones de temas"}, {"label": "vigilancia", "value": "vigilancia", "group": "03. Opciones de temas"}, {"label": "visualización", "value": "visualización", "group": "03. Opciones de temas"}, {"label": "web 20", "value": "web 20", "group": "03. Opciones de temas"}, {"label": "web semántica", "value": "web semántica", "group": "03. Opciones de temas"}, {"label": "índices", "value": "índices", "group": "03. Opciones de temas"}]}