{"nodes": [{"id": "800b6f88-6d72-4a7a-b6ee-65cf7a506343", "label": "Dirección de Sede Orinoquía", "type": "uab"}, {"id": 2840, "label": "Rubio Bonilla Maria Victoria", "type": "author"}], "links": [{"source": "800b6f88-6d72-4a7a-b6ee-65cf7a506343", "target": 2840, "value": 1}], "options": [{"label": "Estado inicial", "value": "Dirección de Sede Orinoquía", "group": "00. Opciones predeterminadas"}, {"label": "Rubio Bonilla Maria Victoria", "value": "Rubio Bonilla Maria Victoria", "group": "02. Opciones de autor"}, {"label": "Dirección de Sede Orinoquía", "value": "Dirección de Sede Orinoquía", "group": "02. Opciones de uab"}]}