{"nodes": [{"id": "18bc9e24-93cc-41de-83e1-44c11c4bccd2", "label": "Departamento de Física y Química", "type": "uab"}, {"id": 1480, "label": "Agudelo Calle Jairo De Jesus", "type": "author"}, {"id": "aisladores", "label": "aisladores", "type": "topic"}, {"id": "compuestos", "label": "compuestos", "type": "topic"}, {"id": "controlabilidad", "label": "controlabilidad", "type": "topic"}, {"id": "químicos", "label": "químicos", "type": "topic"}, {"id": "organismos", "label": "organismos", "type": "topic"}, {"id": "organizaciones", "label": "organizaciones", "type": "topic"}, {"id": "fraccionamiento", "label": "fraccionamiento", "type": "topic"}, {"id": "modelado", "label": "modelado", "type": "topic"}, {"id": "estante", "label": "estante", "type": "topic"}, {"id": "myrsine guianensis", "label": "myrsine guianensis", "type": "topic"}, {"id": "espectroscopia", "label": "espectroscopia", "type": "topic"}, {"id": "sesquiterpene lactones", "label": "sesquiterpene lactones", "type": "topic"}, {"id": "labiatae", "label": "labiatae", "type": "topic"}, {"id": "salvia palaefolia", "label": "salvia palaefolia", "type": "topic"}, {"id": "asteraceae", "label": "asteraceae", "type": "topic"}, {"id": "ageratum conyzoides", "label": "ageratum conyzoides", "type": "topic"}, {"id": "insecticida natural", "label": "insecticida natural", "type": "topic"}, {"id": "rayos x", "label": "rayos x", "type": "topic"}, {"id": "inflamación", "label": "inflamación", "type": "topic"}, {"id": "fisalis", "label": "fisalis", "type": "topic"}, {"id": "agentes antiinflamatorios", "label": "agentes antiinflamatorios", "type": "topic"}, {"id": "solanaceae", "label": "solanaceae", "type": "topic"}, {"id": "plantas", "label": "plantas", "type": "topic"}, {"id": "medicinal", "label": "medicinal", "type": "topic"}, {"id": "materiales", "label": "materiales", "type": "topic"}, {"id": "degranulación de laastasa", "label": "degranulación de laastasa", "type": "topic"}, {"id": "masculino", "label": "masculino", "type": "topic"}, {"id": "inhibición de la fosfolipasa", "label": "inhibición de la fosfolipasa", "type": "topic"}, {"id": "bolsa de aire del ratón", "label": "bolsa de aire del ratón", "type": "topic"}, {"id": "actividad antiinflamatoria", "label": "actividad antiinflamatoria", "type": "topic"}, {"id": 1481, "label": "Alvarez Miño Lucero", "type": "author"}, {"id": "medición", "label": "medición", "type": "topic"}, {"id": "magnetics", "label": "magnetics", "type": "topic"}, {"id": "magnetización", "label": "magnetización", "type": "topic"}, {"id": "imanes", "label": "imanes", "type": "topic"}, {"id": "temperatura", "label": "temperatura", "type": "topic"}, {"id": "películas delgadas lsmo", "label": "películas delgadas lsmo", "type": "topic"}, {"id": "comportamiento crítico", "label": "comportamiento crítico", "type": "topic"}, {"id": "exponentes críticos", "label": "exponentes críticos", "type": "topic"}, {"id": "calculadoras", "label": "calculadoras", "type": "topic"}, {"id": "cristalizadores", "label": "cristalizadores", "type": "topic"}, {"id": "linealidad", "label": "linealidad", "type": "topic"}, {"id": "cristales", "label": "cristales", "type": "topic"}, {"id": "película (s", "label": "película (s", "type": "topic"}, {"id": "cruces", "label": "cruces", "type": "topic"}, {"id": "túnel", "label": "túnel", "type": "topic"}, {"id": "magneoresistencia de túneles", "label": "magneoresistencia de túneles", "type": "topic"}, {"id": "hilado", "label": "hilado", "type": "topic"}, {"id": "ventanas", "label": "ventanas", "type": "topic"}, {"id": "resistencia", "label": "resistencia", "type": "topic"}, {"id": "medición del campo magnético", "label": "medición del campo magnético", "type": "topic"}, {"id": "campos magnéticos", "label": "campos magnéticos", "type": "topic"}, {"id": "magnetoresistoria", "label": "magnetoresistoria", "type": "topic"}, {"id": "resiste", "label": "resiste", "type": "topic"}, {"id": "vigas", "label": "vigas", "type": "topic"}, {"id": "vigas moleculares", "label": "vigas moleculares", "type": "topic"}, {"id": "aproximación de masa efectiva", "label": "aproximación de masa efectiva", "type": "topic"}, {"id": "demostraciones experimentales de la dualidad onda-partícula", "label": "demostraciones experimentales de la dualidad onda-partícula", "type": "topic"}, {"id": "pruebas experimentales de relaciones de incertidumbre", "label": "pruebas experimentales de relaciones de incertidumbre", "type": "topic"}, {"id": "realización experimental del entrelazamiento cuántico", "label": "realización experimental del entrelazamiento cuántico", "type": "topic"}, {"id": 1482, "label": "Arango Arango Pedro Jose", "type": "author"}, {"id": "recubrimientos", "label": "recubrimientos", "type": "topic"}, {"id": "sustratos", "label": "sustratos", "type": "topic"}, {"id": "observadores", "label": "observadores", "type": "topic"}, {"id": "acero", "label": "acero", "type": "topic"}, {"id": "difracción de rayos x", "label": "difracción de rayos x", "type": "topic"}, {"id": "difracción", "label": "difracción", "type": "topic"}, {"id": "observabilidad", "label": "observabilidad", "type": "topic"}, {"id": "microscopía", "label": "microscopía", "type": "topic"}, {"id": "descargas de arco", "label": "descargas de arco", "type": "topic"}, {"id": "cátodos", "label": "cátodos", "type": "topic"}, {"id": "producción", "label": "producción", "type": "topic"}, {"id": "morfología", "label": "morfología", "type": "topic"}, {"id": "carbón", "label": "carbón", "type": "topic"}, {"id": "estaño", "label": "estaño", "type": "topic"}, {"id": "plasmas", "label": "plasmas", "type": "topic"}, {"id": "productividad", "label": "productividad", "type": "topic"}, {"id": "nitrógeno", "label": "nitrógeno", "type": "topic"}, {"id": "peliculas delgadas", "label": "peliculas delgadas", "type": "topic"}, {"id": "fuerza atómica microscópica", "label": "fuerza atómica microscópica", "type": "topic"}, {"id": "microscopio de electrones", "label": "microscopio de electrones", "type": "topic"}, {"id": "fourier transforma la espectroscopia infrarroja", "label": "fourier transforma la espectroscopia infrarroja", "type": "topic"}, {"id": "energía", "label": "energía", "type": "topic"}, {"id": "titanio", "label": "titanio", "type": "topic"}, {"id": "actual", "label": "actual", "type": "topic"}, {"id": 1484, "label": "Becerra Herrera Maria Eugenia", "type": "author"}, {"id": "manganeso", "label": "manganeso", "type": "topic"}, {"id": "conductividad", "label": "conductividad", "type": "topic"}, {"id": "frecuencia", "label": "frecuencia", "type": "topic"}, {"id": "catalizadores", "label": "catalizadores", "type": "topic"}, {"id": "electricidad", "label": "electricidad", "type": "topic"}, {"id": "electrones", "label": "electrones", "type": "topic"}, {"id": "modulación", "label": "modulación", "type": "topic"}, {"id": "protones", "label": "protones", "type": "topic"}, {"id": "birnesse", "label": "birnesse", "type": "topic"}, {"id": "sólidos", "label": "sólidos", "type": "topic"}, {"id": "absorción", "label": "absorción", "type": "topic"}, {"id": "superficies", "label": "superficies", "type": "topic"}, {"id": "autorización", "label": "autorización", "type": "topic"}, {"id": "iones", "label": "iones", "type": "topic"}, {"id": "espectroscopia de impedancia", "label": "espectroscopia de impedancia", "type": "topic"}, {"id": "generadores", "label": "generadores", "type": "topic"}, {"id": "pruebas", "label": "pruebas", "type": "topic"}, {"id": 1485, "label": "Cardenas Jimenez Jose Israel", "type": "author"}, {"id": 1490, "label": "Dobrosz Gomez Izabela", "type": "author"}, {"id": "mejoramiento", "label": "mejoramiento", "type": "topic"}, {"id": "industrias", "label": "industrias", "type": "topic"}, {"id": "aguas residuales", "label": "aguas residuales", "type": "topic"}, {"id": "oxígeno", "label": "oxígeno", "type": "topic"}, {"id": "electrodos", "label": "electrodos", "type": "topic"}, {"id": "degradación", "label": "degradación", "type": "topic"}, {"id": "aplicadores", "label": "aplicadores", "type": "topic"}, {"id": "momento", "label": "momento", "type": "topic"}, {"id": "simulación", "label": "simulación", "type": "topic"}, {"id": "herramientas", "label": "herramientas", "type": "topic"}, {"id": "líquidos", "label": "líquidos", "type": "topic"}, {"id": "termodinámica", "label": "termodinámica", "type": "topic"}, {"id": "estabilidad", "label": "estabilidad", "type": "topic"}, {"id": "dinámica", "label": "dinámica", "type": "topic"}, {"id": "adecuado", "label": "adecuado", "type": "topic"}, {"id": "etanol", "label": "etanol", "type": "topic"}, {"id": "anodos", "label": "anodos", "type": "topic"}, {"id": "minerales", "label": "minerales", "type": "topic"}, {"id": "costos", "label": "costos", "type": "topic"}, {"id": 1497, "label": "Giraldo Arbelaez Jorge Eduardo", "type": "author"}, {"id": 1498, "label": "Giraldo Gomez Gloria Ines", "type": "author"}, {"id": "aditivos", "label": "aditivos", "type": "topic"}, {"id": "proteínas", "label": "proteínas", "type": "topic"}, {"id": "humedad", "label": "humedad", "type": "topic"}, {"id": "planchar", "label": "planchar", "type": "topic"}, {"id": "publicación", "label": "publicación", "type": "topic"}, {"id": "contaminación", "label": "contaminación", "type": "topic"}, {"id": "contactos", "label": "contactos", "type": "topic"}, {"id": "alternadores", "label": "alternadores", "type": "topic"}, {"id": "comercialización", "label": "comercialización", "type": "topic"}, {"id": 1499, "label": "Giraldo Osorio Oscar Hernan", "type": "author"}, {"id": "microscopía electrónica de barrido", "label": "microscopía electrónica de barrido", "type": "topic"}, {"id": "zinc", "label": "zinc", "type": "topic"}, {"id": "nanopartículas", "label": "nanopartículas", "type": "topic"}, {"id": "potasio", "label": "potasio", "type": "topic"}, {"id": "transformaciones", "label": "transformaciones", "type": "topic"}, {"id": 1500, "label": "Hernandez Niño Susana", "type": "author"}, {"id": 1503, "label": "Jimenez Garcia Francy Nelly", "type": "author"}, {"id": "vidrio", "label": "vidrio", "type": "topic"}, {"id": "óptica", "label": "óptica", "type": "topic"}, {"id": "voltaje", "label": "voltaje", "type": "topic"}, {"id": "propiedades magnéticas", "label": "propiedades magnéticas", "type": "topic"}, {"id": "gente", "label": "gente", "type": "topic"}, {"id": 1512, "label": "Mejia Bernal Victoria", "type": "author"}, {"id": "envejecimiento", "label": "envejecimiento", "type": "topic"}, {"id": "grabación", "label": "grabación", "type": "topic"}, {"id": "geomagnetismo", "label": "geomagnetismo", "type": "topic"}, {"id": "desmagnetización", "label": "desmagnetización", "type": "topic"}, {"id": "tierra", "label": "tierra", "type": "topic"}, {"id": "rocas", "label": "rocas", "type": "topic"}, {"id": "remanencia", "label": "remanencia", "type": "topic"}, {"id": "estandarización", "label": "estandarización", "type": "topic"}, {"id": "estándares", "label": "estándares", "type": "topic"}, {"id": "estadísticas", "label": "estadísticas", "type": "topic"}, {"id": "encendiendo", "label": "encendiendo", "type": "topic"}, {"id": "recopilación de datos", "label": "recopilación de datos", "type": "topic"}, {"id": "cinturones", "label": "cinturones", "type": "topic"}, {"id": "limitante", "label": "limitante", "type": "topic"}, {"id": "protocolos", "label": "protocolos", "type": "topic"}, {"id": 1513, "label": "Montoya Cadavid Gildardo De Jesus", "type": "author"}, {"id": 1514, "label": "Mulcue Nieto Luis Fernando", "type": "author"}, {"id": "edificios", "label": "edificios", "type": "topic"}, {"id": "sistemas fotovoltaicos", "label": "sistemas fotovoltaicos", "type": "topic"}, {"id": "disponibilidad", "label": "disponibilidad", "type": "topic"}, {"id": "eficiencia energética", "label": "eficiencia energética", "type": "topic"}, {"id": "relación calidad", "label": "relación calidad", "type": "topic"}, {"id": "aluminio", "label": "aluminio", "type": "topic"}, {"id": "heterojunciones", "label": "heterojunciones", "type": "topic"}, {"id": "edificio integrado fotovoltaica bipv", "label": "edificio integrado fotovoltaica bipv", "type": "topic"}, {"id": "estimacion", "label": "estimacion", "type": "topic"}, {"id": "reguladores", "label": "reguladores", "type": "topic"}, {"id": "reuniones", "label": "reuniones", "type": "topic"}, {"id": "energía solar", "label": "energía solar", "type": "topic"}, {"id": "fiabilidad", "label": "fiabilidad", "type": "topic"}, {"id": "sistema solar", "label": "sistema solar", "type": "topic"}, {"id": 1517, "label": "Orrego Alzate Carlos Eduardo", "type": "author"}, {"id": "ciencias económicas", "label": "ciencias económicas", "type": "topic"}, {"id": "tecnología", "label": "tecnología", "type": "topic"}, {"id": "color", "label": "color", "type": "topic"}, {"id": "vegetación", "label": "vegetación", "type": "topic"}, {"id": 1519, "label": "Osorio Zuluaga Hector Jairo", "type": "author"}, {"id": "pulpa de café", "label": "pulpa de café", "type": "topic"}, {"id": "cafeína", "label": "cafeína", "type": "topic"}, {"id": "pleurotus sajor caju", "label": "pleurotus sajor caju", "type": "topic"}, {"id": "metabolitos secundarios", "label": "metabolitos secundarios", "type": "topic"}, {"id": 1523, "label": "Pineda Gomez Posidia", "type": "author"}, {"id": "calorimetría", "label": "calorimetría", "type": "topic"}, {"id": "calcio", "label": "calcio", "type": "topic"}, {"id": "aleación", "label": "aleación", "type": "topic"}, {"id": "gobierno", "label": "gobierno", "type": "topic"}, {"id": "análisis térmico", "label": "análisis térmico", "type": "topic"}, {"id": 1525, "label": "Prieto Castañeda Natalia", "type": "author"}, {"id": 1526, "label": "Pulzara Mora Alvaro Orlando", "type": "author"}, {"id": "chisporroteo", "label": "chisporroteo", "type": "topic"}, {"id": "magnetrones", "label": "magnetrones", "type": "topic"}, {"id": "fuerza", "label": "fuerza", "type": "topic"}, {"id": "fotografías", "label": "fotografías", "type": "topic"}, {"id": "fonons", "label": "fonons", "type": "topic"}, {"id": 1529, "label": "Restrepo Parra Elisabeth", "type": "author"}, {"id": "metodos monte carlo", "label": "metodos monte carlo", "type": "topic"}, {"id": "algoritmos", "label": "algoritmos", "type": "topic"}, {"id": 1531, "label": "Ricardo López Walter", "type": "author"}, {"id": "presion", "label": "presion", "type": "topic"}, {"id": "cultivos", "label": "cultivos", "type": "topic"}, {"id": "administración", "label": "administración", "type": "topic"}, {"id": "agricultura", "label": "agricultura", "type": "topic"}, {"id": "proteccion", "label": "proteccion", "type": "topic"}, {"id": "genética", "label": "genética", "type": "topic"}, {"id": "adn", "label": "adn", "type": "topic"}, {"id": "genómica", "label": "genómica", "type": "topic"}, {"id": "biotecnología", "label": "biotecnología", "type": "topic"}, {"id": "transformadores", "label": "transformadores", "type": "topic"}, {"id": 1532, "label": "Rios Barco Hector Silvio", "type": "author"}, {"id": 1533, "label": "Rojas Calderon Edilberto", "type": "author"}, {"id": "gráficos", "label": "gráficos", "type": "topic"}, {"id": "materiales magnéticos", "label": "materiales magnéticos", "type": "topic"}, {"id": "programación", "label": "programación", "type": "topic"}, {"id": "software", "label": "software", "type": "topic"}, {"id": "visualización", "label": "visualización", "type": "topic"}, {"id": "susceptibilidad magnética", "label": "susceptibilidad magnética", "type": "topic"}, {"id": "propiedades materiales", "label": "propiedades materiales", "type": "topic"}, {"id": "interfaces gráficas de usuario", "label": "interfaces gráficas de usuario", "type": "topic"}, {"id": "colosal magnetoresistencia", "label": "colosal magnetoresistencia", "type": "topic"}, {"id": "reflectividad", "label": "reflectividad", "type": "topic"}, {"id": 1534, "label": "Rosales Rivera Andres", "type": "author"}, {"id": "correladores", "label": "correladores", "type": "topic"}, {"id": 1536, "label": "Salazar Buitrago John Jairo", "type": "author"}, {"id": 1538, "label": "Segura Giraldo Belarmino", "type": "author"}, {"id": "cognición", "label": "cognición", "type": "topic"}, {"id": "tamaño de grano", "label": "tamaño de grano", "type": "topic"}, {"id": "ordenadores", "label": "ordenadores", "type": "topic"}, {"id": "comentarios", "label": "comentarios", "type": "topic"}, {"id": "silicio", "label": "silicio", "type": "topic"}, {"id": 1544, "label": "Vargas Hernandez Carlos", "type": "author"}, {"id": "vibraciones", "label": "vibraciones", "type": "topic"}, {"id": "rieles", "label": "rieles", "type": "topic"}, {"id": "metalización", "label": "metalización", "type": "topic"}, {"id": "celosías", "label": "celosías", "type": "topic"}, {"id": "enrutamiento", "label": "enrutamiento", "type": "topic"}, {"id": 1546, "label": "Vivas Calderon Edgar Hernan", "type": "author"}, {"id": "construcción", "label": "construcción", "type": "topic"}, {"id": "acoplamientos", "label": "acoplamientos", "type": "topic"}, {"id": "vectores", "label": "vectores", "type": "topic"}, {"id": "minimización", "label": "minimización", "type": "topic"}, {"id": "toma de tierra", "label": "toma de tierra", "type": "topic"}, {"id": "correlación", "label": "correlación", "type": "topic"}, {"id": 2894, "label": "Toro Alzate Carlos Enrique", "type": "author"}, {"id": 2905, "label": "Jaramillo Trujillo Jose Hernan", "type": "author"}, {"id": 2987, "label": "Devia Cubillos Alfonso", "type": "author"}, {"id": 3042, "label": "Santamaria Munoz Camilo", "type": "author"}, {"id": 3081, "label": "Lopez Ortiz Olga Beatriz", "type": "author"}, {"id": 3085, "label": "Rodriguez Castro Yolanda", "type": "author"}, {"id": 3222, "label": "López Vallejo Fabián Harvey", "type": "author"}, {"id": 3263, "label": "Torres Ceron Darwin Augusto", "type": "author"}, {"id": 3388, "label": "Orrego Cardozo Mary", "type": "author"}, {"id": 3456, "label": "Macías Quiroga Iván Fernando", "type": "author"}], "links": [{"source": "18bc9e24-93cc-41de-83e1-44c11c4bccd2", "target": 1480, "value": 1}, {"source": 1480, "target": "aisladores", "value": 4}, {"source": 1480, "target": "compuestos", "value": 4}, {"source": 1480, "target": "controlabilidad", "value": 3}, {"source": 1480, "target": "químicos", "value": 3}, {"source": 1480, "target": "organismos", "value": 2}, {"source": 1480, "target": "organizaciones", "value": 2}, {"source": 1480, "target": "fraccionamiento", "value": 2}, {"source": 1480, "target": "modelado", "value": 2}, {"source": 1480, "target": "estante", "value": 2}, {"source": 1480, "target": "myrsine guianensis", "value": 2}, {"source": 1480, "target": "espectroscopia", "value": 2}, {"source": 1480, "target": "sesquiterpene lactones", "value": 2}, {"source": 1480, "target": "labiatae", "value": 2}, {"source": 1480, "target": "salvia palaefolia", "value": 2}, {"source": 1480, "target": "asteraceae", "value": 2}, {"source": 1480, "target": "ageratum conyzoides", "value": 2}, {"source": 1480, "target": "insecticida natural", "value": 2}, {"source": 1480, "target": "rayos x", "value": 2}, {"source": 1480, "target": "inflamación", "value": 1}, {"source": 1480, "target": "fisalis", "value": 1}, {"source": 1480, "target": "agentes antiinflamatorios", "value": 1}, {"source": 1480, "target": "solanaceae", "value": 1}, {"source": 1480, "target": "plantas", "value": 1}, {"source": 1480, "target": "medicinal", "value": 1}, {"source": 1480, "target": "materiales", "value": 1}, {"source": 1480, "target": "degranulación de laastasa", "value": 1}, {"source": 1480, "target": "masculino", "value": 1}, {"source": 1480, "target": "inhibición de la fosfolipasa", "value": 1}, {"source": 1480, "target": "bolsa de aire del ratón", "value": 1}, {"source": 1480, "target": "actividad antiinflamatoria", "value": 1}, {"source": "18bc9e24-93cc-41de-83e1-44c11c4bccd2", "target": 1481, "value": 1}, {"source": 1481, "target": "medición", "value": 2}, {"source": 1481, "target": "magnetics", "value": 2}, {"source": 1481, "target": "magnetización", "value": 2}, {"source": 1481, "target": "imanes", "value": 2}, {"source": 1481, "target": "temperatura", "value": 2}, {"source": 1481, "target": "películas delgadas lsmo", "value": 1}, {"source": 1481, "target": "comportamiento crítico", "value": 1}, {"source": 1481, "target": "exponentes críticos", "value": 1}, {"source": 1481, "target": "calculadoras", "value": 1}, {"source": 1481, "target": "cristalizadores", "value": 1}, {"source": 1481, "target": "linealidad", "value": 1}, {"source": 1481, "target": "cristales", "value": 1}, {"source": 1481, "target": "película (s", "value": 1}, {"source": 1481, "target": "modelado", "value": 1}, {"source": 1481, "target": "cruces", "value": 1}, {"source": 1481, "target": "túnel", "value": 1}, {"source": 1481, "target": "magneoresistencia de túneles", "value": 1}, {"source": 1481, "target": "hilado", "value": 1}, {"source": 1481, "target": "ventanas", "value": 1}, {"source": 1481, "target": "resistencia", "value": 1}, {"source": 1481, "target": "medición del campo magnético", "value": 1}, {"source": 1481, "target": "campos magnéticos", "value": 1}, {"source": 1481, "target": "magnetoresistoria", "value": 1}, {"source": 1481, "target": "resiste", "value": 1}, {"source": 1481, "target": "vigas", "value": 1}, {"source": 1481, "target": "vigas moleculares", "value": 1}, {"source": 1481, "target": "aproximación de masa efectiva", "value": 1}, {"source": 1481, "target": "demostraciones experimentales de la dualidad onda-partícula", "value": 1}, {"source": 1481, "target": "pruebas experimentales de relaciones de incertidumbre", "value": 1}, {"source": 1481, "target": "realización experimental del entrelazamiento cuántico", "value": 1}, {"source": "18bc9e24-93cc-41de-83e1-44c11c4bccd2", "target": 1482, "value": 1}, {"source": 1482, "target": "recubrimientos", "value": 31}, {"source": 1482, "target": "película (s", "value": 30}, {"source": 1482, "target": "sustratos", "value": 28}, {"source": 1482, "target": "rayos x", "value": 27}, {"source": 1482, "target": "espectroscopia", "value": 26}, {"source": 1482, "target": "observadores", "value": 25}, {"source": 1482, "target": "temperatura", "value": 25}, {"source": 1482, "target": "químicos", "value": 24}, {"source": 1482, "target": "acero", "value": 23}, {"source": 1482, "target": "difracción de rayos x", "value": 23}, {"source": 1482, "target": "difracción", "value": 23}, {"source": 1482, "target": "observabilidad", "value": 22}, {"source": 1482, "target": "microscopía", "value": 20}, {"source": 1482, "target": "descargas de arco", "value": 20}, {"source": 1482, "target": "cátodos", "value": 19}, {"source": 1482, "target": "producción", "value": 17}, {"source": 1482, "target": "materiales", "value": 16}, {"source": 1482, "target": "morfología", "value": 16}, {"source": 1482, "target": "carbón", "value": 16}, {"source": 1482, "target": "estaño", "value": 16}, {"source": 1482, "target": "plasmas", "value": 15}, {"source": 1482, "target": "productividad", "value": 15}, {"source": 1482, "target": "nitrógeno", "value": 14}, {"source": 1482, "target": "peliculas delgadas", "value": 11}, {"source": 1482, "target": "fuerza atómica microscópica", "value": 11}, {"source": 1482, "target": "microscopio de electrones", "value": 10}, {"source": 1482, "target": "fourier transforma la espectroscopia infrarroja", "value": 10}, {"source": 1482, "target": "energía", "value": 10}, {"source": 1482, "target": "titanio", "value": 10}, {"source": 1482, "target": "actual", "value": 9}, {"source": "18bc9e24-93cc-41de-83e1-44c11c4bccd2", "target": 1484, "value": 1}, {"source": 1484, "target": "materiales", "value": 10}, {"source": 1484, "target": "manganeso", "value": 10}, {"source": 1484, "target": "conductividad", "value": 9}, {"source": 1484, "target": "espectroscopia", "value": 7}, {"source": 1484, "target": "frecuencia", "value": 7}, {"source": 1484, "target": "catalizadores", "value": 7}, {"source": 1484, "target": "electricidad", "value": 7}, {"source": 1484, "target": "temperatura", "value": 7}, {"source": 1484, "target": "electrones", "value": 6}, {"source": 1484, "target": "rayos x", "value": 5}, {"source": 1484, "target": "medición", "value": 5}, {"source": 1484, "target": "microscopía", "value": 4}, {"source": 1484, "target": "microscopio de electrones", "value": 4}, {"source": 1484, "target": "difracción de rayos x", "value": 4}, {"source": 1484, "target": "difracción", "value": 4}, {"source": 1484, "target": "modulación", "value": 4}, {"source": 1484, "target": "protones", "value": 4}, {"source": 1484, "target": "birnesse", "value": 4}, {"source": 1484, "target": "cristalizadores", "value": 4}, {"source": 1484, "target": "cristales", "value": 4}, {"source": 1484, "target": "sólidos", "value": 4}, {"source": 1484, "target": "absorción", "value": 4}, {"source": 1484, "target": "superficies", "value": 3}, {"source": 1484, "target": "autorización", "value": 3}, {"source": 1484, "target": "iones", "value": 3}, {"source": 1484, "target": "espectroscopia de impedancia", "value": 3}, {"source": 1484, "target": "controlabilidad", "value": 3}, {"source": 1484, "target": "generadores", "value": 3}, {"source": 1484, "target": "observadores", "value": 3}, {"source": 1484, "target": "pruebas", "value": 3}, {"source": "18bc9e24-93cc-41de-83e1-44c11c4bccd2", "target": 1485, "value": 1}, {"source": "18bc9e24-93cc-41de-83e1-44c11c4bccd2", "target": 1490, "value": 1}, {"source": 1490, "target": "modelado", "value": 31}, {"source": 1490, "target": "mejoramiento", "value": 27}, {"source": 1490, "target": "químicos", "value": 27}, {"source": 1490, "target": "temperatura", "value": 26}, {"source": 1490, "target": "industrias", "value": 24}, {"source": 1490, "target": "superficies", "value": 21}, {"source": 1490, "target": "producción", "value": 15}, {"source": 1490, "target": "productividad", "value": 14}, {"source": 1490, "target": "aguas residuales", "value": 13}, {"source": 1490, "target": "catalizadores", "value": 13}, {"source": 1490, "target": "oxígeno", "value": 13}, {"source": 1490, "target": "electrodos", "value": 12}, {"source": 1490, "target": "organismos", "value": 12}, {"source": 1490, "target": "degradación", "value": 12}, {"source": 1490, "target": "aplicadores", "value": 12}, {"source": 1490, "target": "momento", "value": 11}, {"source": 1490, "target": "simulación", "value": 11}, {"source": 1490, "target": "herramientas", "value": 11}, {"source": 1490, "target": "organizaciones", "value": 10}, {"source": 1490, "target": "líquidos", "value": 10}, {"source": 1490, "target": "termodinámica", "value": 10}, {"source": 1490, "target": "estabilidad", "value": 10}, {"source": 1490, "target": "pruebas", "value": 10}, {"source": 1490, "target": "dinámica", "value": 9}, {"source": 1490, "target": "carbón", "value": 9}, {"source": 1490, "target": "adecuado", "value": 8}, {"source": 1490, "target": "etanol", "value": 8}, {"source": 1490, "target": "anodos", "value": 8}, {"source": 1490, "target": "minerales", "value": 8}, {"source": 1490, "target": "costos", "value": 8}, {"source": "18bc9e24-93cc-41de-83e1-44c11c4bccd2", "target": 1497, "value": 1}, {"source": "18bc9e24-93cc-41de-83e1-44c11c4bccd2", "target": 1498, "value": 1}, {"source": 1498, "target": "temperatura", "value": 18}, {"source": 1498, "target": "superficies", "value": 17}, {"source": 1498, "target": "momento", "value": 16}, {"source": 1498, "target": "modelado", "value": 14}, {"source": 1498, "target": "organismos", "value": 12}, {"source": 1498, "target": "organizaciones", "value": 12}, {"source": 1498, "target": "mejoramiento", "value": 12}, {"source": 1498, "target": "aditivos", "value": 11}, {"source": 1498, "target": "proteínas", "value": 10}, {"source": 1498, "target": "aplicadores", "value": 10}, {"source": 1498, "target": "adecuado", "value": 10}, {"source": 1498, "target": "medición", "value": 9}, {"source": 1498, "target": "materiales", "value": 9}, {"source": 1498, "target": "estabilidad", "value": 9}, {"source": 1498, "target": "producción", "value": 9}, {"source": 1498, "target": "productividad", "value": 9}, {"source": 1498, "target": "catalizadores", "value": 9}, {"source": 1498, "target": "industrias", "value": 8}, {"source": 1498, "target": "espectroscopia", "value": 8}, {"source": 1498, "target": "carbón", "value": 8}, {"source": 1498, "target": "humedad", "value": 7}, {"source": 1498, "target": "aguas residuales", "value": 7}, {"source": 1498, "target": "planchar", "value": 7}, {"source": 1498, "target": "publicación", "value": 6}, {"source": 1498, "target": "contaminación", "value": 6}, {"source": 1498, "target": "contactos", "value": 6}, {"source": 1498, "target": "costos", "value": 6}, {"source": 1498, "target": "alternadores", "value": 5}, {"source": 1498, "target": "comercialización", "value": 5}, {"source": 1498, "target": "observadores", "value": 5}, {"source": "18bc9e24-93cc-41de-83e1-44c11c4bccd2", "target": 1499, "value": 1}, {"source": 1499, "target": "materiales", "value": 33}, {"source": 1499, "target": "rayos x", "value": 19}, {"source": 1499, "target": "difracción de rayos x", "value": 18}, {"source": 1499, "target": "difracción", "value": 18}, {"source": 1499, "target": "manganeso", "value": 16}, {"source": 1499, "target": "espectroscopia", "value": 15}, {"source": 1499, "target": "microscopía", "value": 14}, {"source": 1499, "target": "microscopio de electrones", "value": 14}, {"source": 1499, "target": "químicos", "value": 13}, {"source": 1499, "target": "temperatura", "value": 10}, {"source": 1499, "target": "superficies", "value": 9}, {"source": 1499, "target": "conductividad", "value": 9}, {"source": 1499, "target": "electrones", "value": 9}, {"source": 1499, "target": "microscopía electrónica de barrido", "value": 9}, {"source": 1499, "target": "iones", "value": 8}, {"source": 1499, "target": "frecuencia", "value": 7}, {"source": 1499, "target": "morfología", "value": 7}, {"source": 1499, "target": "organismos", "value": 7}, {"source": 1499, "target": "organizaciones", "value": 7}, {"source": 1499, "target": "zinc", "value": 6}, {"source": 1499, "target": "medición", "value": 6}, {"source": 1499, "target": "electricidad", "value": 6}, {"source": 1499, "target": "nanopartículas", "value": 6}, {"source": 1499, "target": "potasio", "value": 6}, {"source": 1499, "target": "transformaciones", "value": 6}, {"source": 1499, "target": "aplicadores", "value": 6}, {"source": 1499, "target": "producción", "value": 6}, {"source": 1499, "target": "productividad", "value": 6}, {"source": 1499, "target": "autorización", "value": 5}, {"source": 1499, "target": "catalizadores", "value": 5}, {"source": "18bc9e24-93cc-41de-83e1-44c11c4bccd2", "target": 1500, "value": 1}, {"source": "18bc9e24-93cc-41de-83e1-44c11c4bccd2", "target": 1503, "value": 1}, {"source": 1503, "target": "película (s", "value": 22}, {"source": 1503, "target": "sustratos", "value": 14}, {"source": 1503, "target": "rayos x", "value": 13}, {"source": 1503, "target": "peliculas delgadas", "value": 12}, {"source": 1503, "target": "temperatura", "value": 12}, {"source": 1503, "target": "energía", "value": 12}, {"source": 1503, "target": "difracción de rayos x", "value": 12}, {"source": 1503, "target": "difracción", "value": 12}, {"source": 1503, "target": "generadores", "value": 11}, {"source": 1503, "target": "vidrio", "value": 10}, {"source": 1503, "target": "espectroscopia", "value": 10}, {"source": 1503, "target": "óptica", "value": 8}, {"source": 1503, "target": "microscopía", "value": 7}, {"source": 1503, "target": "observadores", "value": 6}, {"source": 1503, "target": "microscopio de electrones", "value": 6}, {"source": 1503, "target": "absorción", "value": 6}, {"source": 1503, "target": "electricidad", "value": 6}, {"source": 1503, "target": "modelado", "value": 5}, {"source": 1503, "target": "observabilidad", "value": 5}, {"source": 1503, "target": "morfología", "value": 5}, {"source": 1503, "target": "microscopía electrónica de barrido", "value": 5}, {"source": 1503, "target": "electrones", "value": 5}, {"source": 1503, "target": "actual", "value": 5}, {"source": 1503, "target": "voltaje", "value": 5}, {"source": 1503, "target": "magnetics", "value": 4}, {"source": 1503, "target": "magnetización", "value": 4}, {"source": 1503, "target": "propiedades magnéticas", "value": 4}, {"source": 1503, "target": "imanes", "value": 4}, {"source": 1503, "target": "materiales", "value": 4}, {"source": 1503, "target": "gente", "value": 4}, {"source": "18bc9e24-93cc-41de-83e1-44c11c4bccd2", "target": 1512, "value": 1}, {"source": 1512, "target": "momento", "value": 19}, {"source": 1512, "target": "magnetics", "value": 15}, {"source": 1512, "target": "magnetización", "value": 15}, {"source": 1512, "target": "imanes", "value": 15}, {"source": 1512, "target": "envejecimiento", "value": 12}, {"source": 1512, "target": "modelado", "value": 11}, {"source": 1512, "target": "medición", "value": 9}, {"source": 1512, "target": "grabación", "value": 9}, {"source": 1512, "target": "geomagnetismo", "value": 8}, {"source": 1512, "target": "observadores", "value": 8}, {"source": 1512, "target": "observabilidad", "value": 8}, {"source": 1512, "target": "desmagnetización", "value": 6}, {"source": 1512, "target": "calculadoras", "value": 5}, {"source": 1512, "target": "adecuado", "value": 5}, {"source": 1512, "target": "tierra", "value": 5}, {"source": 1512, "target": "rocas", "value": 4}, {"source": 1512, "target": "alternadores", "value": 4}, {"source": 1512, "target": "remanencia", "value": 4}, {"source": 1512, "target": "estandarización", "value": 4}, {"source": 1512, "target": "estándares", "value": 4}, {"source": 1512, "target": "pruebas", "value": 4}, {"source": 1512, "target": "campos magnéticos", "value": 4}, {"source": 1512, "target": "estadísticas", "value": 4}, {"source": 1512, "target": "encendiendo", "value": 3}, {"source": 1512, "target": "recopilación de datos", "value": 3}, {"source": 1512, "target": "cinturones", "value": 3}, {"source": 1512, "target": "limitante", "value": 3}, {"source": 1512, "target": "protocolos", "value": 2}, {"source": 1512, "target": "minerales", "value": 2}, {"source": 1512, "target": "propiedades magnéticas", "value": 2}, {"source": "18bc9e24-93cc-41de-83e1-44c11c4bccd2", "target": 1513, "value": 1}, {"source": "18bc9e24-93cc-41de-83e1-44c11c4bccd2", "target": 1514, "value": 1}, {"source": 1514, "target": "generadores", "value": 10}, {"source": 1514, "target": "energía", "value": 8}, {"source": 1514, "target": "edificios", "value": 8}, {"source": 1514, "target": "temperatura", "value": 7}, {"source": 1514, "target": "modelado", "value": 6}, {"source": 1514, "target": "sistemas fotovoltaicos", "value": 6}, {"source": 1514, "target": "electricidad", "value": 6}, {"source": 1514, "target": "disponibilidad", "value": 5}, {"source": 1514, "target": "actual", "value": 4}, {"source": 1514, "target": "superficies", "value": 4}, {"source": 1514, "target": "eficiencia energética", "value": 4}, {"source": 1514, "target": "calculadoras", "value": 3}, {"source": 1514, "target": "película (s", "value": 3}, {"source": 1514, "target": "relación calidad", "value": 3}, {"source": 1514, "target": "voltaje", "value": 3}, {"source": 1514, "target": "aplicadores", "value": 3}, {"source": 1514, "target": "aluminio", "value": 3}, {"source": 1514, "target": "heterojunciones", "value": 3}, {"source": 1514, "target": "simulación", "value": 3}, {"source": 1514, "target": "edificio integrado fotovoltaica bipv", "value": 3}, {"source": 1514, "target": "estimacion", "value": 3}, {"source": 1514, "target": "reguladores", "value": 3}, {"source": 1514, "target": "reuniones", "value": 3}, {"source": 1514, "target": "energía solar", "value": 3}, {"source": 1514, "target": "fiabilidad", "value": 3}, {"source": 1514, "target": "medición", "value": 2}, {"source": 1514, "target": "linealidad", "value": 2}, {"source": 1514, "target": "modulación", "value": 2}, {"source": 1514, "target": "sistema solar", "value": 2}, {"source": 1514, "target": "pruebas", "value": 2}, {"source": "18bc9e24-93cc-41de-83e1-44c11c4bccd2", "target": 1517, "value": 1}, {"source": 1517, "target": "producción", "value": 49}, {"source": 1517, "target": "productividad", "value": 49}, {"source": 1517, "target": "materiales", "value": 27}, {"source": 1517, "target": "temperatura", "value": 26}, {"source": 1517, "target": "modelado", "value": 25}, {"source": 1517, "target": "químicos", "value": 25}, {"source": 1517, "target": "medición", "value": 24}, {"source": 1517, "target": "pruebas", "value": 24}, {"source": 1517, "target": "aplicadores", "value": 22}, {"source": 1517, "target": "ciencias económicas", "value": 21}, {"source": 1517, "target": "tecnología", "value": 20}, {"source": 1517, "target": "superficies", "value": 20}, {"source": 1517, "target": "industrias", "value": 19}, {"source": 1517, "target": "humedad", "value": 17}, {"source": 1517, "target": "compuestos", "value": 17}, {"source": 1517, "target": "generadores", "value": 17}, {"source": 1517, "target": "momento", "value": 16}, {"source": 1517, "target": "proteínas", "value": 16}, {"source": 1517, "target": "adecuado", "value": 15}, {"source": 1517, "target": "costos", "value": 15}, {"source": 1517, "target": "aditivos", "value": 15}, {"source": 1517, "target": "energía", "value": 14}, {"source": 1517, "target": "mejoramiento", "value": 12}, {"source": 1517, "target": "color", "value": 12}, {"source": 1517, "target": "estabilidad", "value": 12}, {"source": 1517, "target": "vegetación", "value": 11}, {"source": 1517, "target": "publicación", "value": 10}, {"source": 1517, "target": "sólidos", "value": 10}, {"source": 1517, "target": "controlabilidad", "value": 10}, {"source": 1517, "target": "alternadores", "value": 10}, {"source": "18bc9e24-93cc-41de-83e1-44c11c4bccd2", "target": 1519, "value": 1}, {"source": 1519, "target": "pulpa de café", "value": 1}, {"source": 1519, "target": "cafeína", "value": 1}, {"source": 1519, "target": "pleurotus sajor caju", "value": 1}, {"source": 1519, "target": "metabolitos secundarios", "value": 1}, {"source": 1519, "target": "sustratos", "value": 1}, {"source": 1519, "target": "químicos", "value": 1}, {"source": "18bc9e24-93cc-41de-83e1-44c11c4bccd2", "target": 1523, "value": 1}, {"source": 1523, "target": "rayos x", "value": 21}, {"source": 1523, "target": "difracción de rayos x", "value": 19}, {"source": 1523, "target": "difracción", "value": 19}, {"source": 1523, "target": "temperatura", "value": 17}, {"source": 1523, "target": "microscopía", "value": 16}, {"source": 1523, "target": "momento", "value": 14}, {"source": 1523, "target": "microscopio de electrones", "value": 12}, {"source": 1523, "target": "observadores", "value": 11}, {"source": 1523, "target": "observabilidad", "value": 11}, {"source": 1523, "target": "microscopía electrónica de barrido", "value": 11}, {"source": 1523, "target": "calorimetría", "value": 11}, {"source": 1523, "target": "calcio", "value": 8}, {"source": 1523, "target": "producción", "value": 8}, {"source": 1523, "target": "magnetics", "value": 8}, {"source": 1523, "target": "magnetización", "value": 8}, {"source": 1523, "target": "imanes", "value": 8}, {"source": 1523, "target": "medición", "value": 7}, {"source": 1523, "target": "minerales", "value": 7}, {"source": 1523, "target": "químicos", "value": 7}, {"source": 1523, "target": "productividad", "value": 7}, {"source": 1523, "target": "degradación", "value": 7}, {"source": 1523, "target": "aleación", "value": 7}, {"source": 1523, "target": "propiedades magnéticas", "value": 7}, {"source": 1523, "target": "materiales", "value": 7}, {"source": 1523, "target": "gobierno", "value": 6}, {"source": 1523, "target": "pruebas", "value": 6}, {"source": 1523, "target": "energía", "value": 6}, {"source": 1523, "target": "absorción", "value": 6}, {"source": 1523, "target": "análisis térmico", "value": 6}, {"source": 1523, "target": "cristalizadores", "value": 6}, {"source": "18bc9e24-93cc-41de-83e1-44c11c4bccd2", "target": 1525, "value": 1}, {"source": "18bc9e24-93cc-41de-83e1-44c11c4bccd2", "target": 1526, "value": 1}, {"source": 1526, "target": "sustratos", "value": 40}, {"source": 1526, "target": "óptica", "value": 34}, {"source": 1526, "target": "espectroscopia", "value": 33}, {"source": 1526, "target": "película (s", "value": 28}, {"source": 1526, "target": "temperatura", "value": 27}, {"source": 1526, "target": "microscopía", "value": 27}, {"source": 1526, "target": "chisporroteo", "value": 27}, {"source": 1526, "target": "difracción", "value": 26}, {"source": 1526, "target": "magnetrones", "value": 24}, {"source": 1526, "target": "fuerza atómica microscópica", "value": 24}, {"source": 1526, "target": "rayos x", "value": 24}, {"source": 1526, "target": "peliculas delgadas", "value": 20}, {"source": 1526, "target": "superficies", "value": 20}, {"source": 1526, "target": "vigas", "value": 20}, {"source": 1526, "target": "vigas moleculares", "value": 20}, {"source": 1526, "target": "difracción de rayos x", "value": 19}, {"source": 1526, "target": "electrones", "value": 14}, {"source": 1526, "target": "observadores", "value": 14}, {"source": 1526, "target": "energía", "value": 14}, {"source": 1526, "target": "medición", "value": 13}, {"source": 1526, "target": "vidrio", "value": 13}, {"source": 1526, "target": "fuerza", "value": 12}, {"source": 1526, "target": "calculadoras", "value": 12}, {"source": 1526, "target": "frecuencia", "value": 11}, {"source": 1526, "target": "morfología", "value": 11}, {"source": 1526, "target": "cristalizadores", "value": 11}, {"source": 1526, "target": "observabilidad", "value": 11}, {"source": 1526, "target": "microscopio de electrones", "value": 10}, {"source": 1526, "target": "fotografías", "value": 10}, {"source": 1526, "target": "fonons", "value": 10}, {"source": "18bc9e24-93cc-41de-83e1-44c11c4bccd2", "target": 1529, "value": 1}, {"source": 1529, "target": "temperatura", "value": 111}, {"source": 1529, "target": "simulación", "value": 97}, {"source": 1529, "target": "magnetics", "value": 92}, {"source": 1529, "target": "magnetización", "value": 92}, {"source": 1529, "target": "imanes", "value": 92}, {"source": 1529, "target": "película (s", "value": 88}, {"source": 1529, "target": "observadores", "value": 70}, {"source": 1529, "target": "modelado", "value": 66}, {"source": 1529, "target": "observabilidad", "value": 62}, {"source": 1529, "target": "peliculas delgadas", "value": 61}, {"source": 1529, "target": "materiales", "value": 59}, {"source": 1529, "target": "recubrimientos", "value": 54}, {"source": 1529, "target": "rayos x", "value": 47}, {"source": 1529, "target": "sustratos", "value": 46}, {"source": 1529, "target": "difracción", "value": 43}, {"source": 1529, "target": "difracción de rayos x", "value": 42}, {"source": 1529, "target": "chisporroteo", "value": 41}, {"source": 1529, "target": "propiedades magnéticas", "value": 39}, {"source": 1529, "target": "magnetrones", "value": 39}, {"source": 1529, "target": "espectroscopia", "value": 38}, {"source": 1529, "target": "microscopía", "value": 36}, {"source": 1529, "target": "metodos monte carlo", "value": 36}, {"source": 1529, "target": "algoritmos", "value": 36}, {"source": 1529, "target": "superficies", "value": 35}, {"source": 1529, "target": "generadores", "value": 35}, {"source": 1529, "target": "iones", "value": 33}, {"source": 1529, "target": "momento", "value": 32}, {"source": 1529, "target": "campos magnéticos", "value": 32}, {"source": 1529, "target": "energía", "value": 30}, {"source": 1529, "target": "hilado", "value": 30}, {"source": "18bc9e24-93cc-41de-83e1-44c11c4bccd2", "target": 1531, "value": 1}, {"source": 1531, "target": "aditivos", "value": 3}, {"source": 1531, "target": "presion", "value": 2}, {"source": 1531, "target": "aisladores", "value": 1}, {"source": 1531, "target": "cultivos", "value": 1}, {"source": 1531, "target": "administración", "value": 1}, {"source": 1531, "target": "comercialización", "value": 1}, {"source": 1531, "target": "ciencias económicas", "value": 1}, {"source": 1531, "target": "tierra", "value": 1}, {"source": 1531, "target": "agricultura", "value": 1}, {"source": 1531, "target": "alternadores", "value": 1}, {"source": 1531, "target": "producción", "value": 1}, {"source": 1531, "target": "productividad", "value": 1}, {"source": 1531, "target": "proteccion", "value": 1}, {"source": 1531, "target": "proteínas", "value": 1}, {"source": 1531, "target": "momento", "value": 1}, {"source": 1531, "target": "plasmas", "value": 1}, {"source": 1531, "target": "temperatura", "value": 1}, {"source": 1531, "target": "estandarización", "value": 1}, {"source": 1531, "target": "estándares", "value": 1}, {"source": 1531, "target": "genética", "value": 1}, {"source": 1531, "target": "adn", "value": 1}, {"source": 1531, "target": "genómica", "value": 1}, {"source": 1531, "target": "biotecnología", "value": 1}, {"source": 1531, "target": "aplicadores", "value": 1}, {"source": 1531, "target": "estimacion", "value": 1}, {"source": 1531, "target": "mejoramiento", "value": 1}, {"source": 1531, "target": "transformaciones", "value": 1}, {"source": 1531, "target": "transformadores", "value": 1}, {"source": 1531, "target": "fiabilidad", "value": 1}, {"source": "18bc9e24-93cc-41de-83e1-44c11c4bccd2", "target": 1532, "value": 1}, {"source": "18bc9e24-93cc-41de-83e1-44c11c4bccd2", "target": 1533, "value": 1}, {"source": 1533, "target": "simulación", "value": 3}, {"source": 1533, "target": "gráficos", "value": 3}, {"source": 1533, "target": "magnetics", "value": 2}, {"source": 1533, "target": "magnetización", "value": 2}, {"source": 1533, "target": "imanes", "value": 2}, {"source": 1533, "target": "herramientas", "value": 2}, {"source": 1533, "target": "metodos monte carlo", "value": 2}, {"source": 1533, "target": "modelado", "value": 2}, {"source": 1533, "target": "tierra", "value": 1}, {"source": 1533, "target": "propiedades magnéticas", "value": 1}, {"source": 1533, "target": "iones", "value": 1}, {"source": 1533, "target": "materiales magnéticos", "value": 1}, {"source": 1533, "target": "químicos", "value": 1}, {"source": 1533, "target": "programación", "value": 1}, {"source": 1533, "target": "software", "value": 1}, {"source": 1533, "target": "visualización", "value": 1}, {"source": 1533, "target": "resistencia", "value": 1}, {"source": 1533, "target": "susceptibilidad magnética", "value": 1}, {"source": 1533, "target": "materiales", "value": 1}, {"source": 1533, "target": "propiedades materiales", "value": 1}, {"source": 1533, "target": "controlabilidad", "value": 1}, {"source": 1533, "target": "interfaces gráficas de usuario", "value": 1}, {"source": 1533, "target": "aplicadores", "value": 1}, {"source": 1533, "target": "campos magnéticos", "value": 1}, {"source": 1533, "target": "magnetoresistoria", "value": 1}, {"source": 1533, "target": "colosal magnetoresistencia", "value": 1}, {"source": 1533, "target": "aleación", "value": 1}, {"source": 1533, "target": "algoritmos", "value": 1}, {"source": 1533, "target": "temperatura", "value": 1}, {"source": 1533, "target": "reflectividad", "value": 1}, {"source": "18bc9e24-93cc-41de-83e1-44c11c4bccd2", "target": 1534, "value": 1}, {"source": 1534, "target": "magnetics", "value": 21}, {"source": 1534, "target": "magnetización", "value": 21}, {"source": 1534, "target": "imanes", "value": 21}, {"source": 1534, "target": "temperatura", "value": 19}, {"source": 1534, "target": "medición", "value": 15}, {"source": 1534, "target": "difracción de rayos x", "value": 11}, {"source": 1534, "target": "difracción", "value": 11}, {"source": 1534, "target": "modelado", "value": 11}, {"source": 1534, "target": "rayos x", "value": 10}, {"source": 1534, "target": "observadores", "value": 10}, {"source": 1534, "target": "microscopía", "value": 9}, {"source": 1534, "target": "observabilidad", "value": 9}, {"source": 1534, "target": "materiales", "value": 8}, {"source": 1534, "target": "momento", "value": 8}, {"source": 1534, "target": "cristalizadores", "value": 8}, {"source": 1534, "target": "microscopio de electrones", "value": 7}, {"source": 1534, "target": "aleación", "value": 7}, {"source": 1534, "target": "químicos", "value": 6}, {"source": 1534, "target": "cristales", "value": 6}, {"source": 1534, "target": "hilado", "value": 6}, {"source": 1534, "target": "microscopía electrónica de barrido", "value": 5}, {"source": 1534, "target": "publicación", "value": 5}, {"source": 1534, "target": "propiedades magnéticas", "value": 5}, {"source": 1534, "target": "compuestos", "value": 5}, {"source": 1534, "target": "campos magnéticos", "value": 4}, {"source": 1534, "target": "superficies", "value": 4}, {"source": 1534, "target": "calculadoras", "value": 4}, {"source": 1534, "target": "gobierno", "value": 4}, {"source": 1534, "target": "calcio", "value": 4}, {"source": 1534, "target": "correladores", "value": 4}, {"source": "18bc9e24-93cc-41de-83e1-44c11c4bccd2", "target": 1536, "value": 1}, {"source": "18bc9e24-93cc-41de-83e1-44c11c4bccd2", "target": 1538, "value": 1}, {"source": 1538, "target": "recubrimientos", "value": 4}, {"source": 1538, "target": "observadores", "value": 4}, {"source": 1538, "target": "película (s", "value": 4}, {"source": 1538, "target": "cognición", "value": 4}, {"source": 1538, "target": "acero", "value": 3}, {"source": 1538, "target": "observabilidad", "value": 3}, {"source": 1538, "target": "morfología", "value": 3}, {"source": 1538, "target": "carbón", "value": 3}, {"source": 1538, "target": "tamaño de grano", "value": 3}, {"source": 1538, "target": "temperatura", "value": 3}, {"source": 1538, "target": "ordenadores", "value": 3}, {"source": 1538, "target": "comentarios", "value": 3}, {"source": 1538, "target": "pruebas", "value": 2}, {"source": 1538, "target": "espectroscopia", "value": 2}, {"source": 1538, "target": "fourier transforma la espectroscopia infrarroja", "value": 2}, {"source": 1538, "target": "producción", "value": 2}, {"source": 1538, "target": "calculadoras", "value": 2}, {"source": 1538, "target": "descargas de arco", "value": 2}, {"source": 1538, "target": "silicio", "value": 2}, {"source": 1538, "target": "estaño", "value": 2}, {"source": 1538, "target": "energía", "value": 2}, {"source": 1538, "target": "sustratos", "value": 2}, {"source": 1538, "target": "conductividad", "value": 2}, {"source": 1538, "target": "calcio", "value": 2}, {"source": 1538, "target": "electrodos", "value": 2}, {"source": 1538, "target": "microscopía", "value": 2}, {"source": 1538, "target": "difracción de rayos x", "value": 2}, {"source": 1538, "target": "difracción", "value": 2}, {"source": 1538, "target": "rayos x", "value": 2}, {"source": 1538, "target": "aditivos", "value": 2}, {"source": "18bc9e24-93cc-41de-83e1-44c11c4bccd2", "target": 1544, "value": 1}, {"source": 1544, "target": "espectroscopia", "value": 28}, {"source": 1544, "target": "película (s", "value": 24}, {"source": 1544, "target": "óptica", "value": 23}, {"source": 1544, "target": "vibraciones", "value": 22}, {"source": 1544, "target": "materiales", "value": 20}, {"source": 1544, "target": "temperatura", "value": 20}, {"source": 1544, "target": "sustratos", "value": 18}, {"source": 1544, "target": "rayos x", "value": 16}, {"source": 1544, "target": "medición", "value": 15}, {"source": 1544, "target": "energía", "value": 14}, {"source": 1544, "target": "difracción", "value": 13}, {"source": 1544, "target": "electricidad", "value": 13}, {"source": 1544, "target": "controlabilidad", "value": 12}, {"source": 1544, "target": "rieles", "value": 12}, {"source": 1544, "target": "metalización", "value": 12}, {"source": 1544, "target": "momento", "value": 12}, {"source": 1544, "target": "compuestos", "value": 12}, {"source": 1544, "target": "electrones", "value": 11}, {"source": 1544, "target": "difracción de rayos x", "value": 11}, {"source": 1544, "target": "vidrio", "value": 11}, {"source": 1544, "target": "calculadoras", "value": 10}, {"source": 1544, "target": "modelado", "value": 9}, {"source": 1544, "target": "celosías", "value": 9}, {"source": 1544, "target": "nanopartículas", "value": 9}, {"source": 1544, "target": "enrutamiento", "value": 9}, {"source": 1544, "target": "observadores", "value": 9}, {"source": 1544, "target": "observabilidad", "value": 9}, {"source": 1544, "target": "químicos", "value": 8}, {"source": 1544, "target": "microscopía", "value": 7}, {"source": 1544, "target": "conductividad", "value": 7}, {"source": "18bc9e24-93cc-41de-83e1-44c11c4bccd2", "target": 1546, "value": 1}, {"source": 1546, "target": "hilado", "value": 2}, {"source": 1546, "target": "magnetics", "value": 2}, {"source": 1546, "target": "magnetización", "value": 2}, {"source": 1546, "target": "imanes", "value": 2}, {"source": 1546, "target": "electrones", "value": 2}, {"source": 1546, "target": "estandarización", "value": 1}, {"source": 1546, "target": "estándares", "value": 1}, {"source": 1546, "target": "construcción", "value": 1}, {"source": 1546, "target": "acoplamientos", "value": 1}, {"source": 1546, "target": "linealidad", "value": 1}, {"source": 1546, "target": "vectores", "value": 1}, {"source": 1546, "target": "minimización", "value": 1}, {"source": 1546, "target": "transformaciones", "value": 1}, {"source": 1546, "target": "energía", "value": 1}, {"source": 1546, "target": "transformadores", "value": 1}, {"source": 1546, "target": "toma de tierra", "value": 1}, {"source": 1546, "target": "estabilidad", "value": 1}, {"source": 1546, "target": "electricidad", "value": 1}, {"source": 1546, "target": "temperatura", "value": 1}, {"source": 1546, "target": "modelado", "value": 1}, {"source": 1546, "target": "correladores", "value": 1}, {"source": 1546, "target": "correlación", "value": 1}, {"source": "18bc9e24-93cc-41de-83e1-44c11c4bccd2", "target": 2894, "value": 1}, {"source": "18bc9e24-93cc-41de-83e1-44c11c4bccd2", "target": 2905, "value": 1}, {"source": "18bc9e24-93cc-41de-83e1-44c11c4bccd2", "target": 2987, "value": 1}, {"source": "18bc9e24-93cc-41de-83e1-44c11c4bccd2", "target": 3042, "value": 1}, {"source": "18bc9e24-93cc-41de-83e1-44c11c4bccd2", "target": 3081, "value": 1}, {"source": "18bc9e24-93cc-41de-83e1-44c11c4bccd2", "target": 3085, "value": 1}, {"source": "18bc9e24-93cc-41de-83e1-44c11c4bccd2", "target": 3222, "value": 1}, {"source": "18bc9e24-93cc-41de-83e1-44c11c4bccd2", "target": 3263, "value": 1}, {"source": "18bc9e24-93cc-41de-83e1-44c11c4bccd2", "target": 3388, "value": 1}, {"source": "18bc9e24-93cc-41de-83e1-44c11c4bccd2", "target": 3456, "value": 1}], "options": [{"label": "Estado inicial", "value": "Departamento de Física y Química", "group": "00. Opciones predeterminadas"}, {"label": "Agudelo Calle Jairo De Jesus", "value": "Agudelo Calle Jairo De Jesus", "group": "02. Opciones de autor"}, {"label": "Alvarez Miño Lucero", "value": "Alvarez Miño Lucero", "group": "02. Opciones de autor"}, {"label": "Arango Arango Pedro Jose", "value": "Arango Arango Pedro Jose", "group": "02. Opciones de autor"}, {"label": "Becerra Herrera Maria Eugenia", "value": "Becerra Herrera Maria Eugenia", "group": "02. Opciones de autor"}, {"label": "Cardenas Jimenez Jose Israel", "value": "Cardenas Jimenez Jose Israel", "group": "02. Opciones de autor"}, {"label": "Devia Cubillos Alfonso", "value": "Devia Cubillos Alfonso", "group": "02. Opciones de autor"}, {"label": "Dobrosz Gomez Izabela", "value": "Dobrosz Gomez Izabela", "group": "02. Opciones de autor"}, {"label": "Giraldo Arbelaez Jorge Eduardo", "value": "Giraldo Arbelaez Jorge Eduardo", "group": "02. Opciones de autor"}, {"label": "Giraldo Gomez Gloria Ines", "value": "Giraldo Gomez Gloria Ines", "group": "02. Opciones de autor"}, {"label": "Giraldo Osorio Oscar Hernan", "value": "Giraldo Osorio Oscar Hernan", "group": "02. Opciones de autor"}, {"label": "Hernandez Niño Susana", "value": "Hernandez Niño Susana", "group": "02. Opciones de autor"}, {"label": "Jaramillo Trujillo Jose Hernan", "value": "Jaramillo Trujillo Jose Hernan", "group": "02. Opciones de autor"}, {"label": "Jimenez Garcia Francy Nelly", "value": "Jimenez Garcia Francy Nelly", "group": "02. Opciones de autor"}, {"label": "Lopez Ortiz Olga Beatriz", "value": "Lopez Ortiz Olga Beatriz", "group": "02. Opciones de autor"}, {"label": "López Vallejo Fabián Harvey", "value": "López Vallejo Fabián Harvey", "group": "02. Opciones de autor"}, {"label": "Macías Quiroga Iván Fernando", "value": "Macías Quiroga Iván Fernando", "group": "02. Opciones de autor"}, {"label": "Mejia Bernal Victoria", "value": "Mejia Bernal Victoria", "group": "02. Opciones de autor"}, {"label": "Montoya Cadavid Gildardo De Jesus", "value": "Montoya Cadavid Gildardo De Jesus", "group": "02. Opciones de autor"}, {"label": "Mulcue Nieto Luis Fernando", "value": "Mulcue Nieto Luis Fernando", "group": "02. Opciones de autor"}, {"label": "Orrego Alzate Carlos Eduardo", "value": "Orrego Alzate Carlos Eduardo", "group": "02. Opciones de autor"}, {"label": "Orrego Cardozo Mary", "value": "Orrego Cardozo Mary", "group": "02. Opciones de autor"}, {"label": "Osorio Zuluaga Hector Jairo", "value": "Osorio Zuluaga Hector Jairo", "group": "02. Opciones de autor"}, {"label": "Pineda Gomez Posidia", "value": "Pineda Gomez Posidia", "group": "02. Opciones de autor"}, {"label": "Prieto Castañeda Natalia", "value": "Prieto Castañeda Natalia", "group": "02. Opciones de autor"}, {"label": "Pulzara Mora Alvaro Orlando", "value": "Pulzara Mora Alvaro Orlando", "group": "02. Opciones de autor"}, {"label": "Restrepo Parra Elisabeth", "value": "Restrepo Parra Elisabeth", "group": "02. Opciones de autor"}, {"label": "Ricardo López Walter", "value": "Ricardo López Walter", "group": "02. Opciones de autor"}, {"label": "Rios Barco Hector Silvio", "value": "Rios Barco Hector Silvio", "group": "02. Opciones de autor"}, {"label": "Rodriguez Castro Yolanda", "value": "Rodriguez Castro Yolanda", "group": "02. Opciones de autor"}, {"label": "Rojas Calderon Edilberto", "value": "Rojas Calderon Edilberto", "group": "02. Opciones de autor"}, {"label": "Rosales Rivera Andres", "value": "Rosales Rivera Andres", "group": "02. Opciones de autor"}, {"label": "Salazar Buitrago John Jairo", "value": "Salazar Buitrago John Jairo", "group": "02. Opciones de autor"}, {"label": "Santamaria Munoz Camilo", "value": "Santamaria Munoz Camilo", "group": "02. Opciones de autor"}, {"label": "Segura Giraldo Belarmino", "value": "Segura Giraldo Belarmino", "group": "02. Opciones de autor"}, {"label": "Toro Alzate Carlos Enrique", "value": "Toro Alzate Carlos Enrique", "group": "02. Opciones de autor"}, {"label": "Torres Ceron Darwin Augusto", "value": "Torres Ceron Darwin Augusto", "group": "02. Opciones de autor"}, {"label": "Vargas Hernandez Carlos", "value": "Vargas Hernandez Carlos", "group": "02. Opciones de autor"}, {"label": "Vivas Calderon Edgar Hernan", "value": "Vivas Calderon Edgar Hernan", "group": "02. Opciones de autor"}, {"label": "Departamento de Física y Química", "value": "Departamento de Física y Química", "group": "02. Opciones de uab"}, {"label": "absorción", "value": "absorción", "group": "03. Opciones de temas"}, {"label": "acero", "value": "acero", "group": "03. Opciones de temas"}, {"label": "acoplamientos", "value": "acoplamientos", "group": "03. Opciones de temas"}, {"label": "actividad antiinflamatoria", "value": "actividad antiinflamatoria", "group": "03. Opciones de temas"}, {"label": "actual", "value": "actual", "group": "03. Opciones de temas"}, {"label": "adecuado", "value": "adecuado", "group": "03. Opciones de temas"}, {"label": "aditivos", "value": "aditivos", "group": "03. Opciones de temas"}, {"label": "administración", "value": "administración", "group": "03. Opciones de temas"}, {"label": "adn", "value": "adn", "group": "03. Opciones de temas"}, {"label": "agentes antiinflamatorios", "value": "agentes antiinflamatorios", "group": "03. Opciones de temas"}, {"label": "ageratum conyzoides", "value": "ageratum conyzoides", "group": "03. Opciones de temas"}, {"label": "agricultura", "value": "agricultura", "group": "03. Opciones de temas"}, {"label": "aguas residuales", "value": "aguas residuales", "group": "03. Opciones de temas"}, {"label": "aisladores", "value": "aisladores", "group": "03. Opciones de temas"}, {"label": "aleación", "value": "aleación", "group": "03. Opciones de temas"}, {"label": "algoritmos", "value": "algoritmos", "group": "03. Opciones de temas"}, {"label": "alternadores", "value": "alternadores", "group": "03. Opciones de temas"}, {"label": "aluminio", "value": "aluminio", "group": "03. Opciones de temas"}, {"label": "anodos", "value": "anodos", "group": "03. Opciones de temas"}, {"label": "análisis térmico", "value": "análisis térmico", "group": "03. Opciones de temas"}, {"label": "aplicadores", "value": "aplicadores", "group": "03. Opciones de temas"}, {"label": "aproximación de masa efectiva", "value": "aproximación de masa efectiva", "group": "03. Opciones de temas"}, {"label": "asteraceae", "value": "asteraceae", "group": "03. Opciones de temas"}, {"label": "autorización", "value": "autorización", "group": "03. Opciones de temas"}, {"label": "biotecnología", "value": "biotecnología", "group": "03. Opciones de temas"}, {"label": "birnesse", "value": "birnesse", "group": "03. Opciones de temas"}, {"label": "bolsa de aire del ratón", "value": "bolsa de aire del ratón", "group": "03. Opciones de temas"}, {"label": "cafeína", "value": "cafeína", "group": "03. Opciones de temas"}, {"label": "calcio", "value": "calcio", "group": "03. Opciones de temas"}, {"label": "calculadoras", "value": "calculadoras", "group": "03. Opciones de temas"}, {"label": "calorimetría", "value": "calorimetría", "group": "03. Opciones de temas"}, {"label": "campos magnéticos", "value": "campos magnéticos", "group": "03. Opciones de temas"}, {"label": "carbón", "value": "carbón", "group": "03. Opciones de temas"}, {"label": "catalizadores", "value": "catalizadores", "group": "03. Opciones de temas"}, {"label": "celosías", "value": "celosías", "group": "03. Opciones de temas"}, {"label": "chisporroteo", "value": "chisporroteo", "group": "03. Opciones de temas"}, {"label": "ciencias económicas", "value": "ciencias económicas", "group": "03. Opciones de temas"}, {"label": "cinturones", "value": "cinturones", "group": "03. Opciones de temas"}, {"label": "cognición", "value": "cognición", "group": "03. Opciones de temas"}, {"label": "color", "value": "color", "group": "03. Opciones de temas"}, {"label": "colosal magnetoresistencia", "value": "colosal magnetoresistencia", "group": "03. Opciones de temas"}, {"label": "comentarios", "value": "comentarios", "group": "03. Opciones de temas"}, {"label": "comercialización", "value": "comercialización", "group": "03. Opciones de temas"}, {"label": "comportamiento crítico", "value": "comportamiento crítico", "group": "03. Opciones de temas"}, {"label": "compuestos", "value": "compuestos", "group": "03. Opciones de temas"}, {"label": "conductividad", "value": "conductividad", "group": "03. Opciones de temas"}, {"label": "construcción", "value": "construcción", "group": "03. Opciones de temas"}, {"label": "contactos", "value": "contactos", "group": "03. Opciones de temas"}, {"label": "contaminación", "value": "contaminación", "group": "03. Opciones de temas"}, {"label": "controlabilidad", "value": "controlabilidad", "group": "03. Opciones de temas"}, {"label": "correlación", "value": "correlación", "group": "03. Opciones de temas"}, {"label": "correladores", "value": "correladores", "group": "03. Opciones de temas"}, {"label": "costos", "value": "costos", "group": "03. Opciones de temas"}, {"label": "cristales", "value": "cristales", "group": "03. Opciones de temas"}, {"label": "cristalizadores", "value": "cristalizadores", "group": "03. Opciones de temas"}, {"label": "cruces", "value": "cruces", "group": "03. Opciones de temas"}, {"label": "cultivos", "value": "cultivos", "group": "03. Opciones de temas"}, {"label": "cátodos", "value": "cátodos", "group": "03. Opciones de temas"}, {"label": "degradación", "value": "degradación", "group": "03. Opciones de temas"}, {"label": "degranulación de laastasa", "value": "degranulación de laastasa", "group": "03. Opciones de temas"}, {"label": "demostraciones experimentales de la dualidad onda-partícula", "value": "demostraciones experimentales de la dualidad onda-partícula", "group": "03. Opciones de temas"}, {"label": "descargas de arco", "value": "descargas de arco", "group": "03. Opciones de temas"}, {"label": "desmagnetización", "value": "desmagnetización", "group": "03. Opciones de temas"}, {"label": "difracción", "value": "difracción", "group": "03. Opciones de temas"}, {"label": "difracción de rayos x", "value": "difracción de rayos x", "group": "03. Opciones de temas"}, {"label": "dinámica", "value": "dinámica", "group": "03. Opciones de temas"}, {"label": "disponibilidad", "value": "disponibilidad", "group": "03. Opciones de temas"}, {"label": "edificio integrado fotovoltaica bipv", "value": "edificio integrado fotovoltaica bipv", "group": "03. Opciones de temas"}, {"label": "edificios", "value": "edificios", "group": "03. Opciones de temas"}, {"label": "eficiencia energética", "value": "eficiencia energética", "group": "03. Opciones de temas"}, {"label": "electricidad", "value": "electricidad", "group": "03. Opciones de temas"}, {"label": "electrodos", "value": "electrodos", "group": "03. Opciones de temas"}, {"label": "electrones", "value": "electrones", "group": "03. Opciones de temas"}, {"label": "encendiendo", "value": "encendiendo", "group": "03. Opciones de temas"}, {"label": "energía", "value": "energía", "group": "03. Opciones de temas"}, {"label": "energía solar", "value": "energía solar", "group": "03. Opciones de temas"}, {"label": "enrutamiento", "value": "enrutamiento", "group": "03. Opciones de temas"}, {"label": "envejecimiento", "value": "envejecimiento", "group": "03. Opciones de temas"}, {"label": "espectroscopia", "value": "espectroscopia", "group": "03. Opciones de temas"}, {"label": "espectroscopia de impedancia", "value": "espectroscopia de impedancia", "group": "03. Opciones de temas"}, {"label": "estabilidad", "value": "estabilidad", "group": "03. Opciones de temas"}, {"label": "estadísticas", "value": "estadísticas", "group": "03. Opciones de temas"}, {"label": "estandarización", "value": "estandarización", "group": "03. Opciones de temas"}, {"label": "estante", "value": "estante", "group": "03. Opciones de temas"}, {"label": "estaño", "value": "estaño", "group": "03. Opciones de temas"}, {"label": "estimacion", "value": "estimacion", "group": "03. Opciones de temas"}, {"label": "estándares", "value": "estándares", "group": "03. Opciones de temas"}, {"label": "etanol", "value": "etanol", "group": "03. Opciones de temas"}, {"label": "exponentes críticos", "value": "exponentes críticos", "group": "03. Opciones de temas"}, {"label": "fiabilidad", "value": "fiabilidad", "group": "03. Opciones de temas"}, {"label": "fisalis", "value": "fisalis", "group": "03. Opciones de temas"}, {"label": "fonons", "value": "fonons", "group": "03. Opciones de temas"}, {"label": "fotografías", "value": "fotografías", "group": "03. Opciones de temas"}, {"label": "fourier transforma la espectroscopia infrarroja", "value": "fourier transforma la espectroscopia infrarroja", "group": "03. Opciones de temas"}, {"label": "fraccionamiento", "value": "fraccionamiento", "group": "03. Opciones de temas"}, {"label": "frecuencia", "value": "frecuencia", "group": "03. Opciones de temas"}, {"label": "fuerza", "value": "fuerza", "group": "03. Opciones de temas"}, {"label": "fuerza atómica microscópica", "value": "fuerza atómica microscópica", "group": "03. Opciones de temas"}, {"label": "generadores", "value": "generadores", "group": "03. Opciones de temas"}, {"label": "gente", "value": "gente", "group": "03. Opciones de temas"}, {"label": "genética", "value": "genética", "group": "03. Opciones de temas"}, {"label": "genómica", "value": "genómica", "group": "03. Opciones de temas"}, {"label": "geomagnetismo", "value": "geomagnetismo", "group": "03. Opciones de temas"}, {"label": "gobierno", "value": "gobierno", "group": "03. Opciones de temas"}, {"label": "grabación", "value": "grabación", "group": "03. Opciones de temas"}, {"label": "gráficos", "value": "gráficos", "group": "03. Opciones de temas"}, {"label": "herramientas", "value": "herramientas", "group": "03. Opciones de temas"}, {"label": "heterojunciones", "value": "heterojunciones", "group": "03. Opciones de temas"}, {"label": "hilado", "value": "hilado", "group": "03. Opciones de temas"}, {"label": "humedad", "value": "humedad", "group": "03. Opciones de temas"}, {"label": "imanes", "value": "imanes", "group": "03. Opciones de temas"}, {"label": "industrias", "value": "industrias", "group": "03. Opciones de temas"}, {"label": "inflamación", "value": "inflamación", "group": "03. Opciones de temas"}, {"label": "inhibición de la fosfolipasa", "value": "inhibición de la fosfolipasa", "group": "03. Opciones de temas"}, {"label": "insecticida natural", "value": "insecticida natural", "group": "03. Opciones de temas"}, {"label": "interfaces gráficas de usuario", "value": "interfaces gráficas de usuario", "group": "03. Opciones de temas"}, {"label": "iones", "value": "iones", "group": "03. Opciones de temas"}, {"label": "labiatae", "value": "labiatae", "group": "03. Opciones de temas"}, {"label": "limitante", "value": "limitante", "group": "03. Opciones de temas"}, {"label": "linealidad", "value": "linealidad", "group": "03. Opciones de temas"}, {"label": "líquidos", "value": "líquidos", "group": "03. Opciones de temas"}, {"label": "magneoresistencia de túneles", "value": "magneoresistencia de túneles", "group": "03. Opciones de temas"}, {"label": "magnetics", "value": "magnetics", "group": "03. Opciones de temas"}, {"label": "magnetización", "value": "magnetización", "group": "03. Opciones de temas"}, {"label": "magnetoresistoria", "value": "magnetoresistoria", "group": "03. Opciones de temas"}, {"label": "magnetrones", "value": "magnetrones", "group": "03. Opciones de temas"}, {"label": "manganeso", "value": "manganeso", "group": "03. Opciones de temas"}, {"label": "masculino", "value": "masculino", "group": "03. Opciones de temas"}, {"label": "materiales", "value": "materiales", "group": "03. Opciones de temas"}, {"label": "materiales magnéticos", "value": "materiales magnéticos", "group": "03. Opciones de temas"}, {"label": "medicinal", "value": "medicinal", "group": "03. Opciones de temas"}, {"label": "medición", "value": "medición", "group": "03. Opciones de temas"}, {"label": "medición del campo magnético", "value": "medición del campo magnético", "group": "03. Opciones de temas"}, {"label": "mejoramiento", "value": "mejoramiento", "group": "03. Opciones de temas"}, {"label": "metabolitos secundarios", "value": "metabolitos secundarios", "group": "03. Opciones de temas"}, {"label": "metalización", "value": "metalización", "group": "03. Opciones de temas"}, {"label": "metodos monte carlo", "value": "metodos monte carlo", "group": "03. Opciones de temas"}, {"label": "microscopio de electrones", "value": "microscopio de electrones", "group": "03. Opciones de temas"}, {"label": "microscopía", "value": "microscopía", "group": "03. Opciones de temas"}, {"label": "microscopía electrónica de barrido", "value": "microscopía electrónica de barrido", "group": "03. Opciones de temas"}, {"label": "minerales", "value": "minerales", "group": "03. Opciones de temas"}, {"label": "minimización", "value": "minimización", "group": "03. Opciones de temas"}, {"label": "modelado", "value": "modelado", "group": "03. Opciones de temas"}, {"label": "modulación", "value": "modulación", "group": "03. Opciones de temas"}, {"label": "momento", "value": "momento", "group": "03. Opciones de temas"}, {"label": "morfología", "value": "morfología", "group": "03. Opciones de temas"}, {"label": "myrsine guianensis", "value": "myrsine guianensis", "group": "03. Opciones de temas"}, {"label": "nanopartículas", "value": "nanopartículas", "group": "03. Opciones de temas"}, {"label": "nitrógeno", "value": "nitrógeno", "group": "03. Opciones de temas"}, {"label": "observabilidad", "value": "observabilidad", "group": "03. Opciones de temas"}, {"label": "observadores", "value": "observadores", "group": "03. Opciones de temas"}, {"label": "ordenadores", "value": "ordenadores", "group": "03. Opciones de temas"}, {"label": "organismos", "value": "organismos", "group": "03. Opciones de temas"}, {"label": "organizaciones", "value": "organizaciones", "group": "03. Opciones de temas"}, {"label": "oxígeno", "value": "oxígeno", "group": "03. Opciones de temas"}, {"label": "peliculas delgadas", "value": "peliculas delgadas", "group": "03. Opciones de temas"}, {"label": "película (s", "value": "película (s", "group": "03. Opciones de temas"}, {"label": "películas delgadas lsmo", "value": "películas delgadas lsmo", "group": "03. Opciones de temas"}, {"label": "planchar", "value": "planchar", "group": "03. Opciones de temas"}, {"label": "plantas", "value": "plantas", "group": "03. Opciones de temas"}, {"label": "plasmas", "value": "plasmas", "group": "03. Opciones de temas"}, {"label": "pleurotus sajor caju", "value": "pleurotus sajor caju", "group": "03. Opciones de temas"}, {"label": "potasio", "value": "potasio", "group": "03. Opciones de temas"}, {"label": "presion", "value": "presion", "group": "03. Opciones de temas"}, {"label": "producción", "value": "producción", "group": "03. Opciones de temas"}, {"label": "productividad", "value": "productividad", "group": "03. Opciones de temas"}, {"label": "programación", "value": "programación", "group": "03. Opciones de temas"}, {"label": "propiedades magnéticas", "value": "propiedades magnéticas", "group": "03. Opciones de temas"}, {"label": "propiedades materiales", "value": "propiedades materiales", "group": "03. Opciones de temas"}, {"label": "proteccion", "value": "proteccion", "group": "03. Opciones de temas"}, {"label": "proteínas", "value": "proteínas", "group": "03. Opciones de temas"}, {"label": "protocolos", "value": "protocolos", "group": "03. Opciones de temas"}, {"label": "protones", "value": "protones", "group": "03. Opciones de temas"}, {"label": "pruebas", "value": "pruebas", "group": "03. Opciones de temas"}, {"label": "pruebas experimentales de relaciones de incertidumbre", "value": "pruebas experimentales de relaciones de incertidumbre", "group": "03. Opciones de temas"}, {"label": "publicación", "value": "publicación", "group": "03. Opciones de temas"}, {"label": "pulpa de café", "value": "pulpa de café", "group": "03. Opciones de temas"}, {"label": "químicos", "value": "químicos", "group": "03. Opciones de temas"}, {"label": "rayos x", "value": "rayos x", "group": "03. Opciones de temas"}, {"label": "realización experimental del entrelazamiento cuántico", "value": "realización experimental del entrelazamiento cuántico", "group": "03. Opciones de temas"}, {"label": "recopilación de datos", "value": "recopilación de datos", "group": "03. Opciones de temas"}, {"label": "recubrimientos", "value": "recubrimientos", "group": "03. Opciones de temas"}, {"label": "reflectividad", "value": "reflectividad", "group": "03. Opciones de temas"}, {"label": "reguladores", "value": "reguladores", "group": "03. Opciones de temas"}, {"label": "relación calidad", "value": "relación calidad", "group": "03. Opciones de temas"}, {"label": "remanencia", "value": "remanencia", "group": "03. Opciones de temas"}, {"label": "resiste", "value": "resiste", "group": "03. Opciones de temas"}, {"label": "resistencia", "value": "resistencia", "group": "03. Opciones de temas"}, {"label": "reuniones", "value": "reuniones", "group": "03. Opciones de temas"}, {"label": "rieles", "value": "rieles", "group": "03. Opciones de temas"}, {"label": "rocas", "value": "rocas", "group": "03. Opciones de temas"}, {"label": "salvia palaefolia", "value": "salvia palaefolia", "group": "03. Opciones de temas"}, {"label": "sesquiterpene lactones", "value": "sesquiterpene lactones", "group": "03. Opciones de temas"}, {"label": "silicio", "value": "silicio", "group": "03. Opciones de temas"}, {"label": "simulación", "value": "simulación", "group": "03. Opciones de temas"}, {"label": "sistema solar", "value": "sistema solar", "group": "03. Opciones de temas"}, {"label": "sistemas fotovoltaicos", "value": "sistemas fotovoltaicos", "group": "03. Opciones de temas"}, {"label": "software", "value": "software", "group": "03. Opciones de temas"}, {"label": "solanaceae", "value": "solanaceae", "group": "03. Opciones de temas"}, {"label": "superficies", "value": "superficies", "group": "03. Opciones de temas"}, {"label": "susceptibilidad magnética", "value": "susceptibilidad magnética", "group": "03. Opciones de temas"}, {"label": "sustratos", "value": "sustratos", "group": "03. Opciones de temas"}, {"label": "sólidos", "value": "sólidos", "group": "03. Opciones de temas"}, {"label": "tamaño de grano", "value": "tamaño de grano", "group": "03. Opciones de temas"}, {"label": "tecnología", "value": "tecnología", "group": "03. Opciones de temas"}, {"label": "temperatura", "value": "temperatura", "group": "03. Opciones de temas"}, {"label": "termodinámica", "value": "termodinámica", "group": "03. Opciones de temas"}, {"label": "tierra", "value": "tierra", "group": "03. Opciones de temas"}, {"label": "titanio", "value": "titanio", "group": "03. Opciones de temas"}, {"label": "toma de tierra", "value": "toma de tierra", "group": "03. Opciones de temas"}, {"label": "transformaciones", "value": "transformaciones", "group": "03. Opciones de temas"}, {"label": "transformadores", "value": "transformadores", "group": "03. Opciones de temas"}, {"label": "túnel", "value": "túnel", "group": "03. Opciones de temas"}, {"label": "vectores", "value": "vectores", "group": "03. Opciones de temas"}, {"label": "vegetación", "value": "vegetación", "group": "03. Opciones de temas"}, {"label": "ventanas", "value": "ventanas", "group": "03. Opciones de temas"}, {"label": "vibraciones", "value": "vibraciones", "group": "03. Opciones de temas"}, {"label": "vidrio", "value": "vidrio", "group": "03. Opciones de temas"}, {"label": "vigas", "value": "vigas", "group": "03. Opciones de temas"}, {"label": "vigas moleculares", "value": "vigas moleculares", "group": "03. Opciones de temas"}, {"label": "visualización", "value": "visualización", "group": "03. Opciones de temas"}, {"label": "voltaje", "value": "voltaje", "group": "03. Opciones de temas"}, {"label": "zinc", "value": "zinc", "group": "03. Opciones de temas"}, {"label": "óptica", "value": "óptica", "group": "03. Opciones de temas"}]}