{"nodes": [{"id": "45c9ccd4-31cc-4e51-a527-e9234f433af3", "label": "Departamento de Obstetricia y Ginecología", "type": "uab"}, {"id": 33, "label": "Amaya Guio Jairo", "type": "author"}, {"id": "pacientes", "label": "pacientes", "type": "topic"}, {"id": "mujeres", "label": "mujeres", "type": "topic"}, {"id": "colombia", "label": "colombia", "type": "topic"}, {"id": "riesgo", "label": "riesgo", "type": "topic"}, {"id": "embarazo", "label": "embarazo", "type": "topic"}, {"id": "envejecimiento", "label": "envejecimiento", "type": "topic"}, {"id": "infecciones", "label": "infecciones", "type": "topic"}, {"id": "críticas", "label": "críticas", "type": "topic"}, {"id": "revisión", "label": "revisión", "type": "topic"}, {"id": "materiales", "label": "materiales", "type": "topic"}, {"id": "métodos", "label": "métodos", "type": "topic"}, {"id": "sistemática", "label": "sistemática", "type": "topic"}, {"id": "guía", "label": "guía", "type": "topic"}, {"id": "el embarazo", "label": "el embarazo", "type": "topic"}, {"id": "diagnóstico", "label": "diagnóstico", "type": "topic"}, {"id": "pautas", "label": "pautas", "type": "topic"}, {"id": "guía de práctica clínica", "label": "guía de práctica clínica", "type": "topic"}, {"id": "salud", "label": "salud", "type": "topic"}, {"id": "anciano", "label": "anciano", "type": "topic"}, {"id": "anciano de 80 o más años", "label": "anciano de 80 o más años", "type": "topic"}, {"id": "hospitals", "label": "hospitals", "type": "topic"}, {"id": "hospitalización", "label": "hospitalización", "type": "topic"}, {"id": "patología", "label": "patología", "type": "topic"}, {"id": "complicidad", "label": "complicidad", "type": "topic"}, {"id": "seguridad", "label": "seguridad", "type": "topic"}, {"id": "morbilidad", "label": "morbilidad", "type": "topic"}, {"id": "hospitales", "label": "hospitales", "type": "topic"}, {"id": "organismos", "label": "organismos", "type": "topic"}, {"id": "administración", "label": "administración", "type": "topic"}, {"id": "asociación", "label": "asociación", "type": "topic"}, {"id": 40, "label": "Angel Muller Edith", "type": "author"}, {"id": "pruebas", "label": "pruebas", "type": "topic"}, {"id": "sífilis", "label": "sífilis", "type": "topic"}, {"id": "mujeres embarazadas", "label": "mujeres embarazadas", "type": "topic"}, {"id": "prevalencia", "label": "prevalencia", "type": "topic"}, {"id": "sexualidad", "label": "sexualidad", "type": "topic"}, {"id": "vaginitis", "label": "vaginitis", "type": "topic"}, {"id": "controlabilidad", "label": "controlabilidad", "type": "topic"}, {"id": "sensibilidad", "label": "sensibilidad", "type": "topic"}, {"id": "obstetricia", "label": "obstetricia", "type": "topic"}, {"id": "toxoplasmosis", "label": "toxoplasmosis", "type": "topic"}, {"id": "toxoplasma", "label": "toxoplasma", "type": "topic"}, {"id": 46, "label": "Aragón Miguel Eduardo", "type": "author"}, {"id": "pediatría", "label": "pediatría", "type": "topic"}, {"id": "mycobacterium", "label": "mycobacterium", "type": "topic"}, {"id": "mycobacterium tuberculosis", "label": "mycobacterium tuberculosis", "type": "topic"}, {"id": "tuberculosis", "label": "tuberculosis", "type": "topic"}, {"id": "adn", "label": "adn", "type": "topic"}, {"id": "ribotipificación", "label": "ribotipificación", "type": "topic"}, {"id": "momias", "label": "momias", "type": "topic"}, {"id": "fumadores", "label": "fumadores", "type": "topic"}, {"id": "hijo único", "label": "hijo único", "type": "topic"}, {"id": "niño", "label": "niño", "type": "topic"}, {"id": "apnea", "label": "apnea", "type": "topic"}, {"id": "sueño", "label": "sueño", "type": "topic"}, {"id": "neumonía bacteriana", "label": "neumonía bacteriana", "type": "topic"}, {"id": "neumonía", "label": "neumonía", "type": "topic"}, {"id": "broncoscopía", "label": "broncoscopía", "type": "topic"}, {"id": "asma", "label": "asma", "type": "topic"}, {"id": "afecto", "label": "afecto", "type": "topic"}, {"id": "salud pública", "label": "salud pública", "type": "topic"}, {"id": "publicaciones", "label": "publicaciones", "type": "topic"}, {"id": "grupos de edad", "label": "grupos de edad", "type": "topic"}, {"id": 55, "label": "Arenas Gamboa Jaime", "type": "author"}, {"id": "incidencia", "label": "incidencia", "type": "topic"}, {"id": "literatura", "label": "literatura", "type": "topic"}, {"id": "pronóstico", "label": "pronóstico", "type": "topic"}, {"id": "ginecología", "label": "ginecología", "type": "topic"}, {"id": "ciudades", "label": "ciudades", "type": "topic"}, {"id": "salud del niño", "label": "salud del niño", "type": "topic"}, {"id": "maternidades", "label": "maternidades", "type": "topic"}, {"id": "servicios de salud", "label": "servicios de salud", "type": "topic"}, {"id": "servicios de salud del niño", "label": "servicios de salud del niño", "type": "topic"}, {"id": "servicios de salud materno-infantil", "label": "servicios de salud materno-infantil", "type": "topic"}, {"id": "correlacionadores", "label": "correlacionadores", "type": "topic"}, {"id": "frecuencia", "label": "frecuencia", "type": "topic"}, {"id": 62, "label": "Arteaga Díaz Clara Eugenia", "type": "author"}, {"id": "mutación", "label": "mutación", "type": "topic"}, {"id": "genes", "label": "genes", "type": "topic"}, {"id": "síndrome de down", "label": "síndrome de down", "type": "topic"}, {"id": "síndrome", "label": "síndrome", "type": "topic"}, {"id": "familia", "label": "familia", "type": "topic"}, {"id": "genética", "label": "genética", "type": "topic"}, {"id": "metabolismo", "label": "metabolismo", "type": "topic"}, {"id": "historia", "label": "historia", "type": "topic"}, {"id": "células", "label": "células", "type": "topic"}, {"id": "células 3t3", "label": "células 3t3", "type": "topic"}, {"id": "células a549", "label": "células a549", "type": "topic"}, {"id": "proteínas 14-3-3", "label": "proteínas 14-3-3", "type": "topic"}, {"id": "retardantes", "label": "retardantes", "type": "topic"}, {"id": "mortalidad", "label": "mortalidad", "type": "topic"}, {"id": "enzimas", "label": "enzimas", "type": "topic"}, {"id": "fibroblastos", "label": "fibroblastos", "type": "topic"}, {"id": "investigación", "label": "investigación", "type": "topic"}, {"id": 86, "label": "Bautista Charry Alejandro Antonio", "type": "author"}, {"id": "fisiología", "label": "fisiología", "type": "topic"}, {"id": "periodicidad", "label": "periodicidad", "type": "topic"}, {"id": "indicators", "label": "indicators", "type": "topic"}, {"id": "pregnancy", "label": "pregnancy", "type": "topic"}, {"id": "triglycerides", "label": "triglycerides", "type": "topic"}, {"id": "triglicéridos", "label": "triglicéridos", "type": "topic"}, {"id": "women", "label": "women", "type": "topic"}, {"id": "we", "label": "we", "type": "topic"}, {"id": "índices", "label": "índices", "type": "topic"}, {"id": "cholesterol", "label": "cholesterol", "type": "topic"}, {"id": "density", "label": "density", "type": "topic"}, {"id": "glucose", "label": "glucose", "type": "topic"}, {"id": "lipoproteins", "label": "lipoproteins", "type": "topic"}, {"id": "longitudinal studies", "label": "longitudinal studies", "type": "topic"}, {"id": "colesterol", "label": "colesterol", "type": "topic"}, {"id": "glucosa", "label": "glucosa", "type": "topic"}, {"id": "lipoproteínas", "label": "lipoproteínas", "type": "topic"}, {"id": "lipoproteína(a)", "label": "lipoproteína(a)", "type": "topic"}, {"id": "estudios longitudinales", "label": "estudios longitudinales", "type": "topic"}, {"id": 177, "label": "Castro Sanguino Alejandro", "type": "author"}, {"id": "hipertensión", "label": "hipertensión", "type": "topic"}, {"id": "trabajo", "label": "trabajo", "type": "topic"}, {"id": "generadores", "label": "generadores", "type": "topic"}, {"id": "probabilidad", "label": "probabilidad", "type": "topic"}, {"id": "availability", "label": "availability", "type": "topic"}, {"id": "enfermedades", "label": "enfermedades", "type": "topic"}, {"id": "enfermedad", "label": "enfermedad", "type": "topic"}, {"id": "cuidado prenatal", "label": "cuidado prenatal", "type": "topic"}, {"id": "inducido por el embarazo", "label": "inducido por el embarazo", "type": "topic"}, {"id": "la evidencia se basa en la practica", "label": "la evidencia se basa en la practica", "type": "topic"}, {"id": "guías de práctica clínica", "label": "guías de práctica clínica", "type": "topic"}, {"id": "atención prenatal", "label": "atención prenatal", "type": "topic"}, {"id": "embarazo inducido", "label": "embarazo inducido", "type": "topic"}, {"id": "práctica clínica basada en la evidencia", "label": "práctica clínica basada en la evidencia", "type": "topic"}, {"id": "directrices de práctica clínica", "label": "directrices de práctica clínica", "type": "topic"}, {"id": "autorización", "label": "autorización", "type": "topic"}, {"id": 212, "label": "Cortes Díaz Daniel Otalvaro", "type": "author"}, {"id": "terapéutica", "label": "terapéutica", "type": "topic"}, {"id": "curriculum", "label": "curriculum", "type": "topic"}, {"id": "anestesiología", "label": "anestesiología", "type": "topic"}, {"id": "mortalidad materna", "label": "mortalidad materna", "type": "topic"}, {"id": "informes de casos", "label": "informes de casos", "type": "topic"}, {"id": "carcinosarcoma", "label": "carcinosarcoma", "type": "topic"}, {"id": "útero", "label": "útero", "type": "topic"}, {"id": "terapia", "label": "terapia", "type": "topic"}, {"id": "cirugía", "label": "cirugía", "type": "topic"}, {"id": "radioterapia", "label": "radioterapia", "type": "topic"}, {"id": "la seguridad", "label": "la seguridad", "type": "topic"}, {"id": 238, "label": "Díaz Cruz Luz Amparo", "type": "author"}, {"id": "biología", "label": "biología", "type": "topic"}, {"id": "vaginosis bacteriana", "label": "vaginosis bacteriana", "type": "topic"}, {"id": "enfermedad de transmisión sexual", "label": "enfermedad de transmisión sexual", "type": "topic"}, {"id": "cervicitis", "label": "cervicitis", "type": "topic"}, {"id": "enfermedades de transmisión sexual", "label": "enfermedades de transmisión sexual", "type": "topic"}, {"id": "vih", "label": "vih", "type": "topic"}, {"id": "vih-1", "label": "vih-1", "type": "topic"}, {"id": "vih-2", "label": "vih-2", "type": "topic"}, {"id": 241, "label": "Díaz Llano Rodrigo", "type": "author"}, {"id": "medicina", "label": "medicina", "type": "topic"}, {"id": "enseñanza", "label": "enseñanza", "type": "topic"}, {"id": "docentes", "label": "docentes", "type": "topic"}, {"id": "universidades", "label": "universidades", "type": "topic"}, {"id": "física", "label": "física", "type": "topic"}, {"id": "socialismo", "label": "socialismo", "type": "topic"}, {"id": "socialización", "label": "socialización", "type": "topic"}, {"id": "educación", "label": "educación", "type": "topic"}, {"id": "población", "label": "población", "type": "topic"}, {"id": "aprendizaje", "label": "aprendizaje", "type": "topic"}, {"id": "medicalización", "label": "medicalización", "type": "topic"}, {"id": "estudiantes", "label": "estudiantes", "type": "topic"}, {"id": "anestesia", "label": "anestesia", "type": "topic"}, {"id": "ciencia", "label": "ciencia", "type": "topic"}, {"id": "sugestión", "label": "sugestión", "type": "topic"}, {"id": "observación", "label": "observación", "type": "topic"}, {"id": "sexo", "label": "sexo", "type": "topic"}, {"id": "conocimiento", "label": "conocimiento", "type": "topic"}, {"id": "cultura", "label": "cultura", "type": "topic"}, {"id": 297, "label": "Gaitán Duarte Hernando Guillermo", "type": "author"}, {"id": "revisión sistemática", "label": "revisión sistemática", "type": "topic"}, {"id": 300, "label": "Gallego Arbeláez Jaime", "type": "author"}, {"id": "episiotomía", "label": "episiotomía", "type": "topic"}, {"id": "editorial", "label": "editorial", "type": "topic"}, {"id": "índice", "label": "índice", "type": "topic"}, {"id": 323, "label": "Garzón Olivares Carmen Doris", "type": "author"}, {"id": "carcinoma", "label": "carcinoma", "type": "topic"}, {"id": "adenocarcinoma", "label": "adenocarcinoma", "type": "topic"}, {"id": "sobrevida", "label": "sobrevida", "type": "topic"}, {"id": "estudios de casos y controles", "label": "estudios de casos y controles", "type": "topic"}, {"id": "estudios controlados antes y después", "label": "estudios controlados antes y después", "type": "topic"}, {"id": "resultado del tratamiento", "label": "resultado del tratamiento", "type": "topic"}, {"id": 348, "label": "Gómez Sánchez Pio Iván", "type": "author"}, {"id": "anticoncepción", "label": "anticoncepción", "type": "topic"}, {"id": "reproducción", "label": "reproducción", "type": "topic"}, {"id": "humanos", "label": "humanos", "type": "topic"}, {"id": "salud reproductiva", "label": "salud reproductiva", "type": "topic"}, {"id": "proteccion", "label": "proteccion", "type": "topic"}, {"id": "organizaciones", "label": "organizaciones", "type": "topic"}, {"id": "dolor", "label": "dolor", "type": "topic"}, {"id": 353, "label": "González Mariño Mario Arturo", "type": "author"}, {"id": "mama", "label": "mama", "type": "topic"}, {"id": "muerte", "label": "muerte", "type": "topic"}, {"id": "certificado de defunción", "label": "certificado de defunción", "type": "topic"}, {"id": "certificación", "label": "certificación", "type": "topic"}, {"id": "neoplasias de la mama", "label": "neoplasias de la mama", "type": "topic"}, {"id": "causas de muerte", "label": "causas de muerte", "type": "topic"}, {"id": "planificación", "label": "planificación", "type": "topic"}, {"id": "quimioterapia", "label": "quimioterapia", "type": "topic"}, {"id": "grabación", "label": "grabación", "type": "topic"}, {"id": "hormonas", "label": "hormonas", "type": "topic"}, {"id": "registros", "label": "registros", "type": "topic"}, {"id": "tiempo", "label": "tiempo", "type": "topic"}, {"id": "oncología", "label": "oncología", "type": "topic"}, {"id": "atención de salud", "label": "atención de salud", "type": "topic"}, {"id": "calculadoras", "label": "calculadoras", "type": "topic"}, {"id": "privatización", "label": "privatización", "type": "topic"}, {"id": 364, "label": "Grillo Ardila Carlos Fernando", "type": "author"}, {"id": "adulto", "label": "adulto", "type": "topic"}, {"id": "recurrencia", "label": "recurrencia", "type": "topic"}, {"id": 521, "label": "Mercado Pedroza Manuel Esteban", "type": "author"}, {"id": "acupuntura", "label": "acupuntura", "type": "topic"}, {"id": "monografía", "label": "monografía", "type": "topic"}, {"id": "medicina tradicional china", "label": "medicina tradicional china", "type": "topic"}, {"id": "consultores", "label": "consultores", "type": "topic"}, {"id": "calidad de vida", "label": "calidad de vida", "type": "topic"}, {"id": "vida", "label": "vida", "type": "topic"}, {"id": "maine", "label": "maine", "type": "topic"}, {"id": "tejidos", "label": "tejidos", "type": "topic"}, {"id": 599, "label": "Pacheco Consuegra Carlos Julio", "type": "author"}, {"id": "infertilidad", "label": "infertilidad", "type": "topic"}, {"id": "ligadura", "label": "ligadura", "type": "topic"}, {"id": "índice de embarazo", "label": "índice de embarazo", "type": "topic"}, {"id": "fase s", "label": "fase s", "type": "topic"}, {"id": "efecto adverso", "label": "efecto adverso", "type": "topic"}, {"id": "error medico", "label": "error medico", "type": "topic"}, {"id": "administración de seguridad", "label": "administración de seguridad", "type": "topic"}, {"id": "fuente de guardería mesh nlm", "label": "fuente de guardería mesh nlm", "type": "topic"}, {"id": "servicio de salud", "label": "servicio de salud", "type": "topic"}, {"id": "errores de medicación", "label": "errores de medicación", "type": "topic"}, {"id": "administración de la seguridad", "label": "administración de la seguridad", "type": "topic"}, {"id": "day care fuente malla nlm", "label": "day care fuente malla nlm", "type": "topic"}, {"id": "supervisión", "label": "supervisión", "type": "topic"}, {"id": "esterilización quirúrgica", "label": "esterilización quirúrgica", "type": "topic"}, {"id": "esterilidad", "label": "esterilidad", "type": "topic"}, {"id": "anastomosis tubárica", "label": "anastomosis tubárica", "type": "topic"}, {"id": 608, "label": "Parada Baños Arturo José", "type": "author"}, {"id": "salud mental", "label": "salud mental", "type": "topic"}, {"id": "adolescente", "label": "adolescente", "type": "topic"}, {"id": "brazo", "label": "brazo", "type": "topic"}, {"id": "conflictos armados", "label": "conflictos armados", "type": "topic"}, {"id": "psicología", "label": "psicología", "type": "topic"}, {"id": "conducta", "label": "conducta", "type": "topic"}, {"id": "behaviorismo", "label": "behaviorismo", "type": "topic"}, {"id": "factores de riesgo", "label": "factores de riesgo", "type": "topic"}, {"id": "resiliencia", "label": "resiliencia", "type": "topic"}, {"id": "comunicación", "label": "comunicación", "type": "topic"}, {"id": "comunismo", "label": "comunismo", "type": "topic"}, {"id": "preeclampsia", "label": "preeclampsia", "type": "topic"}, {"id": "conductividad", "label": "conductividad", "type": "topic"}, {"id": "depresión", "label": "depresión", "type": "topic"}, {"id": 630, "label": "Peralta Abello María Teresa", "type": "author"}, {"id": "trombosis", "label": "trombosis", "type": "topic"}, {"id": "trombosis de la vena", "label": "trombosis de la vena", "type": "topic"}, {"id": "hipertiroidismo", "label": "hipertiroidismo", "type": "topic"}, {"id": "perinatología", "label": "perinatología", "type": "topic"}, {"id": "gemelos", "label": "gemelos", "type": "topic"}, {"id": "memoria", "label": "memoria", "type": "topic"}, {"id": "esterilización", "label": "esterilización", "type": "topic"}, {"id": "venas", "label": "venas", "type": "topic"}, {"id": "anticoagulantes", "label": "anticoagulantes", "type": "topic"}, {"id": "descanso", "label": "descanso", "type": "topic"}, {"id": "hormigas", "label": "hormigas", "type": "topic"}, {"id": "reposo en cama", "label": "reposo en cama", "type": "topic"}, {"id": 701, "label": "Riaño Castellanos Giovanni Enrique", "type": "author"}, {"id": "laparoscopios", "label": "laparoscopios", "type": "topic"}, {"id": "histerectomía", "label": "histerectomía", "type": "topic"}, {"id": "sincronización", "label": "sincronización", "type": "topic"}, {"id": "limiting", "label": "limiting", "type": "topic"}, {"id": "estudios de cohortes", "label": "estudios de cohortes", "type": "topic"}, {"id": "logro", "label": "logro", "type": "topic"}, {"id": "curva de aprendizaje", "label": "curva de aprendizaje", "type": "topic"}, {"id": 738, "label": "Rodríguez Ortegón Luis Martin", "type": "author"}, {"id": "países en desarrollo", "label": "países en desarrollo", "type": "topic"}, {"id": "resultados de salud de la enfermedad", "label": "resultados de salud de la enfermedad", "type": "topic"}, {"id": "materno fetal medicine", "label": "materno fetal medicine", "type": "topic"}, {"id": "salud neonatal", "label": "salud neonatal", "type": "topic"}, {"id": "sida del vih", "label": "sida del vih", "type": "topic"}, {"id": "medición", "label": "medición", "type": "topic"}, {"id": "resultados de la salud de la enfermedad", "label": "resultados de la salud de la enfermedad", "type": "topic"}, {"id": "materna fetal medicina", "label": "materna fetal medicina", "type": "topic"}, {"id": "el sida de vih", "label": "el sida de vih", "type": "topic"}, {"id": "publicación", "label": "publicación", "type": "topic"}, {"id": "permiso", "label": "permiso", "type": "topic"}, {"id": "países desarrollados", "label": "países desarrollados", "type": "topic"}, {"id": "prehipertensión", "label": "prehipertensión", "type": "topic"}, {"id": "presión sanguínea", "label": "presión sanguínea", "type": "topic"}, {"id": "aumento de peso", "label": "aumento de peso", "type": "topic"}, {"id": "complicaciones del embarazo", "label": "complicaciones del embarazo", "type": "topic"}, {"id": 764, "label": "Rubio Romero Jorge Andrés", "type": "author"}, {"id": "hemorragia posparto", "label": "hemorragia posparto", "type": "topic"}, {"id": "hemorragia", "label": "hemorragia", "type": "topic"}, {"id": "cesárea", "label": "cesárea", "type": "topic"}, {"id": 769, "label": "Ruiz Parra Ariel Iván", "type": "author"}, {"id": "sensibilidad y especificidad", "label": "sensibilidad y especificidad", "type": "topic"}, {"id": "sangre", "label": "sangre", "type": "topic"}, {"id": "suero", "label": "suero", "type": "topic"}, {"id": 789, "label": "Sánchez Angarita Jacinto", "type": "author"}, {"id": "incontinencia urinaria", "label": "incontinencia urinaria", "type": "topic"}, {"id": "cognición", "label": "cognición", "type": "topic"}, {"id": "estrés", "label": "estrés", "type": "topic"}, {"id": "internet", "label": "internet", "type": "topic"}, {"id": "programación", "label": "programación", "type": "topic"}, {"id": "observadores", "label": "observadores", "type": "topic"}, {"id": 887, "label": "Vargas Fiesco Diana Carolina", "type": "author"}, {"id": "extremidades", "label": "extremidades", "type": "topic"}, {"id": "victoria", "label": "victoria", "type": "topic"}, {"id": "morbilidad materna", "label": "morbilidad materna", "type": "topic"}, {"id": "infección obstétrica", "label": "infección obstétrica", "type": "topic"}, {"id": "trofoblastos", "label": "trofoblastos", "type": "topic"}, {"id": "eclampsia", "label": "eclampsia", "type": "topic"}, {"id": "plomo", "label": "plomo", "type": "topic"}, {"id": 2848, "label": "Santamaria Paez Luis Eduardo", "type": "author"}, {"id": 2856, "label": "Arreaza Graterol Mortimer", "type": "author"}, {"id": 2872, "label": "Ñañez Burbano Heliodoro", "type": "author"}, {"id": 3013, "label": "Onatra Herrera William", "type": "author"}, {"id": 3072, "label": "Sanchez De Estrada Ruth", "type": "author"}, {"id": 3125, "label": "Arias De Alayon Reina Helena", "type": "author"}, {"id": 3152, "label": "Rodríguez Castillo Juliana Lucía", "type": "author"}, {"id": 3181, "label": "Sotelo Rueda Darío", "type": "author"}, {"id": 3213, "label": "Molina Giraldo Saulo Federico", "type": "author"}, {"id": 3216, "label": "Fonseca Guzmán Camilo", "type": "author"}, {"id": 3227, "label": "Mogollón Mariño Ana Cristina", "type": "author"}, {"id": 3248, "label": "Mejía Pérez Dauris Lineth", "type": "author"}, {"id": 3250, "label": "Sanchez Corredor Cristhiam David", "type": "author"}, {"id": 3271, "label": "Lopez Avila Luis Vicente", "type": "author"}, {"id": 3286, "label": "Castillo Barraza Jose David", "type": "author"}, {"id": 3379, "label": "Calero Ossa Rodrigo Arturo", "type": "author"}, {"id": 3435, "label": "Acuña Acuña Juan Manuel", "type": "author"}, {"id": 3438, "label": "Sabogal Tamayo Juan Carlos", "type": "author"}], "links": [{"source": "45c9ccd4-31cc-4e51-a527-e9234f433af3", "target": 33, "value": 1}, {"source": 33, "target": "pacientes", "value": 37}, {"source": 33, "target": "mujeres", "value": 33}, {"source": 33, "target": "colombia", "value": 25}, {"source": 33, "target": "riesgo", "value": 23}, {"source": 33, "target": "embarazo", "value": 23}, {"source": 33, "target": "envejecimiento", "value": 22}, {"source": 33, "target": "infecciones", "value": 19}, {"source": 33, "target": "críticas", "value": 19}, {"source": 33, "target": "revisión", "value": 19}, {"source": 33, "target": "materiales", "value": 18}, {"source": 33, "target": "métodos", "value": 17}, {"source": 33, "target": "sistemática", "value": 16}, {"source": 33, "target": "guía", "value": 16}, {"source": 33, "target": "el embarazo", "value": 16}, {"source": 33, "target": "diagnóstico", "value": 15}, {"source": 33, "target": "pautas", "value": 14}, {"source": 33, "target": "guía de práctica clínica", "value": 13}, {"source": 33, "target": "salud", "value": 13}, {"source": 33, "target": "anciano", "value": 13}, {"source": 33, "target": "anciano de 80 o más años", "value": 13}, {"source": 33, "target": "hospitals", "value": 12}, {"source": 33, "target": "hospitalización", "value": 12}, {"source": 33, "target": "patología", "value": 12}, {"source": 33, "target": "complicidad", "value": 12}, {"source": 33, "target": "seguridad", "value": 12}, {"source": 33, "target": "morbilidad", "value": 12}, {"source": 33, "target": "hospitales", "value": 11}, {"source": 33, "target": "organismos", "value": 11}, {"source": 33, "target": "administración", "value": 11}, {"source": 33, "target": "asociación", "value": 11}, {"source": "45c9ccd4-31cc-4e51-a527-e9234f433af3", "target": 40, "value": 1}, {"source": 40, "target": "infecciones", "value": 56}, {"source": 40, "target": "mujeres", "value": 43}, {"source": 40, "target": "colombia", "value": 36}, {"source": 40, "target": "pacientes", "value": 33}, {"source": 40, "target": "embarazo", "value": 32}, {"source": 40, "target": "diagnóstico", "value": 28}, {"source": 40, "target": "el embarazo", "value": 26}, {"source": 40, "target": "pruebas", "value": 23}, {"source": 40, "target": "revisión", "value": 21}, {"source": 40, "target": "sífilis", "value": 21}, {"source": 40, "target": "mujeres embarazadas", "value": 18}, {"source": 40, "target": "críticas", "value": 17}, {"source": 40, "target": "administración", "value": 16}, {"source": 40, "target": "hospitalización", "value": 14}, {"source": 40, "target": "salud", "value": 13}, {"source": 40, "target": "hospitales", "value": 13}, {"source": 40, "target": "asociación", "value": 13}, {"source": 40, "target": "prevalencia", "value": 13}, {"source": 40, "target": "sexualidad", "value": 13}, {"source": 40, "target": "vaginitis", "value": 12}, {"source": 40, "target": "hospitals", "value": 11}, {"source": 40, "target": "controlabilidad", "value": 11}, {"source": 40, "target": "complicidad", "value": 11}, {"source": 40, "target": "riesgo", "value": 11}, {"source": 40, "target": "materiales", "value": 10}, {"source": 40, "target": "envejecimiento", "value": 10}, {"source": 40, "target": "sensibilidad", "value": 10}, {"source": 40, "target": "obstetricia", "value": 10}, {"source": 40, "target": "toxoplasmosis", "value": 10}, {"source": 40, "target": "toxoplasma", "value": 10}, {"source": "45c9ccd4-31cc-4e51-a527-e9234f433af3", "target": 46, "value": 1}, {"source": 46, "target": "pediatría", "value": 2}, {"source": 46, "target": "mycobacterium", "value": 1}, {"source": 46, "target": "mycobacterium tuberculosis", "value": 1}, {"source": 46, "target": "tuberculosis", "value": 1}, {"source": 46, "target": "adn", "value": 1}, {"source": 46, "target": "ribotipificación", "value": 1}, {"source": 46, "target": "momias", "value": 1}, {"source": 46, "target": "fumadores", "value": 1}, {"source": 46, "target": "hijo único", "value": 1}, {"source": 46, "target": "niño", "value": 1}, {"source": 46, "target": "apnea", "value": 1}, {"source": 46, "target": "sueño", "value": 1}, {"source": 46, "target": "infecciones", "value": 1}, {"source": 46, "target": "diagnóstico", "value": 1}, {"source": 46, "target": "neumonía bacteriana", "value": 1}, {"source": 46, "target": "neumonía", "value": 1}, {"source": 46, "target": "broncoscopía", "value": 1}, {"source": 46, "target": "asma", "value": 1}, {"source": 46, "target": "afecto", "value": 1}, {"source": 46, "target": "envejecimiento", "value": 1}, {"source": 46, "target": "salud pública", "value": 1}, {"source": 46, "target": "publicaciones", "value": 1}, {"source": 46, "target": "grupos de edad", "value": 1}, {"source": 46, "target": "anciano", "value": 1}, {"source": 46, "target": "anciano de 80 o más años", "value": 1}, {"source": 46, "target": "salud", "value": 1}, {"source": "45c9ccd4-31cc-4e51-a527-e9234f433af3", "target": 55, "value": 1}, {"source": 55, "target": "pacientes", "value": 4}, {"source": 55, "target": "obstetricia", "value": 4}, {"source": 55, "target": "el embarazo", "value": 3}, {"source": 55, "target": "diagnóstico", "value": 3}, {"source": 55, "target": "embarazo", "value": 3}, {"source": 55, "target": "incidencia", "value": 2}, {"source": 55, "target": "hospitalización", "value": 2}, {"source": 55, "target": "hospitales", "value": 2}, {"source": 55, "target": "críticas", "value": 2}, {"source": 55, "target": "riesgo", "value": 2}, {"source": 55, "target": "literatura", "value": 2}, {"source": 55, "target": "revisión", "value": 2}, {"source": 55, "target": "pronóstico", "value": 2}, {"source": 55, "target": "complicidad", "value": 2}, {"source": 55, "target": "ginecología", "value": 2}, {"source": 55, "target": "toxoplasmosis", "value": 1}, {"source": 55, "target": "hospitals", "value": 1}, {"source": 55, "target": "pruebas", "value": 1}, {"source": 55, "target": "ciudades", "value": 1}, {"source": 55, "target": "toxoplasma", "value": 1}, {"source": 55, "target": "hijo único", "value": 1}, {"source": 55, "target": "niño", "value": 1}, {"source": 55, "target": "salud", "value": 1}, {"source": 55, "target": "salud del niño", "value": 1}, {"source": 55, "target": "maternidades", "value": 1}, {"source": 55, "target": "servicios de salud", "value": 1}, {"source": 55, "target": "servicios de salud del niño", "value": 1}, {"source": 55, "target": "servicios de salud materno-infantil", "value": 1}, {"source": 55, "target": "correlacionadores", "value": 1}, {"source": 55, "target": "frecuencia", "value": 1}, {"source": "45c9ccd4-31cc-4e51-a527-e9234f433af3", "target": 62, "value": 1}, {"source": 62, "target": "pacientes", "value": 29}, {"source": 62, "target": "mutación", "value": 24}, {"source": 62, "target": "genes", "value": 23}, {"source": 62, "target": "diagnóstico", "value": 18}, {"source": 62, "target": "síndrome de down", "value": 16}, {"source": 62, "target": "síndrome", "value": 16}, {"source": 62, "target": "familia", "value": 16}, {"source": 62, "target": "colombia", "value": 15}, {"source": 62, "target": "genética", "value": 15}, {"source": 62, "target": "frecuencia", "value": 12}, {"source": 62, "target": "metabolismo", "value": 10}, {"source": 62, "target": "historia", "value": 9}, {"source": 62, "target": "células", "value": 9}, {"source": 62, "target": "células 3t3", "value": 9}, {"source": 62, "target": "células a549", "value": 9}, {"source": 62, "target": "afecto", "value": 8}, {"source": 62, "target": "envejecimiento", "value": 8}, {"source": 62, "target": "hospitalización", "value": 7}, {"source": 62, "target": "materiales", "value": 7}, {"source": 62, "target": "proteínas 14-3-3", "value": 7}, {"source": 62, "target": "retardantes", "value": 6}, {"source": 62, "target": "mortalidad", "value": 6}, {"source": 62, "target": "asociación", "value": 6}, {"source": 62, "target": "hospitales", "value": 6}, {"source": 62, "target": "enzimas", "value": 6}, {"source": 62, "target": "fibroblastos", "value": 6}, {"source": 62, "target": "pruebas", "value": 6}, {"source": 62, "target": "pediatría", "value": 6}, {"source": 62, "target": "revisión", "value": 6}, {"source": 62, "target": "investigación", "value": 6}, {"source": "45c9ccd4-31cc-4e51-a527-e9234f433af3", "target": 86, "value": 1}, {"source": 86, "target": "embarazo", "value": 3}, {"source": 86, "target": "mujeres", "value": 3}, {"source": 86, "target": "vaginitis", "value": 3}, {"source": 86, "target": "revisión", "value": 2}, {"source": 86, "target": "fisiología", "value": 2}, {"source": 86, "target": "obstetricia", "value": 2}, {"source": 86, "target": "métodos", "value": 2}, {"source": 86, "target": "hospitalización", "value": 2}, {"source": 86, "target": "hospitales", "value": 2}, {"source": 86, "target": "riesgo", "value": 2}, {"source": 86, "target": "periodicidad", "value": 2}, {"source": 86, "target": "mujeres embarazadas", "value": 2}, {"source": 86, "target": "indicators", "value": 1}, {"source": 86, "target": "el embarazo", "value": 1}, {"source": 86, "target": "pregnancy", "value": 1}, {"source": 86, "target": "triglycerides", "value": 1}, {"source": 86, "target": "triglicéridos", "value": 1}, {"source": 86, "target": "women", "value": 1}, {"source": 86, "target": "we", "value": 1}, {"source": 86, "target": "índices", "value": 1}, {"source": 86, "target": "cholesterol", "value": 1}, {"source": 86, "target": "density", "value": 1}, {"source": 86, "target": "glucose", "value": 1}, {"source": 86, "target": "lipoproteins", "value": 1}, {"source": 86, "target": "longitudinal studies", "value": 1}, {"source": 86, "target": "colesterol", "value": 1}, {"source": 86, "target": "glucosa", "value": 1}, {"source": 86, "target": "lipoproteínas", "value": 1}, {"source": 86, "target": "lipoproteína(a)", "value": 1}, {"source": 86, "target": "estudios longitudinales", "value": 1}, {"source": "45c9ccd4-31cc-4e51-a527-e9234f433af3", "target": 177, "value": 1}, {"source": 177, "target": "pautas", "value": 5}, {"source": 177, "target": "guía", "value": 5}, {"source": 177, "target": "el embarazo", "value": 4}, {"source": 177, "target": "embarazo", "value": 4}, {"source": 177, "target": "hipertensión", "value": 3}, {"source": 177, "target": "complicidad", "value": 3}, {"source": 177, "target": "asociación", "value": 3}, {"source": 177, "target": "guía de práctica clínica", "value": 3}, {"source": 177, "target": "colombia", "value": 3}, {"source": 177, "target": "sistemática", "value": 3}, {"source": 177, "target": "administración", "value": 3}, {"source": 177, "target": "trabajo", "value": 2}, {"source": 177, "target": "salud", "value": 2}, {"source": 177, "target": "generadores", "value": 2}, {"source": 177, "target": "seguridad", "value": 2}, {"source": 177, "target": "materiales", "value": 2}, {"source": 177, "target": "probabilidad", "value": 2}, {"source": 177, "target": "availability", "value": 2}, {"source": 177, "target": "morbilidad", "value": 2}, {"source": 177, "target": "enfermedades", "value": 2}, {"source": 177, "target": "enfermedad", "value": 2}, {"source": 177, "target": "cuidado prenatal", "value": 1}, {"source": 177, "target": "inducido por el embarazo", "value": 1}, {"source": 177, "target": "la evidencia se basa en la practica", "value": 1}, {"source": 177, "target": "guías de práctica clínica", "value": 1}, {"source": 177, "target": "atención prenatal", "value": 1}, {"source": 177, "target": "embarazo inducido", "value": 1}, {"source": 177, "target": "práctica clínica basada en la evidencia", "value": 1}, {"source": 177, "target": "directrices de práctica clínica", "value": 1}, {"source": 177, "target": "autorización", "value": 1}, {"source": "45c9ccd4-31cc-4e51-a527-e9234f433af3", "target": 212, "value": 1}, {"source": 212, "target": "pacientes", "value": 4}, {"source": 212, "target": "envejecimiento", "value": 4}, {"source": 212, "target": "terapéutica", "value": 3}, {"source": 212, "target": "anciano", "value": 3}, {"source": 212, "target": "anciano de 80 o más años", "value": 3}, {"source": 212, "target": "revisión", "value": 2}, {"source": 212, "target": "materiales", "value": 2}, {"source": 212, "target": "availability", "value": 2}, {"source": 212, "target": "curriculum", "value": 2}, {"source": 212, "target": "colombia", "value": 2}, {"source": 212, "target": "anestesiología", "value": 2}, {"source": 212, "target": "morbilidad", "value": 2}, {"source": 212, "target": "mortalidad", "value": 2}, {"source": 212, "target": "mortalidad materna", "value": 2}, {"source": 212, "target": "salud pública", "value": 2}, {"source": 212, "target": "publicaciones", "value": 2}, {"source": 212, "target": "salud", "value": 2}, {"source": 212, "target": "métodos", "value": 2}, {"source": 212, "target": "mujeres", "value": 2}, {"source": 212, "target": "críticas", "value": 1}, {"source": 212, "target": "literatura", "value": 1}, {"source": 212, "target": "informes de casos", "value": 1}, {"source": 212, "target": "carcinosarcoma", "value": 1}, {"source": 212, "target": "pronóstico", "value": 1}, {"source": 212, "target": "útero", "value": 1}, {"source": 212, "target": "terapia", "value": 1}, {"source": 212, "target": "cirugía", "value": 1}, {"source": 212, "target": "radioterapia", "value": 1}, {"source": 212, "target": "hospitals", "value": 1}, {"source": 212, "target": "la seguridad", "value": 1}, {"source": "45c9ccd4-31cc-4e51-a527-e9234f433af3", "target": 238, "value": 1}, {"source": 238, "target": "colombia", "value": 7}, {"source": 238, "target": "mujeres", "value": 7}, {"source": 238, "target": "pacientes", "value": 5}, {"source": 238, "target": "embarazo", "value": 5}, {"source": 238, "target": "infecciones", "value": 5}, {"source": 238, "target": "revisión", "value": 4}, {"source": 238, "target": "diagnóstico", "value": 4}, {"source": 238, "target": "sífilis", "value": 4}, {"source": 238, "target": "asociación", "value": 4}, {"source": 238, "target": "patología", "value": 3}, {"source": 238, "target": "hospitalización", "value": 3}, {"source": 238, "target": "hospitales", "value": 3}, {"source": 238, "target": "el embarazo", "value": 3}, {"source": 238, "target": "guía", "value": 3}, {"source": 238, "target": "vaginitis", "value": 3}, {"source": 238, "target": "prevalencia", "value": 3}, {"source": 238, "target": "riesgo", "value": 3}, {"source": 238, "target": "críticas", "value": 2}, {"source": 238, "target": "biología", "value": 2}, {"source": 238, "target": "sistemática", "value": 2}, {"source": 238, "target": "índices", "value": 2}, {"source": 238, "target": "pautas", "value": 2}, {"source": 238, "target": "guía de práctica clínica", "value": 2}, {"source": 238, "target": "vaginosis bacteriana", "value": 2}, {"source": 238, "target": "enfermedad de transmisión sexual", "value": 2}, {"source": 238, "target": "cervicitis", "value": 2}, {"source": 238, "target": "enfermedades de transmisión sexual", "value": 2}, {"source": 238, "target": "vih", "value": 2}, {"source": 238, "target": "vih-1", "value": 2}, {"source": 238, "target": "vih-2", "value": 2}, {"source": "45c9ccd4-31cc-4e51-a527-e9234f433af3", "target": 241, "value": 1}, {"source": 241, "target": "medicina", "value": 5}, {"source": 241, "target": "hospitalización", "value": 4}, {"source": 241, "target": "hospitales", "value": 4}, {"source": 241, "target": "enseñanza", "value": 4}, {"source": 241, "target": "docentes", "value": 4}, {"source": 241, "target": "colombia", "value": 4}, {"source": 241, "target": "salud", "value": 4}, {"source": 241, "target": "mortalidad", "value": 3}, {"source": 241, "target": "universidades", "value": 3}, {"source": 241, "target": "publicaciones", "value": 3}, {"source": 241, "target": "física", "value": 3}, {"source": 241, "target": "socialismo", "value": 3}, {"source": 241, "target": "socialización", "value": 3}, {"source": 241, "target": "educación", "value": 3}, {"source": 241, "target": "población", "value": 3}, {"source": 241, "target": "aprendizaje", "value": 3}, {"source": 241, "target": "medicalización", "value": 3}, {"source": 241, "target": "estudiantes", "value": 3}, {"source": 241, "target": "métodos", "value": 2}, {"source": 241, "target": "mortalidad materna", "value": 2}, {"source": 241, "target": "anestesia", "value": 2}, {"source": 241, "target": "asociación", "value": 2}, {"source": 241, "target": "trabajo", "value": 2}, {"source": 241, "target": "ciencia", "value": 2}, {"source": 241, "target": "salud pública", "value": 2}, {"source": 241, "target": "sugestión", "value": 2}, {"source": 241, "target": "observación", "value": 2}, {"source": 241, "target": "sexo", "value": 2}, {"source": 241, "target": "conocimiento", "value": 2}, {"source": 241, "target": "cultura", "value": 2}, {"source": "45c9ccd4-31cc-4e51-a527-e9234f433af3", "target": 297, "value": 1}, {"source": 297, "target": "colombia", "value": 64}, {"source": 297, "target": "mujeres", "value": 52}, {"source": 297, "target": "pacientes", "value": 49}, {"source": 297, "target": "infecciones", "value": 41}, {"source": 297, "target": "métodos", "value": 38}, {"source": 297, "target": "salud", "value": 36}, {"source": 297, "target": "riesgo", "value": 33}, {"source": 297, "target": "revisión", "value": 31}, {"source": 297, "target": "hospitals", "value": 30}, {"source": 297, "target": "hospitalización", "value": 29}, {"source": 297, "target": "pruebas", "value": 27}, {"source": 297, "target": "hospitales", "value": 27}, {"source": 297, "target": "obstetricia", "value": 24}, {"source": 297, "target": "diagnóstico", "value": 23}, {"source": 297, "target": "asociación", "value": 22}, {"source": 297, "target": "medicalización", "value": 20}, {"source": 297, "target": "críticas", "value": 19}, {"source": 297, "target": "sexualidad", "value": 19}, {"source": 297, "target": "administración", "value": 18}, {"source": 297, "target": "envejecimiento", "value": 17}, {"source": 297, "target": "seguridad", "value": 17}, {"source": 297, "target": "ginecología", "value": 17}, {"source": 297, "target": "la seguridad", "value": 16}, {"source": 297, "target": "incidencia", "value": 16}, {"source": 297, "target": "mujeres embarazadas", "value": 16}, {"source": 297, "target": "revisión sistemática", "value": 16}, {"source": 297, "target": "guía", "value": 15}, {"source": 297, "target": "controlabilidad", "value": 15}, {"source": 297, "target": "anciano", "value": 15}, {"source": 297, "target": "anciano de 80 o más años", "value": 15}, {"source": "45c9ccd4-31cc-4e51-a527-e9234f433af3", "target": 300, "value": 1}, {"source": 300, "target": "episiotomía", "value": 1}, {"source": 300, "target": "editorial", "value": 1}, {"source": 300, "target": "índice", "value": 1}, {"source": "45c9ccd4-31cc-4e51-a527-e9234f433af3", "target": 323, "value": 1}, {"source": 323, "target": "pacientes", "value": 4}, {"source": 323, "target": "mujeres", "value": 4}, {"source": 323, "target": "colombia", "value": 4}, {"source": 323, "target": "literatura", "value": 3}, {"source": 323, "target": "revisión", "value": 2}, {"source": 323, "target": "informes de casos", "value": 2}, {"source": 323, "target": "carcinosarcoma", "value": 2}, {"source": 323, "target": "pronóstico", "value": 2}, {"source": 323, "target": "útero", "value": 2}, {"source": 323, "target": "radioterapia", "value": 2}, {"source": 323, "target": "hospitals", "value": 2}, {"source": 323, "target": "carcinoma", "value": 2}, {"source": 323, "target": "adenocarcinoma", "value": 2}, {"source": 323, "target": "terapéutica", "value": 2}, {"source": 323, "target": "sobrevida", "value": 2}, {"source": 323, "target": "embarazo", "value": 2}, {"source": 323, "target": "índices", "value": 2}, {"source": 323, "target": "asociación", "value": 2}, {"source": 323, "target": "medicalización", "value": 2}, {"source": 323, "target": "estudios de casos y controles", "value": 2}, {"source": 323, "target": "estudios controlados antes y después", "value": 2}, {"source": 323, "target": "obstetricia", "value": 2}, {"source": 323, "target": "hospitalización", "value": 2}, {"source": 323, "target": "críticas", "value": 1}, {"source": 323, "target": "terapia", "value": 1}, {"source": 323, "target": "cirugía", "value": 1}, {"source": 323, "target": "la seguridad", "value": 1}, {"source": 323, "target": "materiales", "value": 1}, {"source": 323, "target": "availability", "value": 1}, {"source": 323, "target": "resultado del tratamiento", "value": 1}, {"source": "45c9ccd4-31cc-4e51-a527-e9234f433af3", "target": 348, "value": 1}, {"source": 348, "target": "salud", "value": 59}, {"source": 348, "target": "colombia", "value": 51}, {"source": 348, "target": "embarazo", "value": 49}, {"source": 348, "target": "mujeres", "value": 49}, {"source": 348, "target": "el embarazo", "value": 45}, {"source": 348, "target": "anticoncepción", "value": 42}, {"source": 348, "target": "sexualidad", "value": 42}, {"source": 348, "target": "reproducción", "value": 36}, {"source": 348, "target": "métodos", "value": 32}, {"source": 348, "target": "ginecología", "value": 30}, {"source": 348, "target": "pautas", "value": 26}, {"source": 348, "target": "generadores", "value": 24}, {"source": 348, "target": "asociación", "value": 24}, {"source": 348, "target": "organismos", "value": 23}, {"source": 348, "target": "guía", "value": 22}, {"source": 348, "target": "obstetricia", "value": 22}, {"source": 348, "target": "morbilidad", "value": 20}, {"source": 348, "target": "mortalidad", "value": 20}, {"source": 348, "target": "humanos", "value": 19}, {"source": 348, "target": "salud reproductiva", "value": 19}, {"source": 348, "target": "complicidad", "value": 18}, {"source": 348, "target": "sistemática", "value": 18}, {"source": 348, "target": "guía de práctica clínica", "value": 17}, {"source": 348, "target": "proteccion", "value": 17}, {"source": 348, "target": "availability", "value": 17}, {"source": 348, "target": "medicalización", "value": 17}, {"source": 348, "target": "socialismo", "value": 17}, {"source": 348, "target": "organizaciones", "value": 16}, {"source": 348, "target": "dolor", "value": 16}, {"source": 348, "target": "seguridad", "value": 15}, {"source": "45c9ccd4-31cc-4e51-a527-e9234f433af3", "target": 353, "value": 1}, {"source": 353, "target": "colombia", "value": 12}, {"source": 353, "target": "mama", "value": 8}, {"source": 353, "target": "pacientes", "value": 5}, {"source": 353, "target": "revisión", "value": 4}, {"source": 353, "target": "muerte", "value": 4}, {"source": 353, "target": "certificado de defunción", "value": 4}, {"source": 353, "target": "certificación", "value": 4}, {"source": 353, "target": "cirugía", "value": 3}, {"source": 353, "target": "publicaciones", "value": 3}, {"source": 353, "target": "métodos", "value": 3}, {"source": 353, "target": "neoplasias de la mama", "value": 3}, {"source": 353, "target": "causas de muerte", "value": 3}, {"source": 353, "target": "hospitalización", "value": 2}, {"source": 353, "target": "planificación", "value": 2}, {"source": 353, "target": "quimioterapia", "value": 2}, {"source": 353, "target": "envejecimiento", "value": 2}, {"source": 353, "target": "grabación", "value": 2}, {"source": 353, "target": "hormonas", "value": 2}, {"source": 353, "target": "registros", "value": 2}, {"source": 353, "target": "humanos", "value": 2}, {"source": 353, "target": "tiempo", "value": 2}, {"source": 353, "target": "patología", "value": 2}, {"source": 353, "target": "críticas", "value": 2}, {"source": 353, "target": "literatura", "value": 2}, {"source": 353, "target": "oncología", "value": 2}, {"source": 353, "target": "salud", "value": 2}, {"source": 353, "target": "atención de salud", "value": 2}, {"source": 353, "target": "radioterapia", "value": 2}, {"source": 353, "target": "calculadoras", "value": 2}, {"source": 353, "target": "privatización", "value": 2}, {"source": "45c9ccd4-31cc-4e51-a527-e9234f433af3", "target": 364, "value": 1}, {"source": 364, "target": "mujeres", "value": 34}, {"source": 364, "target": "pacientes", "value": 28}, {"source": 364, "target": "infecciones", "value": 27}, {"source": 364, "target": "revisión", "value": 26}, {"source": 364, "target": "diagnóstico", "value": 20}, {"source": 364, "target": "críticas", "value": 19}, {"source": 364, "target": "adulto", "value": 19}, {"source": 364, "target": "riesgo", "value": 16}, {"source": 364, "target": "embarazo", "value": 15}, {"source": 364, "target": "guía", "value": 13}, {"source": 364, "target": "administración", "value": 13}, {"source": 364, "target": "guía de práctica clínica", "value": 12}, {"source": 364, "target": "la seguridad", "value": 12}, {"source": 364, "target": "sistemática", "value": 12}, {"source": 364, "target": "seguridad", "value": 12}, {"source": 364, "target": "vih", "value": 12}, {"source": 364, "target": "vih-1", "value": 12}, {"source": 364, "target": "vih-2", "value": 12}, {"source": 364, "target": "envejecimiento", "value": 11}, {"source": 364, "target": "sexualidad", "value": 11}, {"source": 364, "target": "el embarazo", "value": 11}, {"source": 364, "target": "revisión sistemática", "value": 11}, {"source": 364, "target": "vaginitis", "value": 11}, {"source": 364, "target": "métodos", "value": 11}, {"source": 364, "target": "anciano", "value": 10}, {"source": 364, "target": "anciano de 80 o más años", "value": 10}, {"source": 364, "target": "población", "value": 10}, {"source": 364, "target": "asociación", "value": 10}, {"source": 364, "target": "pautas", "value": 9}, {"source": 364, "target": "recurrencia", "value": 9}, {"source": "45c9ccd4-31cc-4e51-a527-e9234f433af3", "target": 521, "value": 1}, {"source": 521, "target": "medicina", "value": 20}, {"source": 521, "target": "pacientes", "value": 13}, {"source": 521, "target": "terapéutica", "value": 12}, {"source": 521, "target": "dolor", "value": 10}, {"source": 521, "target": "acupuntura", "value": 9}, {"source": 521, "target": "monografía", "value": 8}, {"source": 521, "target": "revisión", "value": 7}, {"source": 521, "target": "síndrome de down", "value": 6}, {"source": 521, "target": "síndrome", "value": 6}, {"source": 521, "target": "hospitalización", "value": 6}, {"source": 521, "target": "hospitales", "value": 6}, {"source": 521, "target": "organismos", "value": 6}, {"source": 521, "target": "medicalización", "value": 6}, {"source": 521, "target": "medicina tradicional china", "value": 5}, {"source": 521, "target": "fisiología", "value": 5}, {"source": 521, "target": "patología", "value": 5}, {"source": 521, "target": "consultores", "value": 5}, {"source": 521, "target": "mujeres", "value": 4}, {"source": 521, "target": "salud", "value": 4}, {"source": 521, "target": "humanos", "value": 4}, {"source": 521, "target": "calidad de vida", "value": 4}, {"source": 521, "target": "vida", "value": 4}, {"source": 521, "target": "aprendizaje", "value": 4}, {"source": 521, "target": "educación", "value": 4}, {"source": 521, "target": "enseñanza", "value": 4}, {"source": 521, "target": "asociación", "value": 4}, {"source": 521, "target": "maine", "value": 4}, {"source": 521, "target": "observación", "value": 4}, {"source": 521, "target": "tejidos", "value": 4}, {"source": 521, "target": "conocimiento", "value": 4}, {"source": "45c9ccd4-31cc-4e51-a527-e9234f433af3", "target": 599, "value": 1}, {"source": 599, "target": "pacientes", "value": 3}, {"source": 599, "target": "embarazo", "value": 3}, {"source": 599, "target": "infertilidad", "value": 2}, {"source": 599, "target": "ligadura", "value": 2}, {"source": 599, "target": "índice de embarazo", "value": 2}, {"source": 599, "target": "observación", "value": 2}, {"source": 599, "target": "tiempo", "value": 2}, {"source": 599, "target": "hospitals", "value": 1}, {"source": 599, "target": "hospitalización", "value": 1}, {"source": 599, "target": "hospitales", "value": 1}, {"source": 599, "target": "incidencia", "value": 1}, {"source": 599, "target": "fase s", "value": 1}, {"source": 599, "target": "efecto adverso", "value": 1}, {"source": 599, "target": "error medico", "value": 1}, {"source": 599, "target": "administración de seguridad", "value": 1}, {"source": 599, "target": "fuente de guardería mesh nlm", "value": 1}, {"source": 599, "target": "servicio de salud", "value": 1}, {"source": 599, "target": "errores de medicación", "value": 1}, {"source": 599, "target": "administración de la seguridad", "value": 1}, {"source": 599, "target": "day care fuente malla nlm", "value": 1}, {"source": 599, "target": "servicios de salud", "value": 1}, {"source": 599, "target": "colombia", "value": 1}, {"source": 599, "target": "seguridad", "value": 1}, {"source": 599, "target": "supervisión", "value": 1}, {"source": 599, "target": "índices", "value": 1}, {"source": 599, "target": "asociación", "value": 1}, {"source": 599, "target": "el embarazo", "value": 1}, {"source": 599, "target": "esterilización quirúrgica", "value": 1}, {"source": 599, "target": "esterilidad", "value": 1}, {"source": 599, "target": "anastomosis tubárica", "value": 1}, {"source": "45c9ccd4-31cc-4e51-a527-e9234f433af3", "target": 608, "value": 1}, {"source": 608, "target": "salud", "value": 12}, {"source": 608, "target": "colombia", "value": 9}, {"source": 608, "target": "salud mental", "value": 7}, {"source": 608, "target": "adolescente", "value": 6}, {"source": 608, "target": "brazo", "value": 6}, {"source": 608, "target": "conflictos armados", "value": 6}, {"source": 608, "target": "embarazo", "value": 5}, {"source": 608, "target": "psicología", "value": 5}, {"source": 608, "target": "conducta", "value": 5}, {"source": 608, "target": "mortalidad", "value": 5}, {"source": 608, "target": "mujeres", "value": 4}, {"source": 608, "target": "behaviorismo", "value": 4}, {"source": 608, "target": "factores de riesgo", "value": 4}, {"source": 608, "target": "riesgo", "value": 4}, {"source": 608, "target": "población", "value": 4}, {"source": 608, "target": "publicaciones", "value": 4}, {"source": 608, "target": "resiliencia", "value": 4}, {"source": 608, "target": "comunicación", "value": 4}, {"source": 608, "target": "comunismo", "value": 4}, {"source": 608, "target": "hospitalización", "value": 4}, {"source": 608, "target": "hospitales", "value": 4}, {"source": 608, "target": "pruebas", "value": 3}, {"source": 608, "target": "el embarazo", "value": 3}, {"source": 608, "target": "preeclampsia", "value": 3}, {"source": 608, "target": "críticas", "value": 3}, {"source": 608, "target": "revisión", "value": 3}, {"source": 608, "target": "informes de casos", "value": 3}, {"source": 608, "target": "conductividad", "value": 3}, {"source": 608, "target": "adulto", "value": 3}, {"source": 608, "target": "depresión", "value": 3}, {"source": "45c9ccd4-31cc-4e51-a527-e9234f433af3", "target": 630, "value": 1}, {"source": 630, "target": "embarazo", "value": 5}, {"source": 630, "target": "obstetricia", "value": 3}, {"source": 630, "target": "trombosis", "value": 2}, {"source": 630, "target": "trombosis de la vena", "value": 2}, {"source": 630, "target": "ginecología", "value": 2}, {"source": 630, "target": "riesgo", "value": 2}, {"source": 630, "target": "afecto", "value": 1}, {"source": 630, "target": "hipertiroidismo", "value": 1}, {"source": 630, "target": "perinatología", "value": 1}, {"source": 630, "target": "hijo único", "value": 1}, {"source": 630, "target": "niño", "value": 1}, {"source": 630, "target": "gemelos", "value": 1}, {"source": 630, "target": "memoria", "value": 1}, {"source": 630, "target": "hospitalización", "value": 1}, {"source": 630, "target": "universidades", "value": 1}, {"source": 630, "target": "hospitales", "value": 1}, {"source": 630, "target": "esterilización", "value": 1}, {"source": 630, "target": "venas", "value": 1}, {"source": 630, "target": "morbilidad", "value": 1}, {"source": 630, "target": "mortalidad", "value": 1}, {"source": 630, "target": "asociación", "value": 1}, {"source": 630, "target": "pacientes", "value": 1}, {"source": 630, "target": "vaginitis", "value": 1}, {"source": 630, "target": "anticoagulantes", "value": 1}, {"source": 630, "target": "medicalización", "value": 1}, {"source": 630, "target": "descanso", "value": 1}, {"source": 630, "target": "hormigas", "value": 1}, {"source": 630, "target": "diagnóstico", "value": 1}, {"source": 630, "target": "terapéutica", "value": 1}, {"source": 630, "target": "reposo en cama", "value": 1}, {"source": "45c9ccd4-31cc-4e51-a527-e9234f433af3", "target": 701, "value": 1}, {"source": 701, "target": "pacientes", "value": 4}, {"source": 701, "target": "cirugía", "value": 4}, {"source": 701, "target": "laparoscopios", "value": 4}, {"source": 701, "target": "histerectomía", "value": 4}, {"source": 701, "target": "hospitals", "value": 3}, {"source": 701, "target": "complicidad", "value": 3}, {"source": 701, "target": "sincronización", "value": 2}, {"source": 701, "target": "limiting", "value": 2}, {"source": 701, "target": "estudios de cohortes", "value": 2}, {"source": 701, "target": "métodos", "value": 2}, {"source": 701, "target": "logro", "value": 2}, {"source": 701, "target": "aprendizaje", "value": 2}, {"source": 701, "target": "curva de aprendizaje", "value": 2}, {"source": 701, "target": "tiempo", "value": 2}, {"source": 701, "target": "colombia", "value": 2}, {"source": 701, "target": "críticas", "value": 1}, {"source": 701, "target": "revisión", "value": 1}, {"source": 701, "target": "literatura", "value": 1}, {"source": 701, "target": "informes de casos", "value": 1}, {"source": 701, "target": "carcinosarcoma", "value": 1}, {"source": 701, "target": "pronóstico", "value": 1}, {"source": 701, "target": "útero", "value": 1}, {"source": 701, "target": "terapia", "value": 1}, {"source": 701, "target": "radioterapia", "value": 1}, {"source": 701, "target": "la seguridad", "value": 1}, {"source": 701, "target": "materiales", "value": 1}, {"source": 701, "target": "availability", "value": 1}, {"source": 701, "target": "carcinoma", "value": 1}, {"source": 701, "target": "adenocarcinoma", "value": 1}, {"source": 701, "target": "resultado del tratamiento", "value": 1}, {"source": "45c9ccd4-31cc-4e51-a527-e9234f433af3", "target": 738, "value": 1}, {"source": 738, "target": "embarazo", "value": 2}, {"source": 738, "target": "mujeres", "value": 2}, {"source": 738, "target": "mujeres embarazadas", "value": 2}, {"source": 738, "target": "vih", "value": 1}, {"source": 738, "target": "vih-1", "value": 1}, {"source": 738, "target": "vih-2", "value": 1}, {"source": 738, "target": "el embarazo", "value": 1}, {"source": 738, "target": "países en desarrollo", "value": 1}, {"source": 738, "target": "resultados de salud de la enfermedad", "value": 1}, {"source": 738, "target": "materno fetal medicine", "value": 1}, {"source": 738, "target": "salud neonatal", "value": 1}, {"source": 738, "target": "sida del vih", "value": 1}, {"source": 738, "target": "medición", "value": 1}, {"source": 738, "target": "resultados de la salud de la enfermedad", "value": 1}, {"source": 738, "target": "materna fetal medicina", "value": 1}, {"source": 738, "target": "el sida de vih", "value": 1}, {"source": 738, "target": "publicación", "value": 1}, {"source": 738, "target": "permiso", "value": 1}, {"source": 738, "target": "administración", "value": 1}, {"source": 738, "target": "países desarrollados", "value": 1}, {"source": 738, "target": "ginecología", "value": 1}, {"source": 738, "target": "obstetricia", "value": 1}, {"source": 738, "target": "prehipertensión", "value": 1}, {"source": 738, "target": "presión sanguínea", "value": 1}, {"source": 738, "target": "aumento de peso", "value": 1}, {"source": 738, "target": "hospitalización", "value": 1}, {"source": 738, "target": "población", "value": 1}, {"source": 738, "target": "hospitales", "value": 1}, {"source": 738, "target": "hipertensión", "value": 1}, {"source": 738, "target": "complicaciones del embarazo", "value": 1}, {"source": "45c9ccd4-31cc-4e51-a527-e9234f433af3", "target": 764, "value": 1}, {"source": 764, "target": "colombia", "value": 33}, {"source": 764, "target": "hospitalización", "value": 32}, {"source": 764, "target": "hospitales", "value": 32}, {"source": 764, "target": "mujeres", "value": 31}, {"source": 764, "target": "obstetricia", "value": 30}, {"source": 764, "target": "embarazo", "value": 21}, {"source": 764, "target": "pacientes", "value": 21}, {"source": 764, "target": "el embarazo", "value": 20}, {"source": 764, "target": "salud", "value": 20}, {"source": 764, "target": "métodos", "value": 20}, {"source": 764, "target": "asociación", "value": 18}, {"source": 764, "target": "incidencia", "value": 16}, {"source": 764, "target": "vaginitis", "value": 16}, {"source": 764, "target": "hospitals", "value": 15}, {"source": 764, "target": "ginecología", "value": 15}, {"source": 764, "target": "riesgo", "value": 15}, {"source": 764, "target": "mortalidad", "value": 15}, {"source": 764, "target": "hemorragia posparto", "value": 15}, {"source": 764, "target": "hemorragia", "value": 15}, {"source": 764, "target": "guía", "value": 14}, {"source": 764, "target": "cesárea", "value": 13}, {"source": 764, "target": "guía de práctica clínica", "value": 12}, {"source": 764, "target": "pruebas", "value": 12}, {"source": 764, "target": "pautas", "value": 11}, {"source": 764, "target": "complicidad", "value": 11}, {"source": 764, "target": "seguridad", "value": 11}, {"source": 764, "target": "diagnóstico", "value": 11}, {"source": 764, "target": "sistemática", "value": 10}, {"source": 764, "target": "correlacionadores", "value": 10}, {"source": 764, "target": "mujeres embarazadas", "value": 10}, {"source": "45c9ccd4-31cc-4e51-a527-e9234f433af3", "target": 769, "value": 1}, {"source": 769, "target": "colombia", "value": 40}, {"source": 769, "target": "mujeres", "value": 38}, {"source": 769, "target": "infecciones", "value": 34}, {"source": 769, "target": "pacientes", "value": 30}, {"source": 769, "target": "pruebas", "value": 24}, {"source": 769, "target": "diagnóstico", "value": 24}, {"source": 769, "target": "asociación", "value": 19}, {"source": 769, "target": "el embarazo", "value": 18}, {"source": 769, "target": "embarazo", "value": 18}, {"source": 769, "target": "prevalencia", "value": 17}, {"source": 769, "target": "vaginitis", "value": 16}, {"source": 769, "target": "sensibilidad", "value": 15}, {"source": 769, "target": "mujeres embarazadas", "value": 13}, {"source": 769, "target": "controlabilidad", "value": 13}, {"source": 769, "target": "métodos", "value": 13}, {"source": 769, "target": "hospitals", "value": 12}, {"source": 769, "target": "medicalización", "value": 12}, {"source": 769, "target": "salud", "value": 12}, {"source": 769, "target": "materiales", "value": 12}, {"source": 769, "target": "medición", "value": 11}, {"source": 769, "target": "riesgo", "value": 11}, {"source": 769, "target": "sensibilidad y especificidad", "value": 11}, {"source": 769, "target": "hospitalización", "value": 11}, {"source": 769, "target": "sífilis", "value": 11}, {"source": 769, "target": "sangre", "value": 11}, {"source": 769, "target": "generadores", "value": 11}, {"source": 769, "target": "envejecimiento", "value": 11}, {"source": 769, "target": "suero", "value": 10}, {"source": 769, "target": "administración", "value": 10}, {"source": 769, "target": "hospitales", "value": 10}, {"source": "45c9ccd4-31cc-4e51-a527-e9234f433af3", "target": 789, "value": 1}, {"source": 789, "target": "incontinencia urinaria", "value": 14}, {"source": 789, "target": "pacientes", "value": 13}, {"source": 789, "target": "hospitalización", "value": 11}, {"source": 789, "target": "aprendizaje", "value": 10}, {"source": 789, "target": "hospitals", "value": 9}, {"source": 789, "target": "hospitales", "value": 9}, {"source": 789, "target": "colombia", "value": 9}, {"source": 789, "target": "administración", "value": 9}, {"source": 789, "target": "mujeres", "value": 8}, {"source": 789, "target": "estudiantes", "value": 7}, {"source": 789, "target": "educación", "value": 7}, {"source": 789, "target": "investigación", "value": 7}, {"source": 789, "target": "riesgo", "value": 7}, {"source": 789, "target": "materiales", "value": 6}, {"source": 789, "target": "ginecología", "value": 6}, {"source": 789, "target": "cognición", "value": 5}, {"source": 789, "target": "controlabilidad", "value": 5}, {"source": 789, "target": "estrés", "value": 5}, {"source": 789, "target": "comunicación", "value": 5}, {"source": 789, "target": "envejecimiento", "value": 5}, {"source": 789, "target": "infecciones", "value": 5}, {"source": 789, "target": "factores de riesgo", "value": 5}, {"source": 789, "target": "supervisión", "value": 4}, {"source": 789, "target": "índices", "value": 4}, {"source": 789, "target": "internet", "value": 4}, {"source": 789, "target": "medicalización", "value": 4}, {"source": 789, "target": "maine", "value": 4}, {"source": 789, "target": "programación", "value": 4}, {"source": 789, "target": "sensibilidad", "value": 4}, {"source": 789, "target": "observadores", "value": 4}, {"source": "45c9ccd4-31cc-4e51-a527-e9234f433af3", "target": 887, "value": 1}, {"source": 887, "target": "morbilidad", "value": 1}, {"source": 887, "target": "extremidades", "value": 1}, {"source": 887, "target": "hospitalización", "value": 1}, {"source": 887, "target": "hospitales", "value": 1}, {"source": 887, "target": "victoria", "value": 1}, {"source": 887, "target": "morbilidad materna", "value": 1}, {"source": 887, "target": "hemorragia", "value": 1}, {"source": 887, "target": "infección obstétrica", "value": 1}, {"source": 887, "target": "enfermedades", "value": 1}, {"source": 887, "target": "enfermedad", "value": 1}, {"source": 887, "target": "mortalidad", "value": 1}, {"source": 887, "target": "literatura", "value": 1}, {"source": 887, "target": "complicidad", "value": 1}, {"source": 887, "target": "pacientes", "value": 1}, {"source": 887, "target": "salud", "value": 1}, {"source": 887, "target": "trofoblastos", "value": 1}, {"source": 887, "target": "organismos", "value": 1}, {"source": 887, "target": "eclampsia", "value": 1}, {"source": 887, "target": "preeclampsia", "value": 1}, {"source": 887, "target": "plomo", "value": 1}, {"source": "45c9ccd4-31cc-4e51-a527-e9234f433af3", "target": 2848, "value": 1}, {"source": "45c9ccd4-31cc-4e51-a527-e9234f433af3", "target": 2856, "value": 1}, {"source": "45c9ccd4-31cc-4e51-a527-e9234f433af3", "target": 2872, "value": 1}, {"source": "45c9ccd4-31cc-4e51-a527-e9234f433af3", "target": 3013, "value": 1}, {"source": "45c9ccd4-31cc-4e51-a527-e9234f433af3", "target": 3072, "value": 1}, {"source": "45c9ccd4-31cc-4e51-a527-e9234f433af3", "target": 3125, "value": 1}, {"source": "45c9ccd4-31cc-4e51-a527-e9234f433af3", "target": 3152, "value": 1}, {"source": "45c9ccd4-31cc-4e51-a527-e9234f433af3", "target": 3181, "value": 1}, {"source": "45c9ccd4-31cc-4e51-a527-e9234f433af3", "target": 3213, "value": 1}, {"source": "45c9ccd4-31cc-4e51-a527-e9234f433af3", "target": 3216, "value": 1}, {"source": "45c9ccd4-31cc-4e51-a527-e9234f433af3", "target": 3227, "value": 1}, {"source": "45c9ccd4-31cc-4e51-a527-e9234f433af3", "target": 3248, "value": 1}, {"source": "45c9ccd4-31cc-4e51-a527-e9234f433af3", "target": 3250, "value": 1}, {"source": "45c9ccd4-31cc-4e51-a527-e9234f433af3", "target": 3271, "value": 1}, {"source": "45c9ccd4-31cc-4e51-a527-e9234f433af3", "target": 3286, "value": 1}, {"source": "45c9ccd4-31cc-4e51-a527-e9234f433af3", "target": 3379, "value": 1}, {"source": "45c9ccd4-31cc-4e51-a527-e9234f433af3", "target": 3435, "value": 1}, {"source": "45c9ccd4-31cc-4e51-a527-e9234f433af3", "target": 3438, "value": 1}], "options": [{"label": "Estado inicial", "value": "Departamento de Obstetricia y Ginecología", "group": "00. Opciones predeterminadas"}, {"label": "Acuña Acuña Juan Manuel", "value": "Acuña Acuña Juan Manuel", "group": "02. Opciones de autor"}, {"label": "Amaya Guio Jairo", "value": "Amaya Guio Jairo", "group": "02. Opciones de autor"}, {"label": "Angel Muller Edith", "value": "Angel Muller Edith", "group": "02. Opciones de autor"}, {"label": "Aragón Miguel Eduardo", "value": "Aragón Miguel Eduardo", "group": "02. Opciones de autor"}, {"label": "Arenas Gamboa Jaime", "value": "Arenas Gamboa Jaime", "group": "02. Opciones de autor"}, {"label": "Arias De Alayon Reina Helena", "value": "Arias De Alayon Reina Helena", "group": "02. Opciones de autor"}, {"label": "Arreaza Graterol Mortimer", "value": "Arreaza Graterol Mortimer", "group": "02. Opciones de autor"}, {"label": "Arteaga Díaz Clara Eugenia", "value": "Arteaga Díaz Clara Eugenia", "group": "02. Opciones de autor"}, {"label": "Bautista Charry Alejandro Antonio", "value": "Bautista Charry Alejandro Antonio", "group": "02. Opciones de autor"}, {"label": "Calero Ossa Rodrigo Arturo", "value": "Calero Ossa Rodrigo Arturo", "group": "02. Opciones de autor"}, {"label": "Castillo Barraza Jose David", "value": "Castillo Barraza Jose David", "group": "02. Opciones de autor"}, {"label": "Castro Sanguino Alejandro", "value": "Castro Sanguino Alejandro", "group": "02. Opciones de autor"}, {"label": "Cortes Díaz Daniel Otalvaro", "value": "Cortes Díaz Daniel Otalvaro", "group": "02. Opciones de autor"}, {"label": "Díaz Cruz Luz Amparo", "value": "Díaz Cruz Luz Amparo", "group": "02. Opciones de autor"}, {"label": "Díaz Llano Rodrigo", "value": "Díaz Llano Rodrigo", "group": "02. Opciones de autor"}, {"label": "Fonseca Guzmán Camilo", "value": "Fonseca Guzmán Camilo", "group": "02. Opciones de autor"}, {"label": "Gaitán Duarte Hernando Guillermo", "value": "Gaitán Duarte Hernando Guillermo", "group": "02. Opciones de autor"}, {"label": "Gallego Arbeláez Jaime", "value": "Gallego Arbeláez Jaime", "group": "02. Opciones de autor"}, {"label": "Garzón Olivares Carmen Doris", "value": "Garzón Olivares Carmen Doris", "group": "02. Opciones de autor"}, {"label": "González Mariño Mario Arturo", "value": "González Mariño Mario Arturo", "group": "02. Opciones de autor"}, {"label": "Grillo Ardila Carlos Fernando", "value": "Grillo Ardila Carlos Fernando", "group": "02. Opciones de autor"}, {"label": "Gómez Sánchez Pio Iván", "value": "Gómez Sánchez Pio Iván", "group": "02. Opciones de autor"}, {"label": "Lopez Avila Luis Vicente", "value": "Lopez Avila Luis Vicente", "group": "02. Opciones de autor"}, {"label": "Mejía Pérez Dauris Lineth", "value": "Mejía Pérez Dauris Lineth", "group": "02. Opciones de autor"}, {"label": "Mercado Pedroza Manuel Esteban", "value": "Mercado Pedroza Manuel Esteban", "group": "02. Opciones de autor"}, {"label": "Mogollón Mariño Ana Cristina", "value": "Mogollón Mariño Ana Cristina", "group": "02. Opciones de autor"}, {"label": "Molina Giraldo Saulo Federico", "value": "Molina Giraldo Saulo Federico", "group": "02. Opciones de autor"}, {"label": "Onatra Herrera William", "value": "Onatra Herrera William", "group": "02. Opciones de autor"}, {"label": "Pacheco Consuegra Carlos Julio", "value": "Pacheco Consuegra Carlos Julio", "group": "02. Opciones de autor"}, {"label": "Parada Baños Arturo José", "value": "Parada Baños Arturo José", "group": "02. Opciones de autor"}, {"label": "Peralta Abello María Teresa", "value": "Peralta Abello María Teresa", "group": "02. Opciones de autor"}, {"label": "Riaño Castellanos Giovanni Enrique", "value": "Riaño Castellanos Giovanni Enrique", "group": "02. Opciones de autor"}, {"label": "Rodríguez Castillo Juliana Lucía", "value": "Rodríguez Castillo Juliana Lucía", "group": "02. Opciones de autor"}, {"label": "Rodríguez Ortegón Luis Martin", "value": "Rodríguez Ortegón Luis Martin", "group": "02. Opciones de autor"}, {"label": "Rubio Romero Jorge Andrés", "value": "Rubio Romero Jorge Andrés", "group": "02. Opciones de autor"}, {"label": "Ruiz Parra Ariel Iván", "value": "Ruiz Parra Ariel Iván", "group": "02. Opciones de autor"}, {"label": "Sabogal Tamayo Juan Carlos", "value": "Sabogal Tamayo Juan Carlos", "group": "02. Opciones de autor"}, {"label": "Sanchez Corredor Cristhiam David", "value": "Sanchez Corredor Cristhiam David", "group": "02. Opciones de autor"}, {"label": "Sanchez De Estrada Ruth", "value": "Sanchez De Estrada Ruth", "group": "02. Opciones de autor"}, {"label": "Santamaria Paez Luis Eduardo", "value": "Santamaria Paez Luis Eduardo", "group": "02. Opciones de autor"}, {"label": "Sotelo Rueda Darío", "value": "Sotelo Rueda Darío", "group": "02. Opciones de autor"}, {"label": "Sánchez Angarita Jacinto", "value": "Sánchez Angarita Jacinto", "group": "02. Opciones de autor"}, {"label": "Vargas Fiesco Diana Carolina", "value": "Vargas Fiesco Diana Carolina", "group": "02. Opciones de autor"}, {"label": "Ñañez Burbano Heliodoro", "value": "Ñañez Burbano Heliodoro", "group": "02. Opciones de autor"}, {"label": "Departamento de Obstetricia y Ginecología", "value": "Departamento de Obstetricia y Ginecología", "group": "02. Opciones de uab"}, {"label": "acupuntura", "value": "acupuntura", "group": "03. Opciones de temas"}, {"label": "adenocarcinoma", "value": "adenocarcinoma", "group": "03. Opciones de temas"}, {"label": "administración", "value": "administración", "group": "03. Opciones de temas"}, {"label": "administración de la seguridad", "value": "administración de la seguridad", "group": "03. Opciones de temas"}, {"label": "administración de seguridad", "value": "administración de seguridad", "group": "03. Opciones de temas"}, {"label": "adn", "value": "adn", "group": "03. Opciones de temas"}, {"label": "adolescente", "value": "adolescente", "group": "03. Opciones de temas"}, {"label": "adulto", "value": "adulto", "group": "03. Opciones de temas"}, {"label": "afecto", "value": "afecto", "group": "03. Opciones de temas"}, {"label": "anastomosis tubárica", "value": "anastomosis tubárica", "group": "03. Opciones de temas"}, {"label": "anciano", "value": "anciano", "group": "03. Opciones de temas"}, {"label": "anciano de 80 o más años", "value": "anciano de 80 o más años", "group": "03. Opciones de temas"}, {"label": "anestesia", "value": "anestesia", "group": "03. Opciones de temas"}, {"label": "anestesiología", "value": "anestesiología", "group": "03. Opciones de temas"}, {"label": "anticoagulantes", "value": "anticoagulantes", "group": "03. Opciones de temas"}, {"label": "anticoncepción", "value": "anticoncepción", "group": "03. Opciones de temas"}, {"label": "apnea", "value": "apnea", "group": "03. Opciones de temas"}, {"label": "aprendizaje", "value": "aprendizaje", "group": "03. Opciones de temas"}, {"label": "asma", "value": "asma", "group": "03. Opciones de temas"}, {"label": "asociación", "value": "asociación", "group": "03. Opciones de temas"}, {"label": "atención de salud", "value": "atención de salud", "group": "03. Opciones de temas"}, {"label": "atención prenatal", "value": "atención prenatal", "group": "03. Opciones de temas"}, {"label": "aumento de peso", "value": "aumento de peso", "group": "03. Opciones de temas"}, {"label": "autorización", "value": "autorización", "group": "03. Opciones de temas"}, {"label": "availability", "value": "availability", "group": "03. Opciones de temas"}, {"label": "behaviorismo", "value": "behaviorismo", "group": "03. Opciones de temas"}, {"label": "biología", "value": "biología", "group": "03. Opciones de temas"}, {"label": "brazo", "value": "brazo", "group": "03. Opciones de temas"}, {"label": "broncoscopía", "value": "broncoscopía", "group": "03. Opciones de temas"}, {"label": "calculadoras", "value": "calculadoras", "group": "03. Opciones de temas"}, {"label": "calidad de vida", "value": "calidad de vida", "group": "03. Opciones de temas"}, {"label": "carcinoma", "value": "carcinoma", "group": "03. Opciones de temas"}, {"label": "carcinosarcoma", "value": "carcinosarcoma", "group": "03. Opciones de temas"}, {"label": "causas de muerte", "value": "causas de muerte", "group": "03. Opciones de temas"}, {"label": "certificación", "value": "certificación", "group": "03. Opciones de temas"}, {"label": "certificado de defunción", "value": "certificado de defunción", "group": "03. Opciones de temas"}, {"label": "cervicitis", "value": "cervicitis", "group": "03. Opciones de temas"}, {"label": "cesárea", "value": "cesárea", "group": "03. Opciones de temas"}, {"label": "cholesterol", "value": "cholesterol", "group": "03. Opciones de temas"}, {"label": "ciencia", "value": "ciencia", "group": "03. Opciones de temas"}, {"label": "cirugía", "value": "cirugía", "group": "03. Opciones de temas"}, {"label": "ciudades", "value": "ciudades", "group": "03. Opciones de temas"}, {"label": "cognición", "value": "cognición", "group": "03. Opciones de temas"}, {"label": "colesterol", "value": "colesterol", "group": "03. Opciones de temas"}, {"label": "colombia", "value": "colombia", "group": "03. Opciones de temas"}, {"label": "complicaciones del embarazo", "value": "complicaciones del embarazo", "group": "03. Opciones de temas"}, {"label": "complicidad", "value": "complicidad", "group": "03. Opciones de temas"}, {"label": "comunicación", "value": "comunicación", "group": "03. Opciones de temas"}, {"label": "comunismo", "value": "comunismo", "group": "03. Opciones de temas"}, {"label": "conducta", "value": "conducta", "group": "03. Opciones de temas"}, {"label": "conductividad", "value": "conductividad", "group": "03. Opciones de temas"}, {"label": "conflictos armados", "value": "conflictos armados", "group": "03. Opciones de temas"}, {"label": "conocimiento", "value": "conocimiento", "group": "03. Opciones de temas"}, {"label": "consultores", "value": "consultores", "group": "03. Opciones de temas"}, {"label": "controlabilidad", "value": "controlabilidad", "group": "03. Opciones de temas"}, {"label": "correlacionadores", "value": "correlacionadores", "group": "03. Opciones de temas"}, {"label": "críticas", "value": "críticas", "group": "03. Opciones de temas"}, {"label": "cuidado prenatal", "value": "cuidado prenatal", "group": "03. Opciones de temas"}, {"label": "cultura", "value": "cultura", "group": "03. Opciones de temas"}, {"label": "curriculum", "value": "curriculum", "group": "03. Opciones de temas"}, {"label": "curva de aprendizaje", "value": "curva de aprendizaje", "group": "03. Opciones de temas"}, {"label": "células", "value": "células", "group": "03. Opciones de temas"}, {"label": "células 3t3", "value": "células 3t3", "group": "03. Opciones de temas"}, {"label": "células a549", "value": "células a549", "group": "03. Opciones de temas"}, {"label": "day care fuente malla nlm", "value": "day care fuente malla nlm", "group": "03. Opciones de temas"}, {"label": "density", "value": "density", "group": "03. Opciones de temas"}, {"label": "depresión", "value": "depresión", "group": "03. Opciones de temas"}, {"label": "descanso", "value": "descanso", "group": "03. Opciones de temas"}, {"label": "diagnóstico", "value": "diagnóstico", "group": "03. Opciones de temas"}, {"label": "directrices de práctica clínica", "value": "directrices de práctica clínica", "group": "03. Opciones de temas"}, {"label": "docentes", "value": "docentes", "group": "03. Opciones de temas"}, {"label": "dolor", "value": "dolor", "group": "03. Opciones de temas"}, {"label": "eclampsia", "value": "eclampsia", "group": "03. Opciones de temas"}, {"label": "editorial", "value": "editorial", "group": "03. Opciones de temas"}, {"label": "educación", "value": "educación", "group": "03. Opciones de temas"}, {"label": "efecto adverso", "value": "efecto adverso", "group": "03. Opciones de temas"}, {"label": "el embarazo", "value": "el embarazo", "group": "03. Opciones de temas"}, {"label": "el sida de vih", "value": "el sida de vih", "group": "03. Opciones de temas"}, {"label": "embarazo", "value": "embarazo", "group": "03. Opciones de temas"}, {"label": "embarazo inducido", "value": "embarazo inducido", "group": "03. Opciones de temas"}, {"label": "enfermedad", "value": "enfermedad", "group": "03. Opciones de temas"}, {"label": "enfermedad de transmisión sexual", "value": "enfermedad de transmisión sexual", "group": "03. Opciones de temas"}, {"label": "enfermedades", "value": "enfermedades", "group": "03. Opciones de temas"}, {"label": "enfermedades de transmisión sexual", "value": "enfermedades de transmisión sexual", "group": "03. Opciones de temas"}, {"label": "enseñanza", "value": "enseñanza", "group": "03. Opciones de temas"}, {"label": "envejecimiento", "value": "envejecimiento", "group": "03. Opciones de temas"}, {"label": "enzimas", "value": "enzimas", "group": "03. Opciones de temas"}, {"label": "episiotomía", "value": "episiotomía", "group": "03. Opciones de temas"}, {"label": "error medico", "value": "error medico", "group": "03. Opciones de temas"}, {"label": "errores de medicación", "value": "errores de medicación", "group": "03. Opciones de temas"}, {"label": "esterilidad", "value": "esterilidad", "group": "03. Opciones de temas"}, {"label": "esterilización", "value": "esterilización", "group": "03. Opciones de temas"}, {"label": "esterilización quirúrgica", "value": "esterilización quirúrgica", "group": "03. Opciones de temas"}, {"label": "estrés", "value": "estrés", "group": "03. Opciones de temas"}, {"label": "estudiantes", "value": "estudiantes", "group": "03. Opciones de temas"}, {"label": "estudios controlados antes y después", "value": "estudios controlados antes y después", "group": "03. Opciones de temas"}, {"label": "estudios de casos y controles", "value": "estudios de casos y controles", "group": "03. Opciones de temas"}, {"label": "estudios de cohortes", "value": "estudios de cohortes", "group": "03. Opciones de temas"}, {"label": "estudios longitudinales", "value": "estudios longitudinales", "group": "03. Opciones de temas"}, {"label": "extremidades", "value": "extremidades", "group": "03. Opciones de temas"}, {"label": "factores de riesgo", "value": "factores de riesgo", "group": "03. Opciones de temas"}, {"label": "familia", "value": "familia", "group": "03. Opciones de temas"}, {"label": "fase s", "value": "fase s", "group": "03. Opciones de temas"}, {"label": "fibroblastos", "value": "fibroblastos", "group": "03. Opciones de temas"}, {"label": "fisiología", "value": "fisiología", "group": "03. Opciones de temas"}, {"label": "frecuencia", "value": "frecuencia", "group": "03. Opciones de temas"}, {"label": "fuente de guardería mesh nlm", "value": "fuente de guardería mesh nlm", "group": "03. Opciones de temas"}, {"label": "fumadores", "value": "fumadores", "group": "03. Opciones de temas"}, {"label": "física", "value": "física", "group": "03. Opciones de temas"}, {"label": "gemelos", "value": "gemelos", "group": "03. Opciones de temas"}, {"label": "generadores", "value": "generadores", "group": "03. Opciones de temas"}, {"label": "genes", "value": "genes", "group": "03. Opciones de temas"}, {"label": "genética", "value": "genética", "group": "03. Opciones de temas"}, {"label": "ginecología", "value": "ginecología", "group": "03. Opciones de temas"}, {"label": "glucosa", "value": "glucosa", "group": "03. Opciones de temas"}, {"label": "glucose", "value": "glucose", "group": "03. Opciones de temas"}, {"label": "grabación", "value": "grabación", "group": "03. Opciones de temas"}, {"label": "grupos de edad", "value": "grupos de edad", "group": "03. Opciones de temas"}, {"label": "guía", "value": "guía", "group": "03. Opciones de temas"}, {"label": "guía de práctica clínica", "value": "guía de práctica clínica", "group": "03. Opciones de temas"}, {"label": "guías de práctica clínica", "value": "guías de práctica clínica", "group": "03. Opciones de temas"}, {"label": "hemorragia", "value": "hemorragia", "group": "03. Opciones de temas"}, {"label": "hemorragia posparto", "value": "hemorragia posparto", "group": "03. Opciones de temas"}, {"label": "hijo único", "value": "hijo único", "group": "03. Opciones de temas"}, {"label": "hipertensión", "value": "hipertensión", "group": "03. Opciones de temas"}, {"label": "hipertiroidismo", "value": "hipertiroidismo", "group": "03. Opciones de temas"}, {"label": "histerectomía", "value": "histerectomía", "group": "03. Opciones de temas"}, {"label": "historia", "value": "historia", "group": "03. Opciones de temas"}, {"label": "hormigas", "value": "hormigas", "group": "03. Opciones de temas"}, {"label": "hormonas", "value": "hormonas", "group": "03. Opciones de temas"}, {"label": "hospitales", "value": "hospitales", "group": "03. Opciones de temas"}, {"label": "hospitalización", "value": "hospitalización", "group": "03. Opciones de temas"}, {"label": "hospitals", "value": "hospitals", "group": "03. Opciones de temas"}, {"label": "humanos", "value": "humanos", "group": "03. Opciones de temas"}, {"label": "incidencia", "value": "incidencia", "group": "03. Opciones de temas"}, {"label": "incontinencia urinaria", "value": "incontinencia urinaria", "group": "03. Opciones de temas"}, {"label": "indicators", "value": "indicators", "group": "03. Opciones de temas"}, {"label": "inducido por el embarazo", "value": "inducido por el embarazo", "group": "03. Opciones de temas"}, {"label": "infecciones", "value": "infecciones", "group": "03. Opciones de temas"}, {"label": "infección obstétrica", "value": "infección obstétrica", "group": "03. Opciones de temas"}, {"label": "infertilidad", "value": "infertilidad", "group": "03. Opciones de temas"}, {"label": "informes de casos", "value": "informes de casos", "group": "03. Opciones de temas"}, {"label": "internet", "value": "internet", "group": "03. Opciones de temas"}, {"label": "investigación", "value": "investigación", "group": "03. Opciones de temas"}, {"label": "la evidencia se basa en la practica", "value": "la evidencia se basa en la practica", "group": "03. Opciones de temas"}, {"label": "la seguridad", "value": "la seguridad", "group": "03. Opciones de temas"}, {"label": "laparoscopios", "value": "laparoscopios", "group": "03. Opciones de temas"}, {"label": "ligadura", "value": "ligadura", "group": "03. Opciones de temas"}, {"label": "limiting", "value": "limiting", "group": "03. Opciones de temas"}, {"label": "lipoproteins", "value": "lipoproteins", "group": "03. Opciones de temas"}, {"label": "lipoproteína(a)", "value": "lipoproteína(a)", "group": "03. Opciones de temas"}, {"label": "lipoproteínas", "value": "lipoproteínas", "group": "03. Opciones de temas"}, {"label": "literatura", "value": "literatura", "group": "03. Opciones de temas"}, {"label": "logro", "value": "logro", "group": "03. Opciones de temas"}, {"label": "longitudinal studies", "value": "longitudinal studies", "group": "03. Opciones de temas"}, {"label": "maine", "value": "maine", "group": "03. Opciones de temas"}, {"label": "mama", "value": "mama", "group": "03. Opciones de temas"}, {"label": "materiales", "value": "materiales", "group": "03. Opciones de temas"}, {"label": "materna fetal medicina", "value": "materna fetal medicina", "group": "03. Opciones de temas"}, {"label": "maternidades", "value": "maternidades", "group": "03. Opciones de temas"}, {"label": "materno fetal medicine", "value": "materno fetal medicine", "group": "03. Opciones de temas"}, {"label": "medicalización", "value": "medicalización", "group": "03. Opciones de temas"}, {"label": "medicina", "value": "medicina", "group": "03. Opciones de temas"}, {"label": "medicina tradicional china", "value": "medicina tradicional china", "group": "03. Opciones de temas"}, {"label": "medición", "value": "medición", "group": "03. Opciones de temas"}, {"label": "memoria", "value": "memoria", "group": "03. Opciones de temas"}, {"label": "metabolismo", "value": "metabolismo", "group": "03. Opciones de temas"}, {"label": "momias", "value": "momias", "group": "03. Opciones de temas"}, {"label": "monografía", "value": "monografía", "group": "03. Opciones de temas"}, {"label": "morbilidad", "value": "morbilidad", "group": "03. Opciones de temas"}, {"label": "morbilidad materna", "value": "morbilidad materna", "group": "03. Opciones de temas"}, {"label": "mortalidad", "value": "mortalidad", "group": "03. Opciones de temas"}, {"label": "mortalidad materna", "value": "mortalidad materna", "group": "03. Opciones de temas"}, {"label": "muerte", "value": "muerte", "group": "03. Opciones de temas"}, {"label": "mujeres", "value": "mujeres", "group": "03. Opciones de temas"}, {"label": "mujeres embarazadas", "value": "mujeres embarazadas", "group": "03. Opciones de temas"}, {"label": "mutación", "value": "mutación", "group": "03. Opciones de temas"}, {"label": "mycobacterium", "value": "mycobacterium", "group": "03. Opciones de temas"}, {"label": "mycobacterium tuberculosis", "value": "mycobacterium tuberculosis", "group": "03. Opciones de temas"}, {"label": "métodos", "value": "métodos", "group": "03. Opciones de temas"}, {"label": "neoplasias de la mama", "value": "neoplasias de la mama", "group": "03. Opciones de temas"}, {"label": "neumonía", "value": "neumonía", "group": "03. Opciones de temas"}, {"label": "neumonía bacteriana", "value": "neumonía bacteriana", "group": "03. Opciones de temas"}, {"label": "niño", "value": "niño", "group": "03. Opciones de temas"}, {"label": "observación", "value": "observación", "group": "03. Opciones de temas"}, {"label": "observadores", "value": "observadores", "group": "03. Opciones de temas"}, {"label": "obstetricia", "value": "obstetricia", "group": "03. Opciones de temas"}, {"label": "oncología", "value": "oncología", "group": "03. Opciones de temas"}, {"label": "organismos", "value": "organismos", "group": "03. Opciones de temas"}, {"label": "organizaciones", "value": "organizaciones", "group": "03. Opciones de temas"}, {"label": "pacientes", "value": "pacientes", "group": "03. Opciones de temas"}, {"label": "patología", "value": "patología", "group": "03. Opciones de temas"}, {"label": "pautas", "value": "pautas", "group": "03. Opciones de temas"}, {"label": "países desarrollados", "value": "países desarrollados", "group": "03. Opciones de temas"}, {"label": "países en desarrollo", "value": "países en desarrollo", "group": "03. Opciones de temas"}, {"label": "pediatría", "value": "pediatría", "group": "03. Opciones de temas"}, {"label": "perinatología", "value": "perinatología", "group": "03. Opciones de temas"}, {"label": "periodicidad", "value": "periodicidad", "group": "03. Opciones de temas"}, {"label": "permiso", "value": "permiso", "group": "03. Opciones de temas"}, {"label": "planificación", "value": "planificación", "group": "03. Opciones de temas"}, {"label": "plomo", "value": "plomo", "group": "03. Opciones de temas"}, {"label": "población", "value": "población", "group": "03. Opciones de temas"}, {"label": "preeclampsia", "value": "preeclampsia", "group": "03. Opciones de temas"}, {"label": "pregnancy", "value": "pregnancy", "group": "03. Opciones de temas"}, {"label": "prehipertensión", "value": "prehipertensión", "group": "03. Opciones de temas"}, {"label": "presión sanguínea", "value": "presión sanguínea", "group": "03. Opciones de temas"}, {"label": "prevalencia", "value": "prevalencia", "group": "03. Opciones de temas"}, {"label": "privatización", "value": "privatización", "group": "03. Opciones de temas"}, {"label": "probabilidad", "value": "probabilidad", "group": "03. Opciones de temas"}, {"label": "programación", "value": "programación", "group": "03. Opciones de temas"}, {"label": "pronóstico", "value": "pronóstico", "group": "03. Opciones de temas"}, {"label": "proteccion", "value": "proteccion", "group": "03. Opciones de temas"}, {"label": "proteínas 14-3-3", "value": "proteínas 14-3-3", "group": "03. Opciones de temas"}, {"label": "pruebas", "value": "pruebas", "group": "03. Opciones de temas"}, {"label": "práctica clínica basada en la evidencia", "value": "práctica clínica basada en la evidencia", "group": "03. Opciones de temas"}, {"label": "psicología", "value": "psicología", "group": "03. Opciones de temas"}, {"label": "publicaciones", "value": "publicaciones", "group": "03. Opciones de temas"}, {"label": "publicación", "value": "publicación", "group": "03. Opciones de temas"}, {"label": "quimioterapia", "value": "quimioterapia", "group": "03. Opciones de temas"}, {"label": "radioterapia", "value": "radioterapia", "group": "03. Opciones de temas"}, {"label": "recurrencia", "value": "recurrencia", "group": "03. Opciones de temas"}, {"label": "registros", "value": "registros", "group": "03. Opciones de temas"}, {"label": "reposo en cama", "value": "reposo en cama", "group": "03. Opciones de temas"}, {"label": "reproducción", "value": "reproducción", "group": "03. Opciones de temas"}, {"label": "resiliencia", "value": "resiliencia", "group": "03. Opciones de temas"}, {"label": "resultado del tratamiento", "value": "resultado del tratamiento", "group": "03. Opciones de temas"}, {"label": "resultados de la salud de la enfermedad", "value": "resultados de la salud de la enfermedad", "group": "03. Opciones de temas"}, {"label": "resultados de salud de la enfermedad", "value": "resultados de salud de la enfermedad", "group": "03. Opciones de temas"}, {"label": "retardantes", "value": "retardantes", "group": "03. Opciones de temas"}, {"label": "revisión", "value": "revisión", "group": "03. Opciones de temas"}, {"label": "revisión sistemática", "value": "revisión sistemática", "group": "03. Opciones de temas"}, {"label": "ribotipificación", "value": "ribotipificación", "group": "03. Opciones de temas"}, {"label": "riesgo", "value": "riesgo", "group": "03. Opciones de temas"}, {"label": "salud", "value": "salud", "group": "03. Opciones de temas"}, {"label": "salud del niño", "value": "salud del niño", "group": "03. Opciones de temas"}, {"label": "salud mental", "value": "salud mental", "group": "03. Opciones de temas"}, {"label": "salud neonatal", "value": "salud neonatal", "group": "03. Opciones de temas"}, {"label": "salud pública", "value": "salud pública", "group": "03. Opciones de temas"}, {"label": "salud reproductiva", "value": "salud reproductiva", "group": "03. Opciones de temas"}, {"label": "sangre", "value": "sangre", "group": "03. Opciones de temas"}, {"label": "seguridad", "value": "seguridad", "group": "03. Opciones de temas"}, {"label": "sensibilidad", "value": "sensibilidad", "group": "03. Opciones de temas"}, {"label": "sensibilidad y especificidad", "value": "sensibilidad y especificidad", "group": "03. Opciones de temas"}, {"label": "servicio de salud", "value": "servicio de salud", "group": "03. Opciones de temas"}, {"label": "servicios de salud", "value": "servicios de salud", "group": "03. Opciones de temas"}, {"label": "servicios de salud del niño", "value": "servicios de salud del niño", "group": "03. Opciones de temas"}, {"label": "servicios de salud materno-infantil", "value": "servicios de salud materno-infantil", "group": "03. Opciones de temas"}, {"label": "sexo", "value": "sexo", "group": "03. Opciones de temas"}, {"label": "sexualidad", "value": "sexualidad", "group": "03. Opciones de temas"}, {"label": "sida del vih", "value": "sida del vih", "group": "03. Opciones de temas"}, {"label": "sincronización", "value": "sincronización", "group": "03. Opciones de temas"}, {"label": "sistemática", "value": "sistemática", "group": "03. Opciones de temas"}, {"label": "sobrevida", "value": "sobrevida", "group": "03. Opciones de temas"}, {"label": "socialismo", "value": "socialismo", "group": "03. Opciones de temas"}, {"label": "socialización", "value": "socialización", "group": "03. Opciones de temas"}, {"label": "suero", "value": "suero", "group": "03. Opciones de temas"}, {"label": "sueño", "value": "sueño", "group": "03. Opciones de temas"}, {"label": "sugestión", "value": "sugestión", "group": "03. Opciones de temas"}, {"label": "supervisión", "value": "supervisión", "group": "03. Opciones de temas"}, {"label": "sífilis", "value": "sífilis", "group": "03. Opciones de temas"}, {"label": "síndrome", "value": "síndrome", "group": "03. Opciones de temas"}, {"label": "síndrome de down", "value": "síndrome de down", "group": "03. Opciones de temas"}, {"label": "tejidos", "value": "tejidos", "group": "03. Opciones de temas"}, {"label": "terapia", "value": "terapia", "group": "03. Opciones de temas"}, {"label": "terapéutica", "value": "terapéutica", "group": "03. Opciones de temas"}, {"label": "tiempo", "value": "tiempo", "group": "03. Opciones de temas"}, {"label": "toxoplasma", "value": "toxoplasma", "group": "03. Opciones de temas"}, {"label": "toxoplasmosis", "value": "toxoplasmosis", "group": "03. Opciones de temas"}, {"label": "trabajo", "value": "trabajo", "group": "03. Opciones de temas"}, {"label": "triglicéridos", "value": "triglicéridos", "group": "03. Opciones de temas"}, {"label": "triglycerides", "value": "triglycerides", "group": "03. Opciones de temas"}, {"label": "trofoblastos", "value": "trofoblastos", "group": "03. Opciones de temas"}, {"label": "trombosis", "value": "trombosis", "group": "03. Opciones de temas"}, {"label": "trombosis de la vena", "value": "trombosis de la vena", "group": "03. Opciones de temas"}, {"label": "tuberculosis", "value": "tuberculosis", "group": "03. Opciones de temas"}, {"label": "universidades", "value": "universidades", "group": "03. Opciones de temas"}, {"label": "vaginitis", "value": "vaginitis", "group": "03. Opciones de temas"}, {"label": "vaginosis bacteriana", "value": "vaginosis bacteriana", "group": "03. Opciones de temas"}, {"label": "venas", "value": "venas", "group": "03. Opciones de temas"}, {"label": "victoria", "value": "victoria", "group": "03. Opciones de temas"}, {"label": "vida", "value": "vida", "group": "03. Opciones de temas"}, {"label": "vih", "value": "vih", "group": "03. Opciones de temas"}, {"label": "vih-1", "value": "vih-1", "group": "03. Opciones de temas"}, {"label": "vih-2", "value": "vih-2", "group": "03. Opciones de temas"}, {"label": "we", "value": "we", "group": "03. Opciones de temas"}, {"label": "women", "value": "women", "group": "03. Opciones de temas"}, {"label": "índice", "value": "índice", "group": "03. Opciones de temas"}, {"label": "índice de embarazo", "value": "índice de embarazo", "group": "03. Opciones de temas"}, {"label": "índices", "value": "índices", "group": "03. Opciones de temas"}, {"label": "útero", "value": "útero", "group": "03. Opciones de temas"}]}