{"nodes": [{"id": "1fdf00db-5f9c-4385-a4ae-5f0a0796a0d0", "label": "Dirección de Sede Caribe", "type": "uab"}, {"id": 2753, "label": "Bartens Angela", "type": "author"}, {"id": 2756, "label": "Ardila Benavides Claudia Leonor", "type": "author"}, {"id": 2759, "label": "Robinson Bent Lenito Ernesto", "type": "author"}, {"id": 2761, "label": "Cuevas Melendez Henry", "type": "author"}], "links": [{"source": "1fdf00db-5f9c-4385-a4ae-5f0a0796a0d0", "target": 2753, "value": 1}, {"source": "1fdf00db-5f9c-4385-a4ae-5f0a0796a0d0", "target": 2756, "value": 1}, {"source": "1fdf00db-5f9c-4385-a4ae-5f0a0796a0d0", "target": 2759, "value": 1}, {"source": "1fdf00db-5f9c-4385-a4ae-5f0a0796a0d0", "target": 2761, "value": 1}], "options": [{"label": "Estado inicial", "value": "Dirección de Sede Caribe", "group": "00. Opciones predeterminadas"}, {"label": "Ardila Benavides Claudia Leonor", "value": "Ardila Benavides Claudia Leonor", "group": "02. Opciones de autor"}, {"label": "Bartens Angela", "value": "Bartens Angela", "group": "02. Opciones de autor"}, {"label": "Cuevas Melendez Henry", "value": "Cuevas Melendez Henry", "group": "02. Opciones de autor"}, {"label": "Robinson Bent Lenito Ernesto", "value": "Robinson Bent Lenito Ernesto", "group": "02. Opciones de autor"}, {"label": "Dirección de Sede Caribe", "value": "Dirección de Sede Caribe", "group": "02. Opciones de uab"}]}