{"nodes": [{"id": "91ddd00c-e446-4222-a134-0265346aed47", "label": "Departamento de Ciencias Básicas", "type": "uab"}, {"id": 2645, "label": "Prado Garcia Jose Agustin", "type": "author"}, {"id": 2647, "label": "Pitre Andrade Carlos Segundo", "type": "author"}, {"id": 2650, "label": "Mejia Carmona Diego Fernando", "type": "author"}, {"id": 2651, "label": "Moreno Rodriguez Roosevelt", "type": "author"}, {"id": 2654, "label": "Torres Castañeda Harlen Gerardo", "type": "author"}, {"id": 2665, "label": "Diaz Escobar Jose Alfredo", "type": "author"}, {"id": 2666, "label": "Manrique Bastidas Cesar Augusto", "type": "author"}, {"id": 2673, "label": "Orozco Pimiento Yorgen", "type": "author"}, {"id": 2677, "label": "Duque Baracaldo Rodrigo", "type": "author"}, {"id": 2680, "label": "Leal Gomez John Jairo", "type": "author"}, {"id": 2683, "label": "Ponton Ladino Teresa", "type": "author"}, {"id": 2684, "label": "Medina Bejarano Lucy Janeth", "type": "author"}, {"id": 2689, "label": "Ospina Giraldo Blanca Lucia", "type": "author"}, {"id": 2694, "label": "Higuera Sandoval Jorge Alberto", "type": "author"}, {"id": 2697, "label": "Larrahondo Aguilar Helmer", "type": "author"}, {"id": 2703, "label": "Jimenez Chappotin Giraldo", "type": "author"}, {"id": 2705, "label": "Mendoza Marin Claudia Margarita", "type": "author"}, {"id": 2707, "label": "Cobo Alvaro", "type": "author"}, {"id": 2709, "label": "Plata Adarme Alirio", "type": "author"}, {"id": 2710, "label": "Mier Barona Carmen Elena", "type": "author"}, {"id": 2711, "label": "Tofiño Peña Jose Eduardo", "type": "author"}, {"id": 2715, "label": "Ruiz Durantez Eduardo", "type": "author"}, {"id": 2726, "label": "Agudelo Henao Ana Cecilia", "type": "author"}, {"id": 2731, "label": "Vargas Franco Viviana", "type": "author"}, {"id": 2732, "label": "Cortes Paez Luis Enrique", "type": "author"}, {"id": 2735, "label": "Cisneros Rojas Carlos Adolfo", "type": "author"}, {"id": 2738, "label": "Delgado Ospina Jairo Andres", "type": "author"}, {"id": 2739, "label": "Jurado Jesus Fabian", "type": "author"}, {"id": "calculadoras", "label": "calculadoras", "type": "topic"}, {"id": "dieléctricos", "label": "dieléctricos", "type": "topic"}, {"id": "acoplamientos", "label": "acoplamientos", "type": "topic"}, {"id": "electricidad", "label": "electricidad", "type": "topic"}, {"id": "modelado", "label": "modelado", "type": "topic"}, {"id": 2740, "label": "Uribe Ceballos Jose Reinel", "type": "author"}, {"id": 2746, "label": "Otero Ospina Joel Tupac", "type": "author"}, {"id": 2748, "label": "Checa Ceron Oscar Yovany", "type": "author"}, {"id": 2749, "label": "Baena Garcia Diosdado", "type": "author"}], "links": [{"source": "91ddd00c-e446-4222-a134-0265346aed47", "target": 2645, "value": 1}, {"source": "91ddd00c-e446-4222-a134-0265346aed47", "target": 2647, "value": 1}, {"source": "91ddd00c-e446-4222-a134-0265346aed47", "target": 2650, "value": 1}, {"source": "91ddd00c-e446-4222-a134-0265346aed47", "target": 2651, "value": 1}, {"source": "91ddd00c-e446-4222-a134-0265346aed47", "target": 2654, "value": 1}, {"source": "91ddd00c-e446-4222-a134-0265346aed47", "target": 2665, "value": 1}, {"source": "91ddd00c-e446-4222-a134-0265346aed47", "target": 2666, "value": 1}, {"source": "91ddd00c-e446-4222-a134-0265346aed47", "target": 2673, "value": 1}, {"source": "91ddd00c-e446-4222-a134-0265346aed47", "target": 2677, "value": 1}, {"source": "91ddd00c-e446-4222-a134-0265346aed47", "target": 2680, "value": 1}, {"source": "91ddd00c-e446-4222-a134-0265346aed47", "target": 2683, "value": 1}, {"source": "91ddd00c-e446-4222-a134-0265346aed47", "target": 2684, "value": 1}, {"source": "91ddd00c-e446-4222-a134-0265346aed47", "target": 2689, "value": 1}, {"source": "91ddd00c-e446-4222-a134-0265346aed47", "target": 2694, "value": 1}, {"source": "91ddd00c-e446-4222-a134-0265346aed47", "target": 2697, "value": 1}, {"source": "91ddd00c-e446-4222-a134-0265346aed47", "target": 2703, "value": 1}, {"source": "91ddd00c-e446-4222-a134-0265346aed47", "target": 2705, "value": 1}, {"source": "91ddd00c-e446-4222-a134-0265346aed47", "target": 2707, "value": 1}, {"source": "91ddd00c-e446-4222-a134-0265346aed47", "target": 2709, "value": 1}, {"source": "91ddd00c-e446-4222-a134-0265346aed47", "target": 2710, "value": 1}, {"source": "91ddd00c-e446-4222-a134-0265346aed47", "target": 2711, "value": 1}, {"source": "91ddd00c-e446-4222-a134-0265346aed47", "target": 2715, "value": 1}, {"source": "91ddd00c-e446-4222-a134-0265346aed47", "target": 2726, "value": 1}, {"source": "91ddd00c-e446-4222-a134-0265346aed47", "target": 2731, "value": 1}, {"source": "91ddd00c-e446-4222-a134-0265346aed47", "target": 2732, "value": 1}, {"source": "91ddd00c-e446-4222-a134-0265346aed47", "target": 2735, "value": 1}, {"source": "91ddd00c-e446-4222-a134-0265346aed47", "target": 2738, "value": 1}, {"source": "91ddd00c-e446-4222-a134-0265346aed47", "target": 2739, "value": 1}, {"source": 2739, "target": "calculadoras", "value": 2}, {"source": 2739, "target": "dieléctricos", "value": 2}, {"source": 2739, "target": "acoplamientos", "value": 2}, {"source": 2739, "target": "electricidad", "value": 2}, {"source": 2739, "target": "modelado", "value": 2}, {"source": "91ddd00c-e446-4222-a134-0265346aed47", "target": 2740, "value": 1}, {"source": "91ddd00c-e446-4222-a134-0265346aed47", "target": 2746, "value": 1}, {"source": "91ddd00c-e446-4222-a134-0265346aed47", "target": 2748, "value": 1}, {"source": "91ddd00c-e446-4222-a134-0265346aed47", "target": 2749, "value": 1}], "options": [{"label": "Estado inicial", "value": "Departamento de Ciencias Básicas", "group": "00. Opciones predeterminadas"}, {"label": "Agudelo Henao Ana Cecilia", "value": "Agudelo Henao Ana Cecilia", "group": "02. Opciones de autor"}, {"label": "Baena Garcia Diosdado", "value": "Baena Garcia Diosdado", "group": "02. Opciones de autor"}, {"label": "Checa Ceron Oscar Yovany", "value": "Checa Ceron Oscar Yovany", "group": "02. Opciones de autor"}, {"label": "Cisneros Rojas Carlos Adolfo", "value": "Cisneros Rojas Carlos Adolfo", "group": "02. Opciones de autor"}, {"label": "Cobo Alvaro", "value": "Cobo Alvaro", "group": "02. Opciones de autor"}, {"label": "Cortes Paez Luis Enrique", "value": "Cortes Paez Luis Enrique", "group": "02. Opciones de autor"}, {"label": "Delgado Ospina Jairo Andres", "value": "Delgado Ospina Jairo Andres", "group": "02. Opciones de autor"}, {"label": "Diaz Escobar Jose Alfredo", "value": "Diaz Escobar Jose Alfredo", "group": "02. Opciones de autor"}, {"label": "Duque Baracaldo Rodrigo", "value": "Duque Baracaldo Rodrigo", "group": "02. Opciones de autor"}, {"label": "Higuera Sandoval Jorge Alberto", "value": "Higuera Sandoval Jorge Alberto", "group": "02. Opciones de autor"}, {"label": "Jimenez Chappotin Giraldo", "value": "Jimenez Chappotin Giraldo", "group": "02. Opciones de autor"}, {"label": "Jurado Jesus Fabian", "value": "Jurado Jesus Fabian", "group": "02. Opciones de autor"}, {"label": "Larrahondo Aguilar Helmer", "value": "Larrahondo Aguilar Helmer", "group": "02. Opciones de autor"}, {"label": "Leal Gomez John Jairo", "value": "Leal Gomez John Jairo", "group": "02. Opciones de autor"}, {"label": "Manrique Bastidas Cesar Augusto", "value": "Manrique Bastidas Cesar Augusto", "group": "02. Opciones de autor"}, {"label": "Medina Bejarano Lucy Janeth", "value": "Medina Bejarano Lucy Janeth", "group": "02. Opciones de autor"}, {"label": "Mejia Carmona Diego Fernando", "value": "Mejia Carmona Diego Fernando", "group": "02. Opciones de autor"}, {"label": "Mendoza Marin Claudia Margarita", "value": "Mendoza Marin Claudia Margarita", "group": "02. Opciones de autor"}, {"label": "Mier Barona Carmen Elena", "value": "Mier Barona Carmen Elena", "group": "02. Opciones de autor"}, {"label": "Moreno Rodriguez Roosevelt", "value": "Moreno Rodriguez Roosevelt", "group": "02. Opciones de autor"}, {"label": "Orozco Pimiento Yorgen", "value": "Orozco Pimiento Yorgen", "group": "02. Opciones de autor"}, {"label": "Ospina Giraldo Blanca Lucia", "value": "Ospina Giraldo Blanca Lucia", "group": "02. Opciones de autor"}, {"label": "Otero Ospina Joel Tupac", "value": "Otero Ospina Joel Tupac", "group": "02. Opciones de autor"}, {"label": "Pitre Andrade Carlos Segundo", "value": "Pitre Andrade Carlos Segundo", "group": "02. Opciones de autor"}, {"label": "Plata Adarme Alirio", "value": "Plata Adarme Alirio", "group": "02. Opciones de autor"}, {"label": "Ponton Ladino Teresa", "value": "Ponton Ladino Teresa", "group": "02. Opciones de autor"}, {"label": "Prado Garcia Jose Agustin", "value": "Prado Garcia Jose Agustin", "group": "02. Opciones de autor"}, {"label": "Ruiz Durantez Eduardo", "value": "Ruiz Durantez Eduardo", "group": "02. Opciones de autor"}, {"label": "Tofiño Peña Jose Eduardo", "value": "Tofiño Peña Jose Eduardo", "group": "02. Opciones de autor"}, {"label": "Torres Castañeda Harlen Gerardo", "value": "Torres Castañeda Harlen Gerardo", "group": "02. Opciones de autor"}, {"label": "Uribe Ceballos Jose Reinel", "value": "Uribe Ceballos Jose Reinel", "group": "02. Opciones de autor"}, {"label": "Vargas Franco Viviana", "value": "Vargas Franco Viviana", "group": "02. Opciones de autor"}, {"label": "Departamento de Ciencias Básicas", "value": "Departamento de Ciencias Básicas", "group": "02. Opciones de uab"}, {"label": "acoplamientos", "value": "acoplamientos", "group": "03. Opciones de temas"}, {"label": "calculadoras", "value": "calculadoras", "group": "03. Opciones de temas"}, {"label": "dieléctricos", "value": "dieléctricos", "group": "03. Opciones de temas"}, {"label": "electricidad", "value": "electricidad", "group": "03. Opciones de temas"}, {"label": "modelado", "value": "modelado", "group": "03. Opciones de temas"}]}