{"nodes": [{"id": "8daf90ee-94a5-452a-8917-8d6765a52533", "label": "Departamento de Ciencias Sociales", "type": "uab"}, {"id": 2648, "label": "Granados Camargo Ismael Nevardo", "type": "author"}, {"id": 2653, "label": "Prieto Parra Ramiro Antonio", "type": "author"}, {"id": 2655, "label": "Libreros Gonzalez Harold Humberto", "type": "author"}, {"id": 2656, "label": "Reina Barth Jose Otocar", "type": "author"}, {"id": 2659, "label": "Lozano Reyes Fanor", "type": "author"}, {"id": 2663, "label": "Cardenas Acevedo Rodrigo Enrique", "type": "author"}, {"id": 2667, "label": "Arellano Guerrero Alexandra Eugenia", "type": "author"}, {"id": 2674, "label": "Martinez Oropesa Ciro", "type": "author"}, {"id": 2676, "label": "Cajigas Romero Margot", "type": "author"}, {"id": 2685, "label": "Tello Castrillon Carlos Antonio", "type": "author"}, {"id": 2688, "label": "Lopez Pinillos Nubia Lucero", "type": "author"}, {"id": 2690, "label": "Salcedo Serna Marco Alexis", "type": "author"}, {"id": 2695, "label": "Alvarez Payan Camilo", "type": "author"}, {"id": 2698, "label": "Ávila Dávalos Hernán", "type": "author"}, {"id": 2704, "label": "Martinez Alberto", "type": "author"}, {"id": 2706, "label": "Perez Y Soto Dominguez Alejandro", "type": "author"}, {"id": 2717, "label": "Diaz Pacheco Raul Antonio", "type": "author"}, {"id": 2719, "label": "Ramirez Elbar", "type": "author"}, {"id": 2725, "label": "Sanchez Leon Nelly Beatriz", "type": "author"}, {"id": 2729, "label": "Sarria Escobar Pablo Humberto", "type": "author"}, {"id": 2742, "label": "Quintero Vargas Heimar", "type": "author"}], "links": [{"source": "8daf90ee-94a5-452a-8917-8d6765a52533", "target": 2648, "value": 1}, {"source": "8daf90ee-94a5-452a-8917-8d6765a52533", "target": 2653, "value": 1}, {"source": "8daf90ee-94a5-452a-8917-8d6765a52533", "target": 2655, "value": 1}, {"source": "8daf90ee-94a5-452a-8917-8d6765a52533", "target": 2656, "value": 1}, {"source": "8daf90ee-94a5-452a-8917-8d6765a52533", "target": 2659, "value": 1}, {"source": "8daf90ee-94a5-452a-8917-8d6765a52533", "target": 2663, "value": 1}, {"source": "8daf90ee-94a5-452a-8917-8d6765a52533", "target": 2667, "value": 1}, {"source": "8daf90ee-94a5-452a-8917-8d6765a52533", "target": 2674, "value": 1}, {"source": "8daf90ee-94a5-452a-8917-8d6765a52533", "target": 2676, "value": 1}, {"source": "8daf90ee-94a5-452a-8917-8d6765a52533", "target": 2685, "value": 1}, {"source": "8daf90ee-94a5-452a-8917-8d6765a52533", "target": 2688, "value": 1}, {"source": "8daf90ee-94a5-452a-8917-8d6765a52533", "target": 2690, "value": 1}, {"source": "8daf90ee-94a5-452a-8917-8d6765a52533", "target": 2695, "value": 1}, {"source": "8daf90ee-94a5-452a-8917-8d6765a52533", "target": 2698, "value": 1}, {"source": "8daf90ee-94a5-452a-8917-8d6765a52533", "target": 2704, "value": 1}, {"source": "8daf90ee-94a5-452a-8917-8d6765a52533", "target": 2706, "value": 1}, {"source": "8daf90ee-94a5-452a-8917-8d6765a52533", "target": 2717, "value": 1}, {"source": "8daf90ee-94a5-452a-8917-8d6765a52533", "target": 2719, "value": 1}, {"source": "8daf90ee-94a5-452a-8917-8d6765a52533", "target": 2725, "value": 1}, {"source": "8daf90ee-94a5-452a-8917-8d6765a52533", "target": 2729, "value": 1}, {"source": "8daf90ee-94a5-452a-8917-8d6765a52533", "target": 2742, "value": 1}], "options": [{"label": "Estado inicial", "value": "Departamento de Ciencias Sociales", "group": "00. Opciones predeterminadas"}, {"label": "Alvarez Payan Camilo", "value": "Alvarez Payan Camilo", "group": "02. Opciones de autor"}, {"label": "Arellano Guerrero Alexandra Eugenia", "value": "Arellano Guerrero Alexandra Eugenia", "group": "02. Opciones de autor"}, {"label": "Cajigas Romero Margot", "value": "Cajigas Romero Margot", "group": "02. Opciones de autor"}, {"label": "Cardenas Acevedo Rodrigo Enrique", "value": "Cardenas Acevedo Rodrigo Enrique", "group": "02. Opciones de autor"}, {"label": "Diaz Pacheco Raul Antonio", "value": "Diaz Pacheco Raul Antonio", "group": "02. Opciones de autor"}, {"label": "Granados Camargo Ismael Nevardo", "value": "Granados Camargo Ismael Nevardo", "group": "02. Opciones de autor"}, {"label": "Libreros Gonzalez Harold Humberto", "value": "Libreros Gonzalez Harold Humberto", "group": "02. Opciones de autor"}, {"label": "Lopez Pinillos Nubia Lucero", "value": "Lopez Pinillos Nubia Lucero", "group": "02. Opciones de autor"}, {"label": "Lozano Reyes Fanor", "value": "Lozano Reyes Fanor", "group": "02. Opciones de autor"}, {"label": "Martinez Alberto", "value": "Martinez Alberto", "group": "02. Opciones de autor"}, {"label": "Martinez Oropesa Ciro", "value": "Martinez Oropesa Ciro", "group": "02. Opciones de autor"}, {"label": "Perez Y Soto Dominguez Alejandro", "value": "Perez Y Soto Dominguez Alejandro", "group": "02. Opciones de autor"}, {"label": "Prieto Parra Ramiro Antonio", "value": "Prieto Parra Ramiro Antonio", "group": "02. Opciones de autor"}, {"label": "Quintero Vargas Heimar", "value": "Quintero Vargas Heimar", "group": "02. Opciones de autor"}, {"label": "Ramirez Elbar", "value": "Ramirez Elbar", "group": "02. Opciones de autor"}, {"label": "Reina Barth Jose Otocar", "value": "Reina Barth Jose Otocar", "group": "02. Opciones de autor"}, {"label": "Salcedo Serna Marco Alexis", "value": "Salcedo Serna Marco Alexis", "group": "02. Opciones de autor"}, {"label": "Sanchez Leon Nelly Beatriz", "value": "Sanchez Leon Nelly Beatriz", "group": "02. Opciones de autor"}, {"label": "Sarria Escobar Pablo Humberto", "value": "Sarria Escobar Pablo Humberto", "group": "02. Opciones de autor"}, {"label": "Tello Castrillon Carlos Antonio", "value": "Tello Castrillon Carlos Antonio", "group": "02. Opciones de autor"}, {"label": "Ávila Dávalos Hernán", "value": "Ávila Dávalos Hernán", "group": "02. Opciones de autor"}, {"label": "Departamento de Ciencias Sociales", "value": "Departamento de Ciencias Sociales", "group": "02. Opciones de uab"}]}