{"nodes": [{"id": "03fcb034-e657-496a-88cf-a90f0af9da75", "label": "Departamento de Ciencias Humanas", "type": "uab"}, {"id": 1552, "label": "Noguera De Echeverri Ana Patricia", "type": "author"}, {"id": 1556, "label": "Yañez Canal Carlos", "type": "author"}, {"id": 1558, "label": "Florez Quintero Daian Tatiana", "type": "author"}, {"id": 1560, "label": "Molina Castaño David Esteban", "type": "author"}, {"id": 1563, "label": "Rincon Cardona Fabio", "type": "author"}, {"id": 1570, "label": "Dabbraccio Krentzer Guillermo Alejandro", "type": "author"}, {"id": 1575, "label": "Buitrago Alba Jaime", "type": "author"}, {"id": 1576, "label": "Lozano Escobar Javier Orlando", "type": "author"}, {"id": 1580, "label": "Forero Santos Jorge Alberto", "type": "author"}, {"id": 1590, "label": "Carmona Sanchez Luis Alberto", "type": "author"}, {"id": 1610, "label": "Ruiz Gomez Norma Liliana", "type": "author"}, {"id": 1616, "label": "Rovira Rubio Rayén Amanda", "type": "author"}, {"id": 1618, "label": "Vargas Gil Sandra Bibiana", "type": "author"}, {"id": 1619, "label": "Bustamante Lozano Uriel", "type": "author"}, {"id": 1621, "label": "Valencia Maya Victoria Eugenia", "type": "author"}, {"id": 1622, "label": "Licona Calpe Winston Manuel", "type": "author"}, {"id": 2868, "label": "Castrillon Gomez Jose", "type": "author"}, {"id": 2880, "label": "Escobar Tellez Gonzalo", "type": "author"}, {"id": 2899, "label": "Jaramillo Jaramillo Carlos Alberto", "type": "author"}, {"id": 2914, "label": "Enciso Arbelaez Guillermo", "type": "author"}, {"id": 2958, "label": "Cardenas Jaramillo Jaime", "type": "author"}, {"id": 2964, "label": "Idarraga Carmona Jose Jesain", "type": "author"}, {"id": 2981, "label": "Contreras Contreras Cesar Augusto", "type": "author"}, {"id": 2990, "label": "Cardona Jimenez Mauricio", "type": "author"}, {"id": 3016, "label": "Valencia Cuellar David", "type": "author"}, {"id": 3038, "label": "Muñoz Bernal Manuel Antonio", "type": "author"}, {"id": 3066, "label": "Diaz Gomez Alvaro", "type": "author"}, {"id": 3101, "label": "Villegas Lopez Maria Elena", "type": "author"}, {"id": 3172, "label": "Vargas Duque Gabriel Eduardo", "type": "author"}, {"id": 3267, "label": "Collazos Silva Iveth Katherine", "type": "author"}, {"id": 3275, "label": "Arias Garcia Hernando", "type": "author"}, {"id": 3282, "label": "Agudelo Pino Luis Enrique", "type": "author"}, {"id": 3293, "label": "Quintero Valencia Enrique", "type": "author"}, {"id": 3299, "label": "Agudelo Rua Jaime De Jesus", "type": "author"}, {"id": 3336, "label": "Garcia Gonzalez Julian", "type": "author"}, {"id": 3364, "label": "Parada Sanabria Pompeyo Jose", "type": "author"}, {"id": 3378, "label": "Bermudez Leon Oscar Miguel", "type": "author"}, {"id": 3383, "label": "Sanchez Sanchez Ines", "type": "author"}, {"id": 3384, "label": "Londoño De Maldonado Martha Lucia", "type": "author"}, {"id": 3385, "label": "Barco Vargas Martha Helena", "type": "author"}], "links": [{"source": "03fcb034-e657-496a-88cf-a90f0af9da75", "target": 1552, "value": 1}, {"source": "03fcb034-e657-496a-88cf-a90f0af9da75", "target": 1556, "value": 1}, {"source": "03fcb034-e657-496a-88cf-a90f0af9da75", "target": 1558, "value": 1}, {"source": "03fcb034-e657-496a-88cf-a90f0af9da75", "target": 1560, "value": 1}, {"source": "03fcb034-e657-496a-88cf-a90f0af9da75", "target": 1563, "value": 1}, {"source": "03fcb034-e657-496a-88cf-a90f0af9da75", "target": 1570, "value": 1}, {"source": "03fcb034-e657-496a-88cf-a90f0af9da75", "target": 1575, "value": 1}, {"source": "03fcb034-e657-496a-88cf-a90f0af9da75", "target": 1576, "value": 1}, {"source": "03fcb034-e657-496a-88cf-a90f0af9da75", "target": 1580, "value": 1}, {"source": "03fcb034-e657-496a-88cf-a90f0af9da75", "target": 1590, "value": 1}, {"source": "03fcb034-e657-496a-88cf-a90f0af9da75", "target": 1610, "value": 1}, {"source": "03fcb034-e657-496a-88cf-a90f0af9da75", "target": 1616, "value": 1}, {"source": "03fcb034-e657-496a-88cf-a90f0af9da75", "target": 1618, "value": 1}, {"source": "03fcb034-e657-496a-88cf-a90f0af9da75", "target": 1619, "value": 1}, {"source": "03fcb034-e657-496a-88cf-a90f0af9da75", "target": 1621, "value": 1}, {"source": "03fcb034-e657-496a-88cf-a90f0af9da75", "target": 1622, "value": 1}, {"source": "03fcb034-e657-496a-88cf-a90f0af9da75", "target": 2868, "value": 1}, {"source": "03fcb034-e657-496a-88cf-a90f0af9da75", "target": 2880, "value": 1}, {"source": "03fcb034-e657-496a-88cf-a90f0af9da75", "target": 2899, "value": 1}, {"source": "03fcb034-e657-496a-88cf-a90f0af9da75", "target": 2914, "value": 1}, {"source": "03fcb034-e657-496a-88cf-a90f0af9da75", "target": 2958, "value": 1}, {"source": "03fcb034-e657-496a-88cf-a90f0af9da75", "target": 2964, "value": 1}, {"source": "03fcb034-e657-496a-88cf-a90f0af9da75", "target": 2981, "value": 1}, {"source": "03fcb034-e657-496a-88cf-a90f0af9da75", "target": 2990, "value": 1}, {"source": "03fcb034-e657-496a-88cf-a90f0af9da75", "target": 3016, "value": 1}, {"source": "03fcb034-e657-496a-88cf-a90f0af9da75", "target": 3038, "value": 1}, {"source": "03fcb034-e657-496a-88cf-a90f0af9da75", "target": 3066, "value": 1}, {"source": "03fcb034-e657-496a-88cf-a90f0af9da75", "target": 3101, "value": 1}, {"source": "03fcb034-e657-496a-88cf-a90f0af9da75", "target": 3172, "value": 1}, {"source": "03fcb034-e657-496a-88cf-a90f0af9da75", "target": 3267, "value": 1}, {"source": "03fcb034-e657-496a-88cf-a90f0af9da75", "target": 3275, "value": 1}, {"source": "03fcb034-e657-496a-88cf-a90f0af9da75", "target": 3282, "value": 1}, {"source": "03fcb034-e657-496a-88cf-a90f0af9da75", "target": 3293, "value": 1}, {"source": "03fcb034-e657-496a-88cf-a90f0af9da75", "target": 3299, "value": 1}, {"source": "03fcb034-e657-496a-88cf-a90f0af9da75", "target": 3336, "value": 1}, {"source": "03fcb034-e657-496a-88cf-a90f0af9da75", "target": 3364, "value": 1}, {"source": "03fcb034-e657-496a-88cf-a90f0af9da75", "target": 3378, "value": 1}, {"source": "03fcb034-e657-496a-88cf-a90f0af9da75", "target": 3383, "value": 1}, {"source": "03fcb034-e657-496a-88cf-a90f0af9da75", "target": 3384, "value": 1}, {"source": "03fcb034-e657-496a-88cf-a90f0af9da75", "target": 3385, "value": 1}], "options": [{"label": "Estado inicial", "value": "Departamento de Ciencias Humanas", "group": "00. Opciones predeterminadas"}, {"label": "Agudelo Pino Luis Enrique", "value": "Agudelo Pino Luis Enrique", "group": "02. Opciones de autor"}, {"label": "Agudelo Rua Jaime De Jesus", "value": "Agudelo Rua Jaime De Jesus", "group": "02. Opciones de autor"}, {"label": "Arias Garcia Hernando", "value": "Arias Garcia Hernando", "group": "02. Opciones de autor"}, {"label": "Barco Vargas Martha Helena", "value": "Barco Vargas Martha Helena", "group": "02. Opciones de autor"}, {"label": "Bermudez Leon Oscar Miguel", "value": "Bermudez Leon Oscar Miguel", "group": "02. Opciones de autor"}, {"label": "Buitrago Alba Jaime", "value": "Buitrago Alba Jaime", "group": "02. Opciones de autor"}, {"label": "Bustamante Lozano Uriel", "value": "Bustamante Lozano Uriel", "group": "02. Opciones de autor"}, {"label": "Cardenas Jaramillo Jaime", "value": "Cardenas Jaramillo Jaime", "group": "02. Opciones de autor"}, {"label": "Cardona Jimenez Mauricio", "value": "Cardona Jimenez Mauricio", "group": "02. Opciones de autor"}, {"label": "Carmona Sanchez Luis Alberto", "value": "Carmona Sanchez Luis Alberto", "group": "02. Opciones de autor"}, {"label": "Castrillon Gomez Jose", "value": "Castrillon Gomez Jose", "group": "02. Opciones de autor"}, {"label": "Collazos Silva Iveth Katherine", "value": "Collazos Silva Iveth Katherine", "group": "02. Opciones de autor"}, {"label": "Contreras Contreras Cesar Augusto", "value": "Contreras Contreras Cesar Augusto", "group": "02. Opciones de autor"}, {"label": "Dabbraccio Krentzer Guillermo Alejandro", "value": "Dabbraccio Krentzer Guillermo Alejandro", "group": "02. Opciones de autor"}, {"label": "Diaz Gomez Alvaro", "value": "Diaz Gomez Alvaro", "group": "02. Opciones de autor"}, {"label": "Enciso Arbelaez Guillermo", "value": "Enciso Arbelaez Guillermo", "group": "02. Opciones de autor"}, {"label": "Escobar Tellez Gonzalo", "value": "Escobar Tellez Gonzalo", "group": "02. Opciones de autor"}, {"label": "Florez Quintero Daian Tatiana", "value": "Florez Quintero Daian Tatiana", "group": "02. Opciones de autor"}, {"label": "Forero Santos Jorge Alberto", "value": "Forero Santos Jorge Alberto", "group": "02. Opciones de autor"}, {"label": "Garcia Gonzalez Julian", "value": "Garcia Gonzalez Julian", "group": "02. Opciones de autor"}, {"label": "Idarraga Carmona Jose Jesain", "value": "Idarraga Carmona Jose Jesain", "group": "02. Opciones de autor"}, {"label": "Jaramillo Jaramillo Carlos Alberto", "value": "Jaramillo Jaramillo Carlos Alberto", "group": "02. Opciones de autor"}, {"label": "Licona Calpe Winston Manuel", "value": "Licona Calpe Winston Manuel", "group": "02. Opciones de autor"}, {"label": "Londoño De Maldonado Martha Lucia", "value": "Londoño De Maldonado Martha Lucia", "group": "02. Opciones de autor"}, {"label": "Lozano Escobar Javier Orlando", "value": "Lozano Escobar Javier Orlando", "group": "02. Opciones de autor"}, {"label": "Molina Castaño David Esteban", "value": "Molina Castaño David Esteban", "group": "02. Opciones de autor"}, {"label": "Muñoz Bernal Manuel Antonio", "value": "Muñoz Bernal Manuel Antonio", "group": "02. Opciones de autor"}, {"label": "Noguera De Echeverri Ana Patricia", "value": "Noguera De Echeverri Ana Patricia", "group": "02. Opciones de autor"}, {"label": "Parada Sanabria Pompeyo Jose", "value": "Parada Sanabria Pompeyo Jose", "group": "02. Opciones de autor"}, {"label": "Quintero Valencia Enrique", "value": "Quintero Valencia Enrique", "group": "02. Opciones de autor"}, {"label": "Rincon Cardona Fabio", "value": "Rincon Cardona Fabio", "group": "02. Opciones de autor"}, {"label": "Rovira Rubio Rayén Amanda", "value": "Rovira Rubio Rayén Amanda", "group": "02. Opciones de autor"}, {"label": "Ruiz Gomez Norma Liliana", "value": "Ruiz Gomez Norma Liliana", "group": "02. Opciones de autor"}, {"label": "Sanchez Sanchez Ines", "value": "Sanchez Sanchez Ines", "group": "02. Opciones de autor"}, {"label": "Valencia Cuellar David", "value": "Valencia Cuellar David", "group": "02. Opciones de autor"}, {"label": "Valencia Maya Victoria Eugenia", "value": "Valencia Maya Victoria Eugenia", "group": "02. Opciones de autor"}, {"label": "Vargas Duque Gabriel Eduardo", "value": "Vargas Duque Gabriel Eduardo", "group": "02. Opciones de autor"}, {"label": "Vargas Gil Sandra Bibiana", "value": "Vargas Gil Sandra Bibiana", "group": "02. Opciones de autor"}, {"label": "Villegas Lopez Maria Elena", "value": "Villegas Lopez Maria Elena", "group": "02. Opciones de autor"}, {"label": "Yañez Canal Carlos", "value": "Yañez Canal Carlos", "group": "02. Opciones de autor"}, {"label": "Departamento de Ciencias Humanas", "value": "Departamento de Ciencias Humanas", "group": "02. Opciones de uab"}]}