{"nodes": [{"id": "b5af57e9-933f-449d-b84b-437ed21a38e1", "label": "FACULTAD DE ADMINISTRACIÓN", "type": "faculty"}, {"id": "876fc121-00c9-4064-932a-23f36dbe75e1", "label": "Departamento de Informática y Computación", "type": "uab"}, {"id": 1547, "label": "Giraldo Osorio Adriana Maria", "type": "author"}, {"id": 1548, "label": "Cuesta Mesa Albeiro", "type": "author"}, {"id": 1550, "label": "Agudelo Salazar Alfonso Pio", "type": "author"}, {"id": 1551, "label": "Uribe Hurtado Ana Lorena", "type": "author"}, {"id": 1553, "label": "Ruiz Villa Carlos Alberto", "type": "author"}, {"id": 1555, "label": "Gomez Gomez Carlos Hernan", "type": "author"}, {"id": 1561, "label": "Lopez Cardona Diego", "type": "author"}, {"id": 1562, "label": "Villegas Jaramillo Eduardo Jose", "type": "author"}, {"id": 1564, "label": "Valencia Duque Francisco Javier", "type": "author"}, {"id": 1567, "label": "Osorio Zuluaga German Augusto", "type": "author"}, {"id": 1571, "label": "Jimenez Lozano Guillermo", "type": "author"}, {"id": 1588, "label": "Bermon Angarita Leonardo", "type": "author"}, {"id": 1592, "label": "Montes Lopez Luis Fernando", "type": "author"}, {"id": 1593, "label": "Motato Rojas Luis Fernando", "type": "author"}, {"id": 1595, "label": "Aristizabal Quintero Luz Angela", "type": "author"}, {"id": 1596, "label": "Ramirez Castañeda Luz Arabany", "type": "author"}, {"id": 1597, "label": "Guerrero Mendieta Luz Enith", "type": "author"}, {"id": 1598, "label": "Cardona Meza Luz Stella", "type": "author"}, {"id": 1599, "label": "López Trujillo Marcelo", "type": "author"}, {"id": 1600, "label": "Prieto Taborda Maria Amparo", "type": "author"}, {"id": 1601, "label": "Mejia Salazar Maria Helena", "type": "author"}, {"id": 1602, "label": "Rivero Carrillo Mariela", "type": "author"}, {"id": 1604, "label": "Orozco Alzate Mauricio", "type": "author"}, {"id": 1606, "label": "Lopez Guayasamin Monica Rosa", "type": "author"}, {"id": 1609, "label": "Duque Mendez Nestor Dario", "type": "author"}, {"id": "educación", "label": "educación", "type": "topic"}, {"id": "generadores", "label": "generadores", "type": "topic"}, {"id": "aplicadores", "label": "aplicadores", "type": "topic"}, {"id": "contexto", "label": "contexto", "type": "topic"}, {"id": "ordenadores", "label": "ordenadores", "type": "topic"}, {"id": "modelado", "label": "modelado", "type": "topic"}, {"id": "tecnología", "label": "tecnología", "type": "topic"}, {"id": "momento", "label": "momento", "type": "topic"}, {"id": "herramientas", "label": "herramientas", "type": "topic"}, {"id": "sistemas multi-agentes", "label": "sistemas multi-agentes", "type": "topic"}, {"id": "aditivos", "label": "aditivos", "type": "topic"}, {"id": "metadatos", "label": "metadatos", "type": "topic"}, {"id": "visualización", "label": "visualización", "type": "topic"}, {"id": "prototipos", "label": "prototipos", "type": "topic"}, {"id": "web 20", "label": "web 20", "type": "topic"}, {"id": "arte", "label": "arte", "type": "topic"}, {"id": "comentarios", "label": "comentarios", "type": "topic"}, {"id": "linealidad", "label": "linealidad", "type": "topic"}, {"id": "conocimiento del contexto", "label": "conocimiento del contexto", "type": "topic"}, {"id": "computación ubicua", "label": "computación ubicua", "type": "topic"}, {"id": "servicios de contexto", "label": "servicios de contexto", "type": "topic"}, {"id": "sistemas de recomendación", "label": "sistemas de recomendación", "type": "topic"}, {"id": "materiales", "label": "materiales", "type": "topic"}, {"id": "administración", "label": "administración", "type": "topic"}, {"id": "pruebas", "label": "pruebas", "type": "topic"}, {"id": "colaboración", "label": "colaboración", "type": "topic"}, {"id": "tecnología de las comunicaciones", "label": "tecnología de las comunicaciones", "type": "topic"}, {"id": "tecnología de la información y la comunicación", "label": "tecnología de la información y la comunicación", "type": "topic"}, {"id": "los dispositivos de entrada", "label": "los dispositivos de entrada", "type": "topic"}, {"id": "hardware", "label": "hardware", "type": "topic"}, {"id": 1614, "label": "Franco Bedoya Oscar Hernan", "type": "author"}, {"id": 1620, "label": "Tabares Morales Valentina", "type": "author"}, {"id": "disponibilidad", "label": "disponibilidad", "type": "topic"}, {"id": "sistemas inteligentes", "label": "sistemas inteligentes", "type": "topic"}, {"id": "calculadoras", "label": "calculadoras", "type": "topic"}, {"id": "globalización", "label": "globalización", "type": "topic"}, {"id": "modelado basado en agentes", "label": "modelado basado en agentes", "type": "topic"}, {"id": 2906, "label": "Sarasty Moncada German", "type": "author"}, {"id": 2967, "label": "Montes Trujillo Carlos Eugenio", "type": "author"}, {"id": 2970, "label": "Olarte Osorio Alberto", "type": "author"}, {"id": 3256, "label": "Sepulveda Lopez Jheimer Julian", "type": "author"}, {"id": 3335, "label": "Tamayo Alzate Alonso", "type": "author"}, {"id": "de86d595-e34d-4abf-98b0-9af483008f0d", "label": "Departamento de Administración", "type": "uab"}, {"id": 1549, "label": "Agudelo Aguirre Alberto Antonio", "type": "author"}, {"id": 1554, "label": "Marulanda Echeverry Carlos Eduardo", "type": "author"}, {"id": 1557, "label": "Alvarez Giraldo Claudia Milena", "type": "author"}, {"id": 1559, "label": "Tabares Peralta Daniel", "type": "author"}, {"id": 1565, "label": "Escobar Arias Gabriel Eduardo", "type": "author"}, {"id": 1566, "label": "Castaño Duque German Albeiro", "type": "author"}, {"id": "producción", "label": "producción", "type": "topic"}, {"id": "productividad", "label": "productividad", "type": "topic"}, {"id": 1568, "label": "Idarraga Perez German", "type": "author"}, {"id": 1569, "label": "Vargas Agudelo Gladis", "type": "author"}, {"id": 1572, "label": "Quintero Vergara Helmer", "type": "author"}, {"id": 1573, "label": "Lopez Lopez Ivan Dario", "type": "author"}, {"id": 1574, "label": "Vieira Salazar Jaime Andres", "type": "author"}, {"id": 1577, "label": "Quiñones Cardenas Jeremias", "type": "author"}, {"id": 1578, "label": "Urrea Arbelaez Joaquin", "type": "author"}, {"id": 1579, "label": "Salinas Avila John Jairo", "type": "author"}, {"id": 1581, "label": "Jurado Salgado Jorge Ivan", "type": "author"}, {"id": 1582, "label": "Carvajal Orozco Jose Gabriel", "type": "author"}, {"id": 1583, "label": "Franco Hernandez Josefina", "type": "author"}, {"id": 1584, "label": "Chica Mesa Juan Carlos", "type": "author"}, {"id": 1585, "label": "Castaño Molano Juan Manuel", "type": "author"}, {"id": "medición", "label": "medición", "type": "topic"}, {"id": "ríos", "label": "ríos", "type": "topic"}, {"id": "río tunjuelo", "label": "río tunjuelo", "type": "topic"}, {"id": "calidad del agua", "label": "calidad del agua", "type": "topic"}, {"id": "drenaje urbano", "label": "drenaje urbano", "type": "topic"}, {"id": "modelado integrado", "label": "modelado integrado", "type": "topic"}, {"id": "planificación", "label": "planificación", "type": "topic"}, {"id": "organismos", "label": "organismos", "type": "topic"}, {"id": "current", "label": "current", "type": "topic"}, {"id": "oxígeno", "label": "oxígeno", "type": "topic"}, {"id": "aguas residuales", "label": "aguas residuales", "type": "topic"}, {"id": "programación", "label": "programación", "type": "topic"}, {"id": "recopilación de datos", "label": "recopilación de datos", "type": "topic"}, {"id": "organizaciones", "label": "organizaciones", "type": "topic"}, {"id": "recursos hídricos", "label": "recursos hídricos", "type": "topic"}, {"id": "autorización", "label": "autorización", "type": "topic"}, {"id": "calibración", "label": "calibración", "type": "topic"}, {"id": "marcas comerciales", "label": "marcas comerciales", "type": "topic"}, {"id": "fotografías", "label": "fotografías", "type": "topic"}, {"id": "industrias", "label": "industrias", "type": "topic"}, {"id": "construcción", "label": "construcción", "type": "topic"}, {"id": 1586, "label": "Montoya Monsalve Juan Nicolas", "type": "author"}, {"id": 1587, "label": "Giraldo Velez Laura Patricia", "type": "author"}, {"id": 1589, "label": "Zapata Ortiz Libardo", "type": "author"}, {"id": 1591, "label": "Rosado Salgado Luis Arturo", "type": "author"}, {"id": 1594, "label": "Lopez Villegas Luis Ignacio", "type": "author"}, {"id": 1603, "label": "Escobar Ortega Mauricio", "type": "author"}, {"id": 1605, "label": "Bautista Parrado Miguel", "type": "author"}, {"id": 1607, "label": "Ocampo Osorio Nelly", "type": "author"}, {"id": 1608, "label": "Aristizabal Lopez Nelson", "type": "author"}, {"id": 1611, "label": "Garcia Cano Olga Lucia", "type": "author"}, {"id": 1612, "label": "Ramirez Garzon Oliverio", "type": "author"}, {"id": 1613, "label": "Meza Aguirre Oscar Eduardo", "type": "author"}, {"id": 1615, "label": "Marin Cardona Pablo Felipe", "type": "author"}, {"id": 1617, "label": "Rojas Medina Ricardo Alfredo", "type": "author"}, {"id": 2901, "label": "Giraldo Gomez Rodrigo", "type": "author"}, {"id": 2902, "label": "Velez Restrepo Gabriel", "type": "author"}, {"id": 2903, "label": "Ocampo Quintero Luis Gonzalo", "type": "author"}, {"id": 2908, "label": "Ramirez Hernandez Hernando", "type": "author"}, {"id": 2909, "label": "Marin Toro Jose Albeiro", "type": "author"}, {"id": 2910, "label": "Carrascal Arevalo Hector Manuel", "type": "author"}, {"id": 2959, "label": "Serna Alzate Manuel Guillermo", "type": "author"}, {"id": 2960, "label": "Franco Osorio Marco Tulio", "type": "author"}, {"id": 2961, "label": "Sanchez Arenas Gonzalo De Jesus", "type": "author"}, {"id": 2962, "label": "Zambrano Franco Jose Rafael", "type": "author"}, {"id": 2965, "label": "Navarro Castaño Diego", "type": "author"}, {"id": 2966, "label": "Calderon Hernandez Gregorio", "type": "author"}, {"id": 2972, "label": "Ramirez Ospina Duvan Emilio", "type": "author"}, {"id": 2973, "label": "Jaramillo Vargas Jorge Alberto", "type": "author"}, {"id": 2974, "label": "Cardona Leon Jose Octavio", "type": "author"}, {"id": 3080, "label": "Trujillo Alvarez Martha Ligia", "type": "author"}, {"id": 3083, "label": "Davila Arias Beatriz Elena", "type": "author"}, {"id": 3174, "label": "Osorio Londoño Andres Alberto", "type": "author"}, {"id": 3180, "label": "Otalora Cabanzo William Hernan", "type": "author"}, {"id": 3257, "label": "Osorio Barreto Daniel", "type": "author"}, {"id": 3294, "label": "Rendon Uribe Jorge Alonso", "type": "author"}, {"id": 3295, "label": "Buitrago Murillo Ivan", "type": "author"}, {"id": 3331, "label": "Restrepo Aguirre Emilio Antonio", "type": "author"}, {"id": 3332, "label": "Marulanda Lopez Alberto", "type": "author"}, {"id": 3334, "label": "Garcia Mejia Jairo", "type": "author"}, {"id": 3353, "label": "Patiño Vargas Jose Ducardo", "type": "author"}, {"id": 3433, "label": "Sanchez Jaramillo Andres Felipe", "type": "author"}, {"id": 3442, "label": "Angelillis Quiceno Diego", "type": "author"}, {"id": "03fcb034-e657-496a-88cf-a90f0af9da75", "label": "Departamento de Ciencias Humanas", "type": "uab"}, {"id": 1552, "label": "Noguera De Echeverri Ana Patricia", "type": "author"}, {"id": 1556, "label": "Yañez Canal Carlos", "type": "author"}, {"id": 1558, "label": "Florez Quintero Daian Tatiana", "type": "author"}, {"id": 1560, "label": "Molina Castaño David Esteban", "type": "author"}, {"id": 1563, "label": "Rincon Cardona Fabio", "type": "author"}, {"id": 1570, "label": "Dabbraccio Krentzer Guillermo Alejandro", "type": "author"}, {"id": 1575, "label": "Buitrago Alba Jaime", "type": "author"}, {"id": 1576, "label": "Lozano Escobar Javier Orlando", "type": "author"}, {"id": 1580, "label": "Forero Santos Jorge Alberto", "type": "author"}, {"id": 1590, "label": "Carmona Sanchez Luis Alberto", "type": "author"}, {"id": 1610, "label": "Ruiz Gomez Norma Liliana", "type": "author"}, {"id": 1616, "label": "Rovira Rubio Rayén Amanda", "type": "author"}, {"id": 1618, "label": "Vargas Gil Sandra Bibiana", "type": "author"}, {"id": 1619, "label": "Bustamante Lozano Uriel", "type": "author"}, {"id": 1621, "label": "Valencia Maya Victoria Eugenia", "type": "author"}, {"id": 1622, "label": "Licona Calpe Winston Manuel", "type": "author"}, {"id": 2868, "label": "Castrillon Gomez Jose", "type": "author"}, {"id": 2880, "label": "Escobar Tellez Gonzalo", "type": "author"}, {"id": 2899, "label": "Jaramillo Jaramillo Carlos Alberto", "type": "author"}, {"id": 2914, "label": "Enciso Arbelaez Guillermo", "type": "author"}, {"id": 2958, "label": "Cardenas Jaramillo Jaime", "type": "author"}, {"id": 2964, "label": "Idarraga Carmona Jose Jesain", "type": "author"}, {"id": 2981, "label": "Contreras Contreras Cesar Augusto", "type": "author"}, {"id": 2990, "label": "Cardona Jimenez Mauricio", "type": "author"}, {"id": 3016, "label": "Valencia Cuellar David", "type": "author"}, {"id": 3038, "label": "Muñoz Bernal Manuel Antonio", "type": "author"}, {"id": 3066, "label": "Diaz Gomez Alvaro", "type": "author"}, {"id": 3101, "label": "Villegas Lopez Maria Elena", "type": "author"}, {"id": 3172, "label": "Vargas Duque Gabriel Eduardo", "type": "author"}, {"id": 3267, "label": "Collazos Silva Iveth Katherine", "type": "author"}, {"id": 3275, "label": "Arias Garcia Hernando", "type": "author"}, {"id": 3282, "label": "Agudelo Pino Luis Enrique", "type": "author"}, {"id": 3293, "label": "Quintero Valencia Enrique", "type": "author"}, {"id": 3299, "label": "Agudelo Rua Jaime De Jesus", "type": "author"}, {"id": 3336, "label": "Garcia Gonzalez Julian", "type": "author"}, {"id": 3364, "label": "Parada Sanabria Pompeyo Jose", "type": "author"}, {"id": 3378, "label": "Bermudez Leon Oscar Miguel", "type": "author"}, {"id": 3383, "label": "Sanchez Sanchez Ines", "type": "author"}, {"id": 3384, "label": "Londoño De Maldonado Martha Lucia", "type": "author"}, {"id": 3385, "label": "Barco Vargas Martha Helena", "type": "author"}], "links": [{"source": "b5af57e9-933f-449d-b84b-437ed21a38e1", "target": "876fc121-00c9-4064-932a-23f36dbe75e1", "value": 1}, {"source": "876fc121-00c9-4064-932a-23f36dbe75e1", "target": 1547, "value": 1}, {"source": "876fc121-00c9-4064-932a-23f36dbe75e1", "target": 1548, "value": 1}, {"source": "876fc121-00c9-4064-932a-23f36dbe75e1", "target": 1550, "value": 1}, {"source": "876fc121-00c9-4064-932a-23f36dbe75e1", "target": 1551, "value": 1}, {"source": "876fc121-00c9-4064-932a-23f36dbe75e1", "target": 1553, "value": 1}, {"source": "876fc121-00c9-4064-932a-23f36dbe75e1", "target": 1555, "value": 1}, {"source": "876fc121-00c9-4064-932a-23f36dbe75e1", "target": 1561, "value": 1}, {"source": "876fc121-00c9-4064-932a-23f36dbe75e1", "target": 1562, "value": 1}, {"source": "876fc121-00c9-4064-932a-23f36dbe75e1", "target": 1564, "value": 1}, {"source": "876fc121-00c9-4064-932a-23f36dbe75e1", "target": 1567, "value": 1}, {"source": "876fc121-00c9-4064-932a-23f36dbe75e1", "target": 1571, "value": 1}, {"source": "876fc121-00c9-4064-932a-23f36dbe75e1", "target": 1588, "value": 1}, {"source": "876fc121-00c9-4064-932a-23f36dbe75e1", "target": 1592, "value": 1}, {"source": "876fc121-00c9-4064-932a-23f36dbe75e1", "target": 1593, "value": 1}, {"source": "876fc121-00c9-4064-932a-23f36dbe75e1", "target": 1595, "value": 1}, {"source": "876fc121-00c9-4064-932a-23f36dbe75e1", "target": 1596, "value": 1}, {"source": "876fc121-00c9-4064-932a-23f36dbe75e1", "target": 1597, "value": 1}, {"source": "876fc121-00c9-4064-932a-23f36dbe75e1", "target": 1598, "value": 1}, {"source": "876fc121-00c9-4064-932a-23f36dbe75e1", "target": 1599, "value": 1}, {"source": "876fc121-00c9-4064-932a-23f36dbe75e1", "target": 1600, "value": 1}, {"source": "876fc121-00c9-4064-932a-23f36dbe75e1", "target": 1601, "value": 1}, {"source": "876fc121-00c9-4064-932a-23f36dbe75e1", "target": 1602, "value": 1}, {"source": "876fc121-00c9-4064-932a-23f36dbe75e1", "target": 1604, "value": 1}, {"source": "876fc121-00c9-4064-932a-23f36dbe75e1", "target": 1606, "value": 1}, {"source": "876fc121-00c9-4064-932a-23f36dbe75e1", "target": 1609, "value": 1}, {"source": 1609, "target": "educación", "value": 7}, {"source": 1609, "target": "generadores", "value": 5}, {"source": 1609, "target": "aplicadores", "value": 5}, {"source": 1609, "target": "contexto", "value": 5}, {"source": 1609, "target": "ordenadores", "value": 4}, {"source": 1609, "target": "modelado", "value": 4}, {"source": 1609, "target": "tecnología", "value": 3}, {"source": 1609, "target": "momento", "value": 3}, {"source": 1609, "target": "herramientas", "value": 3}, {"source": 1609, "target": "sistemas multi-agentes", "value": 3}, {"source": 1609, "target": "aditivos", "value": 3}, {"source": 1609, "target": "metadatos", "value": 3}, {"source": 1609, "target": "visualización", "value": 2}, {"source": 1609, "target": "prototipos", "value": 2}, {"source": 1609, "target": "web 20", "value": 2}, {"source": 1609, "target": "arte", "value": 2}, {"source": 1609, "target": "comentarios", "value": 2}, {"source": 1609, "target": "linealidad", "value": 2}, {"source": 1609, "target": "conocimiento del contexto", "value": 2}, {"source": 1609, "target": "computación ubicua", "value": 2}, {"source": 1609, "target": "servicios de contexto", "value": 2}, {"source": 1609, "target": "sistemas de recomendación", "value": 2}, {"source": 1609, "target": "materiales", "value": 2}, {"source": 1609, "target": "administración", "value": 2}, {"source": 1609, "target": "pruebas", "value": 2}, {"source": 1609, "target": "colaboración", "value": 2}, {"source": 1609, "target": "tecnología de las comunicaciones", "value": 1}, {"source": 1609, "target": "tecnología de la información y la comunicación", "value": 1}, {"source": 1609, "target": "los dispositivos de entrada", "value": 1}, {"source": 1609, "target": "hardware", "value": 1}, {"source": "876fc121-00c9-4064-932a-23f36dbe75e1", "target": 1614, "value": 1}, {"source": "876fc121-00c9-4064-932a-23f36dbe75e1", "target": 1620, "value": 1}, {"source": 1620, "target": "educación", "value": 3}, {"source": 1620, "target": "sistemas de recomendación", "value": 2}, {"source": 1620, "target": "metadatos", "value": 2}, {"source": 1620, "target": "disponibilidad", "value": 2}, {"source": 1620, "target": "modelado", "value": 2}, {"source": 1620, "target": "sistemas inteligentes", "value": 1}, {"source": 1620, "target": "momento", "value": 1}, {"source": 1620, "target": "calculadoras", "value": 1}, {"source": 1620, "target": "globalización", "value": 1}, {"source": 1620, "target": "web 20", "value": 1}, {"source": 1620, "target": "modelado basado en agentes", "value": 1}, {"source": 1620, "target": "prototipos", "value": 1}, {"source": 1620, "target": "aditivos", "value": 1}, {"source": "876fc121-00c9-4064-932a-23f36dbe75e1", "target": 2906, "value": 1}, {"source": "876fc121-00c9-4064-932a-23f36dbe75e1", "target": 2967, "value": 1}, {"source": "876fc121-00c9-4064-932a-23f36dbe75e1", "target": 2970, "value": 1}, {"source": "876fc121-00c9-4064-932a-23f36dbe75e1", "target": 3256, "value": 1}, {"source": "876fc121-00c9-4064-932a-23f36dbe75e1", "target": 3335, "value": 1}, {"source": "b5af57e9-933f-449d-b84b-437ed21a38e1", "target": "de86d595-e34d-4abf-98b0-9af483008f0d", "value": 1}, {"source": "de86d595-e34d-4abf-98b0-9af483008f0d", "target": 1549, "value": 1}, {"source": "de86d595-e34d-4abf-98b0-9af483008f0d", "target": 1554, "value": 1}, {"source": "de86d595-e34d-4abf-98b0-9af483008f0d", "target": 1557, "value": 1}, {"source": "de86d595-e34d-4abf-98b0-9af483008f0d", "target": 1559, "value": 1}, {"source": "de86d595-e34d-4abf-98b0-9af483008f0d", "target": 1565, "value": 1}, {"source": "de86d595-e34d-4abf-98b0-9af483008f0d", "target": 1566, "value": 1}, {"source": 1566, "target": "generadores", "value": 1}, {"source": 1566, "target": "producción", "value": 1}, {"source": 1566, "target": "productividad", "value": 1}, {"source": "de86d595-e34d-4abf-98b0-9af483008f0d", "target": 1568, "value": 1}, {"source": "de86d595-e34d-4abf-98b0-9af483008f0d", "target": 1569, "value": 1}, {"source": "de86d595-e34d-4abf-98b0-9af483008f0d", "target": 1572, "value": 1}, {"source": "de86d595-e34d-4abf-98b0-9af483008f0d", "target": 1573, "value": 1}, {"source": "de86d595-e34d-4abf-98b0-9af483008f0d", "target": 1574, "value": 1}, {"source": "de86d595-e34d-4abf-98b0-9af483008f0d", "target": 1577, "value": 1}, {"source": "de86d595-e34d-4abf-98b0-9af483008f0d", "target": 1578, "value": 1}, {"source": "de86d595-e34d-4abf-98b0-9af483008f0d", "target": 1579, "value": 1}, {"source": "de86d595-e34d-4abf-98b0-9af483008f0d", "target": 1581, "value": 1}, {"source": "de86d595-e34d-4abf-98b0-9af483008f0d", "target": 1582, "value": 1}, {"source": "de86d595-e34d-4abf-98b0-9af483008f0d", "target": 1583, "value": 1}, {"source": "de86d595-e34d-4abf-98b0-9af483008f0d", "target": 1584, "value": 1}, {"source": "de86d595-e34d-4abf-98b0-9af483008f0d", "target": 1585, "value": 1}, {"source": 1585, "target": "medición", "value": 2}, {"source": 1585, "target": "ríos", "value": 1}, {"source": 1585, "target": "modelado", "value": 1}, {"source": 1585, "target": "río tunjuelo", "value": 1}, {"source": 1585, "target": "calidad del agua", "value": 1}, {"source": 1585, "target": "drenaje urbano", "value": 1}, {"source": 1585, "target": "modelado integrado", "value": 1}, {"source": 1585, "target": "planificación", "value": 1}, {"source": 1585, "target": "organismos", "value": 1}, {"source": 1585, "target": "current", "value": 1}, {"source": 1585, "target": "oxígeno", "value": 1}, {"source": 1585, "target": "aguas residuales", "value": 1}, {"source": 1585, "target": "programación", "value": 1}, {"source": 1585, "target": "recopilación de datos", "value": 1}, {"source": 1585, "target": "organizaciones", "value": 1}, {"source": 1585, "target": "recursos hídricos", "value": 1}, {"source": 1585, "target": "aplicadores", "value": 1}, {"source": 1585, "target": "autorización", "value": 1}, {"source": 1585, "target": "calibración", "value": 1}, {"source": 1585, "target": "aditivos", "value": 1}, {"source": 1585, "target": "administración", "value": 1}, {"source": 1585, "target": "marcas comerciales", "value": 1}, {"source": 1585, "target": "fotografías", "value": 1}, {"source": 1585, "target": "industrias", "value": 1}, {"source": 1585, "target": "construcción", "value": 1}, {"source": "de86d595-e34d-4abf-98b0-9af483008f0d", "target": 1586, "value": 1}, {"source": "de86d595-e34d-4abf-98b0-9af483008f0d", "target": 1587, "value": 1}, {"source": "de86d595-e34d-4abf-98b0-9af483008f0d", "target": 1589, "value": 1}, {"source": "de86d595-e34d-4abf-98b0-9af483008f0d", "target": 1591, "value": 1}, {"source": "de86d595-e34d-4abf-98b0-9af483008f0d", "target": 1594, "value": 1}, {"source": "de86d595-e34d-4abf-98b0-9af483008f0d", "target": 1603, "value": 1}, {"source": "de86d595-e34d-4abf-98b0-9af483008f0d", "target": 1605, "value": 1}, {"source": "de86d595-e34d-4abf-98b0-9af483008f0d", "target": 1607, "value": 1}, {"source": "de86d595-e34d-4abf-98b0-9af483008f0d", "target": 1608, "value": 1}, {"source": "de86d595-e34d-4abf-98b0-9af483008f0d", "target": 1611, "value": 1}, {"source": "de86d595-e34d-4abf-98b0-9af483008f0d", "target": 1612, "value": 1}, {"source": "de86d595-e34d-4abf-98b0-9af483008f0d", "target": 1613, "value": 1}, {"source": "de86d595-e34d-4abf-98b0-9af483008f0d", "target": 1615, "value": 1}, {"source": "de86d595-e34d-4abf-98b0-9af483008f0d", "target": 1617, "value": 1}, {"source": "de86d595-e34d-4abf-98b0-9af483008f0d", "target": 2901, "value": 1}, {"source": "de86d595-e34d-4abf-98b0-9af483008f0d", "target": 2902, "value": 1}, {"source": "de86d595-e34d-4abf-98b0-9af483008f0d", "target": 2903, "value": 1}, {"source": "de86d595-e34d-4abf-98b0-9af483008f0d", "target": 2908, "value": 1}, {"source": "de86d595-e34d-4abf-98b0-9af483008f0d", "target": 2909, "value": 1}, {"source": "de86d595-e34d-4abf-98b0-9af483008f0d", "target": 2910, "value": 1}, {"source": "de86d595-e34d-4abf-98b0-9af483008f0d", "target": 2959, "value": 1}, {"source": "de86d595-e34d-4abf-98b0-9af483008f0d", "target": 2960, "value": 1}, {"source": "de86d595-e34d-4abf-98b0-9af483008f0d", "target": 2961, "value": 1}, {"source": "de86d595-e34d-4abf-98b0-9af483008f0d", "target": 2962, "value": 1}, {"source": "de86d595-e34d-4abf-98b0-9af483008f0d", "target": 2965, "value": 1}, {"source": "de86d595-e34d-4abf-98b0-9af483008f0d", "target": 2966, "value": 1}, {"source": "de86d595-e34d-4abf-98b0-9af483008f0d", "target": 2972, "value": 1}, {"source": "de86d595-e34d-4abf-98b0-9af483008f0d", "target": 2973, "value": 1}, {"source": "de86d595-e34d-4abf-98b0-9af483008f0d", "target": 2974, "value": 1}, {"source": "de86d595-e34d-4abf-98b0-9af483008f0d", "target": 3080, "value": 1}, {"source": "de86d595-e34d-4abf-98b0-9af483008f0d", "target": 3083, "value": 1}, {"source": "de86d595-e34d-4abf-98b0-9af483008f0d", "target": 3174, "value": 1}, {"source": "de86d595-e34d-4abf-98b0-9af483008f0d", "target": 3180, "value": 1}, {"source": "de86d595-e34d-4abf-98b0-9af483008f0d", "target": 3257, "value": 1}, {"source": "de86d595-e34d-4abf-98b0-9af483008f0d", "target": 3294, "value": 1}, {"source": "de86d595-e34d-4abf-98b0-9af483008f0d", "target": 3295, "value": 1}, {"source": "de86d595-e34d-4abf-98b0-9af483008f0d", "target": 3331, "value": 1}, {"source": "de86d595-e34d-4abf-98b0-9af483008f0d", "target": 3332, "value": 1}, {"source": "de86d595-e34d-4abf-98b0-9af483008f0d", "target": 3334, "value": 1}, {"source": "de86d595-e34d-4abf-98b0-9af483008f0d", "target": 3353, "value": 1}, {"source": "de86d595-e34d-4abf-98b0-9af483008f0d", "target": 3433, "value": 1}, {"source": "de86d595-e34d-4abf-98b0-9af483008f0d", "target": 3442, "value": 1}, {"source": "b5af57e9-933f-449d-b84b-437ed21a38e1", "target": "03fcb034-e657-496a-88cf-a90f0af9da75", "value": 1}, {"source": "03fcb034-e657-496a-88cf-a90f0af9da75", "target": 1552, "value": 1}, {"source": "03fcb034-e657-496a-88cf-a90f0af9da75", "target": 1556, "value": 1}, {"source": "03fcb034-e657-496a-88cf-a90f0af9da75", "target": 1558, "value": 1}, {"source": "03fcb034-e657-496a-88cf-a90f0af9da75", "target": 1560, "value": 1}, {"source": "03fcb034-e657-496a-88cf-a90f0af9da75", "target": 1563, "value": 1}, {"source": "03fcb034-e657-496a-88cf-a90f0af9da75", "target": 1570, "value": 1}, {"source": "03fcb034-e657-496a-88cf-a90f0af9da75", "target": 1575, "value": 1}, {"source": "03fcb034-e657-496a-88cf-a90f0af9da75", "target": 1576, "value": 1}, {"source": "03fcb034-e657-496a-88cf-a90f0af9da75", "target": 1580, "value": 1}, {"source": "03fcb034-e657-496a-88cf-a90f0af9da75", "target": 1590, "value": 1}, {"source": "03fcb034-e657-496a-88cf-a90f0af9da75", "target": 1610, "value": 1}, {"source": "03fcb034-e657-496a-88cf-a90f0af9da75", "target": 1616, "value": 1}, {"source": "03fcb034-e657-496a-88cf-a90f0af9da75", "target": 1618, "value": 1}, {"source": "03fcb034-e657-496a-88cf-a90f0af9da75", "target": 1619, "value": 1}, {"source": "03fcb034-e657-496a-88cf-a90f0af9da75", "target": 1621, "value": 1}, {"source": "03fcb034-e657-496a-88cf-a90f0af9da75", "target": 1622, "value": 1}, {"source": "03fcb034-e657-496a-88cf-a90f0af9da75", "target": 2868, "value": 1}, {"source": "03fcb034-e657-496a-88cf-a90f0af9da75", "target": 2880, "value": 1}, {"source": "03fcb034-e657-496a-88cf-a90f0af9da75", "target": 2899, "value": 1}, {"source": "03fcb034-e657-496a-88cf-a90f0af9da75", "target": 2914, "value": 1}, {"source": "03fcb034-e657-496a-88cf-a90f0af9da75", "target": 2958, "value": 1}, {"source": "03fcb034-e657-496a-88cf-a90f0af9da75", "target": 2964, "value": 1}, {"source": "03fcb034-e657-496a-88cf-a90f0af9da75", "target": 2981, "value": 1}, {"source": "03fcb034-e657-496a-88cf-a90f0af9da75", "target": 2990, "value": 1}, {"source": "03fcb034-e657-496a-88cf-a90f0af9da75", "target": 3016, "value": 1}, {"source": "03fcb034-e657-496a-88cf-a90f0af9da75", "target": 3038, "value": 1}, {"source": "03fcb034-e657-496a-88cf-a90f0af9da75", "target": 3066, "value": 1}, {"source": "03fcb034-e657-496a-88cf-a90f0af9da75", "target": 3101, "value": 1}, {"source": "03fcb034-e657-496a-88cf-a90f0af9da75", "target": 3172, "value": 1}, {"source": "03fcb034-e657-496a-88cf-a90f0af9da75", "target": 3267, "value": 1}, {"source": "03fcb034-e657-496a-88cf-a90f0af9da75", "target": 3275, "value": 1}, {"source": "03fcb034-e657-496a-88cf-a90f0af9da75", "target": 3282, "value": 1}, {"source": "03fcb034-e657-496a-88cf-a90f0af9da75", "target": 3293, "value": 1}, {"source": "03fcb034-e657-496a-88cf-a90f0af9da75", "target": 3299, "value": 1}, {"source": "03fcb034-e657-496a-88cf-a90f0af9da75", "target": 3336, "value": 1}, {"source": "03fcb034-e657-496a-88cf-a90f0af9da75", "target": 3364, "value": 1}, {"source": "03fcb034-e657-496a-88cf-a90f0af9da75", "target": 3378, "value": 1}, {"source": "03fcb034-e657-496a-88cf-a90f0af9da75", "target": 3383, "value": 1}, {"source": "03fcb034-e657-496a-88cf-a90f0af9da75", "target": 3384, "value": 1}, {"source": "03fcb034-e657-496a-88cf-a90f0af9da75", "target": 3385, "value": 1}], "options": [{"label": "Estado inicial", "value": "FACULTAD DE ADMINISTRACIÓN", "group": "00. Opciones predeterminadas"}, {"label": "FACULTAD DE ADMINISTRACIÓN", "value": "FACULTAD DE ADMINISTRACIÓN", "group": "01. Opciones de facultad"}, {"label": "Departamento de Administración", "value": "Departamento de Administración", "group": "02. Opciones de uab"}, {"label": "Departamento de Ciencias Humanas", "value": "Departamento de Ciencias Humanas", "group": "02. Opciones de uab"}, {"label": "Departamento de Informática y Computación", "value": "Departamento de Informática y Computación", "group": "02. Opciones de uab"}, {"label": "Agudelo Aguirre Alberto Antonio", "value": "Agudelo Aguirre Alberto Antonio", "group": "03. Opciones de autor"}, {"label": "Agudelo Pino Luis Enrique", "value": "Agudelo Pino Luis Enrique", "group": "03. Opciones de autor"}, {"label": "Agudelo Rua Jaime De Jesus", "value": "Agudelo Rua Jaime De Jesus", "group": "03. Opciones de autor"}, {"label": "Agudelo Salazar Alfonso Pio", "value": "Agudelo Salazar Alfonso Pio", "group": "03. Opciones de autor"}, {"label": "Alvarez Giraldo Claudia Milena", "value": "Alvarez Giraldo Claudia Milena", "group": "03. Opciones de autor"}, {"label": "Angelillis Quiceno Diego", "value": "Angelillis Quiceno Diego", "group": "03. Opciones de autor"}, {"label": "Arias Garcia Hernando", "value": "Arias Garcia Hernando", "group": "03. Opciones de autor"}, {"label": "Aristizabal Lopez Nelson", "value": "Aristizabal Lopez Nelson", "group": "03. Opciones de autor"}, {"label": "Aristizabal Quintero Luz Angela", "value": "Aristizabal Quintero Luz Angela", "group": "03. Opciones de autor"}, {"label": "Barco Vargas Martha Helena", "value": "Barco Vargas Martha Helena", "group": "03. Opciones de autor"}, {"label": "Bautista Parrado Miguel", "value": "Bautista Parrado Miguel", "group": "03. Opciones de autor"}, {"label": "Bermon Angarita Leonardo", "value": "Bermon Angarita Leonardo", "group": "03. Opciones de autor"}, {"label": "Bermudez Leon Oscar Miguel", "value": "Bermudez Leon Oscar Miguel", "group": "03. Opciones de autor"}, {"label": "Buitrago Alba Jaime", "value": "Buitrago Alba Jaime", "group": "03. Opciones de autor"}, {"label": "Buitrago Murillo Ivan", "value": "Buitrago Murillo Ivan", "group": "03. Opciones de autor"}, {"label": "Bustamante Lozano Uriel", "value": "Bustamante Lozano Uriel", "group": "03. Opciones de autor"}, {"label": "Calderon Hernandez Gregorio", "value": "Calderon Hernandez Gregorio", "group": "03. Opciones de autor"}, {"label": "Cardenas Jaramillo Jaime", "value": "Cardenas Jaramillo Jaime", "group": "03. Opciones de autor"}, {"label": "Cardona Jimenez Mauricio", "value": "Cardona Jimenez Mauricio", "group": "03. Opciones de autor"}, {"label": "Cardona Leon Jose Octavio", "value": "Cardona Leon Jose Octavio", "group": "03. Opciones de autor"}, {"label": "Cardona Meza Luz Stella", "value": "Cardona Meza Luz Stella", "group": "03. Opciones de autor"}, {"label": "Carmona Sanchez Luis Alberto", "value": "Carmona Sanchez Luis Alberto", "group": "03. Opciones de autor"}, {"label": "Carrascal Arevalo Hector Manuel", "value": "Carrascal Arevalo Hector Manuel", "group": "03. Opciones de autor"}, {"label": "Carvajal Orozco Jose Gabriel", "value": "Carvajal Orozco Jose Gabriel", "group": "03. Opciones de autor"}, {"label": "Castaño Duque German Albeiro", "value": "Castaño Duque German Albeiro", "group": "03. Opciones de autor"}, {"label": "Castaño Molano Juan Manuel", "value": "Castaño Molano Juan Manuel", "group": "03. Opciones de autor"}, {"label": "Castrillon Gomez Jose", "value": "Castrillon Gomez Jose", "group": "03. Opciones de autor"}, {"label": "Chica Mesa Juan Carlos", "value": "Chica Mesa Juan Carlos", "group": "03. Opciones de autor"}, {"label": "Collazos Silva Iveth Katherine", "value": "Collazos Silva Iveth Katherine", "group": "03. Opciones de autor"}, {"label": "Contreras Contreras Cesar Augusto", "value": "Contreras Contreras Cesar Augusto", "group": "03. Opciones de autor"}, {"label": "Cuesta Mesa Albeiro", "value": "Cuesta Mesa Albeiro", "group": "03. Opciones de autor"}, {"label": "Dabbraccio Krentzer Guillermo Alejandro", "value": "Dabbraccio Krentzer Guillermo Alejandro", "group": "03. Opciones de autor"}, {"label": "Davila Arias Beatriz Elena", "value": "Davila Arias Beatriz Elena", "group": "03. Opciones de autor"}, {"label": "Diaz Gomez Alvaro", "value": "Diaz Gomez Alvaro", "group": "03. Opciones de autor"}, {"label": "Duque Mendez Nestor Dario", "value": "Duque Mendez Nestor Dario", "group": "03. Opciones de autor"}, {"label": "Enciso Arbelaez Guillermo", "value": "Enciso Arbelaez Guillermo", "group": "03. Opciones de autor"}, {"label": "Escobar Arias Gabriel Eduardo", "value": "Escobar Arias Gabriel Eduardo", "group": "03. Opciones de autor"}, {"label": "Escobar Ortega Mauricio", "value": "Escobar Ortega Mauricio", "group": "03. Opciones de autor"}, {"label": "Escobar Tellez Gonzalo", "value": "Escobar Tellez Gonzalo", "group": "03. Opciones de autor"}, {"label": "Florez Quintero Daian Tatiana", "value": "Florez Quintero Daian Tatiana", "group": "03. Opciones de autor"}, {"label": "Forero Santos Jorge Alberto", "value": "Forero Santos Jorge Alberto", "group": "03. Opciones de autor"}, {"label": "Franco Bedoya Oscar Hernan", "value": "Franco Bedoya Oscar Hernan", "group": "03. Opciones de autor"}, {"label": "Franco Hernandez Josefina", "value": "Franco Hernandez Josefina", "group": "03. Opciones de autor"}, {"label": "Franco Osorio Marco Tulio", "value": "Franco Osorio Marco Tulio", "group": "03. Opciones de autor"}, {"label": "Garcia Cano Olga Lucia", "value": "Garcia Cano Olga Lucia", "group": "03. Opciones de autor"}, {"label": "Garcia Gonzalez Julian", "value": "Garcia Gonzalez Julian", "group": "03. Opciones de autor"}, {"label": "Garcia Mejia Jairo", "value": "Garcia Mejia Jairo", "group": "03. Opciones de autor"}, {"label": "Giraldo Gomez Rodrigo", "value": "Giraldo Gomez Rodrigo", "group": "03. Opciones de autor"}, {"label": "Giraldo Osorio Adriana Maria", "value": "Giraldo Osorio Adriana Maria", "group": "03. Opciones de autor"}, {"label": "Giraldo Velez Laura Patricia", "value": "Giraldo Velez Laura Patricia", "group": "03. Opciones de autor"}, {"label": "Gomez Gomez Carlos Hernan", "value": "Gomez Gomez Carlos Hernan", "group": "03. Opciones de autor"}, {"label": "Guerrero Mendieta Luz Enith", "value": "Guerrero Mendieta Luz Enith", "group": "03. Opciones de autor"}, {"label": "Idarraga Carmona Jose Jesain", "value": "Idarraga Carmona Jose Jesain", "group": "03. Opciones de autor"}, {"label": "Idarraga Perez German", "value": "Idarraga Perez German", "group": "03. Opciones de autor"}, {"label": "Jaramillo Jaramillo Carlos Alberto", "value": "Jaramillo Jaramillo Carlos Alberto", "group": "03. Opciones de autor"}, {"label": "Jaramillo Vargas Jorge Alberto", "value": "Jaramillo Vargas Jorge Alberto", "group": "03. Opciones de autor"}, {"label": "Jimenez Lozano Guillermo", "value": "Jimenez Lozano Guillermo", "group": "03. Opciones de autor"}, {"label": "Jurado Salgado Jorge Ivan", "value": "Jurado Salgado Jorge Ivan", "group": "03. Opciones de autor"}, {"label": "Licona Calpe Winston Manuel", "value": "Licona Calpe Winston Manuel", "group": "03. Opciones de autor"}, {"label": "Londoño De Maldonado Martha Lucia", "value": "Londoño De Maldonado Martha Lucia", "group": "03. Opciones de autor"}, {"label": "Lopez Cardona Diego", "value": "Lopez Cardona Diego", "group": "03. Opciones de autor"}, {"label": "Lopez Guayasamin Monica Rosa", "value": "Lopez Guayasamin Monica Rosa", "group": "03. Opciones de autor"}, {"label": "Lopez Lopez Ivan Dario", "value": "Lopez Lopez Ivan Dario", "group": "03. Opciones de autor"}, {"label": "Lopez Villegas Luis Ignacio", "value": "Lopez Villegas Luis Ignacio", "group": "03. Opciones de autor"}, {"label": "Lozano Escobar Javier Orlando", "value": "Lozano Escobar Javier Orlando", "group": "03. Opciones de autor"}, {"label": "López Trujillo Marcelo", "value": "López Trujillo Marcelo", "group": "03. Opciones de autor"}, {"label": "Marin Cardona Pablo Felipe", "value": "Marin Cardona Pablo Felipe", "group": "03. Opciones de autor"}, {"label": "Marin Toro Jose Albeiro", "value": "Marin Toro Jose Albeiro", "group": "03. Opciones de autor"}, {"label": "Marulanda Echeverry Carlos Eduardo", "value": "Marulanda Echeverry Carlos Eduardo", "group": "03. Opciones de autor"}, {"label": "Marulanda Lopez Alberto", "value": "Marulanda Lopez Alberto", "group": "03. Opciones de autor"}, {"label": "Mejia Salazar Maria Helena", "value": "Mejia Salazar Maria Helena", "group": "03. Opciones de autor"}, {"label": "Meza Aguirre Oscar Eduardo", "value": "Meza Aguirre Oscar Eduardo", "group": "03. Opciones de autor"}, {"label": "Molina Castaño David Esteban", "value": "Molina Castaño David Esteban", "group": "03. Opciones de autor"}, {"label": "Montes Lopez Luis Fernando", "value": "Montes Lopez Luis Fernando", "group": "03. Opciones de autor"}, {"label": "Montes Trujillo Carlos Eugenio", "value": "Montes Trujillo Carlos Eugenio", "group": "03. Opciones de autor"}, {"label": "Montoya Monsalve Juan Nicolas", "value": "Montoya Monsalve Juan Nicolas", "group": "03. Opciones de autor"}, {"label": "Motato Rojas Luis Fernando", "value": "Motato Rojas Luis Fernando", "group": "03. Opciones de autor"}, {"label": "Muñoz Bernal Manuel Antonio", "value": "Muñoz Bernal Manuel Antonio", "group": "03. Opciones de autor"}, {"label": "Navarro Castaño Diego", "value": "Navarro Castaño Diego", "group": "03. Opciones de autor"}, {"label": "Noguera De Echeverri Ana Patricia", "value": "Noguera De Echeverri Ana Patricia", "group": "03. Opciones de autor"}, {"label": "Ocampo Osorio Nelly", "value": "Ocampo Osorio Nelly", "group": "03. Opciones de autor"}, {"label": "Ocampo Quintero Luis Gonzalo", "value": "Ocampo Quintero Luis Gonzalo", "group": "03. Opciones de autor"}, {"label": "Olarte Osorio Alberto", "value": "Olarte Osorio Alberto", "group": "03. Opciones de autor"}, {"label": "Orozco Alzate Mauricio", "value": "Orozco Alzate Mauricio", "group": "03. Opciones de autor"}, {"label": "Osorio Barreto Daniel", "value": "Osorio Barreto Daniel", "group": "03. Opciones de autor"}, {"label": "Osorio Londoño Andres Alberto", "value": "Osorio Londoño Andres Alberto", "group": "03. Opciones de autor"}, {"label": "Osorio Zuluaga German Augusto", "value": "Osorio Zuluaga German Augusto", "group": "03. Opciones de autor"}, {"label": "Otalora Cabanzo William Hernan", "value": "Otalora Cabanzo William Hernan", "group": "03. Opciones de autor"}, {"label": "Parada Sanabria Pompeyo Jose", "value": "Parada Sanabria Pompeyo Jose", "group": "03. Opciones de autor"}, {"label": "Patiño Vargas Jose Ducardo", "value": "Patiño Vargas Jose Ducardo", "group": "03. Opciones de autor"}, {"label": "Prieto Taborda Maria Amparo", "value": "Prieto Taborda Maria Amparo", "group": "03. Opciones de autor"}, {"label": "Quintero Valencia Enrique", "value": "Quintero Valencia Enrique", "group": "03. Opciones de autor"}, {"label": "Quintero Vergara Helmer", "value": "Quintero Vergara Helmer", "group": "03. Opciones de autor"}, {"label": "Quiñones Cardenas Jeremias", "value": "Quiñones Cardenas Jeremias", "group": "03. Opciones de autor"}, {"label": "Ramirez Castañeda Luz Arabany", "value": "Ramirez Castañeda Luz Arabany", "group": "03. Opciones de autor"}, {"label": "Ramirez Garzon Oliverio", "value": "Ramirez Garzon Oliverio", "group": "03. Opciones de autor"}, {"label": "Ramirez Hernandez Hernando", "value": "Ramirez Hernandez Hernando", "group": "03. Opciones de autor"}, {"label": "Ramirez Ospina Duvan Emilio", "value": "Ramirez Ospina Duvan Emilio", "group": "03. Opciones de autor"}, {"label": "Rendon Uribe Jorge Alonso", "value": "Rendon Uribe Jorge Alonso", "group": "03. Opciones de autor"}, {"label": "Restrepo Aguirre Emilio Antonio", "value": "Restrepo Aguirre Emilio Antonio", "group": "03. Opciones de autor"}, {"label": "Rincon Cardona Fabio", "value": "Rincon Cardona Fabio", "group": "03. Opciones de autor"}, {"label": "Rivero Carrillo Mariela", "value": "Rivero Carrillo Mariela", "group": "03. Opciones de autor"}, {"label": "Rojas Medina Ricardo Alfredo", "value": "Rojas Medina Ricardo Alfredo", "group": "03. Opciones de autor"}, {"label": "Rosado Salgado Luis Arturo", "value": "Rosado Salgado Luis Arturo", "group": "03. Opciones de autor"}, {"label": "Rovira Rubio Rayén Amanda", "value": "Rovira Rubio Rayén Amanda", "group": "03. Opciones de autor"}, {"label": "Ruiz Gomez Norma Liliana", "value": "Ruiz Gomez Norma Liliana", "group": "03. Opciones de autor"}, {"label": "Ruiz Villa Carlos Alberto", "value": "Ruiz Villa Carlos Alberto", "group": "03. Opciones de autor"}, {"label": "Salinas Avila John Jairo", "value": "Salinas Avila John Jairo", "group": "03. Opciones de autor"}, {"label": "Sanchez Arenas Gonzalo De Jesus", "value": "Sanchez Arenas Gonzalo De Jesus", "group": "03. Opciones de autor"}, {"label": "Sanchez Jaramillo Andres Felipe", "value": "Sanchez Jaramillo Andres Felipe", "group": "03. Opciones de autor"}, {"label": "Sanchez Sanchez Ines", "value": "Sanchez Sanchez Ines", "group": "03. Opciones de autor"}, {"label": "Sarasty Moncada German", "value": "Sarasty Moncada German", "group": "03. Opciones de autor"}, {"label": "Sepulveda Lopez Jheimer Julian", "value": "Sepulveda Lopez Jheimer Julian", "group": "03. Opciones de autor"}, {"label": "Serna Alzate Manuel Guillermo", "value": "Serna Alzate Manuel Guillermo", "group": "03. Opciones de autor"}, {"label": "Tabares Morales Valentina", "value": "Tabares Morales Valentina", "group": "03. Opciones de autor"}, {"label": "Tabares Peralta Daniel", "value": "Tabares Peralta Daniel", "group": "03. Opciones de autor"}, {"label": "Tamayo Alzate Alonso", "value": "Tamayo Alzate Alonso", "group": "03. Opciones de autor"}, {"label": "Trujillo Alvarez Martha Ligia", "value": "Trujillo Alvarez Martha Ligia", "group": "03. Opciones de autor"}, {"label": "Uribe Hurtado Ana Lorena", "value": "Uribe Hurtado Ana Lorena", "group": "03. Opciones de autor"}, {"label": "Urrea Arbelaez Joaquin", "value": "Urrea Arbelaez Joaquin", "group": "03. Opciones de autor"}, {"label": "Valencia Cuellar David", "value": "Valencia Cuellar David", "group": "03. Opciones de autor"}, {"label": "Valencia Duque Francisco Javier", "value": "Valencia Duque Francisco Javier", "group": "03. Opciones de autor"}, {"label": "Valencia Maya Victoria Eugenia", "value": "Valencia Maya Victoria Eugenia", "group": "03. Opciones de autor"}, {"label": "Vargas Agudelo Gladis", "value": "Vargas Agudelo Gladis", "group": "03. Opciones de autor"}, {"label": "Vargas Duque Gabriel Eduardo", "value": "Vargas Duque Gabriel Eduardo", "group": "03. Opciones de autor"}, {"label": "Vargas Gil Sandra Bibiana", "value": "Vargas Gil Sandra Bibiana", "group": "03. Opciones de autor"}, {"label": "Velez Restrepo Gabriel", "value": "Velez Restrepo Gabriel", "group": "03. Opciones de autor"}, {"label": "Vieira Salazar Jaime Andres", "value": "Vieira Salazar Jaime Andres", "group": "03. Opciones de autor"}, {"label": "Villegas Jaramillo Eduardo Jose", "value": "Villegas Jaramillo Eduardo Jose", "group": "03. Opciones de autor"}, {"label": "Villegas Lopez Maria Elena", "value": "Villegas Lopez Maria Elena", "group": "03. Opciones de autor"}, {"label": "Yañez Canal Carlos", "value": "Yañez Canal Carlos", "group": "03. Opciones de autor"}, {"label": "Zambrano Franco Jose Rafael", "value": "Zambrano Franco Jose Rafael", "group": "03. Opciones de autor"}, {"label": "Zapata Ortiz Libardo", "value": "Zapata Ortiz Libardo", "group": "03. Opciones de autor"}, {"label": "aditivos", "value": "aditivos", "group": "04. Opciones de temas"}, {"label": "administración", "value": "administración", "group": "04. Opciones de temas"}, {"label": "aguas residuales", "value": "aguas residuales", "group": "04. Opciones de temas"}, {"label": "aplicadores", "value": "aplicadores", "group": "04. Opciones de temas"}, {"label": "arte", "value": "arte", "group": "04. Opciones de temas"}, {"label": "autorización", "value": "autorización", "group": "04. Opciones de temas"}, {"label": "calculadoras", "value": "calculadoras", "group": "04. Opciones de temas"}, {"label": "calibración", "value": "calibración", "group": "04. Opciones de temas"}, {"label": "calidad del agua", "value": "calidad del agua", "group": "04. Opciones de temas"}, {"label": "colaboración", "value": "colaboración", "group": "04. Opciones de temas"}, {"label": "comentarios", "value": "comentarios", "group": "04. Opciones de temas"}, {"label": "computación ubicua", "value": "computación ubicua", "group": "04. Opciones de temas"}, {"label": "conocimiento del contexto", "value": "conocimiento del contexto", "group": "04. Opciones de temas"}, {"label": "construcción", "value": "construcción", "group": "04. Opciones de temas"}, {"label": "contexto", "value": "contexto", "group": "04. Opciones de temas"}, {"label": "current", "value": "current", "group": "04. Opciones de temas"}, {"label": "disponibilidad", "value": "disponibilidad", "group": "04. Opciones de temas"}, {"label": "drenaje urbano", "value": "drenaje urbano", "group": "04. Opciones de temas"}, {"label": "educación", "value": "educación", "group": "04. Opciones de temas"}, {"label": "fotografías", "value": "fotografías", "group": "04. Opciones de temas"}, {"label": "generadores", "value": "generadores", "group": "04. Opciones de temas"}, {"label": "globalización", "value": "globalización", "group": "04. Opciones de temas"}, {"label": "hardware", "value": "hardware", "group": "04. Opciones de temas"}, {"label": "herramientas", "value": "herramientas", "group": "04. Opciones de temas"}, {"label": "industrias", "value": "industrias", "group": "04. Opciones de temas"}, {"label": "linealidad", "value": "linealidad", "group": "04. Opciones de temas"}, {"label": "los dispositivos de entrada", "value": "los dispositivos de entrada", "group": "04. Opciones de temas"}, {"label": "marcas comerciales", "value": "marcas comerciales", "group": "04. Opciones de temas"}, {"label": "materiales", "value": "materiales", "group": "04. Opciones de temas"}, {"label": "medición", "value": "medición", "group": "04. Opciones de temas"}, {"label": "metadatos", "value": "metadatos", "group": "04. Opciones de temas"}, {"label": "modelado", "value": "modelado", "group": "04. Opciones de temas"}, {"label": "modelado basado en agentes", "value": "modelado basado en agentes", "group": "04. Opciones de temas"}, {"label": "modelado integrado", "value": "modelado integrado", "group": "04. Opciones de temas"}, {"label": "momento", "value": "momento", "group": "04. Opciones de temas"}, {"label": "ordenadores", "value": "ordenadores", "group": "04. Opciones de temas"}, {"label": "organismos", "value": "organismos", "group": "04. Opciones de temas"}, {"label": "organizaciones", "value": "organizaciones", "group": "04. Opciones de temas"}, {"label": "oxígeno", "value": "oxígeno", "group": "04. Opciones de temas"}, {"label": "planificación", "value": "planificación", "group": "04. Opciones de temas"}, {"label": "producción", "value": "producción", "group": "04. Opciones de temas"}, {"label": "productividad", "value": "productividad", "group": "04. Opciones de temas"}, {"label": "programación", "value": "programación", "group": "04. Opciones de temas"}, {"label": "prototipos", "value": "prototipos", "group": "04. Opciones de temas"}, {"label": "pruebas", "value": "pruebas", "group": "04. Opciones de temas"}, {"label": "recopilación de datos", "value": "recopilación de datos", "group": "04. Opciones de temas"}, {"label": "recursos hídricos", "value": "recursos hídricos", "group": "04. Opciones de temas"}, {"label": "río tunjuelo", "value": "río tunjuelo", "group": "04. Opciones de temas"}, {"label": "ríos", "value": "ríos", "group": "04. Opciones de temas"}, {"label": "servicios de contexto", "value": "servicios de contexto", "group": "04. Opciones de temas"}, {"label": "sistemas de recomendación", "value": "sistemas de recomendación", "group": "04. Opciones de temas"}, {"label": "sistemas inteligentes", "value": "sistemas inteligentes", "group": "04. Opciones de temas"}, {"label": "sistemas multi-agentes", "value": "sistemas multi-agentes", "group": "04. Opciones de temas"}, {"label": "tecnología", "value": "tecnología", "group": "04. Opciones de temas"}, {"label": "tecnología de la información y la comunicación", "value": "tecnología de la información y la comunicación", "group": "04. Opciones de temas"}, {"label": "tecnología de las comunicaciones", "value": "tecnología de las comunicaciones", "group": "04. Opciones de temas"}, {"label": "visualización", "value": "visualización", "group": "04. Opciones de temas"}, {"label": "web 20", "value": "web 20", "group": "04. Opciones de temas"}]}