{"nodes": [{"id": "80ea4c7f-fbf5-40f9-9cbf-f34393e9abaa", "label": "Departamento de Psiquiatría", "type": "uab"}, {"id": 132, "label": "Calvo Gómez José Manuel", "type": "author"}, {"id": "pacientes", "label": "pacientes", "type": "topic"}, {"id": "depresión", "label": "depresión", "type": "topic"}, {"id": "colombia", "label": "colombia", "type": "topic"}, {"id": "métodos", "label": "métodos", "type": "topic"}, {"id": "asociación", "label": "asociación", "type": "topic"}, {"id": "psiquiatría", "label": "psiquiatría", "type": "topic"}, {"id": "críticas", "label": "críticas", "type": "topic"}, {"id": "suicidio", "label": "suicidio", "type": "topic"}, {"id": "salud", "label": "salud", "type": "topic"}, {"id": "trastorno depresivo", "label": "trastorno depresivo", "type": "topic"}, {"id": "medición", "label": "medición", "type": "topic"}, {"id": "esquizofrenia", "label": "esquizofrenia", "type": "topic"}, {"id": "medicalización", "label": "medicalización", "type": "topic"}, {"id": "muerte", "label": "muerte", "type": "topic"}, {"id": "diagnóstico", "label": "diagnóstico", "type": "topic"}, {"id": "ansiedad", "label": "ansiedad", "type": "topic"}, {"id": "calidad de vida", "label": "calidad de vida", "type": "topic"}, {"id": "vida", "label": "vida", "type": "topic"}, {"id": "revisión", "label": "revisión", "type": "topic"}, {"id": "observación", "label": "observación", "type": "topic"}, {"id": "tiempo", "label": "tiempo", "type": "topic"}, {"id": "pruebas", "label": "pruebas", "type": "topic"}, {"id": "síndrome de down", "label": "síndrome de down", "type": "topic"}, {"id": "síndrome", "label": "síndrome", "type": "topic"}, {"id": "envejecimiento", "label": "envejecimiento", "type": "topic"}, {"id": "riesgo", "label": "riesgo", "type": "topic"}, {"id": "mortalidad", "label": "mortalidad", "type": "topic"}, {"id": "factores de riesgo", "label": "factores de riesgo", "type": "topic"}, {"id": "medicina", "label": "medicina", "type": "topic"}, {"id": "traducciones", "label": "traducciones", "type": "topic"}, {"id": 221, "label": "Cote Menéndez Miguel", "type": "author"}, {"id": "alcoholes", "label": "alcoholes", "type": "topic"}, {"id": "alcoholismo", "label": "alcoholismo", "type": "topic"}, {"id": "alcohólicos", "label": "alcohólicos", "type": "topic"}, {"id": "fase s", "label": "fase s", "type": "topic"}, {"id": "población", "label": "población", "type": "topic"}, {"id": "adolescente", "label": "adolescente", "type": "topic"}, {"id": "ciencias económicas", "label": "ciencias económicas", "type": "topic"}, {"id": "universidades", "label": "universidades", "type": "topic"}, {"id": "entrevistas", "label": "entrevistas", "type": "topic"}, {"id": "organismos", "label": "organismos", "type": "topic"}, {"id": "organizaciones", "label": "organizaciones", "type": "topic"}, {"id": "sincronización", "label": "sincronización", "type": "topic"}, {"id": "administración", "label": "administración", "type": "topic"}, {"id": "trastornos relacionados con sustancias", "label": "trastornos relacionados con sustancias", "type": "topic"}, {"id": "envenenamiento", "label": "envenenamiento", "type": "topic"}, {"id": "venenos", "label": "venenos", "type": "topic"}, {"id": "literatura", "label": "literatura", "type": "topic"}, {"id": "materiales", "label": "materiales", "type": "topic"}, {"id": "generadores", "label": "generadores", "type": "topic"}, {"id": 264, "label": "Escobar Córdoba Franklin Estuardo", "type": "author"}, {"id": "sueño", "label": "sueño", "type": "topic"}, {"id": "apnea", "label": "apnea", "type": "topic"}, {"id": "prevalencia", "label": "prevalencia", "type": "topic"}, {"id": "afecto", "label": "afecto", "type": "topic"}, {"id": "somnolencia", "label": "somnolencia", "type": "topic"}, {"id": "periodismo", "label": "periodismo", "type": "topic"}, {"id": "apnea del sueño", "label": "apnea del sueño", "type": "topic"}, {"id": "síndromes de la apnea del sueño", "label": "síndromes de la apnea del sueño", "type": "topic"}, {"id": "índices", "label": "índices", "type": "topic"}, {"id": "investigación", "label": "investigación", "type": "topic"}, {"id": "mentalización", "label": "mentalización", "type": "topic"}, {"id": "docentes", "label": "docentes", "type": "topic"}, {"id": "polisomnografía", "label": "polisomnografía", "type": "topic"}, {"id": 344, "label": "Gómez Mora Dora Linda", "type": "author"}, {"id": "ideación suicida", "label": "ideación suicida", "type": "topic"}, {"id": "estudiantes", "label": "estudiantes", "type": "topic"}, {"id": "consultores", "label": "consultores", "type": "topic"}, {"id": "entrevista", "label": "entrevista", "type": "topic"}, {"id": "logística", "label": "logística", "type": "topic"}, {"id": "instrumentos", "label": "instrumentos", "type": "topic"}, {"id": "estimacion", "label": "estimacion", "type": "topic"}, {"id": "estadísticas", "label": "estadísticas", "type": "topic"}, {"id": "análisis estadístico", "label": "análisis estadístico", "type": "topic"}, {"id": "responsabilidad parental", "label": "responsabilidad parental", "type": "topic"}, {"id": "padres", "label": "padres", "type": "topic"}, {"id": "conducta", "label": "conducta", "type": "topic"}, {"id": "behaviorismo", "label": "behaviorismo", "type": "topic"}, {"id": 402, "label": "Hernández Yasno Marcelo Andrés", "type": "author"}, {"id": "trastornos psicóticos", "label": "trastornos psicóticos", "type": "topic"}, {"id": "física", "label": "física", "type": "topic"}, {"id": "enfermos mentales", "label": "enfermos mentales", "type": "topic"}, {"id": "agresión", "label": "agresión", "type": "topic"}, {"id": "intervencion de crisis", "label": "intervencion de crisis", "type": "topic"}, {"id": "personas con enfermedades mentales", "label": "personas con enfermedades mentales", "type": "topic"}, {"id": "emergencias", "label": "emergencias", "type": "topic"}, {"id": "restricción", "label": "restricción", "type": "topic"}, {"id": "aisladores", "label": "aisladores", "type": "topic"}, {"id": "salud mental", "label": "salud mental", "type": "topic"}, {"id": "intervención en la crisis (psiquiatría)", "label": "intervención en la crisis (psiquiatría)", "type": "topic"}, {"id": "urgencias médicas", "label": "urgencias médicas", "type": "topic"}, {"id": "aislamiento de pacientes", "label": "aislamiento de pacientes", "type": "topic"}, {"id": "aisladores de pacientes", "label": "aisladores de pacientes", "type": "topic"}, {"id": "publicación", "label": "publicación", "type": "topic"}, {"id": "controlabilidad", "label": "controlabilidad", "type": "topic"}, {"id": "ensayos clínicos", "label": "ensayos clínicos", "type": "topic"}, {"id": "planificación", "label": "planificación", "type": "topic"}, {"id": "individualidad", "label": "individualidad", "type": "topic"}, {"id": "individualismo", "label": "individualismo", "type": "topic"}, {"id": "hospitals", "label": "hospitals", "type": "topic"}, {"id": "socialismo", "label": "socialismo", "type": "topic"}, {"id": "socialización", "label": "socialización", "type": "topic"}, {"id": "contexto", "label": "contexto", "type": "topic"}, {"id": "ética", "label": "ética", "type": "topic"}, {"id": 417, "label": "Jaramillo González Luis Eduardo", "type": "author"}, {"id": "adulto", "label": "adulto", "type": "topic"}, {"id": "pautas", "label": "pautas", "type": "topic"}, {"id": "proteccion", "label": "proteccion", "type": "topic"}, {"id": "guía", "label": "guía", "type": "topic"}, {"id": "sugestión", "label": "sugestión", "type": "topic"}, {"id": "hospitalización", "label": "hospitalización", "type": "topic"}, {"id": "hospitales", "label": "hospitales", "type": "topic"}, {"id": 483, "label": "Martin Cardinal Elena", "type": "author"}, {"id": "familia", "label": "familia", "type": "topic"}, {"id": "violencia", "label": "violencia", "type": "topic"}, {"id": "pediatría", "label": "pediatría", "type": "topic"}, {"id": "formulario", "label": "formulario", "type": "topic"}, {"id": "mama", "label": "mama", "type": "topic"}, {"id": "delirio", "label": "delirio", "type": "topic"}, {"id": "cara", "label": "cara", "type": "topic"}, {"id": "formación de conceptos", "label": "formación de conceptos", "type": "topic"}, {"id": "neoplasma", "label": "neoplasma", "type": "topic"}, {"id": "formación de concepto", "label": "formación de concepto", "type": "topic"}, {"id": "neoplasias", "label": "neoplasias", "type": "topic"}, {"id": "repetidores", "label": "repetidores", "type": "topic"}, {"id": "gráficos", "label": "gráficos", "type": "topic"}, {"id": 656, "label": "Piñeros Ortiz Sandra Elizabeth", "type": "author"}, {"id": "cirugía", "label": "cirugía", "type": "topic"}, {"id": "tumores", "label": "tumores", "type": "topic"}, {"id": "esofagectomía", "label": "esofagectomía", "type": "topic"}, {"id": "endoscopios", "label": "endoscopios", "type": "topic"}, {"id": "oncología", "label": "oncología", "type": "topic"}, {"id": "esofagitis", "label": "esofagitis", "type": "topic"}, {"id": "minimización", "label": "minimización", "type": "topic"}, {"id": "complicidad", "label": "complicidad", "type": "topic"}, {"id": "dispepsia", "label": "dispepsia", "type": "topic"}, {"id": "reflujo gastroesofágico", "label": "reflujo gastroesofágico", "type": "topic"}, {"id": "instituciones académicas", "label": "instituciones académicas", "type": "topic"}, {"id": "frecuencia", "label": "frecuencia", "type": "topic"}, {"id": "trastorno del espectro autista", "label": "trastorno del espectro autista", "type": "topic"}, {"id": "limiting", "label": "limiting", "type": "topic"}, {"id": "patología", "label": "patología", "type": "topic"}, {"id": "cirujanos", "label": "cirujanos", "type": "topic"}, {"id": 729, "label": "Rodríguez Gama Álvaro", "type": "author"}, {"id": "genética", "label": "genética", "type": "topic"}, {"id": "correlacionadores", "label": "correlacionadores", "type": "topic"}, {"id": "correlación", "label": "correlación", "type": "topic"}, {"id": "humanos", "label": "humanos", "type": "topic"}, {"id": "personalidad", "label": "personalidad", "type": "topic"}, {"id": "desordenes mentales", "label": "desordenes mentales", "type": "topic"}, {"id": "trastornos mentales", "label": "trastornos mentales", "type": "topic"}, {"id": "epigenómica", "label": "epigenómica", "type": "topic"}, {"id": "malla de trastornos mentales", "label": "malla de trastornos mentales", "type": "topic"}, {"id": "farmacogenética", "label": "farmacogenética", "type": "topic"}, {"id": "epigenoma", "label": "epigenoma", "type": "topic"}, {"id": "trastornos mentales malla", "label": "trastornos mentales malla", "type": "topic"}, {"id": "aplicadores", "label": "aplicadores", "type": "topic"}, {"id": "availability", "label": "availability", "type": "topic"}, {"id": "globalización", "label": "globalización", "type": "topic"}, {"id": "enzimas", "label": "enzimas", "type": "topic"}, {"id": "reflectividad", "label": "reflectividad", "type": "topic"}, {"id": 732, "label": "Rodríguez Losada Allende Jorge", "type": "author"}, {"id": "trastorno bipolar", "label": "trastorno bipolar", "type": "topic"}, {"id": "autoinforme", "label": "autoinforme", "type": "topic"}, {"id": "cognición", "label": "cognición", "type": "topic"}, {"id": "anciano", "label": "anciano", "type": "topic"}, {"id": "anciano de 80 o más años", "label": "anciano de 80 o más años", "type": "topic"}, {"id": "personas", "label": "personas", "type": "topic"}, {"id": "lenguaje", "label": "lenguaje", "type": "topic"}, {"id": "educación", "label": "educación", "type": "topic"}, {"id": "transforma", "label": "transforma", "type": "topic"}, {"id": "transformadores", "label": "transformadores", "type": "topic"}, {"id": "psicometría", "label": "psicometría", "type": "topic"}, {"id": 798, "label": "Sánchez Pedraza Ricardo", "type": "author"}, {"id": "infecciones", "label": "infecciones", "type": "topic"}, {"id": "mujeres", "label": "mujeres", "type": "topic"}, {"id": "cultura", "label": "cultura", "type": "topic"}, {"id": "papillomavirus humano 6", "label": "papillomavirus humano 6", "type": "topic"}, {"id": 806, "label": "Santamaría García Hernando", "type": "author"}, {"id": "emociones", "label": "emociones", "type": "topic"}, {"id": "demencia", "label": "demencia", "type": "topic"}, {"id": "autorización", "label": "autorización", "type": "topic"}, {"id": "demencia frontotemporal", "label": "demencia frontotemporal", "type": "topic"}, {"id": "encéfalo", "label": "encéfalo", "type": "topic"}, {"id": "moral", "label": "moral", "type": "topic"}, {"id": "principios morales", "label": "principios morales", "type": "topic"}, {"id": "modulación", "label": "modulación", "type": "topic"}, {"id": "enfermedades", "label": "enfermedades", "type": "topic"}, {"id": "enfermedad", "label": "enfermedad", "type": "topic"}, {"id": "rol", "label": "rol", "type": "topic"}, {"id": "visualización", "label": "visualización", "type": "topic"}, {"id": 868, "label": "Uribe Tobón Carlos Alberto", "type": "author"}, {"id": "antropología", "label": "antropología", "type": "topic"}, {"id": "terapéutica", "label": "terapéutica", "type": "topic"}, {"id": "ensayo", "label": "ensayo", "type": "topic"}, {"id": "historia", "label": "historia", "type": "topic"}, {"id": "trabajo", "label": "trabajo", "type": "topic"}, {"id": "construcción", "label": "construcción", "type": "topic"}, {"id": "atención", "label": "atención", "type": "topic"}, {"id": "biografias", "label": "biografias", "type": "topic"}, {"id": "biografía", "label": "biografía", "type": "topic"}, {"id": "madres", "label": "madres", "type": "topic"}, {"id": "hermenéutica", "label": "hermenéutica", "type": "topic"}, {"id": "contabilidad", "label": "contabilidad", "type": "topic"}, {"id": "periodicidad", "label": "periodicidad", "type": "topic"}, {"id": 895, "label": "Vásquez Rojas Rafael Antonio", "type": "author"}, {"id": "hijo único", "label": "hijo único", "type": "topic"}, {"id": "niño", "label": "niño", "type": "topic"}, {"id": "dolor", "label": "dolor", "type": "topic"}, {"id": "genes", "label": "genes", "type": "topic"}, {"id": "psiquiatría infantil", "label": "psiquiatría infantil", "type": "topic"}, {"id": "comorbilidad", "label": "comorbilidad", "type": "topic"}, {"id": 2881, "label": "Laverde Rubio Eduardo", "type": "author"}, {"id": 2976, "label": "Camacho Caceres Paulo Cesar", "type": "author"}, {"id": 2980, "label": "Medina Mesa David Horacio", "type": "author"}, {"id": 3056, "label": "Diazgranados Moncada Danilo Alfredo", "type": "author"}, {"id": 3287, "label": "Roldan Valencia Ismael Euclides", "type": "author"}, {"id": 3348, "label": "Ruiz Leal Jaime Martin", "type": "author"}, {"id": 3360, "label": "Duran Robles Lisandro Antonio", "type": "author"}, {"id": 3375, "label": "Lopez Rincon Pedro Alfonso", "type": "author"}, {"id": 3429, "label": "Velasquez Zapata Julio Cesar", "type": "author"}], "links": [{"source": "80ea4c7f-fbf5-40f9-9cbf-f34393e9abaa", "target": 132, "value": 1}, {"source": 132, "target": "pacientes", "value": 18}, {"source": 132, "target": "depresión", "value": 14}, {"source": 132, "target": "colombia", "value": 9}, {"source": 132, "target": "métodos", "value": 8}, {"source": 132, "target": "asociación", "value": 8}, {"source": 132, "target": "psiquiatría", "value": 8}, {"source": 132, "target": "críticas", "value": 7}, {"source": 132, "target": "suicidio", "value": 6}, {"source": 132, "target": "salud", "value": 6}, {"source": 132, "target": "trastorno depresivo", "value": 6}, {"source": 132, "target": "medición", "value": 5}, {"source": 132, "target": "esquizofrenia", "value": 5}, {"source": 132, "target": "medicalización", "value": 5}, {"source": 132, "target": "muerte", "value": 5}, {"source": 132, "target": "diagnóstico", "value": 5}, {"source": 132, "target": "ansiedad", "value": 5}, {"source": 132, "target": "calidad de vida", "value": 5}, {"source": 132, "target": "vida", "value": 5}, {"source": 132, "target": "revisión", "value": 5}, {"source": 132, "target": "observación", "value": 5}, {"source": 132, "target": "tiempo", "value": 5}, {"source": 132, "target": "pruebas", "value": 4}, {"source": 132, "target": "síndrome de down", "value": 4}, {"source": 132, "target": "síndrome", "value": 4}, {"source": 132, "target": "envejecimiento", "value": 4}, {"source": 132, "target": "riesgo", "value": 4}, {"source": 132, "target": "mortalidad", "value": 4}, {"source": 132, "target": "factores de riesgo", "value": 4}, {"source": 132, "target": "medicina", "value": 4}, {"source": 132, "target": "traducciones", "value": 4}, {"source": "80ea4c7f-fbf5-40f9-9cbf-f34393e9abaa", "target": 221, "value": 1}, {"source": 221, "target": "alcoholes", "value": 16}, {"source": 221, "target": "alcoholismo", "value": 16}, {"source": 221, "target": "colombia", "value": 15}, {"source": 221, "target": "alcohólicos", "value": 13}, {"source": 221, "target": "pacientes", "value": 11}, {"source": 221, "target": "riesgo", "value": 11}, {"source": 221, "target": "métodos", "value": 10}, {"source": 221, "target": "diagnóstico", "value": 10}, {"source": 221, "target": "fase s", "value": 9}, {"source": 221, "target": "población", "value": 8}, {"source": 221, "target": "adolescente", "value": 7}, {"source": 221, "target": "salud", "value": 7}, {"source": 221, "target": "ciencias económicas", "value": 6}, {"source": 221, "target": "universidades", "value": 6}, {"source": 221, "target": "pruebas", "value": 5}, {"source": 221, "target": "entrevistas", "value": 5}, {"source": 221, "target": "medición", "value": 5}, {"source": 221, "target": "críticas", "value": 5}, {"source": 221, "target": "organismos", "value": 5}, {"source": 221, "target": "organizaciones", "value": 5}, {"source": 221, "target": "sincronización", "value": 5}, {"source": 221, "target": "administración", "value": 5}, {"source": 221, "target": "síndrome de down", "value": 5}, {"source": 221, "target": "síndrome", "value": 5}, {"source": 221, "target": "trastornos relacionados con sustancias", "value": 4}, {"source": 221, "target": "envenenamiento", "value": 4}, {"source": 221, "target": "venenos", "value": 4}, {"source": 221, "target": "literatura", "value": 4}, {"source": 221, "target": "materiales", "value": 4}, {"source": 221, "target": "generadores", "value": 4}, {"source": "80ea4c7f-fbf5-40f9-9cbf-f34393e9abaa", "target": 264, "value": 1}, {"source": 264, "target": "sueño", "value": 88}, {"source": 264, "target": "pacientes", "value": 39}, {"source": 264, "target": "medicina", "value": 37}, {"source": 264, "target": "diagnóstico", "value": 34}, {"source": 264, "target": "colombia", "value": 32}, {"source": 264, "target": "asociación", "value": 32}, {"source": 264, "target": "salud", "value": 32}, {"source": 264, "target": "medicalización", "value": 31}, {"source": 264, "target": "riesgo", "value": 30}, {"source": 264, "target": "síndrome de down", "value": 29}, {"source": 264, "target": "síndrome", "value": 29}, {"source": 264, "target": "apnea", "value": 26}, {"source": 264, "target": "prevalencia", "value": 26}, {"source": 264, "target": "métodos", "value": 25}, {"source": 264, "target": "población", "value": 25}, {"source": 264, "target": "afecto", "value": 23}, {"source": 264, "target": "vida", "value": 22}, {"source": 264, "target": "somnolencia", "value": 20}, {"source": 264, "target": "calidad de vida", "value": 19}, {"source": 264, "target": "periodismo", "value": 19}, {"source": 264, "target": "críticas", "value": 18}, {"source": 264, "target": "envejecimiento", "value": 18}, {"source": 264, "target": "apnea del sueño", "value": 17}, {"source": 264, "target": "síndromes de la apnea del sueño", "value": 15}, {"source": 264, "target": "índices", "value": 15}, {"source": 264, "target": "investigación", "value": 15}, {"source": 264, "target": "mentalización", "value": 14}, {"source": 264, "target": "docentes", "value": 14}, {"source": 264, "target": "generadores", "value": 14}, {"source": 264, "target": "polisomnografía", "value": 14}, {"source": "80ea4c7f-fbf5-40f9-9cbf-f34393e9abaa", "target": 344, "value": 1}, {"source": 344, "target": "suicidio", "value": 7}, {"source": 344, "target": "pacientes", "value": 5}, {"source": 344, "target": "ideación suicida", "value": 4}, {"source": 344, "target": "prevalencia", "value": 4}, {"source": 344, "target": "universidades", "value": 4}, {"source": 344, "target": "estudiantes", "value": 4}, {"source": 344, "target": "depresión", "value": 4}, {"source": 344, "target": "envejecimiento", "value": 4}, {"source": 344, "target": "consultores", "value": 4}, {"source": 344, "target": "asociación", "value": 3}, {"source": 344, "target": "adolescente", "value": 3}, {"source": 344, "target": "entrevistas", "value": 3}, {"source": 344, "target": "población", "value": 3}, {"source": 344, "target": "entrevista", "value": 3}, {"source": 344, "target": "generadores", "value": 3}, {"source": 344, "target": "logística", "value": 3}, {"source": 344, "target": "instrumentos", "value": 3}, {"source": 344, "target": "medición", "value": 3}, {"source": 344, "target": "sincronización", "value": 3}, {"source": 344, "target": "estimacion", "value": 3}, {"source": 344, "target": "estadísticas", "value": 3}, {"source": 344, "target": "análisis estadístico", "value": 3}, {"source": 344, "target": "salud", "value": 2}, {"source": 344, "target": "responsabilidad parental", "value": 2}, {"source": 344, "target": "padres", "value": 2}, {"source": 344, "target": "medicalización", "value": 2}, {"source": 344, "target": "muerte", "value": 2}, {"source": 344, "target": "conducta", "value": 2}, {"source": 344, "target": "behaviorismo", "value": 2}, {"source": 344, "target": "colombia", "value": 2}, {"source": "80ea4c7f-fbf5-40f9-9cbf-f34393e9abaa", "target": 402, "value": 1}, {"source": 402, "target": "pacientes", "value": 3}, {"source": 402, "target": "mentalización", "value": 2}, {"source": 402, "target": "literatura", "value": 2}, {"source": 402, "target": "trastornos psicóticos", "value": 2}, {"source": 402, "target": "física", "value": 1}, {"source": 402, "target": "enfermos mentales", "value": 1}, {"source": 402, "target": "agresión", "value": 1}, {"source": 402, "target": "intervencion de crisis", "value": 1}, {"source": 402, "target": "personas con enfermedades mentales", "value": 1}, {"source": 402, "target": "emergencias", "value": 1}, {"source": 402, "target": "restricción", "value": 1}, {"source": 402, "target": "aisladores", "value": 1}, {"source": 402, "target": "salud mental", "value": 1}, {"source": 402, "target": "intervención en la crisis (psiquiatría)", "value": 1}, {"source": 402, "target": "urgencias médicas", "value": 1}, {"source": 402, "target": "aislamiento de pacientes", "value": 1}, {"source": 402, "target": "aisladores de pacientes", "value": 1}, {"source": 402, "target": "publicación", "value": 1}, {"source": 402, "target": "controlabilidad", "value": 1}, {"source": 402, "target": "ensayos clínicos", "value": 1}, {"source": 402, "target": "planificación", "value": 1}, {"source": 402, "target": "individualidad", "value": 1}, {"source": 402, "target": "individualismo", "value": 1}, {"source": 402, "target": "hospitals", "value": 1}, {"source": 402, "target": "riesgo", "value": 1}, {"source": 402, "target": "socialismo", "value": 1}, {"source": 402, "target": "socialización", "value": 1}, {"source": 402, "target": "contexto", "value": 1}, {"source": 402, "target": "críticas", "value": 1}, {"source": 402, "target": "ética", "value": 1}, {"source": "80ea4c7f-fbf5-40f9-9cbf-f34393e9abaa", "target": 417, "value": 1}, {"source": 417, "target": "pacientes", "value": 61}, {"source": 417, "target": "esquizofrenia", "value": 34}, {"source": 417, "target": "depresión", "value": 31}, {"source": 417, "target": "diagnóstico", "value": 31}, {"source": 417, "target": "adulto", "value": 27}, {"source": 417, "target": "métodos", "value": 25}, {"source": 417, "target": "asociación", "value": 20}, {"source": 417, "target": "salud", "value": 17}, {"source": 417, "target": "psiquiatría", "value": 16}, {"source": 417, "target": "colombia", "value": 15}, {"source": 417, "target": "generadores", "value": 15}, {"source": 417, "target": "riesgo", "value": 15}, {"source": 417, "target": "pautas", "value": 15}, {"source": 417, "target": "trastorno depresivo", "value": 14}, {"source": 417, "target": "hospitals", "value": 13}, {"source": 417, "target": "proteccion", "value": 13}, {"source": 417, "target": "medicalización", "value": 13}, {"source": 417, "target": "guía", "value": 13}, {"source": 417, "target": "fase s", "value": 13}, {"source": 417, "target": "socialismo", "value": 13}, {"source": 417, "target": "socialización", "value": 13}, {"source": 417, "target": "medición", "value": 11}, {"source": 417, "target": "sugestión", "value": 11}, {"source": 417, "target": "estimacion", "value": 11}, {"source": 417, "target": "hospitalización", "value": 11}, {"source": 417, "target": "síndrome de down", "value": 10}, {"source": 417, "target": "síndrome", "value": 10}, {"source": 417, "target": "hospitales", "value": 10}, {"source": 417, "target": "pruebas", "value": 9}, {"source": 417, "target": "instrumentos", "value": 9}, {"source": "80ea4c7f-fbf5-40f9-9cbf-f34393e9abaa", "target": 483, "value": 1}, {"source": 483, "target": "diagnóstico", "value": 4}, {"source": 483, "target": "psiquiatría", "value": 4}, {"source": 483, "target": "pacientes", "value": 3}, {"source": 483, "target": "familia", "value": 3}, {"source": 483, "target": "métodos", "value": 3}, {"source": 483, "target": "violencia", "value": 3}, {"source": 483, "target": "vida", "value": 2}, {"source": 483, "target": "calidad de vida", "value": 2}, {"source": 483, "target": "pediatría", "value": 2}, {"source": 483, "target": "formulario", "value": 2}, {"source": 483, "target": "mama", "value": 2}, {"source": 483, "target": "sugestión", "value": 2}, {"source": 483, "target": "individualidad", "value": 2}, {"source": 483, "target": "delirio", "value": 2}, {"source": 483, "target": "asociación", "value": 2}, {"source": 483, "target": "cara", "value": 2}, {"source": 483, "target": "hospitalización", "value": 2}, {"source": 483, "target": "mentalización", "value": 2}, {"source": 483, "target": "consultores", "value": 2}, {"source": 483, "target": "investigación", "value": 2}, {"source": 483, "target": "socialismo", "value": 2}, {"source": 483, "target": "socialización", "value": 2}, {"source": 483, "target": "salud", "value": 2}, {"source": 483, "target": "medicalización", "value": 2}, {"source": 483, "target": "formación de conceptos", "value": 1}, {"source": 483, "target": "neoplasma", "value": 1}, {"source": 483, "target": "formación de concepto", "value": 1}, {"source": 483, "target": "neoplasias", "value": 1}, {"source": 483, "target": "repetidores", "value": 1}, {"source": 483, "target": "gráficos", "value": 1}, {"source": "80ea4c7f-fbf5-40f9-9cbf-f34393e9abaa", "target": 656, "value": 1}, {"source": 656, "target": "pacientes", "value": 8}, {"source": 656, "target": "adolescente", "value": 5}, {"source": 656, "target": "asociación", "value": 5}, {"source": 656, "target": "cirugía", "value": 5}, {"source": 656, "target": "tumores", "value": 5}, {"source": 656, "target": "críticas", "value": 5}, {"source": 656, "target": "esofagectomía", "value": 5}, {"source": 656, "target": "endoscopios", "value": 4}, {"source": 656, "target": "oncología", "value": 4}, {"source": 656, "target": "esofagitis", "value": 4}, {"source": 656, "target": "administración", "value": 3}, {"source": 656, "target": "minimización", "value": 3}, {"source": 656, "target": "salud", "value": 3}, {"source": 656, "target": "complicidad", "value": 3}, {"source": 656, "target": "diagnóstico", "value": 3}, {"source": 656, "target": "organismos", "value": 2}, {"source": 656, "target": "dispepsia", "value": 2}, {"source": 656, "target": "reflujo gastroesofágico", "value": 2}, {"source": 656, "target": "instituciones académicas", "value": 2}, {"source": 656, "target": "frecuencia", "value": 2}, {"source": 656, "target": "organizaciones", "value": 2}, {"source": 656, "target": "generadores", "value": 2}, {"source": 656, "target": "conducta", "value": 2}, {"source": 656, "target": "behaviorismo", "value": 2}, {"source": 656, "target": "trastorno del espectro autista", "value": 2}, {"source": 656, "target": "limiting", "value": 2}, {"source": 656, "target": "población", "value": 2}, {"source": 656, "target": "patología", "value": 2}, {"source": 656, "target": "cirujanos", "value": 2}, {"source": 656, "target": "sincronización", "value": 2}, {"source": "80ea4c7f-fbf5-40f9-9cbf-f34393e9abaa", "target": 729, "value": 1}, {"source": 729, "target": "medicina", "value": 5}, {"source": 729, "target": "revisión", "value": 4}, {"source": 729, "target": "genética", "value": 2}, {"source": 729, "target": "correlacionadores", "value": 2}, {"source": 729, "target": "correlación", "value": 2}, {"source": 729, "target": "humanos", "value": 2}, {"source": 729, "target": "diagnóstico", "value": 2}, {"source": 729, "target": "individualidad", "value": 2}, {"source": 729, "target": "críticas", "value": 2}, {"source": 729, "target": "personalidad", "value": 2}, {"source": 729, "target": "población", "value": 2}, {"source": 729, "target": "medicalización", "value": 2}, {"source": 729, "target": "docentes", "value": 2}, {"source": 729, "target": "mentalización", "value": 1}, {"source": 729, "target": "psiquiatría", "value": 1}, {"source": 729, "target": "desordenes mentales", "value": 1}, {"source": 729, "target": "trastornos mentales", "value": 1}, {"source": 729, "target": "epigenómica", "value": 1}, {"source": 729, "target": "malla de trastornos mentales", "value": 1}, {"source": 729, "target": "farmacogenética", "value": 1}, {"source": 729, "target": "epigenoma", "value": 1}, {"source": 729, "target": "trastornos mentales malla", "value": 1}, {"source": 729, "target": "aplicadores", "value": 1}, {"source": 729, "target": "availability", "value": 1}, {"source": 729, "target": "globalización", "value": 1}, {"source": 729, "target": "enzimas", "value": 1}, {"source": 729, "target": "afecto", "value": 1}, {"source": 729, "target": "reflectividad", "value": 1}, {"source": 729, "target": "síndrome de down", "value": 1}, {"source": 729, "target": "síndrome", "value": 1}, {"source": "80ea4c7f-fbf5-40f9-9cbf-f34393e9abaa", "target": 732, "value": 1}, {"source": 732, "target": "métodos", "value": 10}, {"source": 732, "target": "trastorno bipolar", "value": 9}, {"source": 732, "target": "depresión", "value": 8}, {"source": 732, "target": "pacientes", "value": 8}, {"source": 732, "target": "autoinforme", "value": 7}, {"source": 732, "target": "pruebas", "value": 6}, {"source": 732, "target": "psiquiatría", "value": 6}, {"source": 732, "target": "personalidad", "value": 5}, {"source": 732, "target": "medición", "value": 5}, {"source": 732, "target": "conducta", "value": 5}, {"source": 732, "target": "diagnóstico", "value": 5}, {"source": 732, "target": "envejecimiento", "value": 4}, {"source": 732, "target": "cognición", "value": 4}, {"source": 732, "target": "anciano", "value": 4}, {"source": 732, "target": "anciano de 80 o más años", "value": 4}, {"source": 732, "target": "frecuencia", "value": 4}, {"source": 732, "target": "asociación", "value": 4}, {"source": 732, "target": "personas", "value": 4}, {"source": 732, "target": "lenguaje", "value": 4}, {"source": 732, "target": "behaviorismo", "value": 4}, {"source": 732, "target": "fase s", "value": 4}, {"source": 732, "target": "afecto", "value": 4}, {"source": 732, "target": "colombia", "value": 4}, {"source": 732, "target": "esquizofrenia", "value": 3}, {"source": 732, "target": "educación", "value": 3}, {"source": 732, "target": "transforma", "value": 3}, {"source": 732, "target": "transformadores", "value": 3}, {"source": 732, "target": "salud mental", "value": 3}, {"source": 732, "target": "psicometría", "value": 3}, {"source": 732, "target": "socialismo", "value": 3}, {"source": "80ea4c7f-fbf5-40f9-9cbf-f34393e9abaa", "target": 798, "value": 1}, {"source": 798, "target": "pacientes", "value": 148}, {"source": 798, "target": "colombia", "value": 110}, {"source": 798, "target": "métodos", "value": 66}, {"source": 798, "target": "asociación", "value": 54}, {"source": 798, "target": "diagnóstico", "value": 43}, {"source": 798, "target": "riesgo", "value": 40}, {"source": 798, "target": "vida", "value": 39}, {"source": 798, "target": "infecciones", "value": 37}, {"source": 798, "target": "pruebas", "value": 36}, {"source": 798, "target": "calidad de vida", "value": 36}, {"source": 798, "target": "salud", "value": 35}, {"source": 798, "target": "hospitalización", "value": 34}, {"source": 798, "target": "depresión", "value": 31}, {"source": 798, "target": "hospitales", "value": 30}, {"source": 798, "target": "mujeres", "value": 30}, {"source": 798, "target": "prevalencia", "value": 30}, {"source": 798, "target": "medición", "value": 27}, {"source": 798, "target": "mortalidad", "value": 26}, {"source": 798, "target": "envejecimiento", "value": 26}, {"source": 798, "target": "tiempo", "value": 24}, {"source": 798, "target": "factores de riesgo", "value": 24}, {"source": 798, "target": "humanos", "value": 24}, {"source": 798, "target": "población", "value": 24}, {"source": 798, "target": "frecuencia", "value": 23}, {"source": 798, "target": "suicidio", "value": 21}, {"source": 798, "target": "sincronización", "value": 20}, {"source": 798, "target": "sugestión", "value": 20}, {"source": 798, "target": "cultura", "value": 20}, {"source": 798, "target": "mama", "value": 20}, {"source": 798, "target": "papillomavirus humano 6", "value": 18}, {"source": "80ea4c7f-fbf5-40f9-9cbf-f34393e9abaa", "target": 806, "value": 1}, {"source": 806, "target": "cognición", "value": 22}, {"source": 806, "target": "socialismo", "value": 19}, {"source": 806, "target": "socialización", "value": 19}, {"source": 806, "target": "controlabilidad", "value": 13}, {"source": 806, "target": "pacientes", "value": 12}, {"source": 806, "target": "conducta", "value": 12}, {"source": 806, "target": "emociones", "value": 11}, {"source": 806, "target": "behaviorismo", "value": 11}, {"source": 806, "target": "demencia", "value": 10}, {"source": 806, "target": "autorización", "value": 7}, {"source": 806, "target": "demencia frontotemporal", "value": 7}, {"source": 806, "target": "asociación", "value": 7}, {"source": 806, "target": "encéfalo", "value": 7}, {"source": 806, "target": "sugestión", "value": 6}, {"source": 806, "target": "moral", "value": 6}, {"source": 806, "target": "principios morales", "value": 6}, {"source": 806, "target": "correlacionadores", "value": 6}, {"source": 806, "target": "correlación", "value": 6}, {"source": 806, "target": "modulación", "value": 5}, {"source": 806, "target": "afecto", "value": 5}, {"source": 806, "target": "envejecimiento", "value": 5}, {"source": 806, "target": "contexto", "value": 5}, {"source": 806, "target": "medición", "value": 5}, {"source": 806, "target": "enfermedades", "value": 5}, {"source": 806, "target": "enfermedad", "value": 5}, {"source": 806, "target": "rol", "value": 4}, {"source": 806, "target": "responsabilidad parental", "value": 4}, {"source": 806, "target": "padres", "value": 4}, {"source": 806, "target": "pruebas", "value": 4}, {"source": 806, "target": "visualización", "value": 4}, {"source": "80ea4c7f-fbf5-40f9-9cbf-f34393e9abaa", "target": 868, "value": 1}, {"source": 868, "target": "cultura", "value": 14}, {"source": 868, "target": "colombia", "value": 13}, {"source": 868, "target": "antropología", "value": 7}, {"source": 868, "target": "pacientes", "value": 7}, {"source": 868, "target": "terapéutica", "value": 6}, {"source": 868, "target": "métodos", "value": 6}, {"source": 868, "target": "contexto", "value": 6}, {"source": 868, "target": "mentalización", "value": 6}, {"source": 868, "target": "vida", "value": 5}, {"source": 868, "target": "personalidad", "value": 5}, {"source": 868, "target": "ensayo", "value": 5}, {"source": 868, "target": "psiquiatría", "value": 4}, {"source": 868, "target": "generadores", "value": 4}, {"source": 868, "target": "historia", "value": 4}, {"source": 868, "target": "trabajo", "value": 4}, {"source": 868, "target": "construcción", "value": 4}, {"source": 868, "target": "atención", "value": 4}, {"source": 868, "target": "personas", "value": 4}, {"source": 868, "target": "publicación", "value": 3}, {"source": 868, "target": "biografias", "value": 3}, {"source": 868, "target": "biografía", "value": 3}, {"source": 868, "target": "aplicadores", "value": 3}, {"source": 868, "target": "madres", "value": 3}, {"source": 868, "target": "investigación", "value": 3}, {"source": 868, "target": "hermenéutica", "value": 3}, {"source": 868, "target": "afecto", "value": 3}, {"source": 868, "target": "contabilidad", "value": 3}, {"source": 868, "target": "periodicidad", "value": 3}, {"source": 868, "target": "población", "value": 3}, {"source": 868, "target": "violencia", "value": 3}, {"source": "80ea4c7f-fbf5-40f9-9cbf-f34393e9abaa", "target": 895, "value": 1}, {"source": 895, "target": "pacientes", "value": 36}, {"source": 895, "target": "adolescente", "value": 34}, {"source": 895, "target": "métodos", "value": 32}, {"source": 895, "target": "hijo único", "value": 29}, {"source": 895, "target": "atención", "value": 27}, {"source": 895, "target": "niño", "value": 25}, {"source": 895, "target": "hospitalización", "value": 22}, {"source": 895, "target": "diagnóstico", "value": 20}, {"source": 895, "target": "hospitales", "value": 19}, {"source": 895, "target": "envejecimiento", "value": 18}, {"source": 895, "target": "psiquiatría", "value": 17}, {"source": 895, "target": "responsabilidad parental", "value": 17}, {"source": 895, "target": "padres", "value": 17}, {"source": 895, "target": "asociación", "value": 16}, {"source": 895, "target": "hospitals", "value": 15}, {"source": 895, "target": "ansiedad", "value": 15}, {"source": 895, "target": "medicalización", "value": 14}, {"source": 895, "target": "conducta", "value": 14}, {"source": 895, "target": "pediatría", "value": 13}, {"source": 895, "target": "riesgo", "value": 12}, {"source": 895, "target": "críticas", "value": 12}, {"source": 895, "target": "behaviorismo", "value": 12}, {"source": 895, "target": "dolor", "value": 12}, {"source": 895, "target": "genes", "value": 11}, {"source": 895, "target": "población", "value": 11}, {"source": 895, "target": "entrevistas", "value": 11}, {"source": 895, "target": "psiquiatría infantil", "value": 11}, {"source": 895, "target": "comorbilidad", "value": 10}, {"source": 895, "target": "madres", "value": 10}, {"source": 895, "target": "depresión", "value": 10}, {"source": "80ea4c7f-fbf5-40f9-9cbf-f34393e9abaa", "target": 2881, "value": 1}, {"source": "80ea4c7f-fbf5-40f9-9cbf-f34393e9abaa", "target": 2976, "value": 1}, {"source": "80ea4c7f-fbf5-40f9-9cbf-f34393e9abaa", "target": 2980, "value": 1}, {"source": "80ea4c7f-fbf5-40f9-9cbf-f34393e9abaa", "target": 3056, "value": 1}, {"source": "80ea4c7f-fbf5-40f9-9cbf-f34393e9abaa", "target": 3287, "value": 1}, {"source": "80ea4c7f-fbf5-40f9-9cbf-f34393e9abaa", "target": 3348, "value": 1}, {"source": "80ea4c7f-fbf5-40f9-9cbf-f34393e9abaa", "target": 3360, "value": 1}, {"source": "80ea4c7f-fbf5-40f9-9cbf-f34393e9abaa", "target": 3375, "value": 1}, {"source": "80ea4c7f-fbf5-40f9-9cbf-f34393e9abaa", "target": 3429, "value": 1}], "options": [{"label": "Estado inicial", "value": "Departamento de Psiquiatría", "group": "00. Opciones predeterminadas"}, {"label": "Calvo Gómez José Manuel", "value": "Calvo Gómez José Manuel", "group": "02. Opciones de autor"}, {"label": "Camacho Caceres Paulo Cesar", "value": "Camacho Caceres Paulo Cesar", "group": "02. Opciones de autor"}, {"label": "Cote Menéndez Miguel", "value": "Cote Menéndez Miguel", "group": "02. Opciones de autor"}, {"label": "Diazgranados Moncada Danilo Alfredo", "value": "Diazgranados Moncada Danilo Alfredo", "group": "02. Opciones de autor"}, {"label": "Duran Robles Lisandro Antonio", "value": "Duran Robles Lisandro Antonio", "group": "02. Opciones de autor"}, {"label": "Escobar Córdoba Franklin Estuardo", "value": "Escobar Córdoba Franklin Estuardo", "group": "02. Opciones de autor"}, {"label": "Gómez Mora Dora Linda", "value": "Gómez Mora Dora Linda", "group": "02. Opciones de autor"}, {"label": "Hernández Yasno Marcelo Andrés", "value": "Hernández Yasno Marcelo Andrés", "group": "02. Opciones de autor"}, {"label": "Jaramillo González Luis Eduardo", "value": "Jaramillo González Luis Eduardo", "group": "02. Opciones de autor"}, {"label": "Laverde Rubio Eduardo", "value": "Laverde Rubio Eduardo", "group": "02. Opciones de autor"}, {"label": "Lopez Rincon Pedro Alfonso", "value": "Lopez Rincon Pedro Alfonso", "group": "02. Opciones de autor"}, {"label": "Martin Cardinal Elena", "value": "Martin Cardinal Elena", "group": "02. Opciones de autor"}, {"label": "Medina Mesa David Horacio", "value": "Medina Mesa David Horacio", "group": "02. Opciones de autor"}, {"label": "Piñeros Ortiz Sandra Elizabeth", "value": "Piñeros Ortiz Sandra Elizabeth", "group": "02. Opciones de autor"}, {"label": "Rodríguez Gama Álvaro", "value": "Rodríguez Gama Álvaro", "group": "02. Opciones de autor"}, {"label": "Rodríguez Losada Allende Jorge", "value": "Rodríguez Losada Allende Jorge", "group": "02. Opciones de autor"}, {"label": "Roldan Valencia Ismael Euclides", "value": "Roldan Valencia Ismael Euclides", "group": "02. Opciones de autor"}, {"label": "Ruiz Leal Jaime Martin", "value": "Ruiz Leal Jaime Martin", "group": "02. Opciones de autor"}, {"label": "Santamaría García Hernando", "value": "Santamaría García Hernando", "group": "02. Opciones de autor"}, {"label": "Sánchez Pedraza Ricardo", "value": "Sánchez Pedraza Ricardo", "group": "02. Opciones de autor"}, {"label": "Uribe Tobón Carlos Alberto", "value": "Uribe Tobón Carlos Alberto", "group": "02. Opciones de autor"}, {"label": "Velasquez Zapata Julio Cesar", "value": "Velasquez Zapata Julio Cesar", "group": "02. Opciones de autor"}, {"label": "Vásquez Rojas Rafael Antonio", "value": "Vásquez Rojas Rafael Antonio", "group": "02. Opciones de autor"}, {"label": "Departamento de Psiquiatría", "value": "Departamento de Psiquiatría", "group": "02. Opciones de uab"}, {"label": "administración", "value": "administración", "group": "03. Opciones de temas"}, {"label": "adolescente", "value": "adolescente", "group": "03. Opciones de temas"}, {"label": "adulto", "value": "adulto", "group": "03. Opciones de temas"}, {"label": "afecto", "value": "afecto", "group": "03. Opciones de temas"}, {"label": "agresión", "value": "agresión", "group": "03. Opciones de temas"}, {"label": "aisladores", "value": "aisladores", "group": "03. Opciones de temas"}, {"label": "aisladores de pacientes", "value": "aisladores de pacientes", "group": "03. Opciones de temas"}, {"label": "aislamiento de pacientes", "value": "aislamiento de pacientes", "group": "03. Opciones de temas"}, {"label": "alcoholes", "value": "alcoholes", "group": "03. Opciones de temas"}, {"label": "alcoholismo", "value": "alcoholismo", "group": "03. Opciones de temas"}, {"label": "alcohólicos", "value": "alcohólicos", "group": "03. Opciones de temas"}, {"label": "anciano", "value": "anciano", "group": "03. Opciones de temas"}, {"label": "anciano de 80 o más años", "value": "anciano de 80 o más años", "group": "03. Opciones de temas"}, {"label": "ansiedad", "value": "ansiedad", "group": "03. Opciones de temas"}, {"label": "antropología", "value": "antropología", "group": "03. Opciones de temas"}, {"label": "análisis estadístico", "value": "análisis estadístico", "group": "03. Opciones de temas"}, {"label": "aplicadores", "value": "aplicadores", "group": "03. Opciones de temas"}, {"label": "apnea", "value": "apnea", "group": "03. Opciones de temas"}, {"label": "apnea del sueño", "value": "apnea del sueño", "group": "03. Opciones de temas"}, {"label": "asociación", "value": "asociación", "group": "03. Opciones de temas"}, {"label": "atención", "value": "atención", "group": "03. Opciones de temas"}, {"label": "autoinforme", "value": "autoinforme", "group": "03. Opciones de temas"}, {"label": "autorización", "value": "autorización", "group": "03. Opciones de temas"}, {"label": "availability", "value": "availability", "group": "03. Opciones de temas"}, {"label": "behaviorismo", "value": "behaviorismo", "group": "03. Opciones de temas"}, {"label": "biografias", "value": "biografias", "group": "03. Opciones de temas"}, {"label": "biografía", "value": "biografía", "group": "03. Opciones de temas"}, {"label": "calidad de vida", "value": "calidad de vida", "group": "03. Opciones de temas"}, {"label": "cara", "value": "cara", "group": "03. Opciones de temas"}, {"label": "ciencias económicas", "value": "ciencias económicas", "group": "03. Opciones de temas"}, {"label": "cirugía", "value": "cirugía", "group": "03. Opciones de temas"}, {"label": "cirujanos", "value": "cirujanos", "group": "03. Opciones de temas"}, {"label": "cognición", "value": "cognición", "group": "03. Opciones de temas"}, {"label": "colombia", "value": "colombia", "group": "03. Opciones de temas"}, {"label": "comorbilidad", "value": "comorbilidad", "group": "03. Opciones de temas"}, {"label": "complicidad", "value": "complicidad", "group": "03. Opciones de temas"}, {"label": "conducta", "value": "conducta", "group": "03. Opciones de temas"}, {"label": "construcción", "value": "construcción", "group": "03. Opciones de temas"}, {"label": "consultores", "value": "consultores", "group": "03. Opciones de temas"}, {"label": "contabilidad", "value": "contabilidad", "group": "03. Opciones de temas"}, {"label": "contexto", "value": "contexto", "group": "03. Opciones de temas"}, {"label": "controlabilidad", "value": "controlabilidad", "group": "03. Opciones de temas"}, {"label": "correlacionadores", "value": "correlacionadores", "group": "03. Opciones de temas"}, {"label": "correlación", "value": "correlación", "group": "03. Opciones de temas"}, {"label": "críticas", "value": "críticas", "group": "03. Opciones de temas"}, {"label": "cultura", "value": "cultura", "group": "03. Opciones de temas"}, {"label": "delirio", "value": "delirio", "group": "03. Opciones de temas"}, {"label": "demencia", "value": "demencia", "group": "03. Opciones de temas"}, {"label": "demencia frontotemporal", "value": "demencia frontotemporal", "group": "03. Opciones de temas"}, {"label": "depresión", "value": "depresión", "group": "03. Opciones de temas"}, {"label": "desordenes mentales", "value": "desordenes mentales", "group": "03. Opciones de temas"}, {"label": "diagnóstico", "value": "diagnóstico", "group": "03. Opciones de temas"}, {"label": "dispepsia", "value": "dispepsia", "group": "03. Opciones de temas"}, {"label": "docentes", "value": "docentes", "group": "03. Opciones de temas"}, {"label": "dolor", "value": "dolor", "group": "03. Opciones de temas"}, {"label": "educación", "value": "educación", "group": "03. Opciones de temas"}, {"label": "emergencias", "value": "emergencias", "group": "03. Opciones de temas"}, {"label": "emociones", "value": "emociones", "group": "03. Opciones de temas"}, {"label": "encéfalo", "value": "encéfalo", "group": "03. Opciones de temas"}, {"label": "endoscopios", "value": "endoscopios", "group": "03. Opciones de temas"}, {"label": "enfermedad", "value": "enfermedad", "group": "03. Opciones de temas"}, {"label": "enfermedades", "value": "enfermedades", "group": "03. Opciones de temas"}, {"label": "enfermos mentales", "value": "enfermos mentales", "group": "03. Opciones de temas"}, {"label": "ensayo", "value": "ensayo", "group": "03. Opciones de temas"}, {"label": "ensayos clínicos", "value": "ensayos clínicos", "group": "03. Opciones de temas"}, {"label": "entrevista", "value": "entrevista", "group": "03. Opciones de temas"}, {"label": "entrevistas", "value": "entrevistas", "group": "03. Opciones de temas"}, {"label": "envejecimiento", "value": "envejecimiento", "group": "03. Opciones de temas"}, {"label": "envenenamiento", "value": "envenenamiento", "group": "03. Opciones de temas"}, {"label": "enzimas", "value": "enzimas", "group": "03. Opciones de temas"}, {"label": "epigenoma", "value": "epigenoma", "group": "03. Opciones de temas"}, {"label": "epigenómica", "value": "epigenómica", "group": "03. Opciones de temas"}, {"label": "esofagectomía", "value": "esofagectomía", "group": "03. Opciones de temas"}, {"label": "esofagitis", "value": "esofagitis", "group": "03. Opciones de temas"}, {"label": "esquizofrenia", "value": "esquizofrenia", "group": "03. Opciones de temas"}, {"label": "estadísticas", "value": "estadísticas", "group": "03. Opciones de temas"}, {"label": "estimacion", "value": "estimacion", "group": "03. Opciones de temas"}, {"label": "estudiantes", "value": "estudiantes", "group": "03. Opciones de temas"}, {"label": "factores de riesgo", "value": "factores de riesgo", "group": "03. Opciones de temas"}, {"label": "familia", "value": "familia", "group": "03. Opciones de temas"}, {"label": "farmacogenética", "value": "farmacogenética", "group": "03. Opciones de temas"}, {"label": "fase s", "value": "fase s", "group": "03. Opciones de temas"}, {"label": "formación de concepto", "value": "formación de concepto", "group": "03. Opciones de temas"}, {"label": "formación de conceptos", "value": "formación de conceptos", "group": "03. Opciones de temas"}, {"label": "formulario", "value": "formulario", "group": "03. Opciones de temas"}, {"label": "frecuencia", "value": "frecuencia", "group": "03. Opciones de temas"}, {"label": "física", "value": "física", "group": "03. Opciones de temas"}, {"label": "generadores", "value": "generadores", "group": "03. Opciones de temas"}, {"label": "genes", "value": "genes", "group": "03. Opciones de temas"}, {"label": "genética", "value": "genética", "group": "03. Opciones de temas"}, {"label": "globalización", "value": "globalización", "group": "03. Opciones de temas"}, {"label": "gráficos", "value": "gráficos", "group": "03. Opciones de temas"}, {"label": "guía", "value": "guía", "group": "03. Opciones de temas"}, {"label": "hermenéutica", "value": "hermenéutica", "group": "03. Opciones de temas"}, {"label": "hijo único", "value": "hijo único", "group": "03. Opciones de temas"}, {"label": "historia", "value": "historia", "group": "03. Opciones de temas"}, {"label": "hospitales", "value": "hospitales", "group": "03. Opciones de temas"}, {"label": "hospitalización", "value": "hospitalización", "group": "03. Opciones de temas"}, {"label": "hospitals", "value": "hospitals", "group": "03. Opciones de temas"}, {"label": "humanos", "value": "humanos", "group": "03. Opciones de temas"}, {"label": "ideación suicida", "value": "ideación suicida", "group": "03. Opciones de temas"}, {"label": "individualidad", "value": "individualidad", "group": "03. Opciones de temas"}, {"label": "individualismo", "value": "individualismo", "group": "03. Opciones de temas"}, {"label": "infecciones", "value": "infecciones", "group": "03. Opciones de temas"}, {"label": "instituciones académicas", "value": "instituciones académicas", "group": "03. Opciones de temas"}, {"label": "instrumentos", "value": "instrumentos", "group": "03. Opciones de temas"}, {"label": "intervencion de crisis", "value": "intervencion de crisis", "group": "03. Opciones de temas"}, {"label": "intervención en la crisis (psiquiatría)", "value": "intervención en la crisis (psiquiatría)", "group": "03. Opciones de temas"}, {"label": "investigación", "value": "investigación", "group": "03. Opciones de temas"}, {"label": "lenguaje", "value": "lenguaje", "group": "03. Opciones de temas"}, {"label": "limiting", "value": "limiting", "group": "03. Opciones de temas"}, {"label": "literatura", "value": "literatura", "group": "03. Opciones de temas"}, {"label": "logística", "value": "logística", "group": "03. Opciones de temas"}, {"label": "madres", "value": "madres", "group": "03. Opciones de temas"}, {"label": "malla de trastornos mentales", "value": "malla de trastornos mentales", "group": "03. Opciones de temas"}, {"label": "mama", "value": "mama", "group": "03. Opciones de temas"}, {"label": "materiales", "value": "materiales", "group": "03. Opciones de temas"}, {"label": "medicalización", "value": "medicalización", "group": "03. Opciones de temas"}, {"label": "medicina", "value": "medicina", "group": "03. Opciones de temas"}, {"label": "medición", "value": "medición", "group": "03. Opciones de temas"}, {"label": "mentalización", "value": "mentalización", "group": "03. Opciones de temas"}, {"label": "minimización", "value": "minimización", "group": "03. Opciones de temas"}, {"label": "modulación", "value": "modulación", "group": "03. Opciones de temas"}, {"label": "moral", "value": "moral", "group": "03. Opciones de temas"}, {"label": "mortalidad", "value": "mortalidad", "group": "03. Opciones de temas"}, {"label": "muerte", "value": "muerte", "group": "03. Opciones de temas"}, {"label": "mujeres", "value": "mujeres", "group": "03. Opciones de temas"}, {"label": "métodos", "value": "métodos", "group": "03. Opciones de temas"}, {"label": "neoplasias", "value": "neoplasias", "group": "03. Opciones de temas"}, {"label": "neoplasma", "value": "neoplasma", "group": "03. Opciones de temas"}, {"label": "niño", "value": "niño", "group": "03. Opciones de temas"}, {"label": "observación", "value": "observación", "group": "03. Opciones de temas"}, {"label": "oncología", "value": "oncología", "group": "03. Opciones de temas"}, {"label": "organismos", "value": "organismos", "group": "03. Opciones de temas"}, {"label": "organizaciones", "value": "organizaciones", "group": "03. Opciones de temas"}, {"label": "pacientes", "value": "pacientes", "group": "03. Opciones de temas"}, {"label": "padres", "value": "padres", "group": "03. Opciones de temas"}, {"label": "papillomavirus humano 6", "value": "papillomavirus humano 6", "group": "03. Opciones de temas"}, {"label": "patología", "value": "patología", "group": "03. Opciones de temas"}, {"label": "pautas", "value": "pautas", "group": "03. Opciones de temas"}, {"label": "pediatría", "value": "pediatría", "group": "03. Opciones de temas"}, {"label": "periodicidad", "value": "periodicidad", "group": "03. Opciones de temas"}, {"label": "periodismo", "value": "periodismo", "group": "03. Opciones de temas"}, {"label": "personalidad", "value": "personalidad", "group": "03. Opciones de temas"}, {"label": "personas", "value": "personas", "group": "03. Opciones de temas"}, {"label": "personas con enfermedades mentales", "value": "personas con enfermedades mentales", "group": "03. Opciones de temas"}, {"label": "planificación", "value": "planificación", "group": "03. Opciones de temas"}, {"label": "población", "value": "población", "group": "03. Opciones de temas"}, {"label": "polisomnografía", "value": "polisomnografía", "group": "03. Opciones de temas"}, {"label": "prevalencia", "value": "prevalencia", "group": "03. Opciones de temas"}, {"label": "principios morales", "value": "principios morales", "group": "03. Opciones de temas"}, {"label": "proteccion", "value": "proteccion", "group": "03. Opciones de temas"}, {"label": "pruebas", "value": "pruebas", "group": "03. Opciones de temas"}, {"label": "psicometría", "value": "psicometría", "group": "03. Opciones de temas"}, {"label": "psiquiatría", "value": "psiquiatría", "group": "03. Opciones de temas"}, {"label": "psiquiatría infantil", "value": "psiquiatría infantil", "group": "03. Opciones de temas"}, {"label": "publicación", "value": "publicación", "group": "03. Opciones de temas"}, {"label": "reflectividad", "value": "reflectividad", "group": "03. Opciones de temas"}, {"label": "reflujo gastroesofágico", "value": "reflujo gastroesofágico", "group": "03. Opciones de temas"}, {"label": "repetidores", "value": "repetidores", "group": "03. Opciones de temas"}, {"label": "responsabilidad parental", "value": "responsabilidad parental", "group": "03. Opciones de temas"}, {"label": "restricción", "value": "restricción", "group": "03. Opciones de temas"}, {"label": "revisión", "value": "revisión", "group": "03. Opciones de temas"}, {"label": "riesgo", "value": "riesgo", "group": "03. Opciones de temas"}, {"label": "rol", "value": "rol", "group": "03. Opciones de temas"}, {"label": "salud", "value": "salud", "group": "03. Opciones de temas"}, {"label": "salud mental", "value": "salud mental", "group": "03. Opciones de temas"}, {"label": "sincronización", "value": "sincronización", "group": "03. Opciones de temas"}, {"label": "socialismo", "value": "socialismo", "group": "03. Opciones de temas"}, {"label": "socialización", "value": "socialización", "group": "03. Opciones de temas"}, {"label": "somnolencia", "value": "somnolencia", "group": "03. Opciones de temas"}, {"label": "sueño", "value": "sueño", "group": "03. Opciones de temas"}, {"label": "sugestión", "value": "sugestión", "group": "03. Opciones de temas"}, {"label": "suicidio", "value": "suicidio", "group": "03. Opciones de temas"}, {"label": "síndrome", "value": "síndrome", "group": "03. Opciones de temas"}, {"label": "síndrome de down", "value": "síndrome de down", "group": "03. Opciones de temas"}, {"label": "síndromes de la apnea del sueño", "value": "síndromes de la apnea del sueño", "group": "03. Opciones de temas"}, {"label": "terapéutica", "value": "terapéutica", "group": "03. Opciones de temas"}, {"label": "tiempo", "value": "tiempo", "group": "03. Opciones de temas"}, {"label": "trabajo", "value": "trabajo", "group": "03. Opciones de temas"}, {"label": "traducciones", "value": "traducciones", "group": "03. Opciones de temas"}, {"label": "transforma", "value": "transforma", "group": "03. Opciones de temas"}, {"label": "transformadores", "value": "transformadores", "group": "03. Opciones de temas"}, {"label": "trastorno bipolar", "value": "trastorno bipolar", "group": "03. Opciones de temas"}, {"label": "trastorno del espectro autista", "value": "trastorno del espectro autista", "group": "03. Opciones de temas"}, {"label": "trastorno depresivo", "value": "trastorno depresivo", "group": "03. Opciones de temas"}, {"label": "trastornos mentales", "value": "trastornos mentales", "group": "03. Opciones de temas"}, {"label": "trastornos mentales malla", "value": "trastornos mentales malla", "group": "03. Opciones de temas"}, {"label": "trastornos psicóticos", "value": "trastornos psicóticos", "group": "03. Opciones de temas"}, {"label": "trastornos relacionados con sustancias", "value": "trastornos relacionados con sustancias", "group": "03. Opciones de temas"}, {"label": "tumores", "value": "tumores", "group": "03. Opciones de temas"}, {"label": "universidades", "value": "universidades", "group": "03. Opciones de temas"}, {"label": "urgencias médicas", "value": "urgencias médicas", "group": "03. Opciones de temas"}, {"label": "venenos", "value": "venenos", "group": "03. Opciones de temas"}, {"label": "vida", "value": "vida", "group": "03. Opciones de temas"}, {"label": "violencia", "value": "violencia", "group": "03. Opciones de temas"}, {"label": "visualización", "value": "visualización", "group": "03. Opciones de temas"}, {"label": "ética", "value": "ética", "group": "03. Opciones de temas"}, {"label": "índices", "value": "índices", "group": "03. Opciones de temas"}]}