{"nodes": [{"id": "19b19b86-6837-403c-8ccd-a3c631c2c081", "label": "Unidad de Docencia y Formación", "type": "uab"}, {"id": 2832, "label": "Aponte Gutierrez Andres Felipe", "type": "author"}, {"id": 2833, "label": "Lugo Rugeles Luz Myrian", "type": "author"}, {"id": 2834, "label": "Reyes Moreno Giovanni", "type": "author"}, {"id": 2835, "label": "Orjuela Martinez Adriana Isabel", "type": "author"}, {"id": 2836, "label": "Ramos Garcia Catherine", "type": "author"}, {"id": 2837, "label": "Montaño Castañeda Mary Cecilia", "type": "author"}, {"id": 2838, "label": "Angulo Castillo Vladimir", "type": "author"}, {"id": 2839, "label": "Suarez Moreno Oscar Eduardo", "type": "author"}, {"id": 2841, "label": "Bernal Correa Roberto Andrés", "type": "author"}, {"id": 2842, "label": "Farfan Mendoza Willinton", "type": "author"}, {"id": 2843, "label": "Perez Buitrago Nestor Fernando", "type": "author"}, {"id": 2844, "label": "Berdugo Gutierrez Jesus Alfredo", "type": "author"}], "links": [{"source": "19b19b86-6837-403c-8ccd-a3c631c2c081", "target": 2832, "value": 1}, {"source": "19b19b86-6837-403c-8ccd-a3c631c2c081", "target": 2833, "value": 1}, {"source": "19b19b86-6837-403c-8ccd-a3c631c2c081", "target": 2834, "value": 1}, {"source": "19b19b86-6837-403c-8ccd-a3c631c2c081", "target": 2835, "value": 1}, {"source": "19b19b86-6837-403c-8ccd-a3c631c2c081", "target": 2836, "value": 1}, {"source": "19b19b86-6837-403c-8ccd-a3c631c2c081", "target": 2837, "value": 1}, {"source": "19b19b86-6837-403c-8ccd-a3c631c2c081", "target": 2838, "value": 1}, {"source": "19b19b86-6837-403c-8ccd-a3c631c2c081", "target": 2839, "value": 1}, {"source": "19b19b86-6837-403c-8ccd-a3c631c2c081", "target": 2841, "value": 1}, {"source": "19b19b86-6837-403c-8ccd-a3c631c2c081", "target": 2842, "value": 1}, {"source": "19b19b86-6837-403c-8ccd-a3c631c2c081", "target": 2843, "value": 1}, {"source": "19b19b86-6837-403c-8ccd-a3c631c2c081", "target": 2844, "value": 1}], "options": [{"label": "Estado inicial", "value": "Unidad de Docencia y Formación", "group": "00. Opciones predeterminadas"}, {"label": "Angulo Castillo Vladimir", "value": "Angulo Castillo Vladimir", "group": "02. Opciones de autor"}, {"label": "Aponte Gutierrez Andres Felipe", "value": "Aponte Gutierrez Andres Felipe", "group": "02. Opciones de autor"}, {"label": "Berdugo Gutierrez Jesus Alfredo", "value": "Berdugo Gutierrez Jesus Alfredo", "group": "02. Opciones de autor"}, {"label": "Bernal Correa Roberto Andrés", "value": "Bernal Correa Roberto Andrés", "group": "02. Opciones de autor"}, {"label": "Farfan Mendoza Willinton", "value": "Farfan Mendoza Willinton", "group": "02. Opciones de autor"}, {"label": "Lugo Rugeles Luz Myrian", "value": "Lugo Rugeles Luz Myrian", "group": "02. Opciones de autor"}, {"label": "Montaño Castañeda Mary Cecilia", "value": "Montaño Castañeda Mary Cecilia", "group": "02. Opciones de autor"}, {"label": "Orjuela Martinez Adriana Isabel", "value": "Orjuela Martinez Adriana Isabel", "group": "02. Opciones de autor"}, {"label": "Perez Buitrago Nestor Fernando", "value": "Perez Buitrago Nestor Fernando", "group": "02. Opciones de autor"}, {"label": "Ramos Garcia Catherine", "value": "Ramos Garcia Catherine", "group": "02. Opciones de autor"}, {"label": "Reyes Moreno Giovanni", "value": "Reyes Moreno Giovanni", "group": "02. Opciones de autor"}, {"label": "Suarez Moreno Oscar Eduardo", "value": "Suarez Moreno Oscar Eduardo", "group": "02. Opciones de autor"}, {"label": "Unidad de Docencia y Formación", "value": "Unidad de Docencia y Formación", "group": "02. Opciones de uab"}]}