{"nodes": [{"id": "af630790-433f-41f0-97eb-c0b9ca47ee92", "label": "Amazonía", "type": "campus"}, {"id": "bc08f057-92c0-4e07-b7f8-91488e7df748", "label": "DIRECCIÓN DE SEDE AMAZONÍA", "type": "faculty"}, {"id": "5e9c40f9-ce1e-4fc5-b907-4fe995d2a9f2", "label": "Unidad de Docencia y Formación", "type": "uab"}, {"id": 2768, "label": "Mahecha Rubio Dany", "type": "author"}, {"id": 2769, "label": "Carvajal Sanchez Nohora Ines", "type": "author"}, {"id": 2770, "label": "Palacio Castañeda German Alfonso", "type": "author"}, {"id": 2771, "label": "Wood Schofield Allan Andrew", "type": "author"}, {"id": 2772, "label": "Franco Hernandez Fernando", "type": "author"}, {"id": 2773, "label": "Chaparro Mendivelso Hooz Angela", "type": "author"}, {"id": 2774, "label": "Bolivar Urueta Edgar Eduardo", "type": "author"}, {"id": 2775, "label": "Peñuela Mora Maria Cristina", "type": "author"}, {"id": "citoplasma", "label": "citoplasma", "type": "topic"}, {"id": "tecnología de adn recombinante", "label": "tecnología de adn recombinante", "type": "topic"}, {"id": "ingeniería genética", "label": "ingeniería genética", "type": "topic"}, {"id": "estructuras vestigiales", "label": "estructuras vestigiales", "type": "topic"}, {"id": "fecundación y desarrollo embrionario temprano", "label": "fecundación y desarrollo embrionario temprano", "type": "topic"}, {"id": "trastornos reproductivos e infertilidad", "label": "trastornos reproductivos e infertilidad", "type": "topic"}, {"id": "biología celular", "label": "biología celular", "type": "topic"}, {"id": "estructura celular", "label": "estructura celular", "type": "topic"}, {"id": "membrana celular", "label": "membrana celular", "type": "topic"}, {"id": "proteínas membranares periféricas", "label": "proteínas membranares periféricas", "type": "topic"}, {"id": "transporte a través de la membrana (pasivo y activo)", "label": "transporte a través de la membrana (pasivo y activo)", "type": "topic"}, {"id": "adhesión celular", "label": "adhesión celular", "type": "topic"}, {"id": "proteínas receptoras", "label": "proteínas receptoras", "type": "topic"}, {"id": "reconocimiento celular y señalización", "label": "reconocimiento celular y señalización", "type": "topic"}, {"id": "citoesqueleto asociado a la membrana", "label": "citoesqueleto asociado a la membrana", "type": "topic"}, {"id": "organelos celulares", "label": "organelos celulares", "type": "topic"}, {"id": "peroxisomas", "label": "peroxisomas", "type": "topic"}, {"id": "centriolos (en células animales)", "label": "centriolos (en células animales)", "type": "topic"}, {"id": "ciclo celular", "label": "ciclo celular", "type": "topic"}, {"id": "regulación del ciclo celular", "label": "regulación del ciclo celular", "type": "topic"}, {"id": "transporte activo (primario y secundario)", "label": "transporte activo (primario y secundario)", "type": "topic"}, {"id": "ecología", "label": "ecología", "type": "topic"}, {"id": "ecosistemas", "label": "ecosistemas", "type": "topic"}, {"id": "pirámides ecológicas (energía, biomasa, números)", "label": "pirámides ecológicas (energía, biomasa, números)", "type": "topic"}, {"id": "nichos ecológicos y repartición de recursos", "label": "nichos ecológicos y repartición de recursos", "type": "topic"}, {"id": "resiliencia y estabilidad ecológica", "label": "resiliencia y estabilidad ecológica", "type": "topic"}, {"id": "sucesión ecológica en los ecosistemas", "label": "sucesión ecológica en los ecosistemas", "type": "topic"}, {"id": "gremios ecológicos y grupos funcionales", "label": "gremios ecológicos y grupos funcionales", "type": "topic"}, {"id": "redes ecológicas y tejidos de interacción", "label": "redes ecológicas y tejidos de interacción", "type": "topic"}, {"id": "sucesión ecológica en comunidades", "label": "sucesión ecológica en comunidades", "type": "topic"}, {"id": 2776, "label": "Jiménez Rojas Eliana María", "type": "author"}, {"id": 2777, "label": "Palacios Hernandez Pablo Alberto", "type": "author"}, {"id": 2778, "label": "Gomez Insuasti Arturo Samuel", "type": "author"}, {"id": 2779, "label": "Echeverri Restrepo Juan Alvaro", "type": "author"}, {"id": 2780, "label": "Patiño Gallego Sandra", "type": "author"}, {"id": 2781, "label": "Zarate Botia Carlos Gilberto", "type": "author"}, {"id": 2782, "label": "Franky Calvo Carlos Eduardo", "type": "author"}, {"id": 2783, "label": "Ochoa Zuluaga German Ignacio", "type": "author"}, {"id": 2784, "label": "Duque Escobar Santiago Roberto", "type": "author"}, {"id": 3208, "label": "Mongua Calderon Camilo", "type": "author"}], "links": [{"source": "af630790-433f-41f0-97eb-c0b9ca47ee92", "target": "bc08f057-92c0-4e07-b7f8-91488e7df748", "value": 1}, {"source": "bc08f057-92c0-4e07-b7f8-91488e7df748", "target": "5e9c40f9-ce1e-4fc5-b907-4fe995d2a9f2", "value": 1}, {"source": "5e9c40f9-ce1e-4fc5-b907-4fe995d2a9f2", "target": 2768, "value": 1}, {"source": "5e9c40f9-ce1e-4fc5-b907-4fe995d2a9f2", "target": 2769, "value": 1}, {"source": "5e9c40f9-ce1e-4fc5-b907-4fe995d2a9f2", "target": 2770, "value": 1}, {"source": "5e9c40f9-ce1e-4fc5-b907-4fe995d2a9f2", "target": 2771, "value": 1}, {"source": "5e9c40f9-ce1e-4fc5-b907-4fe995d2a9f2", "target": 2772, "value": 1}, {"source": "5e9c40f9-ce1e-4fc5-b907-4fe995d2a9f2", "target": 2773, "value": 1}, {"source": "5e9c40f9-ce1e-4fc5-b907-4fe995d2a9f2", "target": 2774, "value": 1}, {"source": "5e9c40f9-ce1e-4fc5-b907-4fe995d2a9f2", "target": 2775, "value": 1}, {"source": 2775, "target": "citoplasma", "value": 9}, {"source": 2775, "target": "tecnología de adn recombinante", "value": 2}, {"source": 2775, "target": "ingeniería genética", "value": 2}, {"source": 2775, "target": "estructuras vestigiales", "value": 2}, {"source": 2775, "target": "fecundación y desarrollo embrionario temprano", "value": 2}, {"source": 2775, "target": "trastornos reproductivos e infertilidad", "value": 2}, {"source": 2775, "target": "biología celular", "value": 2}, {"source": 2775, "target": "estructura celular", "value": 2}, {"source": 2775, "target": "membrana celular", "value": 2}, {"source": 2775, "target": "proteínas membranares periféricas", "value": 2}, {"source": 2775, "target": "transporte a través de la membrana (pasivo y activo)", "value": 2}, {"source": 2775, "target": "adhesión celular", "value": 2}, {"source": 2775, "target": "proteínas receptoras", "value": 2}, {"source": 2775, "target": "reconocimiento celular y señalización", "value": 2}, {"source": 2775, "target": "citoesqueleto asociado a la membrana", "value": 2}, {"source": 2775, "target": "organelos celulares", "value": 2}, {"source": 2775, "target": "peroxisomas", "value": 2}, {"source": 2775, "target": "centriolos (en células animales)", "value": 2}, {"source": 2775, "target": "ciclo celular", "value": 2}, {"source": 2775, "target": "regulación del ciclo celular", "value": 2}, {"source": 2775, "target": "transporte activo (primario y secundario)", "value": 2}, {"source": 2775, "target": "ecología", "value": 2}, {"source": 2775, "target": "ecosistemas", "value": 2}, {"source": 2775, "target": "pirámides ecológicas (energía, biomasa, números)", "value": 2}, {"source": 2775, "target": "nichos ecológicos y repartición de recursos", "value": 2}, {"source": 2775, "target": "resiliencia y estabilidad ecológica", "value": 2}, {"source": 2775, "target": "sucesión ecológica en los ecosistemas", "value": 2}, {"source": 2775, "target": "gremios ecológicos y grupos funcionales", "value": 2}, {"source": 2775, "target": "redes ecológicas y tejidos de interacción", "value": 2}, {"source": 2775, "target": "sucesión ecológica en comunidades", "value": 2}, {"source": "5e9c40f9-ce1e-4fc5-b907-4fe995d2a9f2", "target": 2776, "value": 1}, {"source": "5e9c40f9-ce1e-4fc5-b907-4fe995d2a9f2", "target": 2777, "value": 1}, {"source": "5e9c40f9-ce1e-4fc5-b907-4fe995d2a9f2", "target": 2778, "value": 1}, {"source": "5e9c40f9-ce1e-4fc5-b907-4fe995d2a9f2", "target": 2779, "value": 1}, {"source": "5e9c40f9-ce1e-4fc5-b907-4fe995d2a9f2", "target": 2780, "value": 1}, {"source": "5e9c40f9-ce1e-4fc5-b907-4fe995d2a9f2", "target": 2781, "value": 1}, {"source": "5e9c40f9-ce1e-4fc5-b907-4fe995d2a9f2", "target": 2782, "value": 1}, {"source": "5e9c40f9-ce1e-4fc5-b907-4fe995d2a9f2", "target": 2783, "value": 1}, {"source": "5e9c40f9-ce1e-4fc5-b907-4fe995d2a9f2", "target": 2784, "value": 1}, {"source": "5e9c40f9-ce1e-4fc5-b907-4fe995d2a9f2", "target": 3208, "value": 1}], "options": [{"label": "Estado inicial", "value": "Amazonía", "group": "00. Opciones predeterminadas"}, {"label": "Amazonía", "value": "Amazonía", "group": "01. Opciones de sede"}, {"label": "DIRECCIÓN DE SEDE AMAZONÍA", "value": "DIRECCIÓN DE SEDE AMAZONÍA", "group": "02. Opciones de facultad"}, {"label": "Unidad de Docencia y Formación", "value": "Unidad de Docencia y Formación", "group": "03. Opciones de uab"}, {"label": "Bolivar Urueta Edgar Eduardo", "value": "Bolivar Urueta Edgar Eduardo", "group": "04. Opciones de autor"}, {"label": "Carvajal Sanchez Nohora Ines", "value": "Carvajal Sanchez Nohora Ines", "group": "04. Opciones de autor"}, {"label": "Chaparro Mendivelso Hooz Angela", "value": "Chaparro Mendivelso Hooz Angela", "group": "04. Opciones de autor"}, {"label": "Duque Escobar Santiago Roberto", "value": "Duque Escobar Santiago Roberto", "group": "04. Opciones de autor"}, {"label": "Echeverri Restrepo Juan Alvaro", "value": "Echeverri Restrepo Juan Alvaro", "group": "04. Opciones de autor"}, {"label": "Franco Hernandez Fernando", "value": "Franco Hernandez Fernando", "group": "04. Opciones de autor"}, {"label": "Franky Calvo Carlos Eduardo", "value": "Franky Calvo Carlos Eduardo", "group": "04. Opciones de autor"}, {"label": "Gomez Insuasti Arturo Samuel", "value": "Gomez Insuasti Arturo Samuel", "group": "04. Opciones de autor"}, {"label": "Jiménez Rojas Eliana María", "value": "Jiménez Rojas Eliana María", "group": "04. Opciones de autor"}, {"label": "Mahecha Rubio Dany", "value": "Mahecha Rubio Dany", "group": "04. Opciones de autor"}, {"label": "Mongua Calderon Camilo", "value": "Mongua Calderon Camilo", "group": "04. Opciones de autor"}, {"label": "Ochoa Zuluaga German Ignacio", "value": "Ochoa Zuluaga German Ignacio", "group": "04. Opciones de autor"}, {"label": "Palacio Castañeda German Alfonso", "value": "Palacio Castañeda German Alfonso", "group": "04. Opciones de autor"}, {"label": "Palacios Hernandez Pablo Alberto", "value": "Palacios Hernandez Pablo Alberto", "group": "04. Opciones de autor"}, {"label": "Patiño Gallego Sandra", "value": "Patiño Gallego Sandra", "group": "04. Opciones de autor"}, {"label": "Peñuela Mora Maria Cristina", "value": "Peñuela Mora Maria Cristina", "group": "04. Opciones de autor"}, {"label": "Wood Schofield Allan Andrew", "value": "Wood Schofield Allan Andrew", "group": "04. Opciones de autor"}, {"label": "Zarate Botia Carlos Gilberto", "value": "Zarate Botia Carlos Gilberto", "group": "04. Opciones de autor"}, {"label": "adhesión celular", "value": "adhesión celular", "group": "05. Opciones de temas"}, {"label": "biología celular", "value": "biología celular", "group": "05. Opciones de temas"}, {"label": "centriolos (en células animales)", "value": "centriolos (en células animales)", "group": "05. Opciones de temas"}, {"label": "ciclo celular", "value": "ciclo celular", "group": "05. Opciones de temas"}, {"label": "citoesqueleto asociado a la membrana", "value": "citoesqueleto asociado a la membrana", "group": "05. Opciones de temas"}, {"label": "citoplasma", "value": "citoplasma", "group": "05. Opciones de temas"}, {"label": "ecología", "value": "ecología", "group": "05. Opciones de temas"}, {"label": "ecosistemas", "value": "ecosistemas", "group": "05. Opciones de temas"}, {"label": "estructura celular", "value": "estructura celular", "group": "05. Opciones de temas"}, {"label": "estructuras vestigiales", "value": "estructuras vestigiales", "group": "05. Opciones de temas"}, {"label": "fecundación y desarrollo embrionario temprano", "value": "fecundación y desarrollo embrionario temprano", "group": "05. Opciones de temas"}, {"label": "gremios ecológicos y grupos funcionales", "value": "gremios ecológicos y grupos funcionales", "group": "05. Opciones de temas"}, {"label": "ingeniería genética", "value": "ingeniería genética", "group": "05. Opciones de temas"}, {"label": "membrana celular", "value": "membrana celular", "group": "05. Opciones de temas"}, {"label": "nichos ecológicos y repartición de recursos", "value": "nichos ecológicos y repartición de recursos", "group": "05. Opciones de temas"}, {"label": "organelos celulares", "value": "organelos celulares", "group": "05. Opciones de temas"}, {"label": "peroxisomas", "value": "peroxisomas", "group": "05. Opciones de temas"}, {"label": "pirámides ecológicas (energía, biomasa, números)", "value": "pirámides ecológicas (energía, biomasa, números)", "group": "05. Opciones de temas"}, {"label": "proteínas membranares periféricas", "value": "proteínas membranares periféricas", "group": "05. Opciones de temas"}, {"label": "proteínas receptoras", "value": "proteínas receptoras", "group": "05. Opciones de temas"}, {"label": "reconocimiento celular y señalización", "value": "reconocimiento celular y señalización", "group": "05. Opciones de temas"}, {"label": "redes ecológicas y tejidos de interacción", "value": "redes ecológicas y tejidos de interacción", "group": "05. Opciones de temas"}, {"label": "regulación del ciclo celular", "value": "regulación del ciclo celular", "group": "05. Opciones de temas"}, {"label": "resiliencia y estabilidad ecológica", "value": "resiliencia y estabilidad ecológica", "group": "05. Opciones de temas"}, {"label": "sucesión ecológica en comunidades", "value": "sucesión ecológica en comunidades", "group": "05. Opciones de temas"}, {"label": "sucesión ecológica en los ecosistemas", "value": "sucesión ecológica en los ecosistemas", "group": "05. Opciones de temas"}, {"label": "tecnología de adn recombinante", "value": "tecnología de adn recombinante", "group": "05. Opciones de temas"}, {"label": "transporte a través de la membrana (pasivo y activo)", "value": "transporte a través de la membrana (pasivo y activo)", "group": "05. Opciones de temas"}, {"label": "transporte activo (primario y secundario)", "value": "transporte activo (primario y secundario)", "group": "05. Opciones de temas"}, {"label": "trastornos reproductivos e infertilidad", "value": "trastornos reproductivos e infertilidad", "group": "05. Opciones de temas"}]}