{"nodes": [{"id": "f3a9424c-34a4-4cbf-9178-07e06ae72804", "label": "Departamento de Imágenes Diagnósticas", "type": "uab"}, {"id": 133, "label": "Calvo Paramo Enrique", "type": "author"}, {"id": "pacientes", "label": "pacientes", "type": "topic"}, {"id": "asociación", "label": "asociación", "type": "topic"}, {"id": "artritis", "label": "artritis", "type": "topic"}, {"id": "mano", "label": "mano", "type": "topic"}, {"id": "revisión", "label": "revisión", "type": "topic"}, {"id": "articulaciones", "label": "articulaciones", "type": "topic"}, {"id": "diagnóstico", "label": "diagnóstico", "type": "topic"}, {"id": "radiología", "label": "radiología", "type": "topic"}, {"id": "métodos", "label": "métodos", "type": "topic"}, {"id": "esclerosis", "label": "esclerosis", "type": "topic"}, {"id": "radiografía", "label": "radiografía", "type": "topic"}, {"id": "literatura", "label": "literatura", "type": "topic"}, {"id": "críticas", "label": "críticas", "type": "topic"}, {"id": "observadores", "label": "observadores", "type": "topic"}, {"id": "observación", "label": "observación", "type": "topic"}, {"id": "prevalencia", "label": "prevalencia", "type": "topic"}, {"id": "envejecimiento", "label": "envejecimiento", "type": "topic"}, {"id": "modelado", "label": "modelado", "type": "topic"}, {"id": "observabilidad", "label": "observabilidad", "type": "topic"}, {"id": "revisión sistemática", "label": "revisión sistemática", "type": "topic"}, {"id": "enfermedades", "label": "enfermedades", "type": "topic"}, {"id": "enfermedad", "label": "enfermedad", "type": "topic"}, {"id": "carácter", "label": "carácter", "type": "topic"}, {"id": "colombia", "label": "colombia", "type": "topic"}, {"id": "tejidos", "label": "tejidos", "type": "topic"}, {"id": "vertebrados", "label": "vertebrados", "type": "topic"}, {"id": "sincronización", "label": "sincronización", "type": "topic"}, {"id": "publicación", "label": "publicación", "type": "topic"}, {"id": "sistemática", "label": "sistemática", "type": "topic"}, {"id": "respeto", "label": "respeto", "type": "topic"}, {"id": 142, "label": "Camargo Pedraza Carlos Benjamin", "type": "author"}, {"id": "pared abdominal", "label": "pared abdominal", "type": "topic"}, {"id": "hernia", "label": "hernia", "type": "topic"}, {"id": 158, "label": "Carrillo Bayona Jorge Alberto", "type": "author"}, {"id": "imagen", "label": "imagen", "type": "topic"}, {"id": "pulmón", "label": "pulmón", "type": "topic"}, {"id": "infecciones", "label": "infecciones", "type": "topic"}, {"id": "tomografía", "label": "tomografía", "type": "topic"}, {"id": "neumonía", "label": "neumonía", "type": "topic"}, {"id": "complicidad", "label": "complicidad", "type": "topic"}, {"id": "patología", "label": "patología", "type": "topic"}, {"id": "ordenadores", "label": "ordenadores", "type": "topic"}, {"id": "organismos", "label": "organismos", "type": "topic"}, {"id": "organizaciones", "label": "organizaciones", "type": "topic"}, {"id": "tomografía computarizada", "label": "tomografía computarizada", "type": "topic"}, {"id": "tumores", "label": "tumores", "type": "topic"}, {"id": "administración", "label": "administración", "type": "topic"}, {"id": "síndrome de down", "label": "síndrome de down", "type": "topic"}, {"id": "historia", "label": "historia", "type": "topic"}, {"id": "hospitalización", "label": "hospitalización", "type": "topic"}, {"id": "correlacionadores", "label": "correlacionadores", "type": "topic"}, {"id": "correlación", "label": "correlación", "type": "topic"}, {"id": "vaso", "label": "vaso", "type": "topic"}, {"id": "toma de tierra", "label": "toma de tierra", "type": "topic"}, {"id": 310, "label": "García Arteaga Juan David", "type": "author"}, {"id": "pruebas", "label": "pruebas", "type": "topic"}, {"id": "automatismo", "label": "automatismo", "type": "topic"}, {"id": "medición", "label": "medición", "type": "topic"}, {"id": "registro de imagen", "label": "registro de imagen", "type": "topic"}, {"id": "calculadoras", "label": "calculadoras", "type": "topic"}, {"id": "encéfalo", "label": "encéfalo", "type": "topic"}, {"id": "muerte", "label": "muerte", "type": "topic"}, {"id": "carcinoma", "label": "carcinoma", "type": "topic"}, {"id": "clasificación", "label": "clasificación", "type": "topic"}, {"id": "aprendizaje", "label": "aprendizaje", "type": "topic"}, {"id": "exactitud", "label": "exactitud", "type": "topic"}, {"id": "colposcopía", "label": "colposcopía", "type": "topic"}, {"id": "algoritmos", "label": "algoritmos", "type": "topic"}, {"id": "color", "label": "color", "type": "topic"}, {"id": "enfermedad de alzheimer", "label": "enfermedad de alzheimer", "type": "topic"}, {"id": "salud", "label": "salud", "type": "topic"}, {"id": "trabajo", "label": "trabajo", "type": "topic"}, {"id": "células", "label": "células", "type": "topic"}, {"id": "células 3t3", "label": "células 3t3", "type": "topic"}, {"id": "células a549", "label": "células a549", "type": "topic"}, {"id": "piel", "label": "piel", "type": "topic"}, {"id": "extracción de características", "label": "extracción de características", "type": "topic"}, {"id": 358, "label": "González Tinoco Rossana", "type": "author"}, {"id": 445, "label": "López Cadena Andrés Fernando", "type": "author"}, {"id": "papel", "label": "papel", "type": "topic"}, {"id": "optimismo", "label": "optimismo", "type": "topic"}, {"id": "ingeniería", "label": "ingeniería", "type": "topic"}, {"id": "exposición", "label": "exposición", "type": "topic"}, {"id": "azufre", "label": "azufre", "type": "topic"}, {"id": "afecto", "label": "afecto", "type": "topic"}, {"id": "óxidos", "label": "óxidos", "type": "topic"}, {"id": "material particulado", "label": "material particulado", "type": "topic"}, {"id": "oxidantes", "label": "oxidantes", "type": "topic"}, {"id": "soluciones", "label": "soluciones", "type": "topic"}, {"id": "absorción", "label": "absorción", "type": "topic"}, {"id": "electrones", "label": "electrones", "type": "topic"}, {"id": "lepidópteros", "label": "lepidópteros", "type": "topic"}, {"id": "nucleótidos", "label": "nucleótidos", "type": "topic"}, {"id": "adn", "label": "adn", "type": "topic"}, {"id": "genes", "label": "genes", "type": "topic"}, {"id": "rayos x", "label": "rayos x", "type": "topic"}, {"id": "butanoles", "label": "butanoles", "type": "topic"}, {"id": "1-butanol", "label": "1-butanol", "type": "topic"}, {"id": "fumigación", "label": "fumigación", "type": "topic"}, {"id": "etanol", "label": "etanol", "type": "topic"}, {"id": 455, "label": "Lozada Isaza Alfonso", "type": "author"}, {"id": 456, "label": "Lozano Castillo Alfonso Javier", "type": "author"}, {"id": "magnetismo", "label": "magnetismo", "type": "topic"}, {"id": "imanes", "label": "imanes", "type": "topic"}, {"id": "diagnóstico por imagen", "label": "diagnóstico por imagen", "type": "topic"}, {"id": "adulto", "label": "adulto", "type": "topic"}, {"id": "neoplasias", "label": "neoplasias", "type": "topic"}, {"id": "biología", "label": "biología", "type": "topic"}, {"id": "histopatología", "label": "histopatología", "type": "topic"}, {"id": "sistema nervioso", "label": "sistema nervioso", "type": "topic"}, {"id": "sistema nervioso central", "label": "sistema nervioso central", "type": "topic"}, {"id": "histología", "label": "histología", "type": "topic"}, {"id": "imagen por resonancia magnética", "label": "imagen por resonancia magnética", "type": "topic"}, {"id": "inmunohistoquímica", "label": "inmunohistoquímica", "type": "topic"}, {"id": "recurrencia", "label": "recurrencia", "type": "topic"}, {"id": "terapéutica", "label": "terapéutica", "type": "topic"}, {"id": "medicina", "label": "medicina", "type": "topic"}, {"id": "músculos", "label": "músculos", "type": "topic"}, {"id": 502, "label": "Mejía Piñeres Fernando", "type": "author"}, {"id": "radiografía de tórax optimization", "label": "radiografía de tórax optimization", "type": "topic"}, {"id": "radiografía de tórax", "label": "radiografía de tórax", "type": "topic"}, {"id": "tórax", "label": "tórax", "type": "topic"}, {"id": "incidencia", "label": "incidencia", "type": "topic"}, {"id": "mortalidad", "label": "mortalidad", "type": "topic"}, {"id": "riesgo", "label": "riesgo", "type": "topic"}, {"id": "proyección", "label": "proyección", "type": "topic"}, {"id": "tiempo", "label": "tiempo", "type": "topic"}, {"id": "aire", "label": "aire", "type": "topic"}, {"id": "medicalización", "label": "medicalización", "type": "topic"}, {"id": "computadores", "label": "computadores", "type": "topic"}, {"id": "índice", "label": "índice", "type": "topic"}, {"id": 537, "label": "Montoya Cárdenas Ruben Danilo", "type": "author"}, {"id": "pediatría", "label": "pediatría", "type": "topic"}, {"id": "sensibilidad y especificidad", "label": "sensibilidad y especificidad", "type": "topic"}, {"id": "células gigantes", "label": "células gigantes", "type": "topic"}, {"id": "población", "label": "población", "type": "topic"}, {"id": "índice de gravedad de la enfermedad", "label": "índice de gravedad de la enfermedad", "type": "topic"}, {"id": "niños", "label": "niños", "type": "topic"}, {"id": "pancreatitis", "label": "pancreatitis", "type": "topic"}, {"id": "índice de severidad de la enfermedad", "label": "índice de severidad de la enfermedad", "type": "topic"}, {"id": "unidades de cuidados intensivos", "label": "unidades de cuidados intensivos", "type": "topic"}, {"id": "sinusitis", "label": "sinusitis", "type": "topic"}, {"id": "concienciación", "label": "concienciación", "type": "topic"}, {"id": "condroblastoma", "label": "condroblastoma", "type": "topic"}, {"id": 548, "label": "Moreno Gómez Luz Ángela", "type": "author"}, {"id": "anciano", "label": "anciano", "type": "topic"}, {"id": "anciano de 80 o más años", "label": "anciano de 80 o más años", "type": "topic"}, {"id": "ultrasonografía", "label": "ultrasonografía", "type": "topic"}, {"id": "formiatos", "label": "formiatos", "type": "topic"}, {"id": "sexo", "label": "sexo", "type": "topic"}, {"id": "radiólogos", "label": "radiólogos", "type": "topic"}, {"id": "educación basada en competencias", "label": "educación basada en competencias", "type": "topic"}, {"id": "receptores", "label": "receptores", "type": "topic"}, {"id": "conductividad", "label": "conductividad", "type": "topic"}, {"id": "riñón", "label": "riñón", "type": "topic"}, {"id": 567, "label": "Neira Escobar Fabian Enrique", "type": "author"}, {"id": "hemorragia", "label": "hemorragia", "type": "topic"}, {"id": "memoria", "label": "memoria", "type": "topic"}, {"id": "protocolos", "label": "protocolos", "type": "topic"}, {"id": "estandarización", "label": "estandarización", "type": "topic"}, {"id": "normas", "label": "normas", "type": "topic"}, {"id": "aneurisma", "label": "aneurisma", "type": "topic"}, {"id": "la seguridad", "label": "la seguridad", "type": "topic"}, {"id": "colaboración", "label": "colaboración", "type": "topic"}, {"id": "derechos de autor", "label": "derechos de autor", "type": "topic"}, {"id": "edición", "label": "edición", "type": "topic"}, {"id": "seguridad", "label": "seguridad", "type": "topic"}, {"id": "informes de casos", "label": "informes de casos", "type": "topic"}, {"id": "tracto gastrointestinal", "label": "tracto gastrointestinal", "type": "topic"}, {"id": "embolia", "label": "embolia", "type": "topic"}, {"id": "hospitales", "label": "hospitales", "type": "topic"}, {"id": "nariz", "label": "nariz", "type": "topic"}, {"id": "abdomen", "label": "abdomen", "type": "topic"}, {"id": "hemorragias intracraneales", "label": "hemorragias intracraneales", "type": "topic"}, {"id": "histiocitosis", "label": "histiocitosis", "type": "topic"}, {"id": 661, "label": "Poveda Suárez Cesar Augusto", "type": "author"}, {"id": "mama", "label": "mama", "type": "topic"}, {"id": "programa", "label": "programa", "type": "topic"}, {"id": "mamografía", "label": "mamografía", "type": "topic"}, {"id": "programación", "label": "programación", "type": "topic"}, {"id": "mujeres", "label": "mujeres", "type": "topic"}, {"id": "controlabilidad", "label": "controlabilidad", "type": "topic"}, {"id": "hospitals", "label": "hospitals", "type": "topic"}, {"id": "pautas", "label": "pautas", "type": "topic"}, {"id": "guía", "label": "guía", "type": "topic"}, {"id": "rol", "label": "rol", "type": "topic"}, {"id": "cáncer de mama", "label": "cáncer de mama", "type": "topic"}, {"id": "formación", "label": "formación", "type": "topic"}, {"id": "sensibilidad", "label": "sensibilidad", "type": "topic"}, {"id": "rehabilitación", "label": "rehabilitación", "type": "topic"}, {"id": "países en desarrollo", "label": "países en desarrollo", "type": "topic"}, {"id": "países desarrollados", "label": "países desarrollados", "type": "topic"}, {"id": "pilotos", "label": "pilotos", "type": "topic"}, {"id": "neoplasias mamarias detección temprana detección masiva", "label": "neoplasias mamarias detección temprana detección masiva", "type": "topic"}, {"id": "neoplasias de mama detección temprana de detección de masas", "label": "neoplasias de mama detección temprana de detección de masas", "type": "topic"}, {"id": 702, "label": "Riaño Montañez Yeyson Fabian", "type": "author"}, {"id": "peces", "label": "peces", "type": "topic"}, {"id": "absceso", "label": "absceso", "type": "topic"}, {"id": "hígado", "label": "hígado", "type": "topic"}, {"id": "absceso hepático", "label": "absceso hepático", "type": "topic"}, {"id": "generadores", "label": "generadores", "type": "topic"}, {"id": "documentación", "label": "documentación", "type": "topic"}, {"id": "radiografía abdominal", "label": "radiografía abdominal", "type": "topic"}, {"id": "ecografía", "label": "ecografía", "type": "topic"}, {"id": "tomografía computarizada multidetector", "label": "tomografía computarizada multidetector", "type": "topic"}, {"id": "migración de cuerpo extraño", "label": "migración de cuerpo extraño", "type": "topic"}, {"id": "absceso hepático piógeno", "label": "absceso hepático piógeno", "type": "topic"}, {"id": "absceso hepático piogénico", "label": "absceso hepático piogénico", "type": "topic"}, {"id": "gestión de requerimientos", "label": "gestión de requerimientos", "type": "topic"}, {"id": "colección", "label": "colección", "type": "topic"}, {"id": "servicios de emergencia", "label": "servicios de emergencia", "type": "topic"}, {"id": "ciudades", "label": "ciudades", "type": "topic"}, {"id": "urgencias médicas", "label": "urgencias médicas", "type": "topic"}, {"id": "ictericia", "label": "ictericia", "type": "topic"}, {"id": "fiebre", "label": "fiebre", "type": "topic"}, {"id": "dolor", "label": "dolor", "type": "topic"}, {"id": "dolor abdominal", "label": "dolor abdominal", "type": "topic"}, {"id": "cuerpos extraños", "label": "cuerpos extraños", "type": "topic"}, {"id": "drenaje", "label": "drenaje", "type": "topic"}, {"id": 758, "label": "Romero Castro Edgar Eduardo", "type": "author"}, {"id": "visualización", "label": "visualización", "type": "topic"}, {"id": "estimacion", "label": "estimacion", "type": "topic"}, {"id": "microscopía", "label": "microscopía", "type": "topic"}, {"id": "magnetización", "label": "magnetización", "type": "topic"}, {"id": "forma", "label": "forma", "type": "topic"}, {"id": "imagen de resonancia magnética", "label": "imagen de resonancia magnética", "type": "topic"}, {"id": 864, "label": "Ulloa Guerrero Luis Heber", "type": "author"}, {"id": "educación", "label": "educación", "type": "topic"}, {"id": "docentes", "label": "docentes", "type": "topic"}, {"id": "universidades", "label": "universidades", "type": "topic"}, {"id": "ciencia", "label": "ciencia", "type": "topic"}, {"id": "estudiantes", "label": "estudiantes", "type": "topic"}, {"id": "enseñanza", "label": "enseñanza", "type": "topic"}, {"id": "sistemas en línea", "label": "sistemas en línea", "type": "topic"}, {"id": "aprendizaje basado en problemas", "label": "aprendizaje basado en problemas", "type": "topic"}, {"id": "grupos control", "label": "grupos control", "type": "topic"}, {"id": "conocimiento", "label": "conocimiento", "type": "topic"}, {"id": "laboratorios", "label": "laboratorios", "type": "topic"}, {"id": "atención", "label": "atención", "type": "topic"}, {"id": "curriculum", "label": "curriculum", "type": "topic"}, {"id": "periodicidad", "label": "periodicidad", "type": "topic"}, {"id": 3047, "label": "Morales Munoz German", "type": "author"}, {"id": 3063, "label": "Novoa Cordero Luis Fernando", "type": "author"}, {"id": 3137, "label": "Rueda Leon Natalia", "type": "author"}, {"id": 3201, "label": "Riascos Caipe Cesar Ricardo", "type": "author"}, {"id": 3239, "label": "Duran Guerrero Johan Alberto", "type": "author"}, {"id": 3280, "label": "Varon Acosta Humberto", "type": "author"}, {"id": 3377, "label": "Pinzon Jimenez Oscar Enrique", "type": "author"}, {"id": 3380, "label": "Araque Gonzalez Julio Mario", "type": "author"}, {"id": 3412, "label": "Rodriguez Cardona Camila", "type": "author"}, {"id": 3417, "label": "Owen Saenz Katherine", "type": "author"}, {"id": 3448, "label": "Aponte Barrios Wilmer Orlando", "type": "author"}, {"id": 3457, "label": "Vega Molina Alejandro", "type": "author"}], "links": [{"source": "f3a9424c-34a4-4cbf-9178-07e06ae72804", "target": 133, "value": 1}, {"source": 133, "target": "pacientes", "value": 42}, {"source": 133, "target": "asociación", "value": 31}, {"source": 133, "target": "artritis", "value": 27}, {"source": 133, "target": "mano", "value": 19}, {"source": 133, "target": "revisión", "value": 18}, {"source": 133, "target": "articulaciones", "value": 16}, {"source": 133, "target": "diagnóstico", "value": 14}, {"source": 133, "target": "radiología", "value": 13}, {"source": 133, "target": "métodos", "value": 13}, {"source": 133, "target": "esclerosis", "value": 13}, {"source": 133, "target": "radiografía", "value": 12}, {"source": 133, "target": "literatura", "value": 11}, {"source": 133, "target": "críticas", "value": 11}, {"source": 133, "target": "observadores", "value": 11}, {"source": 133, "target": "observación", "value": 11}, {"source": 133, "target": "prevalencia", "value": 11}, {"source": 133, "target": "envejecimiento", "value": 11}, {"source": 133, "target": "modelado", "value": 10}, {"source": 133, "target": "observabilidad", "value": 10}, {"source": 133, "target": "revisión sistemática", "value": 10}, {"source": 133, "target": "enfermedades", "value": 9}, {"source": 133, "target": "enfermedad", "value": 8}, {"source": 133, "target": "carácter", "value": 7}, {"source": 133, "target": "colombia", "value": 7}, {"source": 133, "target": "tejidos", "value": 7}, {"source": 133, "target": "vertebrados", "value": 6}, {"source": 133, "target": "sincronización", "value": 6}, {"source": 133, "target": "publicación", "value": 6}, {"source": 133, "target": "sistemática", "value": 6}, {"source": 133, "target": "respeto", "value": 6}, {"source": "f3a9424c-34a4-4cbf-9178-07e06ae72804", "target": 142, "value": 1}, {"source": 142, "target": "pared abdominal", "value": 1}, {"source": 142, "target": "hernia", "value": 1}, {"source": "f3a9424c-34a4-4cbf-9178-07e06ae72804", "target": 158, "value": 1}, {"source": 158, "target": "imagen", "value": 27}, {"source": 158, "target": "pacientes", "value": 24}, {"source": 158, "target": "pulmón", "value": 24}, {"source": 158, "target": "infecciones", "value": 20}, {"source": 158, "target": "diagnóstico", "value": 20}, {"source": 158, "target": "críticas", "value": 15}, {"source": 158, "target": "tomografía", "value": 12}, {"source": 158, "target": "radiología", "value": 12}, {"source": 158, "target": "neumonía", "value": 11}, {"source": 158, "target": "asociación", "value": 11}, {"source": 158, "target": "complicidad", "value": 11}, {"source": 158, "target": "patología", "value": 11}, {"source": 158, "target": "ordenadores", "value": 9}, {"source": 158, "target": "enfermedades", "value": 9}, {"source": 158, "target": "tejidos", "value": 9}, {"source": 158, "target": "enfermedad", "value": 9}, {"source": 158, "target": "revisión", "value": 9}, {"source": 158, "target": "organismos", "value": 8}, {"source": 158, "target": "organizaciones", "value": 8}, {"source": 158, "target": "tomografía computarizada", "value": 8}, {"source": 158, "target": "tumores", "value": 7}, {"source": 158, "target": "administración", "value": 6}, {"source": 158, "target": "síndrome de down", "value": 6}, {"source": 158, "target": "historia", "value": 6}, {"source": 158, "target": "hospitalización", "value": 6}, {"source": 158, "target": "correlacionadores", "value": 6}, {"source": 158, "target": "correlación", "value": 6}, {"source": 158, "target": "vaso", "value": 6}, {"source": 158, "target": "toma de tierra", "value": 6}, {"source": 158, "target": "colombia", "value": 5}, {"source": "f3a9424c-34a4-4cbf-9178-07e06ae72804", "target": 310, "value": 1}, {"source": 310, "target": "imagen", "value": 17}, {"source": 310, "target": "métodos", "value": 13}, {"source": 310, "target": "pruebas", "value": 9}, {"source": 310, "target": "tejidos", "value": 6}, {"source": 310, "target": "automatismo", "value": 6}, {"source": 310, "target": "medición", "value": 6}, {"source": 310, "target": "registro de imagen", "value": 5}, {"source": 310, "target": "calculadoras", "value": 5}, {"source": 310, "target": "encéfalo", "value": 5}, {"source": 310, "target": "enfermedades", "value": 5}, {"source": 310, "target": "enfermedad", "value": 5}, {"source": 310, "target": "modelado", "value": 5}, {"source": 310, "target": "muerte", "value": 4}, {"source": 310, "target": "carcinoma", "value": 4}, {"source": 310, "target": "clasificación", "value": 4}, {"source": 310, "target": "patología", "value": 4}, {"source": 310, "target": "aprendizaje", "value": 4}, {"source": 310, "target": "exactitud", "value": 4}, {"source": 310, "target": "colposcopía", "value": 4}, {"source": 310, "target": "algoritmos", "value": 4}, {"source": 310, "target": "color", "value": 4}, {"source": 310, "target": "enfermedad de alzheimer", "value": 4}, {"source": 310, "target": "salud", "value": 4}, {"source": 310, "target": "trabajo", "value": 3}, {"source": 310, "target": "células", "value": 3}, {"source": 310, "target": "células 3t3", "value": 3}, {"source": 310, "target": "células a549", "value": 3}, {"source": 310, "target": "piel", "value": 3}, {"source": 310, "target": "organismos", "value": 3}, {"source": 310, "target": "extracción de características", "value": 3}, {"source": "f3a9424c-34a4-4cbf-9178-07e06ae72804", "target": 358, "value": 1}, {"source": "f3a9424c-34a4-4cbf-9178-07e06ae72804", "target": 445, "value": 1}, {"source": 445, "target": "papel", "value": 6}, {"source": 445, "target": "optimismo", "value": 5}, {"source": 445, "target": "ingeniería", "value": 4}, {"source": 445, "target": "exposición", "value": 4}, {"source": 445, "target": "azufre", "value": 4}, {"source": 445, "target": "organismos", "value": 4}, {"source": 445, "target": "literatura", "value": 3}, {"source": 445, "target": "afecto", "value": 3}, {"source": 445, "target": "óxidos", "value": 3}, {"source": 445, "target": "material particulado", "value": 3}, {"source": 445, "target": "oxidantes", "value": 3}, {"source": 445, "target": "soluciones", "value": 3}, {"source": 445, "target": "métodos", "value": 3}, {"source": 445, "target": "algoritmos", "value": 3}, {"source": 445, "target": "absorción", "value": 3}, {"source": 445, "target": "electrones", "value": 3}, {"source": 445, "target": "carácter", "value": 3}, {"source": 445, "target": "lepidópteros", "value": 3}, {"source": 445, "target": "nucleótidos", "value": 3}, {"source": 445, "target": "adn", "value": 3}, {"source": 445, "target": "genes", "value": 3}, {"source": 445, "target": "revisión", "value": 2}, {"source": 445, "target": "rayos x", "value": 2}, {"source": 445, "target": "sincronización", "value": 2}, {"source": 445, "target": "asociación", "value": 2}, {"source": 445, "target": "pacientes", "value": 2}, {"source": 445, "target": "butanoles", "value": 2}, {"source": 445, "target": "1-butanol", "value": 2}, {"source": 445, "target": "fumigación", "value": 2}, {"source": 445, "target": "etanol", "value": 2}, {"source": "f3a9424c-34a4-4cbf-9178-07e06ae72804", "target": 455, "value": 1}, {"source": "f3a9424c-34a4-4cbf-9178-07e06ae72804", "target": 456, "value": 1}, {"source": 456, "target": "diagnóstico", "value": 14}, {"source": 456, "target": "pacientes", "value": 12}, {"source": 456, "target": "radiología", "value": 11}, {"source": 456, "target": "revisión", "value": 9}, {"source": 456, "target": "magnetismo", "value": 9}, {"source": 456, "target": "imanes", "value": 9}, {"source": 456, "target": "imagen", "value": 7}, {"source": 456, "target": "diagnóstico por imagen", "value": 7}, {"source": 456, "target": "adulto", "value": 6}, {"source": 456, "target": "neoplasias", "value": 6}, {"source": 456, "target": "literatura", "value": 6}, {"source": 456, "target": "críticas", "value": 5}, {"source": 456, "target": "encéfalo", "value": 5}, {"source": 456, "target": "biología", "value": 5}, {"source": 456, "target": "histopatología", "value": 5}, {"source": 456, "target": "sistema nervioso", "value": 5}, {"source": 456, "target": "sistema nervioso central", "value": 5}, {"source": 456, "target": "células", "value": 5}, {"source": 456, "target": "células 3t3", "value": 5}, {"source": 456, "target": "células a549", "value": 5}, {"source": 456, "target": "histología", "value": 5}, {"source": 456, "target": "imagen por resonancia magnética", "value": 5}, {"source": 456, "target": "inmunohistoquímica", "value": 4}, {"source": 456, "target": "tumores", "value": 4}, {"source": 456, "target": "recurrencia", "value": 4}, {"source": 456, "target": "patología", "value": 4}, {"source": 456, "target": "terapéutica", "value": 4}, {"source": 456, "target": "medicina", "value": 4}, {"source": 456, "target": "músculos", "value": 3}, {"source": 456, "target": "correlacionadores", "value": 3}, {"source": "f3a9424c-34a4-4cbf-9178-07e06ae72804", "target": 502, "value": 1}, {"source": 502, "target": "radiografía de tórax optimization", "value": 1}, {"source": 502, "target": "radiografía de tórax", "value": 1}, {"source": 502, "target": "tórax", "value": 1}, {"source": 502, "target": "organismos", "value": 1}, {"source": 502, "target": "radiografía", "value": 1}, {"source": 502, "target": "incidencia", "value": 1}, {"source": 502, "target": "mortalidad", "value": 1}, {"source": 502, "target": "riesgo", "value": 1}, {"source": 502, "target": "optimismo", "value": 1}, {"source": 502, "target": "respeto", "value": 1}, {"source": 502, "target": "proyección", "value": 1}, {"source": 502, "target": "tiempo", "value": 1}, {"source": 502, "target": "aire", "value": 1}, {"source": 502, "target": "radiología", "value": 1}, {"source": 502, "target": "medicalización", "value": 1}, {"source": 502, "target": "computadores", "value": 1}, {"source": 502, "target": "pacientes", "value": 1}, {"source": 502, "target": "organizaciones", "value": 1}, {"source": 502, "target": "índice", "value": 1}, {"source": "f3a9424c-34a4-4cbf-9178-07e06ae72804", "target": 537, "value": 1}, {"source": 537, "target": "pediatría", "value": 14}, {"source": 537, "target": "pacientes", "value": 9}, {"source": 537, "target": "radiología", "value": 6}, {"source": 537, "target": "células", "value": 4}, {"source": 537, "target": "células 3t3", "value": 4}, {"source": 537, "target": "células a549", "value": 4}, {"source": 537, "target": "tomografía", "value": 4}, {"source": 537, "target": "índice", "value": 3}, {"source": 537, "target": "sensibilidad y especificidad", "value": 3}, {"source": 537, "target": "envejecimiento", "value": 3}, {"source": 537, "target": "literatura", "value": 3}, {"source": 537, "target": "células gigantes", "value": 3}, {"source": 537, "target": "computadores", "value": 3}, {"source": 537, "target": "población", "value": 3}, {"source": 537, "target": "diagnóstico", "value": 3}, {"source": 537, "target": "rayos x", "value": 3}, {"source": 537, "target": "asociación", "value": 2}, {"source": 537, "target": "índice de gravedad de la enfermedad", "value": 2}, {"source": 537, "target": "niños", "value": 2}, {"source": 537, "target": "pancreatitis", "value": 2}, {"source": 537, "target": "tomografía computarizada", "value": 2}, {"source": 537, "target": "índice de severidad de la enfermedad", "value": 2}, {"source": 537, "target": "unidades de cuidados intensivos", "value": 2}, {"source": 537, "target": "sinusitis", "value": 2}, {"source": 537, "target": "concienciación", "value": 2}, {"source": 537, "target": "medicalización", "value": 2}, {"source": 537, "target": "complicidad", "value": 2}, {"source": 537, "target": "colombia", "value": 2}, {"source": 537, "target": "condroblastoma", "value": 2}, {"source": 537, "target": "enfermedades", "value": 2}, {"source": "f3a9424c-34a4-4cbf-9178-07e06ae72804", "target": 548, "value": 1}, {"source": 548, "target": "pacientes", "value": 13}, {"source": 548, "target": "pediatría", "value": 13}, {"source": 548, "target": "envejecimiento", "value": 12}, {"source": 548, "target": "radiología", "value": 12}, {"source": 548, "target": "anciano", "value": 10}, {"source": 548, "target": "anciano de 80 o más años", "value": 10}, {"source": 548, "target": "diagnóstico", "value": 10}, {"source": 548, "target": "métodos", "value": 9}, {"source": 548, "target": "colombia", "value": 7}, {"source": 548, "target": "ultrasonografía", "value": 7}, {"source": 548, "target": "población", "value": 6}, {"source": 548, "target": "asociación", "value": 5}, {"source": 548, "target": "literatura", "value": 5}, {"source": 548, "target": "tomografía", "value": 5}, {"source": 548, "target": "diagnóstico por imagen", "value": 5}, {"source": 548, "target": "niños", "value": 4}, {"source": 548, "target": "patología", "value": 4}, {"source": 548, "target": "formiatos", "value": 4}, {"source": 548, "target": "sexo", "value": 4}, {"source": 548, "target": "observación", "value": 4}, {"source": 548, "target": "revisión", "value": 4}, {"source": 548, "target": "radiólogos", "value": 4}, {"source": 548, "target": "educación basada en competencias", "value": 3}, {"source": 548, "target": "índice", "value": 3}, {"source": 548, "target": "hospitalización", "value": 3}, {"source": 548, "target": "receptores", "value": 3}, {"source": 548, "target": "conductividad", "value": 3}, {"source": 548, "target": "riñón", "value": 3}, {"source": 548, "target": "sincronización", "value": 3}, {"source": 548, "target": "medicalización", "value": 3}, {"source": "f3a9424c-34a4-4cbf-9178-07e06ae72804", "target": 567, "value": 1}, {"source": 567, "target": "radiología", "value": 4}, {"source": 567, "target": "hemorragia", "value": 2}, {"source": 567, "target": "memoria", "value": 2}, {"source": 567, "target": "pediatría", "value": 2}, {"source": 567, "target": "protocolos", "value": 1}, {"source": 567, "target": "publicación", "value": 1}, {"source": 567, "target": "estandarización", "value": 1}, {"source": 567, "target": "normas", "value": 1}, {"source": 567, "target": "aneurisma", "value": 1}, {"source": 567, "target": "administración", "value": 1}, {"source": 567, "target": "la seguridad", "value": 1}, {"source": 567, "target": "colaboración", "value": 1}, {"source": 567, "target": "críticas", "value": 1}, {"source": 567, "target": "derechos de autor", "value": 1}, {"source": 567, "target": "edición", "value": 1}, {"source": 567, "target": "pacientes", "value": 1}, {"source": 567, "target": "seguridad", "value": 1}, {"source": 567, "target": "revisión", "value": 1}, {"source": 567, "target": "vertebrados", "value": 1}, {"source": 567, "target": "informes de casos", "value": 1}, {"source": 567, "target": "tracto gastrointestinal", "value": 1}, {"source": 567, "target": "embolia", "value": 1}, {"source": 567, "target": "hospitalización", "value": 1}, {"source": 567, "target": "hospitales", "value": 1}, {"source": 567, "target": "nariz", "value": 1}, {"source": 567, "target": "abdomen", "value": 1}, {"source": 567, "target": "encéfalo", "value": 1}, {"source": 567, "target": "hemorragias intracraneales", "value": 1}, {"source": 567, "target": "histiocitosis", "value": 1}, {"source": 567, "target": "diagnóstico", "value": 1}, {"source": "f3a9424c-34a4-4cbf-9178-07e06ae72804", "target": 661, "value": 1}, {"source": 661, "target": "mama", "value": 11}, {"source": 661, "target": "colombia", "value": 7}, {"source": 661, "target": "programa", "value": 6}, {"source": 661, "target": "mamografía", "value": 6}, {"source": 661, "target": "programación", "value": 3}, {"source": 661, "target": "mujeres", "value": 3}, {"source": 661, "target": "controlabilidad", "value": 3}, {"source": 661, "target": "salud", "value": 3}, {"source": 661, "target": "hospitals", "value": 2}, {"source": 661, "target": "pautas", "value": 2}, {"source": 661, "target": "guía", "value": 2}, {"source": 661, "target": "imagen", "value": 2}, {"source": 661, "target": "diagnóstico por imagen", "value": 2}, {"source": 661, "target": "rol", "value": 2}, {"source": 661, "target": "cáncer de mama", "value": 2}, {"source": 661, "target": "formación", "value": 2}, {"source": 661, "target": "sensibilidad y especificidad", "value": 2}, {"source": 661, "target": "sensibilidad", "value": 2}, {"source": 661, "target": "métodos", "value": 2}, {"source": 661, "target": "informes de casos", "value": 2}, {"source": 661, "target": "rehabilitación", "value": 2}, {"source": 661, "target": "países en desarrollo", "value": 1}, {"source": 661, "target": "países desarrollados", "value": 1}, {"source": 661, "target": "pilotos", "value": 1}, {"source": 661, "target": "neoplasias mamarias detección temprana detección masiva", "value": 1}, {"source": 661, "target": "neoplasias de mama detección temprana de detección de masas", "value": 1}, {"source": 661, "target": "organismos", "value": 1}, {"source": 661, "target": "hospitalización", "value": 1}, {"source": 661, "target": "hospitales", "value": 1}, {"source": 661, "target": "organizaciones", "value": 1}, {"source": "f3a9424c-34a4-4cbf-9178-07e06ae72804", "target": 702, "value": 1}, {"source": 702, "target": "peces", "value": 3}, {"source": 702, "target": "absceso", "value": 3}, {"source": 702, "target": "informes de casos", "value": 3}, {"source": 702, "target": "hígado", "value": 2}, {"source": 702, "target": "absceso hepático", "value": 2}, {"source": 702, "target": "ultrasonografía", "value": 2}, {"source": 702, "target": "hospitals", "value": 2}, {"source": 702, "target": "imagen", "value": 2}, {"source": 702, "target": "generadores", "value": 2}, {"source": 702, "target": "documentación", "value": 2}, {"source": 702, "target": "historia", "value": 2}, {"source": 702, "target": "radiografía abdominal", "value": 1}, {"source": 702, "target": "ecografía", "value": 1}, {"source": 702, "target": "tomografía computarizada multidetector", "value": 1}, {"source": 702, "target": "migración de cuerpo extraño", "value": 1}, {"source": 702, "target": "absceso hepático piógeno", "value": 1}, {"source": 702, "target": "absceso hepático piogénico", "value": 1}, {"source": 702, "target": "gestión de requerimientos", "value": 1}, {"source": 702, "target": "colección", "value": 1}, {"source": 702, "target": "administración", "value": 1}, {"source": 702, "target": "servicios de emergencia", "value": 1}, {"source": 702, "target": "ciudades", "value": 1}, {"source": 702, "target": "urgencias médicas", "value": 1}, {"source": 702, "target": "ictericia", "value": 1}, {"source": 702, "target": "fiebre", "value": 1}, {"source": 702, "target": "dolor", "value": 1}, {"source": 702, "target": "dolor abdominal", "value": 1}, {"source": 702, "target": "cuerpos extraños", "value": 1}, {"source": 702, "target": "diagnóstico por imagen", "value": 1}, {"source": 702, "target": "drenaje", "value": 1}, {"source": "f3a9424c-34a4-4cbf-9178-07e06ae72804", "target": 758, "value": 1}, {"source": 758, "target": "imagen", "value": 128}, {"source": 758, "target": "métodos", "value": 97}, {"source": 758, "target": "automatismo", "value": 60}, {"source": 758, "target": "ordenadores", "value": 50}, {"source": 758, "target": "clasificación", "value": 49}, {"source": 758, "target": "modelado", "value": 48}, {"source": 758, "target": "medición", "value": 42}, {"source": 758, "target": "patología", "value": 41}, {"source": 758, "target": "pruebas", "value": 41}, {"source": 758, "target": "magnetismo", "value": 39}, {"source": 758, "target": "imanes", "value": 38}, {"source": 758, "target": "computadores", "value": 36}, {"source": 758, "target": "visualización", "value": 36}, {"source": 758, "target": "encéfalo", "value": 35}, {"source": 758, "target": "formación", "value": 34}, {"source": 758, "target": "diagnóstico", "value": 33}, {"source": 758, "target": "estimacion", "value": 32}, {"source": 758, "target": "células", "value": 31}, {"source": 758, "target": "células 3t3", "value": 31}, {"source": 758, "target": "células a549", "value": 31}, {"source": 758, "target": "microscopía", "value": 28}, {"source": 758, "target": "carácter", "value": 27}, {"source": 758, "target": "magnetización", "value": 26}, {"source": 758, "target": "enfermedades", "value": 26}, {"source": 758, "target": "enfermedad", "value": 26}, {"source": 758, "target": "sincronización", "value": 26}, {"source": 758, "target": "aprendizaje", "value": 26}, {"source": 758, "target": "forma", "value": 26}, {"source": 758, "target": "imagen por resonancia magnética", "value": 24}, {"source": 758, "target": "imagen de resonancia magnética", "value": 23}, {"source": "f3a9424c-34a4-4cbf-9178-07e06ae72804", "target": 864, "value": 1}, {"source": 864, "target": "radiología", "value": 7}, {"source": 864, "target": "medicalización", "value": 6}, {"source": 864, "target": "medicina", "value": 5}, {"source": 864, "target": "educación", "value": 5}, {"source": 864, "target": "hospitalización", "value": 5}, {"source": 864, "target": "computadores", "value": 5}, {"source": 864, "target": "colombia", "value": 4}, {"source": 864, "target": "docentes", "value": 4}, {"source": 864, "target": "rayos x", "value": 4}, {"source": 864, "target": "métodos", "value": 4}, {"source": 864, "target": "hospitales", "value": 4}, {"source": 864, "target": "diagnóstico por imagen", "value": 4}, {"source": 864, "target": "universidades", "value": 3}, {"source": 864, "target": "ciencia", "value": 3}, {"source": 864, "target": "aprendizaje", "value": 3}, {"source": 864, "target": "estudiantes", "value": 3}, {"source": 864, "target": "enseñanza", "value": 3}, {"source": 864, "target": "sistemas en línea", "value": 3}, {"source": 864, "target": "aprendizaje basado en problemas", "value": 3}, {"source": 864, "target": "grupos control", "value": 3}, {"source": 864, "target": "conocimiento", "value": 3}, {"source": 864, "target": "asociación", "value": 3}, {"source": 864, "target": "tomografía", "value": 3}, {"source": 864, "target": "pacientes", "value": 3}, {"source": 864, "target": "laboratorios", "value": 2}, {"source": 864, "target": "historia", "value": 2}, {"source": 864, "target": "atención", "value": 2}, {"source": 864, "target": "curriculum", "value": 2}, {"source": 864, "target": "radiólogos", "value": 2}, {"source": 864, "target": "periodicidad", "value": 2}, {"source": "f3a9424c-34a4-4cbf-9178-07e06ae72804", "target": 3047, "value": 1}, {"source": "f3a9424c-34a4-4cbf-9178-07e06ae72804", "target": 3063, "value": 1}, {"source": "f3a9424c-34a4-4cbf-9178-07e06ae72804", "target": 3137, "value": 1}, {"source": "f3a9424c-34a4-4cbf-9178-07e06ae72804", "target": 3201, "value": 1}, {"source": "f3a9424c-34a4-4cbf-9178-07e06ae72804", "target": 3239, "value": 1}, {"source": "f3a9424c-34a4-4cbf-9178-07e06ae72804", "target": 3280, "value": 1}, {"source": "f3a9424c-34a4-4cbf-9178-07e06ae72804", "target": 3377, "value": 1}, {"source": "f3a9424c-34a4-4cbf-9178-07e06ae72804", "target": 3380, "value": 1}, {"source": "f3a9424c-34a4-4cbf-9178-07e06ae72804", "target": 3412, "value": 1}, {"source": "f3a9424c-34a4-4cbf-9178-07e06ae72804", "target": 3417, "value": 1}, {"source": "f3a9424c-34a4-4cbf-9178-07e06ae72804", "target": 3448, "value": 1}, {"source": "f3a9424c-34a4-4cbf-9178-07e06ae72804", "target": 3457, "value": 1}], "options": [{"label": "Estado inicial", "value": "Departamento de Imágenes Diagnósticas", "group": "00. Opciones predeterminadas"}, {"label": "Aponte Barrios Wilmer Orlando", "value": "Aponte Barrios Wilmer Orlando", "group": "02. Opciones de autor"}, {"label": "Araque Gonzalez Julio Mario", "value": "Araque Gonzalez Julio Mario", "group": "02. Opciones de autor"}, {"label": "Calvo Paramo Enrique", "value": "Calvo Paramo Enrique", "group": "02. Opciones de autor"}, {"label": "Camargo Pedraza Carlos Benjamin", "value": "Camargo Pedraza Carlos Benjamin", "group": "02. Opciones de autor"}, {"label": "Carrillo Bayona Jorge Alberto", "value": "Carrillo Bayona Jorge Alberto", "group": "02. Opciones de autor"}, {"label": "Duran Guerrero Johan Alberto", "value": "Duran Guerrero Johan Alberto", "group": "02. Opciones de autor"}, {"label": "García Arteaga Juan David", "value": "García Arteaga Juan David", "group": "02. Opciones de autor"}, {"label": "González Tinoco Rossana", "value": "González Tinoco Rossana", "group": "02. Opciones de autor"}, {"label": "Lozada Isaza Alfonso", "value": "Lozada Isaza Alfonso", "group": "02. Opciones de autor"}, {"label": "Lozano Castillo Alfonso Javier", "value": "Lozano Castillo Alfonso Javier", "group": "02. Opciones de autor"}, {"label": "López Cadena Andrés Fernando", "value": "López Cadena Andrés Fernando", "group": "02. Opciones de autor"}, {"label": "Mejía Piñeres Fernando", "value": "Mejía Piñeres Fernando", "group": "02. Opciones de autor"}, {"label": "Montoya Cárdenas Ruben Danilo", "value": "Montoya Cárdenas Ruben Danilo", "group": "02. Opciones de autor"}, {"label": "Morales Munoz German", "value": "Morales Munoz German", "group": "02. Opciones de autor"}, {"label": "Moreno Gómez Luz Ángela", "value": "Moreno Gómez Luz Ángela", "group": "02. Opciones de autor"}, {"label": "Neira Escobar Fabian Enrique", "value": "Neira Escobar Fabian Enrique", "group": "02. Opciones de autor"}, {"label": "Novoa Cordero Luis Fernando", "value": "Novoa Cordero Luis Fernando", "group": "02. Opciones de autor"}, {"label": "Owen Saenz Katherine", "value": "Owen Saenz Katherine", "group": "02. Opciones de autor"}, {"label": "Pinzon Jimenez Oscar Enrique", "value": "Pinzon Jimenez Oscar Enrique", "group": "02. Opciones de autor"}, {"label": "Poveda Suárez Cesar Augusto", "value": "Poveda Suárez Cesar Augusto", "group": "02. Opciones de autor"}, {"label": "Riascos Caipe Cesar Ricardo", "value": "Riascos Caipe Cesar Ricardo", "group": "02. Opciones de autor"}, {"label": "Riaño Montañez Yeyson Fabian", "value": "Riaño Montañez Yeyson Fabian", "group": "02. Opciones de autor"}, {"label": "Rodriguez Cardona Camila", "value": "Rodriguez Cardona Camila", "group": "02. Opciones de autor"}, {"label": "Romero Castro Edgar Eduardo", "value": "Romero Castro Edgar Eduardo", "group": "02. Opciones de autor"}, {"label": "Rueda Leon Natalia", "value": "Rueda Leon Natalia", "group": "02. Opciones de autor"}, {"label": "Ulloa Guerrero Luis Heber", "value": "Ulloa Guerrero Luis Heber", "group": "02. Opciones de autor"}, {"label": "Varon Acosta Humberto", "value": "Varon Acosta Humberto", "group": "02. Opciones de autor"}, {"label": "Vega Molina Alejandro", "value": "Vega Molina Alejandro", "group": "02. Opciones de autor"}, {"label": "Departamento de Imágenes Diagnósticas", "value": "Departamento de Imágenes Diagnósticas", "group": "02. Opciones de uab"}, {"label": "1-butanol", "value": "1-butanol", "group": "03. Opciones de temas"}, {"label": "abdomen", "value": "abdomen", "group": "03. Opciones de temas"}, {"label": "absceso", "value": "absceso", "group": "03. Opciones de temas"}, {"label": "absceso hepático", "value": "absceso hepático", "group": "03. Opciones de temas"}, {"label": "absceso hepático piogénico", "value": "absceso hepático piogénico", "group": "03. Opciones de temas"}, {"label": "absceso hepático piógeno", "value": "absceso hepático piógeno", "group": "03. Opciones de temas"}, {"label": "absorción", "value": "absorción", "group": "03. Opciones de temas"}, {"label": "administración", "value": "administración", "group": "03. Opciones de temas"}, {"label": "adn", "value": "adn", "group": "03. Opciones de temas"}, {"label": "adulto", "value": "adulto", "group": "03. Opciones de temas"}, {"label": "afecto", "value": "afecto", "group": "03. Opciones de temas"}, {"label": "aire", "value": "aire", "group": "03. Opciones de temas"}, {"label": "algoritmos", "value": "algoritmos", "group": "03. Opciones de temas"}, {"label": "anciano", "value": "anciano", "group": "03. Opciones de temas"}, {"label": "anciano de 80 o más años", "value": "anciano de 80 o más años", "group": "03. Opciones de temas"}, {"label": "aneurisma", "value": "aneurisma", "group": "03. Opciones de temas"}, {"label": "aprendizaje", "value": "aprendizaje", "group": "03. Opciones de temas"}, {"label": "aprendizaje basado en problemas", "value": "aprendizaje basado en problemas", "group": "03. Opciones de temas"}, {"label": "articulaciones", "value": "articulaciones", "group": "03. Opciones de temas"}, {"label": "artritis", "value": "artritis", "group": "03. Opciones de temas"}, {"label": "asociación", "value": "asociación", "group": "03. Opciones de temas"}, {"label": "atención", "value": "atención", "group": "03. Opciones de temas"}, {"label": "automatismo", "value": "automatismo", "group": "03. Opciones de temas"}, {"label": "azufre", "value": "azufre", "group": "03. Opciones de temas"}, {"label": "biología", "value": "biología", "group": "03. Opciones de temas"}, {"label": "butanoles", "value": "butanoles", "group": "03. Opciones de temas"}, {"label": "calculadoras", "value": "calculadoras", "group": "03. Opciones de temas"}, {"label": "carcinoma", "value": "carcinoma", "group": "03. Opciones de temas"}, {"label": "carácter", "value": "carácter", "group": "03. Opciones de temas"}, {"label": "ciencia", "value": "ciencia", "group": "03. Opciones de temas"}, {"label": "ciudades", "value": "ciudades", "group": "03. Opciones de temas"}, {"label": "clasificación", "value": "clasificación", "group": "03. Opciones de temas"}, {"label": "colaboración", "value": "colaboración", "group": "03. Opciones de temas"}, {"label": "colección", "value": "colección", "group": "03. Opciones de temas"}, {"label": "colombia", "value": "colombia", "group": "03. Opciones de temas"}, {"label": "color", "value": "color", "group": "03. Opciones de temas"}, {"label": "colposcopía", "value": "colposcopía", "group": "03. Opciones de temas"}, {"label": "complicidad", "value": "complicidad", "group": "03. Opciones de temas"}, {"label": "computadores", "value": "computadores", "group": "03. Opciones de temas"}, {"label": "concienciación", "value": "concienciación", "group": "03. Opciones de temas"}, {"label": "condroblastoma", "value": "condroblastoma", "group": "03. Opciones de temas"}, {"label": "conductividad", "value": "conductividad", "group": "03. Opciones de temas"}, {"label": "conocimiento", "value": "conocimiento", "group": "03. Opciones de temas"}, {"label": "controlabilidad", "value": "controlabilidad", "group": "03. Opciones de temas"}, {"label": "correlacionadores", "value": "correlacionadores", "group": "03. Opciones de temas"}, {"label": "correlación", "value": "correlación", "group": "03. Opciones de temas"}, {"label": "críticas", "value": "críticas", "group": "03. Opciones de temas"}, {"label": "cuerpos extraños", "value": "cuerpos extraños", "group": "03. Opciones de temas"}, {"label": "curriculum", "value": "curriculum", "group": "03. Opciones de temas"}, {"label": "cáncer de mama", "value": "cáncer de mama", "group": "03. Opciones de temas"}, {"label": "células", "value": "células", "group": "03. Opciones de temas"}, {"label": "células 3t3", "value": "células 3t3", "group": "03. Opciones de temas"}, {"label": "células a549", "value": "células a549", "group": "03. Opciones de temas"}, {"label": "células gigantes", "value": "células gigantes", "group": "03. Opciones de temas"}, {"label": "derechos de autor", "value": "derechos de autor", "group": "03. Opciones de temas"}, {"label": "diagnóstico", "value": "diagnóstico", "group": "03. Opciones de temas"}, {"label": "diagnóstico por imagen", "value": "diagnóstico por imagen", "group": "03. Opciones de temas"}, {"label": "docentes", "value": "docentes", "group": "03. Opciones de temas"}, {"label": "documentación", "value": "documentación", "group": "03. Opciones de temas"}, {"label": "dolor", "value": "dolor", "group": "03. Opciones de temas"}, {"label": "dolor abdominal", "value": "dolor abdominal", "group": "03. Opciones de temas"}, {"label": "drenaje", "value": "drenaje", "group": "03. Opciones de temas"}, {"label": "ecografía", "value": "ecografía", "group": "03. Opciones de temas"}, {"label": "edición", "value": "edición", "group": "03. Opciones de temas"}, {"label": "educación", "value": "educación", "group": "03. Opciones de temas"}, {"label": "educación basada en competencias", "value": "educación basada en competencias", "group": "03. Opciones de temas"}, {"label": "electrones", "value": "electrones", "group": "03. Opciones de temas"}, {"label": "embolia", "value": "embolia", "group": "03. Opciones de temas"}, {"label": "encéfalo", "value": "encéfalo", "group": "03. Opciones de temas"}, {"label": "enfermedad", "value": "enfermedad", "group": "03. Opciones de temas"}, {"label": "enfermedad de alzheimer", "value": "enfermedad de alzheimer", "group": "03. Opciones de temas"}, {"label": "enfermedades", "value": "enfermedades", "group": "03. Opciones de temas"}, {"label": "enseñanza", "value": "enseñanza", "group": "03. Opciones de temas"}, {"label": "envejecimiento", "value": "envejecimiento", "group": "03. Opciones de temas"}, {"label": "esclerosis", "value": "esclerosis", "group": "03. Opciones de temas"}, {"label": "estandarización", "value": "estandarización", "group": "03. Opciones de temas"}, {"label": "estimacion", "value": "estimacion", "group": "03. Opciones de temas"}, {"label": "estudiantes", "value": "estudiantes", "group": "03. Opciones de temas"}, {"label": "etanol", "value": "etanol", "group": "03. Opciones de temas"}, {"label": "exactitud", "value": "exactitud", "group": "03. Opciones de temas"}, {"label": "exposición", "value": "exposición", "group": "03. Opciones de temas"}, {"label": "extracción de características", "value": "extracción de características", "group": "03. Opciones de temas"}, {"label": "fiebre", "value": "fiebre", "group": "03. Opciones de temas"}, {"label": "forma", "value": "forma", "group": "03. Opciones de temas"}, {"label": "formación", "value": "formación", "group": "03. Opciones de temas"}, {"label": "formiatos", "value": "formiatos", "group": "03. Opciones de temas"}, {"label": "fumigación", "value": "fumigación", "group": "03. Opciones de temas"}, {"label": "generadores", "value": "generadores", "group": "03. Opciones de temas"}, {"label": "genes", "value": "genes", "group": "03. Opciones de temas"}, {"label": "gestión de requerimientos", "value": "gestión de requerimientos", "group": "03. Opciones de temas"}, {"label": "grupos control", "value": "grupos control", "group": "03. Opciones de temas"}, {"label": "guía", "value": "guía", "group": "03. Opciones de temas"}, {"label": "hemorragia", "value": "hemorragia", "group": "03. Opciones de temas"}, {"label": "hemorragias intracraneales", "value": "hemorragias intracraneales", "group": "03. Opciones de temas"}, {"label": "hernia", "value": "hernia", "group": "03. Opciones de temas"}, {"label": "histiocitosis", "value": "histiocitosis", "group": "03. Opciones de temas"}, {"label": "histología", "value": "histología", "group": "03. Opciones de temas"}, {"label": "histopatología", "value": "histopatología", "group": "03. Opciones de temas"}, {"label": "historia", "value": "historia", "group": "03. Opciones de temas"}, {"label": "hospitales", "value": "hospitales", "group": "03. Opciones de temas"}, {"label": "hospitalización", "value": "hospitalización", "group": "03. Opciones de temas"}, {"label": "hospitals", "value": "hospitals", "group": "03. Opciones de temas"}, {"label": "hígado", "value": "hígado", "group": "03. Opciones de temas"}, {"label": "ictericia", "value": "ictericia", "group": "03. Opciones de temas"}, {"label": "imagen", "value": "imagen", "group": "03. Opciones de temas"}, {"label": "imagen de resonancia magnética", "value": "imagen de resonancia magnética", "group": "03. Opciones de temas"}, {"label": "imagen por resonancia magnética", "value": "imagen por resonancia magnética", "group": "03. Opciones de temas"}, {"label": "imanes", "value": "imanes", "group": "03. Opciones de temas"}, {"label": "incidencia", "value": "incidencia", "group": "03. Opciones de temas"}, {"label": "infecciones", "value": "infecciones", "group": "03. Opciones de temas"}, {"label": "informes de casos", "value": "informes de casos", "group": "03. Opciones de temas"}, {"label": "ingeniería", "value": "ingeniería", "group": "03. Opciones de temas"}, {"label": "inmunohistoquímica", "value": "inmunohistoquímica", "group": "03. Opciones de temas"}, {"label": "la seguridad", "value": "la seguridad", "group": "03. Opciones de temas"}, {"label": "laboratorios", "value": "laboratorios", "group": "03. Opciones de temas"}, {"label": "lepidópteros", "value": "lepidópteros", "group": "03. Opciones de temas"}, {"label": "literatura", "value": "literatura", "group": "03. Opciones de temas"}, {"label": "magnetismo", "value": "magnetismo", "group": "03. Opciones de temas"}, {"label": "magnetización", "value": "magnetización", "group": "03. Opciones de temas"}, {"label": "mama", "value": "mama", "group": "03. Opciones de temas"}, {"label": "mamografía", "value": "mamografía", "group": "03. Opciones de temas"}, {"label": "mano", "value": "mano", "group": "03. Opciones de temas"}, {"label": "material particulado", "value": "material particulado", "group": "03. Opciones de temas"}, {"label": "medicalización", "value": "medicalización", "group": "03. Opciones de temas"}, {"label": "medicina", "value": "medicina", "group": "03. Opciones de temas"}, {"label": "medición", "value": "medición", "group": "03. Opciones de temas"}, {"label": "memoria", "value": "memoria", "group": "03. Opciones de temas"}, {"label": "microscopía", "value": "microscopía", "group": "03. Opciones de temas"}, {"label": "migración de cuerpo extraño", "value": "migración de cuerpo extraño", "group": "03. Opciones de temas"}, {"label": "modelado", "value": "modelado", "group": "03. Opciones de temas"}, {"label": "mortalidad", "value": "mortalidad", "group": "03. Opciones de temas"}, {"label": "muerte", "value": "muerte", "group": "03. Opciones de temas"}, {"label": "mujeres", "value": "mujeres", "group": "03. Opciones de temas"}, {"label": "métodos", "value": "métodos", "group": "03. Opciones de temas"}, {"label": "músculos", "value": "músculos", "group": "03. Opciones de temas"}, {"label": "nariz", "value": "nariz", "group": "03. Opciones de temas"}, {"label": "neoplasias", "value": "neoplasias", "group": "03. Opciones de temas"}, {"label": "neoplasias de mama detección temprana de detección de masas", "value": "neoplasias de mama detección temprana de detección de masas", "group": "03. Opciones de temas"}, {"label": "neoplasias mamarias detección temprana detección masiva", "value": "neoplasias mamarias detección temprana detección masiva", "group": "03. Opciones de temas"}, {"label": "neumonía", "value": "neumonía", "group": "03. Opciones de temas"}, {"label": "niños", "value": "niños", "group": "03. Opciones de temas"}, {"label": "normas", "value": "normas", "group": "03. Opciones de temas"}, {"label": "nucleótidos", "value": "nucleótidos", "group": "03. Opciones de temas"}, {"label": "observabilidad", "value": "observabilidad", "group": "03. Opciones de temas"}, {"label": "observación", "value": "observación", "group": "03. Opciones de temas"}, {"label": "observadores", "value": "observadores", "group": "03. Opciones de temas"}, {"label": "optimismo", "value": "optimismo", "group": "03. Opciones de temas"}, {"label": "ordenadores", "value": "ordenadores", "group": "03. Opciones de temas"}, {"label": "organismos", "value": "organismos", "group": "03. Opciones de temas"}, {"label": "organizaciones", "value": "organizaciones", "group": "03. Opciones de temas"}, {"label": "oxidantes", "value": "oxidantes", "group": "03. Opciones de temas"}, {"label": "pacientes", "value": "pacientes", "group": "03. Opciones de temas"}, {"label": "pancreatitis", "value": "pancreatitis", "group": "03. Opciones de temas"}, {"label": "papel", "value": "papel", "group": "03. Opciones de temas"}, {"label": "pared abdominal", "value": "pared abdominal", "group": "03. Opciones de temas"}, {"label": "patología", "value": "patología", "group": "03. Opciones de temas"}, {"label": "pautas", "value": "pautas", "group": "03. Opciones de temas"}, {"label": "países desarrollados", "value": "países desarrollados", "group": "03. Opciones de temas"}, {"label": "países en desarrollo", "value": "países en desarrollo", "group": "03. Opciones de temas"}, {"label": "peces", "value": "peces", "group": "03. Opciones de temas"}, {"label": "pediatría", "value": "pediatría", "group": "03. Opciones de temas"}, {"label": "periodicidad", "value": "periodicidad", "group": "03. Opciones de temas"}, {"label": "piel", "value": "piel", "group": "03. Opciones de temas"}, {"label": "pilotos", "value": "pilotos", "group": "03. Opciones de temas"}, {"label": "población", "value": "población", "group": "03. Opciones de temas"}, {"label": "prevalencia", "value": "prevalencia", "group": "03. Opciones de temas"}, {"label": "programa", "value": "programa", "group": "03. Opciones de temas"}, {"label": "programación", "value": "programación", "group": "03. Opciones de temas"}, {"label": "protocolos", "value": "protocolos", "group": "03. Opciones de temas"}, {"label": "proyección", "value": "proyección", "group": "03. Opciones de temas"}, {"label": "pruebas", "value": "pruebas", "group": "03. Opciones de temas"}, {"label": "publicación", "value": "publicación", "group": "03. Opciones de temas"}, {"label": "pulmón", "value": "pulmón", "group": "03. Opciones de temas"}, {"label": "radiografía", "value": "radiografía", "group": "03. Opciones de temas"}, {"label": "radiografía abdominal", "value": "radiografía abdominal", "group": "03. Opciones de temas"}, {"label": "radiografía de tórax", "value": "radiografía de tórax", "group": "03. Opciones de temas"}, {"label": "radiografía de tórax optimization", "value": "radiografía de tórax optimization", "group": "03. Opciones de temas"}, {"label": "radiología", "value": "radiología", "group": "03. Opciones de temas"}, {"label": "radiólogos", "value": "radiólogos", "group": "03. Opciones de temas"}, {"label": "rayos x", "value": "rayos x", "group": "03. Opciones de temas"}, {"label": "receptores", "value": "receptores", "group": "03. Opciones de temas"}, {"label": "recurrencia", "value": "recurrencia", "group": "03. Opciones de temas"}, {"label": "registro de imagen", "value": "registro de imagen", "group": "03. Opciones de temas"}, {"label": "rehabilitación", "value": "rehabilitación", "group": "03. Opciones de temas"}, {"label": "respeto", "value": "respeto", "group": "03. Opciones de temas"}, {"label": "revisión", "value": "revisión", "group": "03. Opciones de temas"}, {"label": "revisión sistemática", "value": "revisión sistemática", "group": "03. Opciones de temas"}, {"label": "riesgo", "value": "riesgo", "group": "03. Opciones de temas"}, {"label": "riñón", "value": "riñón", "group": "03. Opciones de temas"}, {"label": "rol", "value": "rol", "group": "03. Opciones de temas"}, {"label": "salud", "value": "salud", "group": "03. Opciones de temas"}, {"label": "seguridad", "value": "seguridad", "group": "03. Opciones de temas"}, {"label": "sensibilidad", "value": "sensibilidad", "group": "03. Opciones de temas"}, {"label": "sensibilidad y especificidad", "value": "sensibilidad y especificidad", "group": "03. Opciones de temas"}, {"label": "servicios de emergencia", "value": "servicios de emergencia", "group": "03. Opciones de temas"}, {"label": "sexo", "value": "sexo", "group": "03. Opciones de temas"}, {"label": "sincronización", "value": "sincronización", "group": "03. Opciones de temas"}, {"label": "sinusitis", "value": "sinusitis", "group": "03. Opciones de temas"}, {"label": "sistema nervioso", "value": "sistema nervioso", "group": "03. Opciones de temas"}, {"label": "sistema nervioso central", "value": "sistema nervioso central", "group": "03. Opciones de temas"}, {"label": "sistemas en línea", "value": "sistemas en línea", "group": "03. Opciones de temas"}, {"label": "sistemática", "value": "sistemática", "group": "03. Opciones de temas"}, {"label": "soluciones", "value": "soluciones", "group": "03. Opciones de temas"}, {"label": "síndrome de down", "value": "síndrome de down", "group": "03. Opciones de temas"}, {"label": "tejidos", "value": "tejidos", "group": "03. Opciones de temas"}, {"label": "terapéutica", "value": "terapéutica", "group": "03. Opciones de temas"}, {"label": "tiempo", "value": "tiempo", "group": "03. Opciones de temas"}, {"label": "toma de tierra", "value": "toma de tierra", "group": "03. Opciones de temas"}, {"label": "tomografía", "value": "tomografía", "group": "03. Opciones de temas"}, {"label": "tomografía computarizada", "value": "tomografía computarizada", "group": "03. Opciones de temas"}, {"label": "tomografía computarizada multidetector", "value": "tomografía computarizada multidetector", "group": "03. Opciones de temas"}, {"label": "trabajo", "value": "trabajo", "group": "03. Opciones de temas"}, {"label": "tracto gastrointestinal", "value": "tracto gastrointestinal", "group": "03. Opciones de temas"}, {"label": "tumores", "value": "tumores", "group": "03. Opciones de temas"}, {"label": "tórax", "value": "tórax", "group": "03. Opciones de temas"}, {"label": "ultrasonografía", "value": "ultrasonografía", "group": "03. Opciones de temas"}, {"label": "unidades de cuidados intensivos", "value": "unidades de cuidados intensivos", "group": "03. Opciones de temas"}, {"label": "universidades", "value": "universidades", "group": "03. Opciones de temas"}, {"label": "urgencias médicas", "value": "urgencias médicas", "group": "03. Opciones de temas"}, {"label": "vaso", "value": "vaso", "group": "03. Opciones de temas"}, {"label": "vertebrados", "value": "vertebrados", "group": "03. Opciones de temas"}, {"label": "visualización", "value": "visualización", "group": "03. Opciones de temas"}, {"label": "índice", "value": "índice", "group": "03. Opciones de temas"}, {"label": "índice de gravedad de la enfermedad", "value": "índice de gravedad de la enfermedad", "group": "03. Opciones de temas"}, {"label": "índice de severidad de la enfermedad", "value": "índice de severidad de la enfermedad", "group": "03. Opciones de temas"}, {"label": "óxidos", "value": "óxidos", "group": "03. Opciones de temas"}]}