{"nodes": [{"id": "afc0b0b6-d5a8-43da-af75-7b2082330f27", "label": "Departamento de Ciencias Biológicas", "type": "uab"}, {"id": 2583, "label": "Sanchez De Prager Marina", "type": "author"}, {"id": 2585, "label": "Ocampo Perez Jhon Albeiro", "type": "author"}, {"id": 2588, "label": "Tovar Vanegas Jorge Enrique", "type": "author"}, {"id": 2589, "label": "Gutierrez Forero Jose Ariel", "type": "author"}, {"id": 2597, "label": "Lopez Alvarez Diana Carolina", "type": "author"}, {"id": 2606, "label": "Ortiz Escobar Amanda", "type": "author"}, {"id": 2608, "label": "De La Cruz Aparicio Gabriel Antonio", "type": "author"}, {"id": 2610, "label": "Lopez Lopez Karina", "type": "author"}, {"id": 2611, "label": "Gomez Lopez Eyder Daniel", "type": "author"}, {"id": 2613, "label": "Muñoz Florez Jaime Eduardo", "type": "author"}, {"id": 2614, "label": "Barrera Marin Nancy", "type": "author"}, {"id": 2620, "label": "Sanchez Orozco Manuel Salvador", "type": "author"}, {"id": 2625, "label": "Londoño Motta Angela Maria", "type": "author"}, {"id": 2626, "label": "Forero Pinto Luis Eduardo", "type": "author"}, {"id": 2627, "label": "Ramirez Hernando", "type": "author"}, {"id": 2628, "label": "Caetano Creuci Maria", "type": "author"}, {"id": 2634, "label": "Angel Sanchez Diego Ivan", "type": "author"}, {"id": 2636, "label": "Prager Mosquera Martin", "type": "author"}, {"id": 3092, "label": "Franco Gamboa Angelica", "type": "author"}, {"id": 3145, "label": "Hoyos Castaño Veronica", "type": "author"}], "links": [{"source": "afc0b0b6-d5a8-43da-af75-7b2082330f27", "target": 2583, "value": 1}, {"source": "afc0b0b6-d5a8-43da-af75-7b2082330f27", "target": 2585, "value": 1}, {"source": "afc0b0b6-d5a8-43da-af75-7b2082330f27", "target": 2588, "value": 1}, {"source": "afc0b0b6-d5a8-43da-af75-7b2082330f27", "target": 2589, "value": 1}, {"source": "afc0b0b6-d5a8-43da-af75-7b2082330f27", "target": 2597, "value": 1}, {"source": "afc0b0b6-d5a8-43da-af75-7b2082330f27", "target": 2606, "value": 1}, {"source": "afc0b0b6-d5a8-43da-af75-7b2082330f27", "target": 2608, "value": 1}, {"source": "afc0b0b6-d5a8-43da-af75-7b2082330f27", "target": 2610, "value": 1}, {"source": "afc0b0b6-d5a8-43da-af75-7b2082330f27", "target": 2611, "value": 1}, {"source": "afc0b0b6-d5a8-43da-af75-7b2082330f27", "target": 2613, "value": 1}, {"source": "afc0b0b6-d5a8-43da-af75-7b2082330f27", "target": 2614, "value": 1}, {"source": "afc0b0b6-d5a8-43da-af75-7b2082330f27", "target": 2620, "value": 1}, {"source": "afc0b0b6-d5a8-43da-af75-7b2082330f27", "target": 2625, "value": 1}, {"source": "afc0b0b6-d5a8-43da-af75-7b2082330f27", "target": 2626, "value": 1}, {"source": "afc0b0b6-d5a8-43da-af75-7b2082330f27", "target": 2627, "value": 1}, {"source": "afc0b0b6-d5a8-43da-af75-7b2082330f27", "target": 2628, "value": 1}, {"source": "afc0b0b6-d5a8-43da-af75-7b2082330f27", "target": 2634, "value": 1}, {"source": "afc0b0b6-d5a8-43da-af75-7b2082330f27", "target": 2636, "value": 1}, {"source": "afc0b0b6-d5a8-43da-af75-7b2082330f27", "target": 3092, "value": 1}, {"source": "afc0b0b6-d5a8-43da-af75-7b2082330f27", "target": 3145, "value": 1}], "options": [{"label": "Estado inicial", "value": "Departamento de Ciencias Biológicas", "group": "00. Opciones predeterminadas"}, {"label": "Angel Sanchez Diego Ivan", "value": "Angel Sanchez Diego Ivan", "group": "02. Opciones de autor"}, {"label": "Barrera Marin Nancy", "value": "Barrera Marin Nancy", "group": "02. Opciones de autor"}, {"label": "Caetano Creuci Maria", "value": "Caetano Creuci Maria", "group": "02. Opciones de autor"}, {"label": "De La Cruz Aparicio Gabriel Antonio", "value": "De La Cruz Aparicio Gabriel Antonio", "group": "02. Opciones de autor"}, {"label": "Forero Pinto Luis Eduardo", "value": "Forero Pinto Luis Eduardo", "group": "02. Opciones de autor"}, {"label": "Franco Gamboa Angelica", "value": "Franco Gamboa Angelica", "group": "02. Opciones de autor"}, {"label": "Gomez Lopez Eyder Daniel", "value": "Gomez Lopez Eyder Daniel", "group": "02. Opciones de autor"}, {"label": "Gutierrez Forero Jose Ariel", "value": "Gutierrez Forero Jose Ariel", "group": "02. Opciones de autor"}, {"label": "Hoyos Castaño Veronica", "value": "Hoyos Castaño Veronica", "group": "02. Opciones de autor"}, {"label": "Londoño Motta Angela Maria", "value": "Londoño Motta Angela Maria", "group": "02. Opciones de autor"}, {"label": "Lopez Alvarez Diana Carolina", "value": "Lopez Alvarez Diana Carolina", "group": "02. Opciones de autor"}, {"label": "Lopez Lopez Karina", "value": "Lopez Lopez Karina", "group": "02. Opciones de autor"}, {"label": "Muñoz Florez Jaime Eduardo", "value": "Muñoz Florez Jaime Eduardo", "group": "02. Opciones de autor"}, {"label": "Ocampo Perez Jhon Albeiro", "value": "Ocampo Perez Jhon Albeiro", "group": "02. Opciones de autor"}, {"label": "Ortiz Escobar Amanda", "value": "Ortiz Escobar Amanda", "group": "02. Opciones de autor"}, {"label": "Prager Mosquera Martin", "value": "Prager Mosquera Martin", "group": "02. Opciones de autor"}, {"label": "Ramirez Hernando", "value": "Ramirez Hernando", "group": "02. Opciones de autor"}, {"label": "Sanchez De Prager Marina", "value": "Sanchez De Prager Marina", "group": "02. Opciones de autor"}, {"label": "Sanchez Orozco Manuel Salvador", "value": "Sanchez Orozco Manuel Salvador", "group": "02. Opciones de autor"}, {"label": "Tovar Vanegas Jorge Enrique", "value": "Tovar Vanegas Jorge Enrique", "group": "02. Opciones de autor"}, {"label": "Departamento de Ciencias Biológicas", "value": "Departamento de Ciencias Biológicas", "group": "02. Opciones de uab"}]}