{"nodes": [{"id": "8aa3bb70-16e1-48b9-a099-97650624f452", "label": "Departamento de Desarrollo Rural y Agroalimentario", "type": "uab"}, {"id": 921, "label": "Acevedo Osorio Alvaro", "type": "author"}, {"id": "sus", "label": "sus", "type": "topic"}, {"id": "para", "label": "para", "type": "topic"}, {"id": "strategies", "label": "strategies", "type": "topic"}, {"id": "systems", "label": "systems", "type": "topic"}, {"id": "approaches", "label": "approaches", "type": "topic"}, {"id": "colombia", "label": "colombia", "type": "topic"}, {"id": "farming", "label": "farming", "type": "topic"}, {"id": "food", "label": "food", "type": "topic"}, {"id": "agroalimentary systems", "label": "agroalimentary systems", "type": "topic"}, {"id": "consumption", "label": "consumption", "type": "topic"}, {"id": "production", "label": "production", "type": "topic"}, {"id": "developing", "label": "developing", "type": "topic"}, {"id": "sistemas operativos", "label": "sistemas operativos", "type": "topic"}, {"id": "organismos", "label": "organismos", "type": "topic"}, {"id": "administración", "label": "administración", "type": "topic"}, {"id": "administracion de recursos", "label": "administracion de recursos", "type": "topic"}, {"id": "organizaciones", "label": "organizaciones", "type": "topic"}, {"id": "desarrollo sostenible", "label": "desarrollo sostenible", "type": "topic"}, {"id": "agricultura", "label": "agricultura", "type": "topic"}, {"id": "productos agrícolas", "label": "productos agrícolas", "type": "topic"}, {"id": "construcción", "label": "construcción", "type": "topic"}, {"id": "generadores", "label": "generadores", "type": "topic"}, {"id": "producción", "label": "producción", "type": "topic"}, {"id": "sistemas de producción", "label": "sistemas de producción", "type": "topic"}, {"id": "productividad", "label": "productividad", "type": "topic"}, {"id": "estadísticas", "label": "estadísticas", "type": "topic"}, {"id": "análisis estadístico", "label": "análisis estadístico", "type": "topic"}, {"id": "communities", "label": "communities", "type": "topic"}, {"id": "coffee", "label": "coffee", "type": "topic"}, {"id": "bills", "label": "bills", "type": "topic"}, {"id": 922, "label": "Aranda Camacho Yesid Vicente", "type": "author"}, {"id": "territory", "label": "territory", "type": "topic"}, {"id": "management", "label": "management", "type": "topic"}, {"id": "territories", "label": "territories", "type": "topic"}, {"id": "analysis", "label": "analysis", "type": "topic"}, {"id": "organizations", "label": "organizations", "type": "topic"}, {"id": "territorialidad", "label": "territorialidad", "type": "topic"}, {"id": "rural development", "label": "rural development", "type": "topic"}, {"id": "policies", "label": "policies", "type": "topic"}, {"id": "politics", "label": "politics", "type": "topic"}, {"id": "job", "label": "job", "type": "topic"}, {"id": "investigation", "label": "investigation", "type": "topic"}, {"id": "models", "label": "models", "type": "topic"}, {"id": "products", "label": "products", "type": "topic"}, {"id": "markets", "label": "markets", "type": "topic"}, {"id": "dynamic", "label": "dynamic", "type": "topic"}, {"id": "networks", "label": "networks", "type": "topic"}, {"id": "sightseeing", "label": "sightseeing", "type": "topic"}, {"id": "activities", "label": "activities", "type": "topic"}, {"id": "information", "label": "information", "type": "topic"}, {"id": "planning", "label": "planning", "type": "topic"}, {"id": "organisms", "label": "organisms", "type": "topic"}, {"id": "groups", "label": "groups", "type": "topic"}, {"id": 923, "label": "Argüello Arias Heliodoro", "type": "author"}, {"id": "2,4,5-t", "label": "2,4,5-t", "type": "topic"}, {"id": "crops", "label": "crops", "type": "topic"}, {"id": "culture", "label": "culture", "type": "topic"}, {"id": "floor", "label": "floor", "type": "topic"}, {"id": "bactris gasipaes", "label": "bactris gasipaes", "type": "topic"}, {"id": "enfoques", "label": "enfoques", "type": "topic"}, {"id": "evaluación", "label": "evaluación", "type": "topic"}, {"id": "foliage", "label": "foliage", "type": "topic"}, {"id": "agroforestry systems", "label": "agroforestry systems", "type": "topic"}, {"id": "fruit", "label": "fruit", "type": "topic"}, {"id": "bobo r chizazu s", "label": "bobo r chizazu s", "type": "topic"}, {"id": "vegetables", "label": "vegetables", "type": "topic"}, {"id": "plantae", "label": "plantae", "type": "topic"}, {"id": "effects", "label": "effects", "type": "topic"}, {"id": "level", "label": "level", "type": "topic"}, {"id": "plants", "label": "plants", "type": "topic"}, {"id": "investigación", "label": "investigación", "type": "topic"}, {"id": "usos", "label": "usos", "type": "topic"}, {"id": "americas", "label": "americas", "type": "topic"}, {"id": "america latina", "label": "america latina", "type": "topic"}, {"id": "productos", "label": "productos", "type": "topic"}, {"id": 924, "label": "Barrientos Fuentes Juan Carlos", "type": "author"}, {"id": "processes", "label": "processes", "type": "topic"}, {"id": "commercialization", "label": "commercialization", "type": "topic"}, {"id": "factors", "label": "factors", "type": "topic"}, {"id": "pope", "label": "pope", "type": "topic"}, {"id": "technology", "label": "technology", "type": "topic"}, {"id": "results", "label": "results", "type": "topic"}, {"id": "area", "label": "area", "type": "topic"}, {"id": "departments", "label": "departments", "type": "topic"}, {"id": "prices", "label": "prices", "type": "topic"}, {"id": "embargo", "label": "embargo", "type": "topic"}, {"id": "capital social", "label": "capital social", "type": "topic"}, {"id": "production systems", "label": "production systems", "type": "topic"}, {"id": "design", "label": "design", "type": "topic"}, {"id": 925, "label": "Barrios Hernandez Dursun", "type": "author"}, {"id": "milk", "label": "milk", "type": "topic"}, {"id": "cow", "label": "cow", "type": "topic"}, {"id": "aspects", "label": "aspects", "type": "topic"}, {"id": "needs", "label": "needs", "type": "topic"}, {"id": "sixth", "label": "sixth", "type": "topic"}, {"id": "costs", "label": "costs", "type": "topic"}, {"id": "quality", "label": "quality", "type": "topic"}, {"id": "bovinos", "label": "bovinos", "type": "topic"}, {"id": "economía", "label": "economía", "type": "topic"}, {"id": "basic needs", "label": "basic needs", "type": "topic"}, {"id": "light", "label": "light", "type": "topic"}, {"id": "socioeconomic aspects", "label": "socioeconomic aspects", "type": "topic"}, {"id": "record", "label": "record", "type": "topic"}, {"id": 935, "label": "Franco Valencia Marco Heli", "type": "author"}, {"id": "nasas", "label": "nasas", "type": "topic"}, {"id": "villages", "label": "villages", "type": "topic"}, {"id": "agroecology", "label": "agroecology", "type": "topic"}, {"id": "education", "label": "education", "type": "topic"}, {"id": "cratylia", "label": "cratylia", "type": "topic"}, {"id": "incidence", "label": "incidence", "type": "topic"}, {"id": "amphibians", "label": "amphibians", "type": "topic"}, {"id": "marcos", "label": "marcos", "type": "topic"}, {"id": "programs", "label": "programs", "type": "topic"}, {"id": "seeds", "label": "seeds", "type": "topic"}, {"id": "seed", "label": "seed", "type": "topic"}, {"id": "language", "label": "language", "type": "topic"}, {"id": "oriente", "label": "oriente", "type": "topic"}, {"id": 943, "label": "Herrera Arévalo Aníbal Orlando", "type": "author"}, {"id": "fruta", "label": "fruta", "type": "topic"}, {"id": "fructificación", "label": "fructificación", "type": "topic"}, {"id": "frutas", "label": "frutas", "type": "topic"}, {"id": "efectos", "label": "efectos", "type": "topic"}, {"id": "acidez", "label": "acidez", "type": "topic"}, {"id": "almacenamiento", "label": "almacenamiento", "type": "topic"}, {"id": "maduración", "label": "maduración", "type": "topic"}, {"id": "ácidos", "label": "ácidos", "type": "topic"}, {"id": "solanum", "label": "solanum", "type": "topic"}, {"id": "temperatura", "label": "temperatura", "type": "topic"}, {"id": "madurez", "label": "madurez", "type": "topic"}, {"id": "physalis", "label": "physalis", "type": "topic"}, {"id": "physalis peruviana", "label": "physalis peruviana", "type": "topic"}, {"id": "solicitud", "label": "solicitud", "type": "topic"}, {"id": "peso", "label": "peso", "type": "topic"}, {"id": "color", "label": "color", "type": "topic"}, {"id": "cosechadoras", "label": "cosechadoras", "type": "topic"}, {"id": "cosecha", "label": "cosecha", "type": "topic"}, {"id": "modelado", "label": "modelado", "type": "topic"}, {"id": "firmeza", "label": "firmeza", "type": "topic"}, {"id": "storage", "label": "storage", "type": "topic"}, {"id": "embalaje", "label": "embalaje", "type": "topic"}, {"id": 944, "label": "Jimenez Hernandez Claudia Nelcy", "type": "author"}, {"id": "tecnología", "label": "tecnología", "type": "topic"}, {"id": "gerentes", "label": "gerentes", "type": "topic"}, {"id": "desarrollo", "label": "desarrollo", "type": "topic"}, {"id": "gestión de la tecnología", "label": "gestión de la tecnología", "type": "topic"}, {"id": "innovación", "label": "innovación", "type": "topic"}, {"id": "países", "label": "países", "type": "topic"}, {"id": "compañías", "label": "compañías", "type": "topic"}, {"id": "biología", "label": "biología", "type": "topic"}, {"id": "innovation", "label": "innovation", "type": "topic"}, {"id": "países en desarrollo", "label": "países en desarrollo", "type": "topic"}, {"id": "emergencias", "label": "emergencias", "type": "topic"}, {"id": "países desarrollados", "label": "países desarrollados", "type": "topic"}, {"id": "tripas", "label": "tripas", "type": "topic"}, {"id": "dinámica", "label": "dinámica", "type": "topic"}, {"id": "procesos", "label": "procesos", "type": "topic"}, {"id": "procesando", "label": "procesando", "type": "topic"}, {"id": "análisis", "label": "análisis", "type": "topic"}, {"id": "universo", "label": "universo", "type": "topic"}, {"id": 945, "label": "Leiva Baron Fabio Rodrigo", "type": "author"}, {"id": "properties", "label": "properties", "type": "topic"}, {"id": "property", "label": "property", "type": "topic"}, {"id": "bed sheets", "label": "bed sheets", "type": "topic"}, {"id": "zea", "label": "zea", "type": "topic"}, {"id": "zea mays", "label": "zea mays", "type": "topic"}, {"id": "suelo", "label": "suelo", "type": "topic"}, {"id": "evaluation", "label": "evaluation", "type": "topic"}, {"id": "site", "label": "site", "type": "topic"}, {"id": "agriculture", "label": "agriculture", "type": "topic"}, {"id": "physical", "label": "physical", "type": "topic"}, {"id": "corn", "label": "corn", "type": "topic"}, {"id": "performance", "label": "performance", "type": "topic"}, {"id": "uses", "label": "uses", "type": "topic"}, {"id": "fertility", "label": "fertility", "type": "topic"}, {"id": "resistencia", "label": "resistencia", "type": "topic"}, {"id": "resiste", "label": "resiste", "type": "topic"}, {"id": "behaviour", "label": "behaviour", "type": "topic"}, {"id": 953, "label": "Molina Ochoa Juan Patricio", "type": "author"}, {"id": "technical assistance", "label": "technical assistance", "type": "topic"}, {"id": "techniques", "label": "techniques", "type": "topic"}, {"id": "mercadotecnía", "label": "mercadotecnía", "type": "topic"}, {"id": "universities", "label": "universities", "type": "topic"}, {"id": "public policy", "label": "public policy", "type": "topic"}, {"id": 960, "label": "Pachon Ariza Fabio Alberto", "type": "author"}, {"id": "construction", "label": "construction", "type": "topic"}, {"id": "documentation", "label": "documentation", "type": "topic"}, {"id": "countryside", "label": "countryside", "type": "topic"}, {"id": "schools", "label": "schools", "type": "topic"}, {"id": "instituciones académicas", "label": "instituciones académicas", "type": "topic"}, {"id": "students", "label": "students", "type": "topic"}, {"id": "agrarian reform", "label": "agrarian reform", "type": "topic"}, {"id": "municipalities", "label": "municipalities", "type": "topic"}, {"id": "communication", "label": "communication", "type": "topic"}, {"id": 968, "label": "Rivas Guzmán Álvaro", "type": "author"}, {"id": "honduras", "label": "honduras", "type": "topic"}, {"id": "poverty", "label": "poverty", "type": "topic"}, {"id": "biodiversity", "label": "biodiversity", "type": "topic"}, {"id": "components", "label": "components", "type": "topic"}, {"id": "institutions", "label": "institutions", "type": "topic"}, {"id": "economy", "label": "economy", "type": "topic"}, {"id": "multiple functions of agriculture", "label": "multiple functions of agriculture", "type": "topic"}, {"id": "structure function of agroecosystems", "label": "structure function of agroecosystems", "type": "topic"}, {"id": "farmers", "label": "farmers", "type": "topic"}, {"id": "creation", "label": "creation", "type": "topic"}, {"id": "ecosystem", "label": "ecosystem", "type": "topic"}, {"id": "environmental protection", "label": "environmental protection", "type": "topic"}, {"id": "extension", "label": "extension", "type": "topic"}, {"id": "background", "label": "background", "type": "topic"}, {"id": "learning", "label": "learning", "type": "topic"}, {"id": 969, "label": "Rodriguez Caycedo Luis Felipe", "type": "author"}, {"id": "irrigation", "label": "irrigation", "type": "topic"}, {"id": "marketing", "label": "marketing", "type": "topic"}, {"id": "bulb", "label": "bulb", "type": "topic"}, {"id": "onion", "label": "onion", "type": "topic"}, {"id": "managers", "label": "managers", "type": "topic"}, {"id": "solanum quitoense", "label": "solanum quitoense", "type": "topic"}, {"id": "productivity", "label": "productivity", "type": "topic"}, {"id": "varieties", "label": "varieties", "type": "topic"}, {"id": 977, "label": "Zuluaga Dominguez Carlos Mario", "type": "author"}, {"id": "poland", "label": "poland", "type": "topic"}, {"id": "electronics", "label": "electronics", "type": "topic"}, {"id": "bioactive compounds", "label": "bioactive compounds", "type": "topic"}, {"id": "honey", "label": "honey", "type": "topic"}, {"id": "nose", "label": "nose", "type": "topic"}, {"id": "compuestos", "label": "compuestos", "type": "topic"}, {"id": "physics", "label": "physics", "type": "topic"}, {"id": "nutrition", "label": "nutrition", "type": "topic"}, {"id": "quimicos", "label": "quimicos", "type": "topic"}, {"id": "pollen", "label": "pollen", "type": "topic"}, {"id": "proteinas", "label": "proteinas", "type": "topic"}, {"id": "digesters", "label": "digesters", "type": "topic"}, {"id": "digestibility", "label": "digestibility", "type": "topic"}, {"id": "digestion", "label": "digestion", "type": "topic"}, {"id": "processing", "label": "processing", "type": "topic"}, {"id": "biotechnology", "label": "biotechnology", "type": "topic"}, {"id": "nutrients", "label": "nutrients", "type": "topic"}, {"id": 3190, "label": "Guevara Barbosa Pablo César", "type": "author"}, {"id": 3261, "label": "Valderrama Bohórquez Nathalia", "type": "author"}], "links": [{"source": "8aa3bb70-16e1-48b9-a099-97650624f452", "target": 921, "value": 1}, {"source": 921, "target": "sus", "value": 5}, {"source": 921, "target": "para", "value": 4}, {"source": 921, "target": "strategies", "value": 4}, {"source": 921, "target": "systems", "value": 3}, {"source": 921, "target": "approaches", "value": 3}, {"source": 921, "target": "colombia", "value": 3}, {"source": 921, "target": "farming", "value": 3}, {"source": 921, "target": "food", "value": 2}, {"source": 921, "target": "agroalimentary systems", "value": 2}, {"source": 921, "target": "consumption", "value": 2}, {"source": 921, "target": "production", "value": 2}, {"source": 921, "target": "developing", "value": 2}, {"source": 921, "target": "sistemas operativos", "value": 1}, {"source": 921, "target": "organismos", "value": 1}, {"source": 921, "target": "administración", "value": 1}, {"source": 921, "target": "administracion de recursos", "value": 1}, {"source": 921, "target": "organizaciones", "value": 1}, {"source": 921, "target": "desarrollo sostenible", "value": 1}, {"source": 921, "target": "agricultura", "value": 1}, {"source": 921, "target": "productos agrícolas", "value": 1}, {"source": 921, "target": "construcción", "value": 1}, {"source": 921, "target": "generadores", "value": 1}, {"source": 921, "target": "producción", "value": 1}, {"source": 921, "target": "sistemas de producción", "value": 1}, {"source": 921, "target": "productividad", "value": 1}, {"source": 921, "target": "estadísticas", "value": 1}, {"source": 921, "target": "análisis estadístico", "value": 1}, {"source": 921, "target": "communities", "value": 1}, {"source": 921, "target": "coffee", "value": 1}, {"source": 921, "target": "bills", "value": 1}, {"source": "8aa3bb70-16e1-48b9-a099-97650624f452", "target": 922, "value": 1}, {"source": 922, "target": "para", "value": 24}, {"source": 922, "target": "sus", "value": 16}, {"source": 922, "target": "colombia", "value": 14}, {"source": 922, "target": "developing", "value": 13}, {"source": 922, "target": "territory", "value": 13}, {"source": 922, "target": "management", "value": 11}, {"source": 922, "target": "territories", "value": 9}, {"source": 922, "target": "analysis", "value": 9}, {"source": 922, "target": "strategies", "value": 7}, {"source": 922, "target": "organizations", "value": 7}, {"source": 922, "target": "territorialidad", "value": 6}, {"source": 922, "target": "rural development", "value": 6}, {"source": 922, "target": "approaches", "value": 6}, {"source": 922, "target": "production", "value": 6}, {"source": 922, "target": "policies", "value": 5}, {"source": 922, "target": "politics", "value": 5}, {"source": 922, "target": "job", "value": 5}, {"source": 922, "target": "investigation", "value": 5}, {"source": 922, "target": "models", "value": 5}, {"source": 922, "target": "products", "value": 5}, {"source": 922, "target": "markets", "value": 4}, {"source": 922, "target": "dynamic", "value": 4}, {"source": 922, "target": "networks", "value": 4}, {"source": 922, "target": "systems", "value": 4}, {"source": 922, "target": "sightseeing", "value": 4}, {"source": 922, "target": "activities", "value": 4}, {"source": 922, "target": "information", "value": 4}, {"source": 922, "target": "planning", "value": 3}, {"source": 922, "target": "organisms", "value": 3}, {"source": 922, "target": "groups", "value": 3}, {"source": "8aa3bb70-16e1-48b9-a099-97650624f452", "target": 923, "value": 1}, {"source": 923, "target": "para", "value": 19}, {"source": 923, "target": "sus", "value": 12}, {"source": 923, "target": "2,4,5-t", "value": 11}, {"source": 923, "target": "agricultura", "value": 8}, {"source": 923, "target": "crops", "value": 8}, {"source": 923, "target": "systems", "value": 8}, {"source": 923, "target": "culture", "value": 6}, {"source": 923, "target": "colombia", "value": 5}, {"source": 923, "target": "production", "value": 5}, {"source": 923, "target": "floor", "value": 5}, {"source": 923, "target": "bactris gasipaes", "value": 4}, {"source": 923, "target": "enfoques", "value": 4}, {"source": 923, "target": "evaluación", "value": 4}, {"source": 923, "target": "foliage", "value": 4}, {"source": 923, "target": "agroforestry systems", "value": 4}, {"source": 923, "target": "fruit", "value": 4}, {"source": 923, "target": "bobo r chizazu s", "value": 4}, {"source": 923, "target": "vegetables", "value": 4}, {"source": 923, "target": "plantae", "value": 4}, {"source": 923, "target": "effects", "value": 4}, {"source": 923, "target": "level", "value": 4}, {"source": 923, "target": "plants", "value": 4}, {"source": 923, "target": "job", "value": 4}, {"source": 923, "target": "investigación", "value": 3}, {"source": 923, "target": "usos", "value": 3}, {"source": 923, "target": "americas", "value": 3}, {"source": 923, "target": "america latina", "value": 3}, {"source": 923, "target": "producción", "value": 3}, {"source": 923, "target": "productividad", "value": 3}, {"source": 923, "target": "productos", "value": 3}, {"source": "8aa3bb70-16e1-48b9-a099-97650624f452", "target": 924, "value": 1}, {"source": 924, "target": "para", "value": 17}, {"source": 924, "target": "colombia", "value": 14}, {"source": 924, "target": "analysis", "value": 11}, {"source": 924, "target": "sus", "value": 11}, {"source": 924, "target": "production", "value": 9}, {"source": 924, "target": "crops", "value": 7}, {"source": 924, "target": "developing", "value": 7}, {"source": 924, "target": "culture", "value": 6}, {"source": 924, "target": "2,4,5-t", "value": 6}, {"source": 924, "target": "products", "value": 5}, {"source": 924, "target": "processes", "value": 5}, {"source": 924, "target": "commercialization", "value": 5}, {"source": 924, "target": "markets", "value": 5}, {"source": 924, "target": "systems", "value": 4}, {"source": 924, "target": "rural development", "value": 4}, {"source": 924, "target": "factors", "value": 4}, {"source": 924, "target": "job", "value": 4}, {"source": 924, "target": "models", "value": 4}, {"source": 924, "target": "pope", "value": 3}, {"source": 924, "target": "technology", "value": 3}, {"source": 924, "target": "groups", "value": 3}, {"source": 924, "target": "results", "value": 3}, {"source": 924, "target": "area", "value": 3}, {"source": 924, "target": "departments", "value": 3}, {"source": 924, "target": "information", "value": 3}, {"source": 924, "target": "prices", "value": 3}, {"source": 924, "target": "embargo", "value": 3}, {"source": 924, "target": "capital social", "value": 3}, {"source": 924, "target": "production systems", "value": 3}, {"source": 924, "target": "design", "value": 3}, {"source": "8aa3bb70-16e1-48b9-a099-97650624f452", "target": 925, "value": 1}, {"source": 925, "target": "para", "value": 6}, {"source": 925, "target": "analysis", "value": 5}, {"source": 925, "target": "production", "value": 4}, {"source": 925, "target": "colombia", "value": 4}, {"source": 925, "target": "milk", "value": 4}, {"source": 925, "target": "sus", "value": 4}, {"source": 925, "target": "level", "value": 4}, {"source": 925, "target": "management", "value": 4}, {"source": 925, "target": "factors", "value": 3}, {"source": 925, "target": "cow", "value": 3}, {"source": 925, "target": "production systems", "value": 2}, {"source": 925, "target": "systems", "value": 2}, {"source": 925, "target": "aspects", "value": 2}, {"source": 925, "target": "needs", "value": 2}, {"source": 925, "target": "sixth", "value": 2}, {"source": 925, "target": "costs", "value": 2}, {"source": 925, "target": "developing", "value": 2}, {"source": 925, "target": "quality", "value": 2}, {"source": 925, "target": "job", "value": 2}, {"source": 925, "target": "bovinos", "value": 1}, {"source": 925, "target": "economía", "value": 1}, {"source": 925, "target": "departments", "value": 1}, {"source": 925, "target": "basic needs", "value": 1}, {"source": 925, "target": "communities", "value": 1}, {"source": 925, "target": "embargo", "value": 1}, {"source": 925, "target": "light", "value": 1}, {"source": 925, "target": "models", "value": 1}, {"source": 925, "target": "socioeconomic aspects", "value": 1}, {"source": 925, "target": "technology", "value": 1}, {"source": 925, "target": "record", "value": 1}, {"source": "8aa3bb70-16e1-48b9-a099-97650624f452", "target": 935, "value": 1}, {"source": 935, "target": "systems", "value": 5}, {"source": 935, "target": "para", "value": 5}, {"source": 935, "target": "nasas", "value": 3}, {"source": 935, "target": "2,4,5-t", "value": 3}, {"source": 935, "target": "colombia", "value": 2}, {"source": 935, "target": "analysis", "value": 2}, {"source": 935, "target": "investigation", "value": 2}, {"source": 935, "target": "villages", "value": 2}, {"source": 935, "target": "agroforestry systems", "value": 2}, {"source": 935, "target": "job", "value": 2}, {"source": 935, "target": "sus", "value": 2}, {"source": 935, "target": "agroecology", "value": 2}, {"source": 935, "target": "education", "value": 2}, {"source": 935, "target": "production", "value": 2}, {"source": 935, "target": "cratylia", "value": 2}, {"source": 935, "target": "developing", "value": 2}, {"source": 935, "target": "communities", "value": 2}, {"source": 935, "target": "incidence", "value": 1}, {"source": 935, "target": "amphibians", "value": 1}, {"source": 935, "target": "marcos", "value": 1}, {"source": 935, "target": "processes", "value": 1}, {"source": 935, "target": "programs", "value": 1}, {"source": 935, "target": "seeds", "value": 1}, {"source": 935, "target": "seed", "value": 1}, {"source": 935, "target": "territory", "value": 1}, {"source": 935, "target": "language", "value": 1}, {"source": 935, "target": "oriente", "value": 1}, {"source": 935, "target": "area", "value": 1}, {"source": 935, "target": "crops", "value": 1}, {"source": 935, "target": "culture", "value": 1}, {"source": "8aa3bb70-16e1-48b9-a099-97650624f452", "target": 943, "value": 1}, {"source": 943, "target": "fruta", "value": 52}, {"source": 943, "target": "fructificación", "value": 52}, {"source": 943, "target": "frutas", "value": 52}, {"source": 943, "target": "colombia", "value": 27}, {"source": 943, "target": "efectos", "value": 26}, {"source": 943, "target": "fruit", "value": 24}, {"source": 943, "target": "acidez", "value": 23}, {"source": 943, "target": "almacenamiento", "value": 21}, {"source": 943, "target": "maduración", "value": 20}, {"source": 943, "target": "ácidos", "value": 20}, {"source": 943, "target": "producción", "value": 19}, {"source": 943, "target": "solanum", "value": 19}, {"source": 943, "target": "temperatura", "value": 18}, {"source": 943, "target": "productividad", "value": 18}, {"source": 943, "target": "madurez", "value": 18}, {"source": 943, "target": "evaluación", "value": 17}, {"source": 943, "target": "productos", "value": 16}, {"source": 943, "target": "physalis", "value": 16}, {"source": 943, "target": "physalis peruviana", "value": 16}, {"source": 943, "target": "solicitud", "value": 16}, {"source": 943, "target": "peso", "value": 16}, {"source": 943, "target": "color", "value": 15}, {"source": 943, "target": "cosechadoras", "value": 15}, {"source": 943, "target": "cosecha", "value": 15}, {"source": 943, "target": "para", "value": 14}, {"source": 943, "target": "modelado", "value": 14}, {"source": 943, "target": "firmeza", "value": 14}, {"source": 943, "target": "storage", "value": 13}, {"source": 943, "target": "embalaje", "value": 13}, {"source": 943, "target": "usos", "value": 13}, {"source": "8aa3bb70-16e1-48b9-a099-97650624f452", "target": 944, "value": 1}, {"source": 944, "target": "tecnología", "value": 63}, {"source": 944, "target": "administración", "value": 48}, {"source": 944, "target": "gerentes", "value": 31}, {"source": 944, "target": "desarrollo", "value": 26}, {"source": 944, "target": "gestión de la tecnología", "value": 21}, {"source": 944, "target": "colombia", "value": 21}, {"source": 944, "target": "technology", "value": 19}, {"source": 944, "target": "para", "value": 17}, {"source": 944, "target": "management", "value": 14}, {"source": 944, "target": "enfoques", "value": 14}, {"source": 944, "target": "developing", "value": 13}, {"source": 944, "target": "innovación", "value": 13}, {"source": 944, "target": "países", "value": 13}, {"source": 944, "target": "generadores", "value": 12}, {"source": 944, "target": "compañías", "value": 12}, {"source": 944, "target": "biología", "value": 11}, {"source": 944, "target": "sus", "value": 11}, {"source": 944, "target": "producción", "value": 9}, {"source": 944, "target": "innovation", "value": 9}, {"source": 944, "target": "países en desarrollo", "value": 9}, {"source": 944, "target": "emergencias", "value": 9}, {"source": 944, "target": "países desarrollados", "value": 9}, {"source": 944, "target": "tripas", "value": 9}, {"source": 944, "target": "productividad", "value": 8}, {"source": 944, "target": "dinámica", "value": 8}, {"source": 944, "target": "evaluación", "value": 8}, {"source": 944, "target": "procesos", "value": 7}, {"source": 944, "target": "procesando", "value": 7}, {"source": 944, "target": "análisis", "value": 7}, {"source": 944, "target": "universo", "value": 7}, {"source": "8aa3bb70-16e1-48b9-a099-97650624f452", "target": 945, "value": 1}, {"source": 945, "target": "para", "value": 20}, {"source": 945, "target": "floor", "value": 16}, {"source": 945, "target": "crops", "value": 15}, {"source": 945, "target": "colombia", "value": 13}, {"source": 945, "target": "culture", "value": 11}, {"source": 945, "target": "properties", "value": 10}, {"source": 945, "target": "property", "value": 10}, {"source": 945, "target": "analysis", "value": 10}, {"source": 945, "target": "2,4,5-t", "value": 10}, {"source": 945, "target": "effects", "value": 9}, {"source": 945, "target": "bed sheets", "value": 9}, {"source": 945, "target": "zea", "value": 8}, {"source": 945, "target": "zea mays", "value": 8}, {"source": 945, "target": "suelo", "value": 7}, {"source": 945, "target": "agricultura", "value": 7}, {"source": 945, "target": "evaluation", "value": 7}, {"source": 945, "target": "site", "value": 7}, {"source": 945, "target": "agriculture", "value": 5}, {"source": 945, "target": "models", "value": 5}, {"source": 945, "target": "systems", "value": 5}, {"source": 945, "target": "análisis", "value": 5}, {"source": 945, "target": "physical", "value": 5}, {"source": 945, "target": "corn", "value": 5}, {"source": 945, "target": "performance", "value": 5}, {"source": 945, "target": "sus", "value": 5}, {"source": 945, "target": "uses", "value": 4}, {"source": 945, "target": "fertility", "value": 4}, {"source": 945, "target": "resistencia", "value": 4}, {"source": 945, "target": "resiste", "value": 4}, {"source": 945, "target": "behaviour", "value": 4}, {"source": "8aa3bb70-16e1-48b9-a099-97650624f452", "target": 953, "value": 1}, {"source": 953, "target": "para", "value": 13}, {"source": 953, "target": "colombia", "value": 9}, {"source": 953, "target": "developing", "value": 9}, {"source": 953, "target": "sus", "value": 9}, {"source": 953, "target": "territories", "value": 7}, {"source": 953, "target": "approaches", "value": 6}, {"source": 953, "target": "management", "value": 6}, {"source": 953, "target": "models", "value": 5}, {"source": 953, "target": "organizations", "value": 5}, {"source": 953, "target": "rural development", "value": 5}, {"source": 953, "target": "territory", "value": 5}, {"source": 953, "target": "policies", "value": 5}, {"source": 953, "target": "politics", "value": 5}, {"source": 953, "target": "investigation", "value": 5}, {"source": 953, "target": "2,4,5-t", "value": 5}, {"source": 953, "target": "markets", "value": 4}, {"source": 953, "target": "analysis", "value": 4}, {"source": 953, "target": "technical assistance", "value": 4}, {"source": 953, "target": "techniques", "value": 4}, {"source": 953, "target": "processes", "value": 4}, {"source": 953, "target": "production", "value": 4}, {"source": 953, "target": "mercadotecnía", "value": 3}, {"source": 953, "target": "evaluation", "value": 3}, {"source": 953, "target": "quality", "value": 3}, {"source": 953, "target": "organisms", "value": 3}, {"source": 953, "target": "universities", "value": 3}, {"source": 953, "target": "groups", "value": 3}, {"source": 953, "target": "communities", "value": 3}, {"source": 953, "target": "public policy", "value": 3}, {"source": 953, "target": "organismos", "value": 2}, {"source": "8aa3bb70-16e1-48b9-a099-97650624f452", "target": 960, "value": 1}, {"source": 960, "target": "para", "value": 9}, {"source": 960, "target": "rural development", "value": 7}, {"source": 960, "target": "developing", "value": 6}, {"source": 960, "target": "colombia", "value": 6}, {"source": 960, "target": "sus", "value": 5}, {"source": 960, "target": "food", "value": 4}, {"source": 960, "target": "analysis", "value": 4}, {"source": 960, "target": "construction", "value": 4}, {"source": 960, "target": "territory", "value": 3}, {"source": 960, "target": "strategies", "value": 3}, {"source": 960, "target": "production", "value": 3}, {"source": 960, "target": "job", "value": 3}, {"source": 960, "target": "processes", "value": 3}, {"source": 960, "target": "communities", "value": 3}, {"source": 960, "target": "markets", "value": 3}, {"source": 960, "target": "territorialidad", "value": 2}, {"source": 960, "target": "approaches", "value": 2}, {"source": 960, "target": "management", "value": 2}, {"source": 960, "target": "organizations", "value": 2}, {"source": 960, "target": "documentation", "value": 2}, {"source": 960, "target": "oriente", "value": 2}, {"source": 960, "target": "countryside", "value": 2}, {"source": 960, "target": "schools", "value": 2}, {"source": 960, "target": "instituciones académicas", "value": 2}, {"source": 960, "target": "pope", "value": 2}, {"source": 960, "target": "embargo", "value": 2}, {"source": 960, "target": "students", "value": 2}, {"source": 960, "target": "agrarian reform", "value": 2}, {"source": 960, "target": "municipalities", "value": 2}, {"source": 960, "target": "communication", "value": 2}, {"source": "8aa3bb70-16e1-48b9-a099-97650624f452", "target": 968, "value": 1}, {"source": 968, "target": "para", "value": 6}, {"source": 968, "target": "2,4,5-t", "value": 5}, {"source": 968, "target": "farming", "value": 5}, {"source": 968, "target": "developing", "value": 4}, {"source": 968, "target": "approaches", "value": 4}, {"source": 968, "target": "honduras", "value": 3}, {"source": 968, "target": "poverty", "value": 3}, {"source": 968, "target": "sus", "value": 3}, {"source": 968, "target": "colombia", "value": 3}, {"source": 968, "target": "biodiversity", "value": 2}, {"source": 968, "target": "components", "value": 2}, {"source": 968, "target": "management", "value": 2}, {"source": 968, "target": "analysis", "value": 2}, {"source": 968, "target": "institutions", "value": 2}, {"source": 968, "target": "economy", "value": 2}, {"source": 968, "target": "rural development", "value": 2}, {"source": 968, "target": "multiple functions of agriculture", "value": 2}, {"source": 968, "target": "structure function of agroecosystems", "value": 2}, {"source": 968, "target": "crops", "value": 2}, {"source": 968, "target": "culture", "value": 2}, {"source": 968, "target": "farmers", "value": 1}, {"source": 968, "target": "production", "value": 1}, {"source": 968, "target": "creation", "value": 1}, {"source": 968, "target": "departments", "value": 1}, {"source": 968, "target": "ecosystem", "value": 1}, {"source": 968, "target": "environmental protection", "value": 1}, {"source": 968, "target": "extension", "value": 1}, {"source": 968, "target": "background", "value": 1}, {"source": 968, "target": "learning", "value": 1}, {"source": 968, "target": "territories", "value": 1}, {"source": "8aa3bb70-16e1-48b9-a099-97650624f452", "target": 969, "value": 1}, {"source": 969, "target": "systems", "value": 14}, {"source": 969, "target": "para", "value": 13}, {"source": 969, "target": "colombia", "value": 11}, {"source": 969, "target": "production", "value": 11}, {"source": 969, "target": "management", "value": 9}, {"source": 969, "target": "production systems", "value": 7}, {"source": 969, "target": "analysis", "value": 6}, {"source": 969, "target": "departments", "value": 5}, {"source": 969, "target": "irrigation", "value": 5}, {"source": 969, "target": "plantae", "value": 5}, {"source": 969, "target": "solanum", "value": 5}, {"source": 969, "target": "2,4,5-t", "value": 5}, {"source": 969, "target": "consumption", "value": 4}, {"source": 969, "target": "pope", "value": 4}, {"source": 969, "target": "products", "value": 4}, {"source": 969, "target": "plants", "value": 4}, {"source": 969, "target": "investigation", "value": 4}, {"source": 969, "target": "processes", "value": 4}, {"source": 969, "target": "marketing", "value": 3}, {"source": 969, "target": "bulb", "value": 3}, {"source": 969, "target": "onion", "value": 3}, {"source": 969, "target": "commercialization", "value": 3}, {"source": 969, "target": "crops", "value": 3}, {"source": 969, "target": "culture", "value": 3}, {"source": 969, "target": "managers", "value": 3}, {"source": 969, "target": "solanum quitoense", "value": 3}, {"source": 969, "target": "productivity", "value": 3}, {"source": 969, "target": "varieties", "value": 3}, {"source": 969, "target": "sus", "value": 3}, {"source": 969, "target": "developing", "value": 2}, {"source": "8aa3bb70-16e1-48b9-a099-97650624f452", "target": 977, "value": 1}, {"source": 977, "target": "processes", "value": 6}, {"source": 977, "target": "poland", "value": 5}, {"source": 977, "target": "para", "value": 5}, {"source": 977, "target": "products", "value": 5}, {"source": 977, "target": "electronics", "value": 5}, {"source": 977, "target": "bioactive compounds", "value": 4}, {"source": 977, "target": "production", "value": 4}, {"source": 977, "target": "activities", "value": 4}, {"source": 977, "target": "quality", "value": 4}, {"source": 977, "target": "honey", "value": 4}, {"source": 977, "target": "nose", "value": 4}, {"source": 977, "target": "producción", "value": 3}, {"source": 977, "target": "productividad", "value": 3}, {"source": 977, "target": "compuestos", "value": 3}, {"source": 977, "target": "sus", "value": 3}, {"source": 977, "target": "physics", "value": 3}, {"source": 977, "target": "nutrition", "value": 3}, {"source": 977, "target": "analysis", "value": 3}, {"source": 977, "target": "evaluation", "value": 3}, {"source": 977, "target": "productivity", "value": 3}, {"source": 977, "target": "2,4,5-t", "value": 3}, {"source": 977, "target": "quimicos", "value": 2}, {"source": 977, "target": "pollen", "value": 2}, {"source": 977, "target": "proteinas", "value": 2}, {"source": 977, "target": "digesters", "value": 2}, {"source": 977, "target": "digestibility", "value": 2}, {"source": 977, "target": "digestion", "value": 2}, {"source": 977, "target": "processing", "value": 2}, {"source": 977, "target": "biotechnology", "value": 2}, {"source": 977, "target": "nutrients", "value": 2}, {"source": "8aa3bb70-16e1-48b9-a099-97650624f452", "target": 3190, "value": 1}, {"source": "8aa3bb70-16e1-48b9-a099-97650624f452", "target": 3261, "value": 1}], "options": [{"label": "Estado inicial", "value": "Departamento de Desarrollo Rural y Agroalimentario", "group": "00. Opciones predeterminadas"}, {"label": "Acevedo Osorio Alvaro", "value": "Acevedo Osorio Alvaro", "group": "02. Opciones de autor"}, {"label": "Aranda Camacho Yesid Vicente", "value": "Aranda Camacho Yesid Vicente", "group": "02. Opciones de autor"}, {"label": "Argüello Arias Heliodoro", "value": "Argüello Arias Heliodoro", "group": "02. Opciones de autor"}, {"label": "Barrientos Fuentes Juan Carlos", "value": "Barrientos Fuentes Juan Carlos", "group": "02. Opciones de autor"}, {"label": "Barrios Hernandez Dursun", "value": "Barrios Hernandez Dursun", "group": "02. Opciones de autor"}, {"label": "Franco Valencia Marco Heli", "value": "Franco Valencia Marco Heli", "group": "02. Opciones de autor"}, {"label": "Guevara Barbosa Pablo César", "value": "Guevara Barbosa Pablo César", "group": "02. Opciones de autor"}, {"label": "Herrera Arévalo Aníbal Orlando", "value": "Herrera Arévalo Aníbal Orlando", "group": "02. Opciones de autor"}, {"label": "Jimenez Hernandez Claudia Nelcy", "value": "Jimenez Hernandez Claudia Nelcy", "group": "02. Opciones de autor"}, {"label": "Leiva Baron Fabio Rodrigo", "value": "Leiva Baron Fabio Rodrigo", "group": "02. Opciones de autor"}, {"label": "Molina Ochoa Juan Patricio", "value": "Molina Ochoa Juan Patricio", "group": "02. Opciones de autor"}, {"label": "Pachon Ariza Fabio Alberto", "value": "Pachon Ariza Fabio Alberto", "group": "02. Opciones de autor"}, {"label": "Rivas Guzmán Álvaro", "value": "Rivas Guzmán Álvaro", "group": "02. Opciones de autor"}, {"label": "Rodriguez Caycedo Luis Felipe", "value": "Rodriguez Caycedo Luis Felipe", "group": "02. Opciones de autor"}, {"label": "Valderrama Bohórquez Nathalia", "value": "Valderrama Bohórquez Nathalia", "group": "02. Opciones de autor"}, {"label": "Zuluaga Dominguez Carlos Mario", "value": "Zuluaga Dominguez Carlos Mario", "group": "02. Opciones de autor"}, {"label": "Departamento de Desarrollo Rural y Agroalimentario", "value": "Departamento de Desarrollo Rural y Agroalimentario", "group": "02. Opciones de uab"}, {"label": "2,4,5-t", "value": "2,4,5-t", "group": "03. Opciones de temas"}, {"label": "acidez", "value": "acidez", "group": "03. Opciones de temas"}, {"label": "activities", "value": "activities", "group": "03. Opciones de temas"}, {"label": "administracion de recursos", "value": "administracion de recursos", "group": "03. Opciones de temas"}, {"label": "administración", "value": "administración", "group": "03. Opciones de temas"}, {"label": "agrarian reform", "value": "agrarian reform", "group": "03. Opciones de temas"}, {"label": "agricultura", "value": "agricultura", "group": "03. Opciones de temas"}, {"label": "agriculture", "value": "agriculture", "group": "03. Opciones de temas"}, {"label": "agroalimentary systems", "value": "agroalimentary systems", "group": "03. Opciones de temas"}, {"label": "agroecology", "value": "agroecology", "group": "03. Opciones de temas"}, {"label": "agroforestry systems", "value": "agroforestry systems", "group": "03. Opciones de temas"}, {"label": "almacenamiento", "value": "almacenamiento", "group": "03. Opciones de temas"}, {"label": "america latina", "value": "america latina", "group": "03. Opciones de temas"}, {"label": "americas", "value": "americas", "group": "03. Opciones de temas"}, {"label": "amphibians", "value": "amphibians", "group": "03. Opciones de temas"}, {"label": "analysis", "value": "analysis", "group": "03. Opciones de temas"}, {"label": "análisis", "value": "análisis", "group": "03. Opciones de temas"}, {"label": "análisis estadístico", "value": "análisis estadístico", "group": "03. Opciones de temas"}, {"label": "approaches", "value": "approaches", "group": "03. Opciones de temas"}, {"label": "area", "value": "area", "group": "03. Opciones de temas"}, {"label": "aspects", "value": "aspects", "group": "03. Opciones de temas"}, {"label": "background", "value": "background", "group": "03. Opciones de temas"}, {"label": "bactris gasipaes", "value": "bactris gasipaes", "group": "03. Opciones de temas"}, {"label": "basic needs", "value": "basic needs", "group": "03. Opciones de temas"}, {"label": "bed sheets", "value": "bed sheets", "group": "03. Opciones de temas"}, {"label": "behaviour", "value": "behaviour", "group": "03. Opciones de temas"}, {"label": "bills", "value": "bills", "group": "03. Opciones de temas"}, {"label": "bioactive compounds", "value": "bioactive compounds", "group": "03. Opciones de temas"}, {"label": "biodiversity", "value": "biodiversity", "group": "03. Opciones de temas"}, {"label": "biología", "value": "biología", "group": "03. Opciones de temas"}, {"label": "biotechnology", "value": "biotechnology", "group": "03. Opciones de temas"}, {"label": "bobo r chizazu s", "value": "bobo r chizazu s", "group": "03. Opciones de temas"}, {"label": "bovinos", "value": "bovinos", "group": "03. Opciones de temas"}, {"label": "bulb", "value": "bulb", "group": "03. Opciones de temas"}, {"label": "capital social", "value": "capital social", "group": "03. Opciones de temas"}, {"label": "coffee", "value": "coffee", "group": "03. Opciones de temas"}, {"label": "colombia", "value": "colombia", "group": "03. Opciones de temas"}, {"label": "color", "value": "color", "group": "03. Opciones de temas"}, {"label": "commercialization", "value": "commercialization", "group": "03. Opciones de temas"}, {"label": "communication", "value": "communication", "group": "03. Opciones de temas"}, {"label": "communities", "value": "communities", "group": "03. Opciones de temas"}, {"label": "compañías", "value": "compañías", "group": "03. Opciones de temas"}, {"label": "components", "value": "components", "group": "03. Opciones de temas"}, {"label": "compuestos", "value": "compuestos", "group": "03. Opciones de temas"}, {"label": "construcción", "value": "construcción", "group": "03. Opciones de temas"}, {"label": "construction", "value": "construction", "group": "03. Opciones de temas"}, {"label": "consumption", "value": "consumption", "group": "03. Opciones de temas"}, {"label": "corn", "value": "corn", "group": "03. Opciones de temas"}, {"label": "cosecha", "value": "cosecha", "group": "03. Opciones de temas"}, {"label": "cosechadoras", "value": "cosechadoras", "group": "03. Opciones de temas"}, {"label": "costs", "value": "costs", "group": "03. Opciones de temas"}, {"label": "countryside", "value": "countryside", "group": "03. Opciones de temas"}, {"label": "cow", "value": "cow", "group": "03. Opciones de temas"}, {"label": "cratylia", "value": "cratylia", "group": "03. Opciones de temas"}, {"label": "creation", "value": "creation", "group": "03. Opciones de temas"}, {"label": "crops", "value": "crops", "group": "03. Opciones de temas"}, {"label": "culture", "value": "culture", "group": "03. Opciones de temas"}, {"label": "departments", "value": "departments", "group": "03. Opciones de temas"}, {"label": "desarrollo", "value": "desarrollo", "group": "03. Opciones de temas"}, {"label": "desarrollo sostenible", "value": "desarrollo sostenible", "group": "03. Opciones de temas"}, {"label": "design", "value": "design", "group": "03. Opciones de temas"}, {"label": "developing", "value": "developing", "group": "03. Opciones de temas"}, {"label": "digesters", "value": "digesters", "group": "03. Opciones de temas"}, {"label": "digestibility", "value": "digestibility", "group": "03. Opciones de temas"}, {"label": "digestion", "value": "digestion", "group": "03. Opciones de temas"}, {"label": "dinámica", "value": "dinámica", "group": "03. Opciones de temas"}, {"label": "documentation", "value": "documentation", "group": "03. Opciones de temas"}, {"label": "dynamic", "value": "dynamic", "group": "03. Opciones de temas"}, {"label": "economy", "value": "economy", "group": "03. Opciones de temas"}, {"label": "economía", "value": "economía", "group": "03. Opciones de temas"}, {"label": "ecosystem", "value": "ecosystem", "group": "03. Opciones de temas"}, {"label": "education", "value": "education", "group": "03. Opciones de temas"}, {"label": "efectos", "value": "efectos", "group": "03. Opciones de temas"}, {"label": "effects", "value": "effects", "group": "03. Opciones de temas"}, {"label": "electronics", "value": "electronics", "group": "03. Opciones de temas"}, {"label": "embalaje", "value": "embalaje", "group": "03. Opciones de temas"}, {"label": "embargo", "value": "embargo", "group": "03. Opciones de temas"}, {"label": "emergencias", "value": "emergencias", "group": "03. Opciones de temas"}, {"label": "enfoques", "value": "enfoques", "group": "03. Opciones de temas"}, {"label": "environmental protection", "value": "environmental protection", "group": "03. Opciones de temas"}, {"label": "estadísticas", "value": "estadísticas", "group": "03. Opciones de temas"}, {"label": "evaluación", "value": "evaluación", "group": "03. Opciones de temas"}, {"label": "evaluation", "value": "evaluation", "group": "03. Opciones de temas"}, {"label": "extension", "value": "extension", "group": "03. Opciones de temas"}, {"label": "factors", "value": "factors", "group": "03. Opciones de temas"}, {"label": "farmers", "value": "farmers", "group": "03. Opciones de temas"}, {"label": "farming", "value": "farming", "group": "03. Opciones de temas"}, {"label": "fertility", "value": "fertility", "group": "03. Opciones de temas"}, {"label": "firmeza", "value": "firmeza", "group": "03. Opciones de temas"}, {"label": "floor", "value": "floor", "group": "03. Opciones de temas"}, {"label": "foliage", "value": "foliage", "group": "03. Opciones de temas"}, {"label": "food", "value": "food", "group": "03. Opciones de temas"}, {"label": "fructificación", "value": "fructificación", "group": "03. Opciones de temas"}, {"label": "fruit", "value": "fruit", "group": "03. Opciones de temas"}, {"label": "fruta", "value": "fruta", "group": "03. Opciones de temas"}, {"label": "frutas", "value": "frutas", "group": "03. Opciones de temas"}, {"label": "generadores", "value": "generadores", "group": "03. Opciones de temas"}, {"label": "gerentes", "value": "gerentes", "group": "03. Opciones de temas"}, {"label": "gestión de la tecnología", "value": "gestión de la tecnología", "group": "03. Opciones de temas"}, {"label": "groups", "value": "groups", "group": "03. Opciones de temas"}, {"label": "honduras", "value": "honduras", "group": "03. Opciones de temas"}, {"label": "honey", "value": "honey", "group": "03. Opciones de temas"}, {"label": "incidence", "value": "incidence", "group": "03. Opciones de temas"}, {"label": "information", "value": "information", "group": "03. Opciones de temas"}, {"label": "innovación", "value": "innovación", "group": "03. Opciones de temas"}, {"label": "innovation", "value": "innovation", "group": "03. Opciones de temas"}, {"label": "instituciones académicas", "value": "instituciones académicas", "group": "03. Opciones de temas"}, {"label": "institutions", "value": "institutions", "group": "03. Opciones de temas"}, {"label": "investigación", "value": "investigación", "group": "03. Opciones de temas"}, {"label": "investigation", "value": "investigation", "group": "03. Opciones de temas"}, {"label": "irrigation", "value": "irrigation", "group": "03. Opciones de temas"}, {"label": "job", "value": "job", "group": "03. Opciones de temas"}, {"label": "language", "value": "language", "group": "03. Opciones de temas"}, {"label": "learning", "value": "learning", "group": "03. Opciones de temas"}, {"label": "level", "value": "level", "group": "03. Opciones de temas"}, {"label": "light", "value": "light", "group": "03. Opciones de temas"}, {"label": "maduración", "value": "maduración", "group": "03. Opciones de temas"}, {"label": "madurez", "value": "madurez", "group": "03. Opciones de temas"}, {"label": "management", "value": "management", "group": "03. Opciones de temas"}, {"label": "managers", "value": "managers", "group": "03. Opciones de temas"}, {"label": "marcos", "value": "marcos", "group": "03. Opciones de temas"}, {"label": "marketing", "value": "marketing", "group": "03. Opciones de temas"}, {"label": "markets", "value": "markets", "group": "03. Opciones de temas"}, {"label": "mercadotecnía", "value": "mercadotecnía", "group": "03. Opciones de temas"}, {"label": "milk", "value": "milk", "group": "03. Opciones de temas"}, {"label": "modelado", "value": "modelado", "group": "03. Opciones de temas"}, {"label": "models", "value": "models", "group": "03. Opciones de temas"}, {"label": "multiple functions of agriculture", "value": "multiple functions of agriculture", "group": "03. Opciones de temas"}, {"label": "municipalities", "value": "municipalities", "group": "03. Opciones de temas"}, {"label": "nasas", "value": "nasas", "group": "03. Opciones de temas"}, {"label": "needs", "value": "needs", "group": "03. Opciones de temas"}, {"label": "networks", "value": "networks", "group": "03. Opciones de temas"}, {"label": "nose", "value": "nose", "group": "03. Opciones de temas"}, {"label": "nutrients", "value": "nutrients", "group": "03. Opciones de temas"}, {"label": "nutrition", "value": "nutrition", "group": "03. Opciones de temas"}, {"label": "onion", "value": "onion", "group": "03. Opciones de temas"}, {"label": "organismos", "value": "organismos", "group": "03. Opciones de temas"}, {"label": "organisms", "value": "organisms", "group": "03. Opciones de temas"}, {"label": "organizaciones", "value": "organizaciones", "group": "03. Opciones de temas"}, {"label": "organizations", "value": "organizations", "group": "03. Opciones de temas"}, {"label": "oriente", "value": "oriente", "group": "03. Opciones de temas"}, {"label": "para", "value": "para", "group": "03. Opciones de temas"}, {"label": "países", "value": "países", "group": "03. Opciones de temas"}, {"label": "países desarrollados", "value": "países desarrollados", "group": "03. Opciones de temas"}, {"label": "países en desarrollo", "value": "países en desarrollo", "group": "03. Opciones de temas"}, {"label": "performance", "value": "performance", "group": "03. Opciones de temas"}, {"label": "peso", "value": "peso", "group": "03. Opciones de temas"}, {"label": "physalis", "value": "physalis", "group": "03. Opciones de temas"}, {"label": "physalis peruviana", "value": "physalis peruviana", "group": "03. Opciones de temas"}, {"label": "physical", "value": "physical", "group": "03. Opciones de temas"}, {"label": "physics", "value": "physics", "group": "03. Opciones de temas"}, {"label": "planning", "value": "planning", "group": "03. Opciones de temas"}, {"label": "plantae", "value": "plantae", "group": "03. Opciones de temas"}, {"label": "plants", "value": "plants", "group": "03. Opciones de temas"}, {"label": "poland", "value": "poland", "group": "03. Opciones de temas"}, {"label": "policies", "value": "policies", "group": "03. Opciones de temas"}, {"label": "politics", "value": "politics", "group": "03. Opciones de temas"}, {"label": "pollen", "value": "pollen", "group": "03. Opciones de temas"}, {"label": "pope", "value": "pope", "group": "03. Opciones de temas"}, {"label": "poverty", "value": "poverty", "group": "03. Opciones de temas"}, {"label": "prices", "value": "prices", "group": "03. Opciones de temas"}, {"label": "procesando", "value": "procesando", "group": "03. Opciones de temas"}, {"label": "procesos", "value": "procesos", "group": "03. Opciones de temas"}, {"label": "processes", "value": "processes", "group": "03. Opciones de temas"}, {"label": "processing", "value": "processing", "group": "03. Opciones de temas"}, {"label": "producción", "value": "producción", "group": "03. Opciones de temas"}, {"label": "production", "value": "production", "group": "03. Opciones de temas"}, {"label": "production systems", "value": "production systems", "group": "03. Opciones de temas"}, {"label": "productividad", "value": "productividad", "group": "03. Opciones de temas"}, {"label": "productivity", "value": "productivity", "group": "03. Opciones de temas"}, {"label": "productos", "value": "productos", "group": "03. Opciones de temas"}, {"label": "productos agrícolas", "value": "productos agrícolas", "group": "03. Opciones de temas"}, {"label": "products", "value": "products", "group": "03. Opciones de temas"}, {"label": "programs", "value": "programs", "group": "03. Opciones de temas"}, {"label": "properties", "value": "properties", "group": "03. Opciones de temas"}, {"label": "property", "value": "property", "group": "03. Opciones de temas"}, {"label": "proteinas", "value": "proteinas", "group": "03. Opciones de temas"}, {"label": "public policy", "value": "public policy", "group": "03. Opciones de temas"}, {"label": "quality", "value": "quality", "group": "03. Opciones de temas"}, {"label": "quimicos", "value": "quimicos", "group": "03. Opciones de temas"}, {"label": "record", "value": "record", "group": "03. Opciones de temas"}, {"label": "resiste", "value": "resiste", "group": "03. Opciones de temas"}, {"label": "resistencia", "value": "resistencia", "group": "03. Opciones de temas"}, {"label": "results", "value": "results", "group": "03. Opciones de temas"}, {"label": "rural development", "value": "rural development", "group": "03. Opciones de temas"}, {"label": "schools", "value": "schools", "group": "03. Opciones de temas"}, {"label": "seed", "value": "seed", "group": "03. Opciones de temas"}, {"label": "seeds", "value": "seeds", "group": "03. Opciones de temas"}, {"label": "sightseeing", "value": "sightseeing", "group": "03. Opciones de temas"}, {"label": "sistemas de producción", "value": "sistemas de producción", "group": "03. Opciones de temas"}, {"label": "sistemas operativos", "value": "sistemas operativos", "group": "03. Opciones de temas"}, {"label": "site", "value": "site", "group": "03. Opciones de temas"}, {"label": "sixth", "value": "sixth", "group": "03. Opciones de temas"}, {"label": "socioeconomic aspects", "value": "socioeconomic aspects", "group": "03. Opciones de temas"}, {"label": "solanum", "value": "solanum", "group": "03. Opciones de temas"}, {"label": "solanum quitoense", "value": "solanum quitoense", "group": "03. Opciones de temas"}, {"label": "solicitud", "value": "solicitud", "group": "03. Opciones de temas"}, {"label": "storage", "value": "storage", "group": "03. Opciones de temas"}, {"label": "strategies", "value": "strategies", "group": "03. Opciones de temas"}, {"label": "structure function of agroecosystems", "value": "structure function of agroecosystems", "group": "03. Opciones de temas"}, {"label": "students", "value": "students", "group": "03. Opciones de temas"}, {"label": "suelo", "value": "suelo", "group": "03. Opciones de temas"}, {"label": "sus", "value": "sus", "group": "03. Opciones de temas"}, {"label": "systems", "value": "systems", "group": "03. Opciones de temas"}, {"label": "technical assistance", "value": "technical assistance", "group": "03. Opciones de temas"}, {"label": "techniques", "value": "techniques", "group": "03. Opciones de temas"}, {"label": "technology", "value": "technology", "group": "03. Opciones de temas"}, {"label": "tecnología", "value": "tecnología", "group": "03. Opciones de temas"}, {"label": "temperatura", "value": "temperatura", "group": "03. Opciones de temas"}, {"label": "territorialidad", "value": "territorialidad", "group": "03. Opciones de temas"}, {"label": "territories", "value": "territories", "group": "03. Opciones de temas"}, {"label": "territory", "value": "territory", "group": "03. Opciones de temas"}, {"label": "tripas", "value": "tripas", "group": "03. Opciones de temas"}, {"label": "universities", "value": "universities", "group": "03. Opciones de temas"}, {"label": "universo", "value": "universo", "group": "03. Opciones de temas"}, {"label": "uses", "value": "uses", "group": "03. Opciones de temas"}, {"label": "usos", "value": "usos", "group": "03. Opciones de temas"}, {"label": "varieties", "value": "varieties", "group": "03. Opciones de temas"}, {"label": "vegetables", "value": "vegetables", "group": "03. Opciones de temas"}, {"label": "villages", "value": "villages", "group": "03. Opciones de temas"}, {"label": "zea", "value": "zea", "group": "03. Opciones de temas"}, {"label": "zea mays", "value": "zea mays", "group": "03. Opciones de temas"}, {"label": "ácidos", "value": "ácidos", "group": "03. Opciones de temas"}]}