{"nodes": [{"id": "ef1634d4-0138-4b49-9fe4-f8174b4ca4a6", "label": "Departamento de Materiales y Minerales", "type": "uab"}, {"id": 1299, "label": "Blandon Montes Astrid Del Socorro", "type": "author"}, {"id": "generadores", "label": "generadores", "type": "topic"}, {"id": "carbón", "label": "carbón", "type": "topic"}, {"id": "reflectividad", "label": "reflectividad", "type": "topic"}, {"id": "explosiones", "label": "explosiones", "type": "topic"}, {"id": "hidrocarburos", "label": "hidrocarburos", "type": "topic"}, {"id": "organismos", "label": "organismos", "type": "topic"}, {"id": "organizaciones", "label": "organizaciones", "type": "topic"}, {"id": "rocas", "label": "rocas", "type": "topic"}, {"id": "fluorescencia", "label": "fluorescencia", "type": "topic"}, {"id": "fotografías", "label": "fotografías", "type": "topic"}, {"id": "envejecimiento", "label": "envejecimiento", "type": "topic"}, {"id": "minerales", "label": "minerales", "type": "topic"}, {"id": "azufre", "label": "azufre", "type": "topic"}, {"id": "minería de carbón", "label": "minería de carbón", "type": "topic"}, {"id": "observadores", "label": "observadores", "type": "topic"}, {"id": "encendiendo", "label": "encendiendo", "type": "topic"}, {"id": "índices", "label": "índices", "type": "topic"}, {"id": "análisis de imagen", "label": "análisis de imagen", "type": "topic"}, {"id": "correladores", "label": "correladores", "type": "topic"}, {"id": "correlación", "label": "correlación", "type": "topic"}, {"id": "químicos", "label": "químicos", "type": "topic"}, {"id": "observabilidad", "label": "observabilidad", "type": "topic"}, {"id": "pruebas", "label": "pruebas", "type": "topic"}, {"id": "indexación", "label": "indexación", "type": "topic"}, {"id": "encendido", "label": "encendido", "type": "topic"}, {"id": "limitante", "label": "limitante", "type": "topic"}, {"id": "medición", "label": "medición", "type": "topic"}, {"id": "temperatura", "label": "temperatura", "type": "topic"}, {"id": "microscopía", "label": "microscopía", "type": "topic"}, {"id": "materiales", "label": "materiales", "type": "topic"}, {"id": 1304, "label": "Bustamante Rua Moises Oswaldo", "type": "author"}, {"id": "modelado", "label": "modelado", "type": "topic"}, {"id": "industrias", "label": "industrias", "type": "topic"}, {"id": "controlabilidad", "label": "controlabilidad", "type": "topic"}, {"id": "simulación", "label": "simulación", "type": "topic"}, {"id": "sólidos", "label": "sólidos", "type": "topic"}, {"id": "momento", "label": "momento", "type": "topic"}, {"id": "superficies", "label": "superficies", "type": "topic"}, {"id": "energía", "label": "energía", "type": "topic"}, {"id": "oro", "label": "oro", "type": "topic"}, {"id": "mejoramiento", "label": "mejoramiento", "type": "topic"}, {"id": "aplicadores", "label": "aplicadores", "type": "topic"}, {"id": "fresado de pelota", "label": "fresado de pelota", "type": "topic"}, {"id": "ecuaciones", "label": "ecuaciones", "type": "topic"}, {"id": "física", "label": "física", "type": "topic"}, {"id": "cerámica", "label": "cerámica", "type": "topic"}, {"id": "ley", "label": "ley", "type": "topic"}, {"id": "energía mecánica", "label": "energía mecánica", "type": "topic"}, {"id": "disipación de energía", "label": "disipación de energía", "type": "topic"}, {"id": "ciencias económicas", "label": "ciencias económicas", "type": "topic"}, {"id": "líquidos", "label": "líquidos", "type": "topic"}, {"id": "fuerza", "label": "fuerza", "type": "topic"}, {"id": "contactos", "label": "contactos", "type": "topic"}, {"id": "fraccionamiento", "label": "fraccionamiento", "type": "topic"}, {"id": "planchar", "label": "planchar", "type": "topic"}, {"id": 1308, "label": "Cardona Arbelaez Gildardo Alejandro", "type": "author"}, {"id": 1316, "label": "Castro Caicedo Alvaro Jesus", "type": "author"}, {"id": "construcción", "label": "construcción", "type": "topic"}, {"id": "estabilidad", "label": "estabilidad", "type": "topic"}, {"id": "túnel", "label": "túnel", "type": "topic"}, {"id": "estrés", "label": "estrés", "type": "topic"}, {"id": "sensores", "label": "sensores", "type": "topic"}, {"id": "gracias de bragg", "label": "gracias de bragg", "type": "topic"}, {"id": "presion", "label": "presion", "type": "topic"}, {"id": "rejillas", "label": "rejillas", "type": "topic"}, {"id": "toma de tierra", "label": "toma de tierra", "type": "topic"}, {"id": "análisis estático", "label": "análisis estático", "type": "topic"}, {"id": "disponibilidad", "label": "disponibilidad", "type": "topic"}, {"id": "programación", "label": "programación", "type": "topic"}, {"id": "tensor", "label": "tensor", "type": "topic"}, {"id": "óptica", "label": "óptica", "type": "topic"}, {"id": "embalaje", "label": "embalaje", "type": "topic"}, {"id": "calibración", "label": "calibración", "type": "topic"}, {"id": "geología", "label": "geología", "type": "topic"}, {"id": 1325, "label": "Dorkis Ludovic", "type": "author"}, {"id": "catalizadores", "label": "catalizadores", "type": "topic"}, {"id": "rayos x", "label": "rayos x", "type": "topic"}, {"id": "producción", "label": "producción", "type": "topic"}, {"id": "productividad", "label": "productividad", "type": "topic"}, {"id": "níquel", "label": "níquel", "type": "topic"}, {"id": "nanotubos de carbon", "label": "nanotubos de carbon", "type": "topic"}, {"id": "nanotubos", "label": "nanotubos", "type": "topic"}, {"id": "difracción de rayos x", "label": "difracción de rayos x", "type": "topic"}, {"id": "difracción", "label": "difracción", "type": "topic"}, {"id": "microscopio de electrones", "label": "microscopio de electrones", "type": "topic"}, {"id": "espectroscopia", "label": "espectroscopia", "type": "topic"}, {"id": "microscopía electrónica de barrido", "label": "microscopía electrónica de barrido", "type": "topic"}, {"id": "perovskites", "label": "perovskites", "type": "topic"}, {"id": "compuestos", "label": "compuestos", "type": "topic"}, {"id": "hidrógeno", "label": "hidrógeno", "type": "topic"}, {"id": "microscopio de transmisión por electrones", "label": "microscopio de transmisión por electrones", "type": "topic"}, {"id": "electrones", "label": "electrones", "type": "topic"}, {"id": "método de combustión automática", "label": "método de combustión automática", "type": "topic"}, {"id": "resistencia", "label": "resistencia", "type": "topic"}, {"id": "resiste", "label": "resiste", "type": "topic"}, {"id": "dirigir", "label": "dirigir", "type": "topic"}, {"id": "calculadoras", "label": "calculadoras", "type": "topic"}, {"id": "rieles", "label": "rieles", "type": "topic"}, {"id": "metalización", "label": "metalización", "type": "topic"}, {"id": 1328, "label": "Estupiñan Duran Hugo Armando", "type": "author"}, {"id": "recubrimientos", "label": "recubrimientos", "type": "topic"}, {"id": "aleación", "label": "aleación", "type": "topic"}, {"id": "corrosión", "label": "corrosión", "type": "topic"}, {"id": "acero", "label": "acero", "type": "topic"}, {"id": "calcio", "label": "calcio", "type": "topic"}, {"id": "polímeros", "label": "polímeros", "type": "topic"}, {"id": "titanio", "label": "titanio", "type": "topic"}, {"id": "electrolitos", "label": "electrolitos", "type": "topic"}, {"id": "aditivos", "label": "aditivos", "type": "topic"}, {"id": 1333, "label": "Franco Sepulveda Giovanni", "type": "author"}, {"id": "planificación", "label": "planificación", "type": "topic"}, {"id": "estimacion", "label": "estimacion", "type": "topic"}, {"id": "algoritmos", "label": "algoritmos", "type": "topic"}, {"id": "software", "label": "software", "type": "topic"}, {"id": "incertidumbre", "label": "incertidumbre", "type": "topic"}, {"id": "costos", "label": "costos", "type": "topic"}, {"id": "herramientas", "label": "herramientas", "type": "topic"}, {"id": "administración", "label": "administración", "type": "topic"}, {"id": "alternadores", "label": "alternadores", "type": "topic"}, {"id": "actual", "label": "actual", "type": "topic"}, {"id": "compañías", "label": "compañías", "type": "topic"}, {"id": "comentarios", "label": "comentarios", "type": "topic"}, {"id": "algoritmos genéticos", "label": "algoritmos genéticos", "type": "topic"}, {"id": "genética", "label": "genética", "type": "topic"}, {"id": 1341, "label": "Giraldo Barrada Jorge Enrique", "type": "author"}, {"id": "soldadura", "label": "soldadura", "type": "topic"}, {"id": "circuitos", "label": "circuitos", "type": "topic"}, {"id": "electrodos", "label": "electrodos", "type": "topic"}, {"id": "fabricación", "label": "fabricación", "type": "topic"}, {"id": "inspección", "label": "inspección", "type": "topic"}, {"id": "negocio", "label": "negocio", "type": "topic"}, {"id": "aluminio", "label": "aluminio", "type": "topic"}, {"id": "martensita", "label": "martensita", "type": "topic"}, {"id": "microestructura", "label": "microestructura", "type": "topic"}, {"id": "geometría", "label": "geometría", "type": "topic"}, {"id": "integración de procesos de negocios", "label": "integración de procesos de negocios", "type": "topic"}, {"id": "contexto", "label": "contexto", "type": "topic"}, {"id": "laboratorios", "label": "laboratorios", "type": "topic"}, {"id": "aleaciones de aluminio", "label": "aleaciones de aluminio", "type": "topic"}, {"id": "enchapado", "label": "enchapado", "type": "topic"}, {"id": "voltaje", "label": "voltaje", "type": "topic"}, {"id": 1343, "label": "Giraldo Villada Omar Edison", "type": "author"}, {"id": 1357, "label": "Hernandez Ortiz Juan Pablo", "type": "author"}, {"id": "dinámica", "label": "dinámica", "type": "topic"}, {"id": "hidrodinámica", "label": "hidrodinámica", "type": "topic"}, {"id": "cristalizadores", "label": "cristalizadores", "type": "topic"}, {"id": "cristales", "label": "cristales", "type": "topic"}, {"id": "cristales líquidos", "label": "cristales líquidos", "type": "topic"}, {"id": "goma", "label": "goma", "type": "topic"}, {"id": "ordenadores", "label": "ordenadores", "type": "topic"}, {"id": "fluidos", "label": "fluidos", "type": "topic"}, {"id": "montaje", "label": "montaje", "type": "topic"}, {"id": "motores", "label": "motores", "type": "topic"}, {"id": "electrostática", "label": "electrostática", "type": "topic"}, {"id": 1380, "label": "Marquez Godoy Marco Antonio", "type": "author"}, {"id": "aisladores", "label": "aisladores", "type": "topic"}, {"id": "biotecnología", "label": "biotecnología", "type": "topic"}, {"id": "oxígeno", "label": "oxígeno", "type": "topic"}, {"id": "degradación", "label": "degradación", "type": "topic"}, {"id": 1388, "label": "Meza Meza Juan Manuel", "type": "author"}, {"id": "elasticidad", "label": "elasticidad", "type": "topic"}, {"id": "plástica", "label": "plástica", "type": "topic"}, {"id": "sustratos", "label": "sustratos", "type": "topic"}, {"id": "película (s", "label": "película (s", "type": "topic"}, {"id": "propiedades mecánicas", "label": "propiedades mecánicas", "type": "topic"}, {"id": "magnetrones", "label": "magnetrones", "type": "topic"}, {"id": "instrumentos", "label": "instrumentos", "type": "topic"}, {"id": 1393, "label": "Monsalve Oliveros Juan Eugenio", "type": "author"}, {"id": 1404, "label": "Neira Arenas Gustavo", "type": "author"}, {"id": "biopolímeros", "label": "biopolímeros", "type": "topic"}, {"id": "análisis químico", "label": "análisis químico", "type": "topic"}, {"id": "biodegradación", "label": "biodegradación", "type": "topic"}, {"id": "materiales compuestos", "label": "materiales compuestos", "type": "topic"}, {"id": "transformaciones", "label": "transformaciones", "type": "topic"}, {"id": "fourier transforms", "label": "fourier transforms", "type": "topic"}, {"id": "transformadores", "label": "transformadores", "type": "topic"}, {"id": "resúmenes", "label": "resúmenes", "type": "topic"}, {"id": 1405, "label": "Ocampo Carmona Luz Marina", "type": "author"}, {"id": "zinc", "label": "zinc", "type": "topic"}, {"id": "cátodos", "label": "cátodos", "type": "topic"}, {"id": "pinturas", "label": "pinturas", "type": "topic"}, {"id": "morfología", "label": "morfología", "type": "topic"}, {"id": "impedancia", "label": "impedancia", "type": "topic"}, {"id": "espectroscopía de impedancia electroquímica", "label": "espectroscopía de impedancia electroquímica", "type": "topic"}, {"id": "comercialización", "label": "comercialización", "type": "topic"}, {"id": 1413, "label": "Ospina Montoya Alvaro Leon", "type": "author"}, {"id": 1427, "label": "Restrepo Baena Oscar Jaime", "type": "author"}, {"id": "pigmentación", "label": "pigmentación", "type": "topic"}, {"id": "pigmentos", "label": "pigmentos", "type": "topic"}, {"id": "color", "label": "color", "type": "topic"}, {"id": 1432, "label": "Rodriguez Alvarez Rafael", "type": "author"}, {"id": "malignos hematológicos farmacocinética", "label": "malignos hematológicos farmacocinética", "type": "topic"}, {"id": "piperacilin tazobactam", "label": "piperacilin tazobactam", "type": "topic"}, {"id": "antibióticos beta lactams", "label": "antibióticos beta lactams", "type": "topic"}, {"id": "fiebre", "label": "fiebre", "type": "topic"}, {"id": "quimioterapia", "label": "quimioterapia", "type": "topic"}, {"id": "malignos hematológicos", "label": "malignos hematológicos", "type": "topic"}, {"id": "neoplasias", "label": "neoplasias", "type": "topic"}, {"id": "neoplasias hematológicas", "label": "neoplasias hematológicas", "type": "topic"}, {"id": "neutropenia", "label": "neutropenia", "type": "topic"}, {"id": "neutropenia febril", "label": "neutropenia febril", "type": "topic"}, {"id": "tazobactam", "label": "tazobactam", "type": "topic"}, {"id": "piperacilina", "label": "piperacilina", "type": "topic"}, {"id": "albúminas", "label": "albúminas", "type": "topic"}, {"id": "observación", "label": "observación", "type": "topic"}, {"id": "fase s", "label": "fase s", "type": "topic"}, {"id": "farmacocinética", "label": "farmacocinética", "type": "topic"}, {"id": "hematología", "label": "hematología", "type": "topic"}, {"id": "socialismo", "label": "socialismo", "type": "topic"}, {"id": "socialización", "label": "socialización", "type": "topic"}, {"id": "pacientes", "label": "pacientes", "type": "topic"}, {"id": 1435, "label": "Rojas Reyes Nestor Ricardo", "type": "author"}, {"id": "termodinámica", "label": "termodinámica", "type": "topic"}, {"id": "cobre", "label": "cobre", "type": "topic"}, {"id": "contaminación", "label": "contaminación", "type": "topic"}, {"id": "batidor", "label": "batidor", "type": "topic"}, {"id": "reciclaje", "label": "reciclaje", "type": "topic"}, {"id": "plata", "label": "plata", "type": "topic"}, {"id": "cizallamiento", "label": "cizallamiento", "type": "topic"}, {"id": 1437, "label": "Romero Hernandez Antonio Jose", "type": "author"}, {"id": "encadenamientos", "label": "encadenamientos", "type": "topic"}, {"id": "minería", "label": "minería", "type": "topic"}, {"id": "transferencia de conocimiento", "label": "transferencia de conocimiento", "type": "topic"}, {"id": "formación", "label": "formación", "type": "topic"}, {"id": "macroeconómica", "label": "macroeconómica", "type": "topic"}, {"id": "industria minera", "label": "industria minera", "type": "topic"}, {"id": "matrices", "label": "matrices", "type": "topic"}, {"id": "sistemas dinámicos", "label": "sistemas dinámicos", "type": "topic"}, {"id": "críticas", "label": "críticas", "type": "topic"}, {"id": "arquetipo sistémico", "label": "arquetipo sistémico", "type": "topic"}, {"id": "árboles de decisión", "label": "árboles de decisión", "type": "topic"}, {"id": "comportamiento contraintuitivo", "label": "comportamiento contraintuitivo", "type": "topic"}, {"id": "sistemas de información", "label": "sistemas de información", "type": "topic"}, {"id": "pensamiento sistémico", "label": "pensamiento sistémico", "type": "topic"}, {"id": "metalurgia", "label": "metalurgia", "type": "topic"}, {"id": 1444, "label": "Sanchez Arredondo Luis Hernan", "type": "author"}, {"id": "tierra", "label": "tierra", "type": "topic"}, {"id": "acústica", "label": "acústica", "type": "topic"}, {"id": "globalización", "label": "globalización", "type": "topic"}, {"id": "probabilidad", "label": "probabilidad", "type": "topic"}, {"id": "ruido", "label": "ruido", "type": "topic"}, {"id": "geoquímica", "label": "geoquímica", "type": "topic"}, {"id": "sismología", "label": "sismología", "type": "topic"}, {"id": "modulación", "label": "modulación", "type": "topic"}, {"id": "registros", "label": "registros", "type": "topic"}, {"id": "geoestadística", "label": "geoestadística", "type": "topic"}, {"id": "humedad", "label": "humedad", "type": "topic"}, {"id": "linealidad", "label": "linealidad", "type": "topic"}, {"id": "pruebas de penetración", "label": "pruebas de penetración", "type": "topic"}, {"id": "la humedad del suelo", "label": "la humedad del suelo", "type": "topic"}, {"id": "estandarización", "label": "estandarización", "type": "topic"}, {"id": 1453, "label": "Tobon Jorge Ivan", "type": "author"}, {"id": "mortero", "label": "mortero", "type": "topic"}, {"id": "hormigón", "label": "hormigón", "type": "topic"}, {"id": "curación", "label": "curación", "type": "topic"}, {"id": "nanopartículas", "label": "nanopartículas", "type": "topic"}, {"id": "agregados", "label": "agregados", "type": "topic"}, {"id": "materias primas", "label": "materias primas", "type": "topic"}, {"id": 1454, "label": "Toro Betancur Alejandro Octavio", "type": "author"}, {"id": "fricción", "label": "fricción", "type": "topic"}, {"id": "ruedas", "label": "ruedas", "type": "topic"}, {"id": "nitrógeno", "label": "nitrógeno", "type": "topic"}, {"id": "mecanizado", "label": "mecanizado", "type": "topic"}, {"id": "lubricantes", "label": "lubricantes", "type": "topic"}, {"id": 1466, "label": "Velez Restrepo Juan Manuel", "type": "author"}, {"id": "fuerza atómica microscópica", "label": "fuerza atómica microscópica", "type": "topic"}, {"id": "fundición", "label": "fundición", "type": "topic"}, {"id": "silicio", "label": "silicio", "type": "topic"}, {"id": 2893, "label": "Sanchez Zapata Luis Emilio", "type": "author"}, {"id": 2900, "label": "Osorio Vargas Orestes", "type": "author"}, {"id": 2916, "label": "Ortiz Bejarano Franklin", "type": "author"}, {"id": 2941, "label": "Ospina Vargas Javier De Jesus", "type": "author"}, {"id": 2946, "label": "Bastidas Oviedo Uriel Rafael", "type": "author"}, {"id": 2954, "label": "Troncoso Cruz Jorge", "type": "author"}, {"id": 2979, "label": "Moy Vargas Jairo", "type": "author"}, {"id": 3097, "label": "Gaviria Cartagena Ana Cecilia", "type": "author"}, {"id": 3153, "label": "Sierra Restrepo Horacio", "type": "author"}, {"id": 3156, "label": "Perez Schile Juan David", "type": "author"}, {"id": 3158, "label": "Garcia Escobar Jorge Orlando", "type": "author"}, {"id": 3307, "label": "Urrea Castaño Guillermo", "type": "author"}, {"id": 3327, "label": "Guerra Gomez Hugo Alonso De Jesus", "type": "author"}, {"id": 3337, "label": "Polanco Florez Jorge Eduardo", "type": "author"}, {"id": 3406, "label": "Carmona Lopez Ines", "type": "author"}, {"id": 3408, "label": "Gutierrez Arias Maria Cecilia", "type": "author"}, {"id": 3422, "label": "Chaves Roldan Cesar Augusto", "type": "author"}, {"id": 3425, "label": "De La Cruz Morales Hector", "type": "author"}], "links": [{"source": "ef1634d4-0138-4b49-9fe4-f8174b4ca4a6", "target": 1299, "value": 1}, {"source": 1299, "target": "generadores", "value": 32}, {"source": 1299, "target": "carbón", "value": 30}, {"source": 1299, "target": "reflectividad", "value": 19}, {"source": 1299, "target": "explosiones", "value": 18}, {"source": 1299, "target": "hidrocarburos", "value": 17}, {"source": 1299, "target": "organismos", "value": 17}, {"source": 1299, "target": "organizaciones", "value": 17}, {"source": 1299, "target": "rocas", "value": 14}, {"source": 1299, "target": "fluorescencia", "value": 14}, {"source": 1299, "target": "fotografías", "value": 13}, {"source": 1299, "target": "envejecimiento", "value": 11}, {"source": 1299, "target": "minerales", "value": 11}, {"source": 1299, "target": "azufre", "value": 10}, {"source": 1299, "target": "minería de carbón", "value": 10}, {"source": 1299, "target": "observadores", "value": 10}, {"source": 1299, "target": "encendiendo", "value": 10}, {"source": 1299, "target": "índices", "value": 10}, {"source": 1299, "target": "análisis de imagen", "value": 10}, {"source": 1299, "target": "correladores", "value": 9}, {"source": 1299, "target": "correlación", "value": 9}, {"source": 1299, "target": "químicos", "value": 9}, {"source": 1299, "target": "observabilidad", "value": 9}, {"source": 1299, "target": "pruebas", "value": 9}, {"source": 1299, "target": "indexación", "value": 9}, {"source": 1299, "target": "encendido", "value": 8}, {"source": 1299, "target": "limitante", "value": 8}, {"source": 1299, "target": "medición", "value": 7}, {"source": 1299, "target": "temperatura", "value": 7}, {"source": 1299, "target": "microscopía", "value": 7}, {"source": 1299, "target": "materiales", "value": 7}, {"source": "ef1634d4-0138-4b49-9fe4-f8174b4ca4a6", "target": 1304, "value": 1}, {"source": 1304, "target": "minerales", "value": 29}, {"source": 1304, "target": "modelado", "value": 22}, {"source": 1304, "target": "industrias", "value": 19}, {"source": 1304, "target": "controlabilidad", "value": 16}, {"source": 1304, "target": "simulación", "value": 14}, {"source": 1304, "target": "generadores", "value": 13}, {"source": 1304, "target": "sólidos", "value": 13}, {"source": 1304, "target": "momento", "value": 13}, {"source": 1304, "target": "superficies", "value": 12}, {"source": 1304, "target": "medición", "value": 10}, {"source": 1304, "target": "energía", "value": 10}, {"source": 1304, "target": "químicos", "value": 10}, {"source": 1304, "target": "oro", "value": 9}, {"source": 1304, "target": "mejoramiento", "value": 9}, {"source": 1304, "target": "aplicadores", "value": 9}, {"source": 1304, "target": "fresado de pelota", "value": 8}, {"source": 1304, "target": "ecuaciones", "value": 8}, {"source": 1304, "target": "física", "value": 8}, {"source": 1304, "target": "materiales", "value": 7}, {"source": 1304, "target": "cerámica", "value": 6}, {"source": 1304, "target": "ley", "value": 6}, {"source": 1304, "target": "energía mecánica", "value": 6}, {"source": 1304, "target": "disipación de energía", "value": 6}, {"source": 1304, "target": "ciencias económicas", "value": 6}, {"source": 1304, "target": "líquidos", "value": 6}, {"source": 1304, "target": "fuerza", "value": 6}, {"source": 1304, "target": "contactos", "value": 6}, {"source": 1304, "target": "minería de carbón", "value": 6}, {"source": 1304, "target": "fraccionamiento", "value": 5}, {"source": 1304, "target": "planchar", "value": 5}, {"source": "ef1634d4-0138-4b49-9fe4-f8174b4ca4a6", "target": 1308, "value": 1}, {"source": "ef1634d4-0138-4b49-9fe4-f8174b4ca4a6", "target": 1316, "value": 1}, {"source": 1316, "target": "rocas", "value": 17}, {"source": 1316, "target": "medición", "value": 9}, {"source": 1316, "target": "construcción", "value": 7}, {"source": 1316, "target": "modelado", "value": 7}, {"source": 1316, "target": "estabilidad", "value": 7}, {"source": 1316, "target": "túnel", "value": 6}, {"source": 1316, "target": "materiales", "value": 6}, {"source": 1316, "target": "oro", "value": 5}, {"source": 1316, "target": "estrés", "value": 5}, {"source": 1316, "target": "sensores", "value": 5}, {"source": 1316, "target": "correladores", "value": 4}, {"source": 1316, "target": "correlación", "value": 4}, {"source": 1316, "target": "fuerza", "value": 4}, {"source": 1316, "target": "gracias de bragg", "value": 4}, {"source": 1316, "target": "pruebas", "value": 4}, {"source": 1316, "target": "presion", "value": 4}, {"source": 1316, "target": "rejillas", "value": 4}, {"source": 1316, "target": "toma de tierra", "value": 4}, {"source": 1316, "target": "aplicadores", "value": 3}, {"source": 1316, "target": "limitante", "value": 3}, {"source": 1316, "target": "observadores", "value": 3}, {"source": 1316, "target": "análisis estático", "value": 3}, {"source": 1316, "target": "disponibilidad", "value": 3}, {"source": 1316, "target": "observabilidad", "value": 3}, {"source": 1316, "target": "programación", "value": 3}, {"source": 1316, "target": "tensor", "value": 3}, {"source": 1316, "target": "óptica", "value": 3}, {"source": 1316, "target": "embalaje", "value": 3}, {"source": 1316, "target": "calibración", "value": 3}, {"source": 1316, "target": "geología", "value": 3}, {"source": "ef1634d4-0138-4b49-9fe4-f8174b4ca4a6", "target": 1325, "value": 1}, {"source": 1325, "target": "carbón", "value": 14}, {"source": 1325, "target": "catalizadores", "value": 13}, {"source": 1325, "target": "rayos x", "value": 8}, {"source": 1325, "target": "producción", "value": 8}, {"source": 1325, "target": "productividad", "value": 8}, {"source": 1325, "target": "níquel", "value": 8}, {"source": 1325, "target": "nanotubos de carbon", "value": 8}, {"source": 1325, "target": "nanotubos", "value": 8}, {"source": 1325, "target": "difracción de rayos x", "value": 7}, {"source": 1325, "target": "difracción", "value": 7}, {"source": 1325, "target": "observadores", "value": 7}, {"source": 1325, "target": "temperatura", "value": 7}, {"source": 1325, "target": "observabilidad", "value": 7}, {"source": 1325, "target": "microscopía", "value": 6}, {"source": 1325, "target": "microscopio de electrones", "value": 6}, {"source": 1325, "target": "espectroscopia", "value": 6}, {"source": 1325, "target": "microscopía electrónica de barrido", "value": 5}, {"source": 1325, "target": "perovskites", "value": 5}, {"source": 1325, "target": "compuestos", "value": 4}, {"source": 1325, "target": "hidrógeno", "value": 4}, {"source": 1325, "target": "microscopio de transmisión por electrones", "value": 4}, {"source": 1325, "target": "electrones", "value": 4}, {"source": 1325, "target": "materiales", "value": 4}, {"source": 1325, "target": "método de combustión automática", "value": 4}, {"source": 1325, "target": "resistencia", "value": 4}, {"source": 1325, "target": "resiste", "value": 4}, {"source": 1325, "target": "dirigir", "value": 4}, {"source": 1325, "target": "calculadoras", "value": 3}, {"source": 1325, "target": "rieles", "value": 3}, {"source": 1325, "target": "metalización", "value": 3}, {"source": "ef1634d4-0138-4b49-9fe4-f8174b4ca4a6", "target": 1328, "value": 1}, {"source": 1328, "target": "superficies", "value": 28}, {"source": 1328, "target": "espectroscopia", "value": 25}, {"source": 1328, "target": "recubrimientos", "value": 21}, {"source": 1328, "target": "pruebas", "value": 20}, {"source": 1328, "target": "microscopía", "value": 20}, {"source": 1328, "target": "momento", "value": 18}, {"source": 1328, "target": "materiales", "value": 18}, {"source": 1328, "target": "aleación", "value": 18}, {"source": 1328, "target": "temperatura", "value": 17}, {"source": 1328, "target": "corrosión", "value": 15}, {"source": 1328, "target": "acero", "value": 14}, {"source": 1328, "target": "microscopio de electrones", "value": 14}, {"source": 1328, "target": "calcio", "value": 14}, {"source": 1328, "target": "electrones", "value": 12}, {"source": 1328, "target": "microscopía electrónica de barrido", "value": 12}, {"source": 1328, "target": "polímeros", "value": 12}, {"source": 1328, "target": "aplicadores", "value": 11}, {"source": 1328, "target": "químicos", "value": 10}, {"source": 1328, "target": "observadores", "value": 10}, {"source": 1328, "target": "observabilidad", "value": 10}, {"source": 1328, "target": "generadores", "value": 10}, {"source": 1328, "target": "rayos x", "value": 10}, {"source": 1328, "target": "difracción de rayos x", "value": 10}, {"source": 1328, "target": "producción", "value": 10}, {"source": 1328, "target": "productividad", "value": 10}, {"source": 1328, "target": "titanio", "value": 10}, {"source": 1328, "target": "electrolitos", "value": 10}, {"source": 1328, "target": "resistencia", "value": 10}, {"source": 1328, "target": "resiste", "value": 10}, {"source": 1328, "target": "aditivos", "value": 9}, {"source": "ef1634d4-0138-4b49-9fe4-f8174b4ca4a6", "target": 1333, "value": 1}, {"source": 1333, "target": "ciencias económicas", "value": 32}, {"source": 1333, "target": "planificación", "value": 30}, {"source": 1333, "target": "modelado", "value": 30}, {"source": 1333, "target": "minerales", "value": 24}, {"source": 1333, "target": "mejoramiento", "value": 23}, {"source": 1333, "target": "simulación", "value": 15}, {"source": 1333, "target": "generadores", "value": 15}, {"source": 1333, "target": "estimacion", "value": 14}, {"source": 1333, "target": "algoritmos", "value": 13}, {"source": 1333, "target": "software", "value": 12}, {"source": 1333, "target": "incertidumbre", "value": 11}, {"source": 1333, "target": "geología", "value": 10}, {"source": 1333, "target": "costos", "value": 10}, {"source": 1333, "target": "herramientas", "value": 10}, {"source": 1333, "target": "oro", "value": 9}, {"source": 1333, "target": "aplicadores", "value": 8}, {"source": 1333, "target": "aditivos", "value": 8}, {"source": 1333, "target": "industrias", "value": 8}, {"source": 1333, "target": "administración", "value": 8}, {"source": 1333, "target": "alternadores", "value": 7}, {"source": 1333, "target": "momento", "value": 7}, {"source": 1333, "target": "actual", "value": 7}, {"source": 1333, "target": "producción", "value": 6}, {"source": 1333, "target": "productividad", "value": 6}, {"source": 1333, "target": "compañías", "value": 6}, {"source": 1333, "target": "comentarios", "value": 6}, {"source": 1333, "target": "programación", "value": 5}, {"source": 1333, "target": "materiales", "value": 5}, {"source": 1333, "target": "algoritmos genéticos", "value": 5}, {"source": 1333, "target": "genética", "value": 5}, {"source": "ef1634d4-0138-4b49-9fe4-f8174b4ca4a6", "target": 1341, "value": 1}, {"source": 1341, "target": "soldadura", "value": 31}, {"source": 1341, "target": "acero", "value": 13}, {"source": 1341, "target": "rieles", "value": 12}, {"source": 1341, "target": "metalización", "value": 11}, {"source": 1341, "target": "aleación", "value": 10}, {"source": 1341, "target": "pruebas", "value": 9}, {"source": 1341, "target": "circuitos", "value": 7}, {"source": 1341, "target": "modelado", "value": 6}, {"source": 1341, "target": "electrodos", "value": 6}, {"source": 1341, "target": "construcción", "value": 6}, {"source": 1341, "target": "resistencia", "value": 6}, {"source": 1341, "target": "resiste", "value": 6}, {"source": 1341, "target": "fabricación", "value": 6}, {"source": 1341, "target": "inspección", "value": 6}, {"source": 1341, "target": "negocio", "value": 5}, {"source": 1341, "target": "medición", "value": 5}, {"source": 1341, "target": "aluminio", "value": 5}, {"source": 1341, "target": "recubrimientos", "value": 5}, {"source": 1341, "target": "martensita", "value": 5}, {"source": 1341, "target": "microestructura", "value": 5}, {"source": 1341, "target": "geometría", "value": 5}, {"source": 1341, "target": "integración de procesos de negocios", "value": 4}, {"source": 1341, "target": "contexto", "value": 4}, {"source": 1341, "target": "laboratorios", "value": 4}, {"source": 1341, "target": "aleaciones de aluminio", "value": 4}, {"source": 1341, "target": "materiales", "value": 4}, {"source": 1341, "target": "industrias", "value": 4}, {"source": 1341, "target": "enchapado", "value": 4}, {"source": 1341, "target": "aplicadores", "value": 4}, {"source": 1341, "target": "voltaje", "value": 4}, {"source": "ef1634d4-0138-4b49-9fe4-f8174b4ca4a6", "target": 1343, "value": 1}, {"source": "ef1634d4-0138-4b49-9fe4-f8174b4ca4a6", "target": 1357, "value": 1}, {"source": 1357, "target": "modelado", "value": 51}, {"source": 1357, "target": "simulación", "value": 42}, {"source": 1357, "target": "dinámica", "value": 34}, {"source": 1357, "target": "generadores", "value": 32}, {"source": 1357, "target": "líquidos", "value": 31}, {"source": 1357, "target": "controlabilidad", "value": 29}, {"source": 1357, "target": "hidrodinámica", "value": 28}, {"source": 1357, "target": "energía", "value": 27}, {"source": 1357, "target": "cristalizadores", "value": 27}, {"source": 1357, "target": "cristales", "value": 27}, {"source": 1357, "target": "polímeros", "value": 27}, {"source": 1357, "target": "momento", "value": 26}, {"source": 1357, "target": "cristales líquidos", "value": 25}, {"source": 1357, "target": "observadores", "value": 24}, {"source": 1357, "target": "temperatura", "value": 23}, {"source": 1357, "target": "geometría", "value": 20}, {"source": 1357, "target": "ecuaciones", "value": 19}, {"source": 1357, "target": "químicos", "value": 19}, {"source": 1357, "target": "observabilidad", "value": 19}, {"source": 1357, "target": "goma", "value": 19}, {"source": 1357, "target": "superficies", "value": 18}, {"source": 1357, "target": "ordenadores", "value": 17}, {"source": 1357, "target": "fluidos", "value": 15}, {"source": 1357, "target": "montaje", "value": 15}, {"source": 1357, "target": "motores", "value": 15}, {"source": 1357, "target": "aplicadores", "value": 15}, {"source": 1357, "target": "medición", "value": 15}, {"source": 1357, "target": "electrostática", "value": 14}, {"source": 1357, "target": "materiales", "value": 13}, {"source": 1357, "target": "dirigir", "value": 13}, {"source": "ef1634d4-0138-4b49-9fe4-f8174b4ca4a6", "target": 1380, "value": 1}, {"source": 1380, "target": "minerales", "value": 30}, {"source": 1380, "target": "planchar", "value": 28}, {"source": 1380, "target": "azufre", "value": 22}, {"source": 1380, "target": "oro", "value": 19}, {"source": 1380, "target": "presion", "value": 17}, {"source": 1380, "target": "microscopía", "value": 16}, {"source": 1380, "target": "rayos x", "value": 16}, {"source": 1380, "target": "microscopio de electrones", "value": 14}, {"source": 1380, "target": "difracción", "value": 13}, {"source": 1380, "target": "electrones", "value": 13}, {"source": 1380, "target": "producción", "value": 13}, {"source": 1380, "target": "productividad", "value": 13}, {"source": 1380, "target": "carbón", "value": 13}, {"source": 1380, "target": "momento", "value": 12}, {"source": 1380, "target": "medición", "value": 12}, {"source": 1380, "target": "aplicadores", "value": 11}, {"source": 1380, "target": "difracción de rayos x", "value": 11}, {"source": 1380, "target": "microscopía electrónica de barrido", "value": 11}, {"source": 1380, "target": "generadores", "value": 11}, {"source": 1380, "target": "aditivos", "value": 11}, {"source": 1380, "target": "aisladores", "value": 11}, {"source": 1380, "target": "compuestos", "value": 10}, {"source": 1380, "target": "espectroscopia", "value": 10}, {"source": 1380, "target": "rocas", "value": 9}, {"source": 1380, "target": "biotecnología", "value": 9}, {"source": 1380, "target": "oxígeno", "value": 9}, {"source": 1380, "target": "materiales", "value": 9}, {"source": 1380, "target": "cristalizadores", "value": 9}, {"source": 1380, "target": "químicos", "value": 9}, {"source": 1380, "target": "degradación", "value": 9}, {"source": "ef1634d4-0138-4b49-9fe4-f8174b4ca4a6", "target": 1388, "value": 1}, {"source": 1388, "target": "materiales", "value": 31}, {"source": 1388, "target": "pruebas", "value": 30}, {"source": 1388, "target": "medición", "value": 30}, {"source": 1388, "target": "elasticidad", "value": 18}, {"source": 1388, "target": "carbón", "value": 16}, {"source": 1388, "target": "rieles", "value": 14}, {"source": 1388, "target": "metalización", "value": 14}, {"source": 1388, "target": "recubrimientos", "value": 14}, {"source": 1388, "target": "microscopía", "value": 13}, {"source": 1388, "target": "nanotubos de carbon", "value": 13}, {"source": 1388, "target": "nanotubos", "value": 13}, {"source": 1388, "target": "microestructura", "value": 11}, {"source": 1388, "target": "temperatura", "value": 11}, {"source": 1388, "target": "plástica", "value": 11}, {"source": 1388, "target": "generadores", "value": 10}, {"source": 1388, "target": "cerámica", "value": 10}, {"source": 1388, "target": "aleación", "value": 10}, {"source": 1388, "target": "fabricación", "value": 10}, {"source": 1388, "target": "simulación", "value": 10}, {"source": 1388, "target": "contactos", "value": 10}, {"source": 1388, "target": "sustratos", "value": 9}, {"source": 1388, "target": "acero", "value": 9}, {"source": 1388, "target": "microscopio de electrones", "value": 9}, {"source": 1388, "target": "película (s", "value": 8}, {"source": 1388, "target": "modelado", "value": 8}, {"source": 1388, "target": "propiedades mecánicas", "value": 8}, {"source": 1388, "target": "calculadoras", "value": 8}, {"source": 1388, "target": "magnetrones", "value": 8}, {"source": 1388, "target": "aluminio", "value": 8}, {"source": 1388, "target": "instrumentos", "value": 8}, {"source": "ef1634d4-0138-4b49-9fe4-f8174b4ca4a6", "target": 1393, "value": 1}, {"source": "ef1634d4-0138-4b49-9fe4-f8174b4ca4a6", "target": 1404, "value": 1}, {"source": 1404, "target": "aplicadores", "value": 5}, {"source": 1404, "target": "sólidos", "value": 5}, {"source": 1404, "target": "superficies", "value": 5}, {"source": 1404, "target": "contactos", "value": 5}, {"source": 1404, "target": "químicos", "value": 4}, {"source": 1404, "target": "medición", "value": 4}, {"source": 1404, "target": "materiales", "value": 4}, {"source": 1404, "target": "espectroscopia", "value": 3}, {"source": 1404, "target": "rayos x", "value": 3}, {"source": 1404, "target": "polímeros", "value": 3}, {"source": 1404, "target": "biopolímeros", "value": 3}, {"source": 1404, "target": "observadores", "value": 3}, {"source": 1404, "target": "observabilidad", "value": 3}, {"source": 1404, "target": "industrias", "value": 3}, {"source": 1404, "target": "organismos", "value": 2}, {"source": 1404, "target": "análisis químico", "value": 2}, {"source": 1404, "target": "organizaciones", "value": 2}, {"source": 1404, "target": "difracción de rayos x", "value": 2}, {"source": 1404, "target": "difracción", "value": 2}, {"source": 1404, "target": "biodegradación", "value": 2}, {"source": 1404, "target": "generadores", "value": 2}, {"source": 1404, "target": "materiales compuestos", "value": 2}, {"source": 1404, "target": "transformaciones", "value": 2}, {"source": 1404, "target": "fourier transforms", "value": 2}, {"source": 1404, "target": "transformadores", "value": 2}, {"source": 1404, "target": "momento", "value": 2}, {"source": 1404, "target": "minerales", "value": 2}, {"source": 1404, "target": "líquidos", "value": 2}, {"source": 1404, "target": "resúmenes", "value": 2}, {"source": 1404, "target": "aditivos", "value": 2}, {"source": "ef1634d4-0138-4b49-9fe4-f8174b4ca4a6", "target": 1405, "value": 1}, {"source": 1405, "target": "corrosión", "value": 23}, {"source": 1405, "target": "acero", "value": 18}, {"source": 1405, "target": "recubrimientos", "value": 16}, {"source": 1405, "target": "pruebas", "value": 15}, {"source": 1405, "target": "rieles", "value": 14}, {"source": 1405, "target": "metalización", "value": 14}, {"source": 1405, "target": "producción", "value": 10}, {"source": 1405, "target": "productividad", "value": 10}, {"source": 1405, "target": "rayos x", "value": 9}, {"source": 1405, "target": "industrias", "value": 8}, {"source": 1405, "target": "zinc", "value": 8}, {"source": 1405, "target": "espectroscopia", "value": 8}, {"source": 1405, "target": "materiales", "value": 8}, {"source": 1405, "target": "difracción de rayos x", "value": 7}, {"source": 1405, "target": "cátodos", "value": 7}, {"source": 1405, "target": "difracción", "value": 7}, {"source": 1405, "target": "fabricación", "value": 7}, {"source": 1405, "target": "pinturas", "value": 7}, {"source": 1405, "target": "medición", "value": 6}, {"source": 1405, "target": "morfología", "value": 6}, {"source": 1405, "target": "microscopía", "value": 6}, {"source": 1405, "target": "aleación", "value": 6}, {"source": 1405, "target": "aditivos", "value": 5}, {"source": 1405, "target": "resistencia", "value": 5}, {"source": 1405, "target": "resiste", "value": 5}, {"source": 1405, "target": "impedancia", "value": 5}, {"source": 1405, "target": "espectroscopía de impedancia electroquímica", "value": 5}, {"source": 1405, "target": "geometría", "value": 5}, {"source": 1405, "target": "níquel", "value": 5}, {"source": 1405, "target": "comercialización", "value": 5}, {"source": "ef1634d4-0138-4b49-9fe4-f8174b4ca4a6", "target": 1413, "value": 1}, {"source": 1413, "target": "materiales", "value": 1}, {"source": "ef1634d4-0138-4b49-9fe4-f8174b4ca4a6", "target": 1427, "value": 1}, {"source": 1427, "target": "pigmentación", "value": 53}, {"source": 1427, "target": "pigmentos", "value": 53}, {"source": 1427, "target": "materiales", "value": 53}, {"source": 1427, "target": "cerámica", "value": 50}, {"source": 1427, "target": "químicos", "value": 46}, {"source": 1427, "target": "fabricación", "value": 37}, {"source": 1427, "target": "minerales", "value": 36}, {"source": 1427, "target": "producción", "value": 36}, {"source": 1427, "target": "rayos x", "value": 36}, {"source": 1427, "target": "productividad", "value": 35}, {"source": 1427, "target": "temperatura", "value": 35}, {"source": 1427, "target": "difracción de rayos x", "value": 35}, {"source": 1427, "target": "difracción", "value": 35}, {"source": 1427, "target": "alternadores", "value": 32}, {"source": 1427, "target": "microscopía", "value": 28}, {"source": 1427, "target": "momento", "value": 28}, {"source": 1427, "target": "generadores", "value": 27}, {"source": 1427, "target": "industrias", "value": 26}, {"source": 1427, "target": "oro", "value": 25}, {"source": 1427, "target": "aditivos", "value": 25}, {"source": 1427, "target": "microscopio de electrones", "value": 25}, {"source": 1427, "target": "color", "value": 24}, {"source": 1427, "target": "electrones", "value": 24}, {"source": 1427, "target": "aplicadores", "value": 22}, {"source": 1427, "target": "rieles", "value": 20}, {"source": 1427, "target": "metalización", "value": 20}, {"source": 1427, "target": "sólidos", "value": 19}, {"source": 1427, "target": "planchar", "value": 18}, {"source": 1427, "target": "controlabilidad", "value": 18}, {"source": 1427, "target": "microscopía electrónica de barrido", "value": 18}, {"source": "ef1634d4-0138-4b49-9fe4-f8174b4ca4a6", "target": 1432, "value": 1}, {"source": 1432, "target": "malignos hematológicos farmacocinética", "value": 1}, {"source": 1432, "target": "piperacilin tazobactam", "value": 1}, {"source": 1432, "target": "antibióticos beta lactams", "value": 1}, {"source": 1432, "target": "fiebre", "value": 1}, {"source": 1432, "target": "quimioterapia", "value": 1}, {"source": 1432, "target": "malignos hematológicos", "value": 1}, {"source": 1432, "target": "neoplasias", "value": 1}, {"source": 1432, "target": "neoplasias hematológicas", "value": 1}, {"source": 1432, "target": "neutropenia", "value": 1}, {"source": 1432, "target": "neutropenia febril", "value": 1}, {"source": 1432, "target": "tazobactam", "value": 1}, {"source": 1432, "target": "piperacilina", "value": 1}, {"source": 1432, "target": "albúminas", "value": 1}, {"source": 1432, "target": "observación", "value": 1}, {"source": 1432, "target": "fase s", "value": 1}, {"source": 1432, "target": "farmacocinética", "value": 1}, {"source": 1432, "target": "hematología", "value": 1}, {"source": 1432, "target": "socialismo", "value": 1}, {"source": 1432, "target": "socialización", "value": 1}, {"source": 1432, "target": "pacientes", "value": 1}, {"source": "ef1634d4-0138-4b49-9fe4-f8174b4ca4a6", "target": 1435, "value": 1}, {"source": 1435, "target": "materiales", "value": 16}, {"source": 1435, "target": "rieles", "value": 16}, {"source": 1435, "target": "metalización", "value": 16}, {"source": 1435, "target": "oro", "value": 13}, {"source": 1435, "target": "pruebas", "value": 11}, {"source": 1435, "target": "industrias", "value": 11}, {"source": 1435, "target": "sólidos", "value": 11}, {"source": 1435, "target": "temperatura", "value": 11}, {"source": 1435, "target": "actual", "value": 11}, {"source": 1435, "target": "hidrógeno", "value": 10}, {"source": 1435, "target": "aditivos", "value": 9}, {"source": 1435, "target": "alternadores", "value": 9}, {"source": 1435, "target": "termodinámica", "value": 8}, {"source": 1435, "target": "aplicadores", "value": 8}, {"source": 1435, "target": "minerales", "value": 8}, {"source": 1435, "target": "generadores", "value": 8}, {"source": 1435, "target": "catalizadores", "value": 7}, {"source": 1435, "target": "fabricación", "value": 6}, {"source": 1435, "target": "cobre", "value": 6}, {"source": 1435, "target": "momento", "value": 6}, {"source": 1435, "target": "contaminación", "value": 6}, {"source": 1435, "target": "líquidos", "value": 6}, {"source": 1435, "target": "fluidos", "value": 6}, {"source": 1435, "target": "batidor", "value": 6}, {"source": 1435, "target": "reciclaje", "value": 6}, {"source": 1435, "target": "dirigir", "value": 6}, {"source": 1435, "target": "plata", "value": 5}, {"source": 1435, "target": "controlabilidad", "value": 5}, {"source": 1435, "target": "cizallamiento", "value": 5}, {"source": 1435, "target": "modelado", "value": 5}, {"source": "ef1634d4-0138-4b49-9fe4-f8174b4ca4a6", "target": 1437, "value": 1}, {"source": 1437, "target": "minerales", "value": 7}, {"source": 1437, "target": "programación", "value": 3}, {"source": 1437, "target": "ciencias económicas", "value": 3}, {"source": 1437, "target": "negocio", "value": 3}, {"source": 1437, "target": "administración", "value": 3}, {"source": 1437, "target": "energía", "value": 3}, {"source": 1437, "target": "modelado", "value": 2}, {"source": 1437, "target": "planificación", "value": 2}, {"source": 1437, "target": "encadenamientos", "value": 1}, {"source": 1437, "target": "minería", "value": 1}, {"source": 1437, "target": "transferencia de conocimiento", "value": 1}, {"source": 1437, "target": "formación", "value": 1}, {"source": 1437, "target": "macroeconómica", "value": 1}, {"source": 1437, "target": "industrias", "value": 1}, {"source": 1437, "target": "industria minera", "value": 1}, {"source": 1437, "target": "producción", "value": 1}, {"source": 1437, "target": "productividad", "value": 1}, {"source": 1437, "target": "matrices", "value": 1}, {"source": 1437, "target": "sistemas dinámicos", "value": 1}, {"source": 1437, "target": "críticas", "value": 1}, {"source": 1437, "target": "dinámica", "value": 1}, {"source": 1437, "target": "arquetipo sistémico", "value": 1}, {"source": 1437, "target": "árboles de decisión", "value": 1}, {"source": 1437, "target": "comportamiento contraintuitivo", "value": 1}, {"source": 1437, "target": "generadores", "value": 1}, {"source": 1437, "target": "sistemas de información", "value": 1}, {"source": 1437, "target": "pensamiento sistémico", "value": 1}, {"source": 1437, "target": "controlabilidad", "value": 1}, {"source": 1437, "target": "comentarios", "value": 1}, {"source": 1437, "target": "metalurgia", "value": 1}, {"source": "ef1634d4-0138-4b49-9fe4-f8174b4ca4a6", "target": 1444, "value": 1}, {"source": 1444, "target": "modelado", "value": 13}, {"source": 1444, "target": "estimacion", "value": 8}, {"source": 1444, "target": "tierra", "value": 8}, {"source": 1444, "target": "acústica", "value": 8}, {"source": 1444, "target": "geología", "value": 7}, {"source": 1444, "target": "carbón", "value": 6}, {"source": 1444, "target": "globalización", "value": 5}, {"source": 1444, "target": "aplicadores", "value": 5}, {"source": 1444, "target": "herramientas", "value": 5}, {"source": 1444, "target": "enchapado", "value": 5}, {"source": 1444, "target": "probabilidad", "value": 4}, {"source": 1444, "target": "minerales", "value": 4}, {"source": 1444, "target": "simulación", "value": 4}, {"source": 1444, "target": "ruido", "value": 4}, {"source": 1444, "target": "geoquímica", "value": 3}, {"source": 1444, "target": "rieles", "value": 3}, {"source": 1444, "target": "metalización", "value": 3}, {"source": 1444, "target": "rocas", "value": 3}, {"source": 1444, "target": "generadores", "value": 3}, {"source": 1444, "target": "sismología", "value": 2}, {"source": 1444, "target": "modulación", "value": 2}, {"source": 1444, "target": "registros", "value": 2}, {"source": 1444, "target": "geoestadística", "value": 2}, {"source": 1444, "target": "humedad", "value": 2}, {"source": 1444, "target": "linealidad", "value": 2}, {"source": 1444, "target": "pruebas de penetración", "value": 2}, {"source": 1444, "target": "la humedad del suelo", "value": 2}, {"source": 1444, "target": "pruebas", "value": 2}, {"source": 1444, "target": "ordenadores", "value": 2}, {"source": 1444, "target": "estandarización", "value": 2}, {"source": "ef1634d4-0138-4b49-9fe4-f8174b4ca4a6", "target": 1453, "value": 1}, {"source": 1453, "target": "materiales", "value": 40}, {"source": 1453, "target": "aditivos", "value": 34}, {"source": 1453, "target": "momento", "value": 33}, {"source": 1453, "target": "mortero", "value": 30}, {"source": 1453, "target": "producción", "value": 25}, {"source": 1453, "target": "generadores", "value": 24}, {"source": 1453, "target": "productividad", "value": 23}, {"source": 1453, "target": "químicos", "value": 23}, {"source": 1453, "target": "hormigón", "value": 23}, {"source": 1453, "target": "calcio", "value": 22}, {"source": 1453, "target": "pruebas", "value": 20}, {"source": 1453, "target": "temperatura", "value": 20}, {"source": 1453, "target": "rayos x", "value": 20}, {"source": 1453, "target": "curación", "value": 20}, {"source": 1453, "target": "difracción", "value": 19}, {"source": 1453, "target": "difracción de rayos x", "value": 18}, {"source": 1453, "target": "medición", "value": 18}, {"source": 1453, "target": "minerales", "value": 16}, {"source": 1453, "target": "nanopartículas", "value": 15}, {"source": 1453, "target": "envejecimiento", "value": 15}, {"source": 1453, "target": "superficies", "value": 14}, {"source": 1453, "target": "física", "value": 14}, {"source": 1453, "target": "construcción", "value": 13}, {"source": 1453, "target": "agregados", "value": 13}, {"source": 1453, "target": "correladores", "value": 13}, {"source": 1453, "target": "materias primas", "value": 13}, {"source": 1453, "target": "alternadores", "value": 12}, {"source": 1453, "target": "industrias", "value": 12}, {"source": 1453, "target": "degradación", "value": 12}, {"source": 1453, "target": "carbón", "value": 11}, {"source": "ef1634d4-0138-4b49-9fe4-f8174b4ca4a6", "target": 1454, "value": 1}, {"source": 1454, "target": "pruebas", "value": 66}, {"source": 1454, "target": "acero", "value": 49}, {"source": 1454, "target": "microestructura", "value": 46}, {"source": 1454, "target": "superficies", "value": 45}, {"source": 1454, "target": "resistencia", "value": 44}, {"source": 1454, "target": "resiste", "value": 43}, {"source": 1454, "target": "recubrimientos", "value": 40}, {"source": 1454, "target": "contactos", "value": 32}, {"source": 1454, "target": "materiales", "value": 32}, {"source": 1454, "target": "fricción", "value": 29}, {"source": 1454, "target": "correladores", "value": 27}, {"source": 1454, "target": "medición", "value": 26}, {"source": 1454, "target": "ruedas", "value": 23}, {"source": 1454, "target": "temperatura", "value": 22}, {"source": 1454, "target": "correlación", "value": 21}, {"source": 1454, "target": "aleación", "value": 20}, {"source": 1454, "target": "martensita", "value": 20}, {"source": 1454, "target": "observadores", "value": 19}, {"source": 1454, "target": "corrosión", "value": 19}, {"source": 1454, "target": "nitrógeno", "value": 18}, {"source": 1454, "target": "generadores", "value": 16}, {"source": 1454, "target": "microscopio de electrones", "value": 16}, {"source": 1454, "target": "mecanizado", "value": 16}, {"source": 1454, "target": "lubricantes", "value": 16}, {"source": 1454, "target": "controlabilidad", "value": 16}, {"source": 1454, "target": "fabricación", "value": 15}, {"source": 1454, "target": "microscopía", "value": 15}, {"source": 1454, "target": "momento", "value": 15}, {"source": 1454, "target": "laboratorios", "value": 15}, {"source": 1454, "target": "estandarización", "value": 14}, {"source": "ef1634d4-0138-4b49-9fe4-f8174b4ca4a6", "target": 1466, "value": 1}, {"source": 1466, "target": "microscopía", "value": 19}, {"source": 1466, "target": "acero", "value": 19}, {"source": 1466, "target": "fricción", "value": 15}, {"source": 1466, "target": "difracción", "value": 14}, {"source": 1466, "target": "difracción de rayos x", "value": 13}, {"source": 1466, "target": "rayos x", "value": 13}, {"source": 1466, "target": "microscopio de electrones", "value": 13}, {"source": 1466, "target": "recubrimientos", "value": 13}, {"source": 1466, "target": "película (s", "value": 12}, {"source": 1466, "target": "superficies", "value": 12}, {"source": 1466, "target": "temperatura", "value": 12}, {"source": 1466, "target": "carbón", "value": 12}, {"source": 1466, "target": "espectroscopia", "value": 11}, {"source": 1466, "target": "microestructura", "value": 10}, {"source": 1466, "target": "químicos", "value": 10}, {"source": 1466, "target": "medición", "value": 10}, {"source": 1466, "target": "martensita", "value": 10}, {"source": 1466, "target": "electrones", "value": 9}, {"source": 1466, "target": "materiales", "value": 9}, {"source": 1466, "target": "pruebas", "value": 9}, {"source": 1466, "target": "morfología", "value": 9}, {"source": 1466, "target": "resistencia", "value": 9}, {"source": 1466, "target": "resiste", "value": 9}, {"source": 1466, "target": "fuerza atómica microscópica", "value": 8}, {"source": 1466, "target": "microscopía electrónica de barrido", "value": 8}, {"source": 1466, "target": "energía", "value": 8}, {"source": 1466, "target": "planchar", "value": 8}, {"source": 1466, "target": "fundición", "value": 8}, {"source": 1466, "target": "contactos", "value": 7}, {"source": 1466, "target": "silicio", "value": 6}, {"source": "ef1634d4-0138-4b49-9fe4-f8174b4ca4a6", "target": 2893, "value": 1}, {"source": "ef1634d4-0138-4b49-9fe4-f8174b4ca4a6", "target": 2900, "value": 1}, {"source": "ef1634d4-0138-4b49-9fe4-f8174b4ca4a6", "target": 2916, "value": 1}, {"source": "ef1634d4-0138-4b49-9fe4-f8174b4ca4a6", "target": 2941, "value": 1}, {"source": "ef1634d4-0138-4b49-9fe4-f8174b4ca4a6", "target": 2946, "value": 1}, {"source": "ef1634d4-0138-4b49-9fe4-f8174b4ca4a6", "target": 2954, "value": 1}, {"source": "ef1634d4-0138-4b49-9fe4-f8174b4ca4a6", "target": 2979, "value": 1}, {"source": "ef1634d4-0138-4b49-9fe4-f8174b4ca4a6", "target": 3097, "value": 1}, {"source": "ef1634d4-0138-4b49-9fe4-f8174b4ca4a6", "target": 3153, "value": 1}, {"source": "ef1634d4-0138-4b49-9fe4-f8174b4ca4a6", "target": 3156, "value": 1}, {"source": "ef1634d4-0138-4b49-9fe4-f8174b4ca4a6", "target": 3158, "value": 1}, {"source": "ef1634d4-0138-4b49-9fe4-f8174b4ca4a6", "target": 3307, "value": 1}, {"source": "ef1634d4-0138-4b49-9fe4-f8174b4ca4a6", "target": 3327, "value": 1}, {"source": "ef1634d4-0138-4b49-9fe4-f8174b4ca4a6", "target": 3337, "value": 1}, {"source": "ef1634d4-0138-4b49-9fe4-f8174b4ca4a6", "target": 3406, "value": 1}, {"source": "ef1634d4-0138-4b49-9fe4-f8174b4ca4a6", "target": 3408, "value": 1}, {"source": "ef1634d4-0138-4b49-9fe4-f8174b4ca4a6", "target": 3422, "value": 1}, {"source": "ef1634d4-0138-4b49-9fe4-f8174b4ca4a6", "target": 3425, "value": 1}], "options": [{"label": "Estado inicial", "value": "Departamento de Materiales y Minerales", "group": "00. Opciones predeterminadas"}, {"label": "Bastidas Oviedo Uriel Rafael", "value": "Bastidas Oviedo Uriel Rafael", "group": "02. Opciones de autor"}, {"label": "Blandon Montes Astrid Del Socorro", "value": "Blandon Montes Astrid Del Socorro", "group": "02. Opciones de autor"}, {"label": "Bustamante Rua Moises Oswaldo", "value": "Bustamante Rua Moises Oswaldo", "group": "02. Opciones de autor"}, {"label": "Cardona Arbelaez Gildardo Alejandro", "value": "Cardona Arbelaez Gildardo Alejandro", "group": "02. Opciones de autor"}, {"label": "Carmona Lopez Ines", "value": "Carmona Lopez Ines", "group": "02. Opciones de autor"}, {"label": "Castro Caicedo Alvaro Jesus", "value": "Castro Caicedo Alvaro Jesus", "group": "02. Opciones de autor"}, {"label": "Chaves Roldan Cesar Augusto", "value": "Chaves Roldan Cesar Augusto", "group": "02. Opciones de autor"}, {"label": "De La Cruz Morales Hector", "value": "De La Cruz Morales Hector", "group": "02. Opciones de autor"}, {"label": "Dorkis Ludovic", "value": "Dorkis Ludovic", "group": "02. Opciones de autor"}, {"label": "Estupiñan Duran Hugo Armando", "value": "Estupiñan Duran Hugo Armando", "group": "02. Opciones de autor"}, {"label": "Franco Sepulveda Giovanni", "value": "Franco Sepulveda Giovanni", "group": "02. Opciones de autor"}, {"label": "Garcia Escobar Jorge Orlando", "value": "Garcia Escobar Jorge Orlando", "group": "02. Opciones de autor"}, {"label": "Gaviria Cartagena Ana Cecilia", "value": "Gaviria Cartagena Ana Cecilia", "group": "02. Opciones de autor"}, {"label": "Giraldo Barrada Jorge Enrique", "value": "Giraldo Barrada Jorge Enrique", "group": "02. Opciones de autor"}, {"label": "Giraldo Villada Omar Edison", "value": "Giraldo Villada Omar Edison", "group": "02. Opciones de autor"}, {"label": "Guerra Gomez Hugo Alonso De Jesus", "value": "Guerra Gomez Hugo Alonso De Jesus", "group": "02. Opciones de autor"}, {"label": "Gutierrez Arias Maria Cecilia", "value": "Gutierrez Arias Maria Cecilia", "group": "02. Opciones de autor"}, {"label": "Hernandez Ortiz Juan Pablo", "value": "Hernandez Ortiz Juan Pablo", "group": "02. Opciones de autor"}, {"label": "Marquez Godoy Marco Antonio", "value": "Marquez Godoy Marco Antonio", "group": "02. Opciones de autor"}, {"label": "Meza Meza Juan Manuel", "value": "Meza Meza Juan Manuel", "group": "02. Opciones de autor"}, {"label": "Monsalve Oliveros Juan Eugenio", "value": "Monsalve Oliveros Juan Eugenio", "group": "02. Opciones de autor"}, {"label": "Moy Vargas Jairo", "value": "Moy Vargas Jairo", "group": "02. Opciones de autor"}, {"label": "Neira Arenas Gustavo", "value": "Neira Arenas Gustavo", "group": "02. Opciones de autor"}, {"label": "Ocampo Carmona Luz Marina", "value": "Ocampo Carmona Luz Marina", "group": "02. Opciones de autor"}, {"label": "Ortiz Bejarano Franklin", "value": "Ortiz Bejarano Franklin", "group": "02. Opciones de autor"}, {"label": "Osorio Vargas Orestes", "value": "Osorio Vargas Orestes", "group": "02. Opciones de autor"}, {"label": "Ospina Montoya Alvaro Leon", "value": "Ospina Montoya Alvaro Leon", "group": "02. Opciones de autor"}, {"label": "Ospina Vargas Javier De Jesus", "value": "Ospina Vargas Javier De Jesus", "group": "02. Opciones de autor"}, {"label": "Perez Schile Juan David", "value": "Perez Schile Juan David", "group": "02. Opciones de autor"}, {"label": "Polanco Florez Jorge Eduardo", "value": "Polanco Florez Jorge Eduardo", "group": "02. Opciones de autor"}, {"label": "Restrepo Baena Oscar Jaime", "value": "Restrepo Baena Oscar Jaime", "group": "02. Opciones de autor"}, {"label": "Rodriguez Alvarez Rafael", "value": "Rodriguez Alvarez Rafael", "group": "02. Opciones de autor"}, {"label": "Rojas Reyes Nestor Ricardo", "value": "Rojas Reyes Nestor Ricardo", "group": "02. Opciones de autor"}, {"label": "Romero Hernandez Antonio Jose", "value": "Romero Hernandez Antonio Jose", "group": "02. Opciones de autor"}, {"label": "Sanchez Arredondo Luis Hernan", "value": "Sanchez Arredondo Luis Hernan", "group": "02. Opciones de autor"}, {"label": "Sanchez Zapata Luis Emilio", "value": "Sanchez Zapata Luis Emilio", "group": "02. Opciones de autor"}, {"label": "Sierra Restrepo Horacio", "value": "Sierra Restrepo Horacio", "group": "02. Opciones de autor"}, {"label": "Tobon Jorge Ivan", "value": "Tobon Jorge Ivan", "group": "02. Opciones de autor"}, {"label": "Toro Betancur Alejandro Octavio", "value": "Toro Betancur Alejandro Octavio", "group": "02. Opciones de autor"}, {"label": "Troncoso Cruz Jorge", "value": "Troncoso Cruz Jorge", "group": "02. Opciones de autor"}, {"label": "Urrea Castaño Guillermo", "value": "Urrea Castaño Guillermo", "group": "02. Opciones de autor"}, {"label": "Velez Restrepo Juan Manuel", "value": "Velez Restrepo Juan Manuel", "group": "02. Opciones de autor"}, {"label": "Departamento de Materiales y Minerales", "value": "Departamento de Materiales y Minerales", "group": "02. Opciones de uab"}, {"label": "acero", "value": "acero", "group": "03. Opciones de temas"}, {"label": "actual", "value": "actual", "group": "03. Opciones de temas"}, {"label": "acústica", "value": "acústica", "group": "03. Opciones de temas"}, {"label": "aditivos", "value": "aditivos", "group": "03. Opciones de temas"}, {"label": "administración", "value": "administración", "group": "03. Opciones de temas"}, {"label": "agregados", "value": "agregados", "group": "03. Opciones de temas"}, {"label": "aisladores", "value": "aisladores", "group": "03. Opciones de temas"}, {"label": "albúminas", "value": "albúminas", "group": "03. Opciones de temas"}, {"label": "aleaciones de aluminio", "value": "aleaciones de aluminio", "group": "03. Opciones de temas"}, {"label": "aleación", "value": "aleación", "group": "03. Opciones de temas"}, {"label": "algoritmos", "value": "algoritmos", "group": "03. Opciones de temas"}, {"label": "algoritmos genéticos", "value": "algoritmos genéticos", "group": "03. Opciones de temas"}, {"label": "alternadores", "value": "alternadores", "group": "03. Opciones de temas"}, {"label": "aluminio", "value": "aluminio", "group": "03. Opciones de temas"}, {"label": "antibióticos beta lactams", "value": "antibióticos beta lactams", "group": "03. Opciones de temas"}, {"label": "análisis de imagen", "value": "análisis de imagen", "group": "03. Opciones de temas"}, {"label": "análisis estático", "value": "análisis estático", "group": "03. Opciones de temas"}, {"label": "análisis químico", "value": "análisis químico", "group": "03. Opciones de temas"}, {"label": "aplicadores", "value": "aplicadores", "group": "03. Opciones de temas"}, {"label": "arquetipo sistémico", "value": "arquetipo sistémico", "group": "03. Opciones de temas"}, {"label": "azufre", "value": "azufre", "group": "03. Opciones de temas"}, {"label": "batidor", "value": "batidor", "group": "03. Opciones de temas"}, {"label": "biodegradación", "value": "biodegradación", "group": "03. Opciones de temas"}, {"label": "biopolímeros", "value": "biopolímeros", "group": "03. Opciones de temas"}, {"label": "biotecnología", "value": "biotecnología", "group": "03. Opciones de temas"}, {"label": "calcio", "value": "calcio", "group": "03. Opciones de temas"}, {"label": "calculadoras", "value": "calculadoras", "group": "03. Opciones de temas"}, {"label": "calibración", "value": "calibración", "group": "03. Opciones de temas"}, {"label": "carbón", "value": "carbón", "group": "03. Opciones de temas"}, {"label": "catalizadores", "value": "catalizadores", "group": "03. Opciones de temas"}, {"label": "cerámica", "value": "cerámica", "group": "03. Opciones de temas"}, {"label": "ciencias económicas", "value": "ciencias económicas", "group": "03. Opciones de temas"}, {"label": "circuitos", "value": "circuitos", "group": "03. Opciones de temas"}, {"label": "cizallamiento", "value": "cizallamiento", "group": "03. Opciones de temas"}, {"label": "cobre", "value": "cobre", "group": "03. Opciones de temas"}, {"label": "color", "value": "color", "group": "03. Opciones de temas"}, {"label": "comentarios", "value": "comentarios", "group": "03. Opciones de temas"}, {"label": "comercialización", "value": "comercialización", "group": "03. Opciones de temas"}, {"label": "compañías", "value": "compañías", "group": "03. Opciones de temas"}, {"label": "comportamiento contraintuitivo", "value": "comportamiento contraintuitivo", "group": "03. Opciones de temas"}, {"label": "compuestos", "value": "compuestos", "group": "03. Opciones de temas"}, {"label": "construcción", "value": "construcción", "group": "03. Opciones de temas"}, {"label": "contactos", "value": "contactos", "group": "03. Opciones de temas"}, {"label": "contaminación", "value": "contaminación", "group": "03. Opciones de temas"}, {"label": "contexto", "value": "contexto", "group": "03. Opciones de temas"}, {"label": "controlabilidad", "value": "controlabilidad", "group": "03. Opciones de temas"}, {"label": "correlación", "value": "correlación", "group": "03. Opciones de temas"}, {"label": "correladores", "value": "correladores", "group": "03. Opciones de temas"}, {"label": "corrosión", "value": "corrosión", "group": "03. Opciones de temas"}, {"label": "costos", "value": "costos", "group": "03. Opciones de temas"}, {"label": "cristales", "value": "cristales", "group": "03. Opciones de temas"}, {"label": "cristales líquidos", "value": "cristales líquidos", "group": "03. Opciones de temas"}, {"label": "cristalizadores", "value": "cristalizadores", "group": "03. Opciones de temas"}, {"label": "críticas", "value": "críticas", "group": "03. Opciones de temas"}, {"label": "curación", "value": "curación", "group": "03. Opciones de temas"}, {"label": "cátodos", "value": "cátodos", "group": "03. Opciones de temas"}, {"label": "degradación", "value": "degradación", "group": "03. Opciones de temas"}, {"label": "difracción", "value": "difracción", "group": "03. Opciones de temas"}, {"label": "difracción de rayos x", "value": "difracción de rayos x", "group": "03. Opciones de temas"}, {"label": "dinámica", "value": "dinámica", "group": "03. Opciones de temas"}, {"label": "dirigir", "value": "dirigir", "group": "03. Opciones de temas"}, {"label": "disipación de energía", "value": "disipación de energía", "group": "03. Opciones de temas"}, {"label": "disponibilidad", "value": "disponibilidad", "group": "03. Opciones de temas"}, {"label": "ecuaciones", "value": "ecuaciones", "group": "03. Opciones de temas"}, {"label": "elasticidad", "value": "elasticidad", "group": "03. Opciones de temas"}, {"label": "electrodos", "value": "electrodos", "group": "03. Opciones de temas"}, {"label": "electrolitos", "value": "electrolitos", "group": "03. Opciones de temas"}, {"label": "electrones", "value": "electrones", "group": "03. Opciones de temas"}, {"label": "electrostática", "value": "electrostática", "group": "03. Opciones de temas"}, {"label": "embalaje", "value": "embalaje", "group": "03. Opciones de temas"}, {"label": "encadenamientos", "value": "encadenamientos", "group": "03. Opciones de temas"}, {"label": "encendido", "value": "encendido", "group": "03. Opciones de temas"}, {"label": "encendiendo", "value": "encendiendo", "group": "03. Opciones de temas"}, {"label": "enchapado", "value": "enchapado", "group": "03. Opciones de temas"}, {"label": "energía", "value": "energía", "group": "03. Opciones de temas"}, {"label": "energía mecánica", "value": "energía mecánica", "group": "03. Opciones de temas"}, {"label": "envejecimiento", "value": "envejecimiento", "group": "03. Opciones de temas"}, {"label": "espectroscopia", "value": "espectroscopia", "group": "03. Opciones de temas"}, {"label": "espectroscopía de impedancia electroquímica", "value": "espectroscopía de impedancia electroquímica", "group": "03. Opciones de temas"}, {"label": "estabilidad", "value": "estabilidad", "group": "03. Opciones de temas"}, {"label": "estandarización", "value": "estandarización", "group": "03. Opciones de temas"}, {"label": "estimacion", "value": "estimacion", "group": "03. Opciones de temas"}, {"label": "estrés", "value": "estrés", "group": "03. Opciones de temas"}, {"label": "explosiones", "value": "explosiones", "group": "03. Opciones de temas"}, {"label": "fabricación", "value": "fabricación", "group": "03. Opciones de temas"}, {"label": "farmacocinética", "value": "farmacocinética", "group": "03. Opciones de temas"}, {"label": "fase s", "value": "fase s", "group": "03. Opciones de temas"}, {"label": "fiebre", "value": "fiebre", "group": "03. Opciones de temas"}, {"label": "fluidos", "value": "fluidos", "group": "03. Opciones de temas"}, {"label": "fluorescencia", "value": "fluorescencia", "group": "03. Opciones de temas"}, {"label": "formación", "value": "formación", "group": "03. Opciones de temas"}, {"label": "fotografías", "value": "fotografías", "group": "03. Opciones de temas"}, {"label": "fourier transforms", "value": "fourier transforms", "group": "03. Opciones de temas"}, {"label": "fraccionamiento", "value": "fraccionamiento", "group": "03. Opciones de temas"}, {"label": "fresado de pelota", "value": "fresado de pelota", "group": "03. Opciones de temas"}, {"label": "fricción", "value": "fricción", "group": "03. Opciones de temas"}, {"label": "fuerza", "value": "fuerza", "group": "03. Opciones de temas"}, {"label": "fuerza atómica microscópica", "value": "fuerza atómica microscópica", "group": "03. Opciones de temas"}, {"label": "fundición", "value": "fundición", "group": "03. Opciones de temas"}, {"label": "física", "value": "física", "group": "03. Opciones de temas"}, {"label": "generadores", "value": "generadores", "group": "03. Opciones de temas"}, {"label": "genética", "value": "genética", "group": "03. Opciones de temas"}, {"label": "geoestadística", "value": "geoestadística", "group": "03. Opciones de temas"}, {"label": "geología", "value": "geología", "group": "03. Opciones de temas"}, {"label": "geometría", "value": "geometría", "group": "03. Opciones de temas"}, {"label": "geoquímica", "value": "geoquímica", "group": "03. Opciones de temas"}, {"label": "globalización", "value": "globalización", "group": "03. Opciones de temas"}, {"label": "goma", "value": "goma", "group": "03. Opciones de temas"}, {"label": "gracias de bragg", "value": "gracias de bragg", "group": "03. Opciones de temas"}, {"label": "hematología", "value": "hematología", "group": "03. Opciones de temas"}, {"label": "herramientas", "value": "herramientas", "group": "03. Opciones de temas"}, {"label": "hidrocarburos", "value": "hidrocarburos", "group": "03. Opciones de temas"}, {"label": "hidrodinámica", "value": "hidrodinámica", "group": "03. Opciones de temas"}, {"label": "hidrógeno", "value": "hidrógeno", "group": "03. Opciones de temas"}, {"label": "hormigón", "value": "hormigón", "group": "03. Opciones de temas"}, {"label": "humedad", "value": "humedad", "group": "03. Opciones de temas"}, {"label": "impedancia", "value": "impedancia", "group": "03. Opciones de temas"}, {"label": "incertidumbre", "value": "incertidumbre", "group": "03. Opciones de temas"}, {"label": "indexación", "value": "indexación", "group": "03. Opciones de temas"}, {"label": "industria minera", "value": "industria minera", "group": "03. Opciones de temas"}, {"label": "industrias", "value": "industrias", "group": "03. Opciones de temas"}, {"label": "inspección", "value": "inspección", "group": "03. Opciones de temas"}, {"label": "instrumentos", "value": "instrumentos", "group": "03. Opciones de temas"}, {"label": "integración de procesos de negocios", "value": "integración de procesos de negocios", "group": "03. Opciones de temas"}, {"label": "la humedad del suelo", "value": "la humedad del suelo", "group": "03. Opciones de temas"}, {"label": "laboratorios", "value": "laboratorios", "group": "03. Opciones de temas"}, {"label": "ley", "value": "ley", "group": "03. Opciones de temas"}, {"label": "limitante", "value": "limitante", "group": "03. Opciones de temas"}, {"label": "linealidad", "value": "linealidad", "group": "03. Opciones de temas"}, {"label": "lubricantes", "value": "lubricantes", "group": "03. Opciones de temas"}, {"label": "líquidos", "value": "líquidos", "group": "03. Opciones de temas"}, {"label": "macroeconómica", "value": "macroeconómica", "group": "03. Opciones de temas"}, {"label": "magnetrones", "value": "magnetrones", "group": "03. Opciones de temas"}, {"label": "malignos hematológicos", "value": "malignos hematológicos", "group": "03. Opciones de temas"}, {"label": "malignos hematológicos farmacocinética", "value": "malignos hematológicos farmacocinética", "group": "03. Opciones de temas"}, {"label": "martensita", "value": "martensita", "group": "03. Opciones de temas"}, {"label": "materiales", "value": "materiales", "group": "03. Opciones de temas"}, {"label": "materiales compuestos", "value": "materiales compuestos", "group": "03. Opciones de temas"}, {"label": "materias primas", "value": "materias primas", "group": "03. Opciones de temas"}, {"label": "matrices", "value": "matrices", "group": "03. Opciones de temas"}, {"label": "mecanizado", "value": "mecanizado", "group": "03. Opciones de temas"}, {"label": "medición", "value": "medición", "group": "03. Opciones de temas"}, {"label": "mejoramiento", "value": "mejoramiento", "group": "03. Opciones de temas"}, {"label": "metalización", "value": "metalización", "group": "03. Opciones de temas"}, {"label": "metalurgia", "value": "metalurgia", "group": "03. Opciones de temas"}, {"label": "microestructura", "value": "microestructura", "group": "03. Opciones de temas"}, {"label": "microscopio de electrones", "value": "microscopio de electrones", "group": "03. Opciones de temas"}, {"label": "microscopio de transmisión por electrones", "value": "microscopio de transmisión por electrones", "group": "03. Opciones de temas"}, {"label": "microscopía", "value": "microscopía", "group": "03. Opciones de temas"}, {"label": "microscopía electrónica de barrido", "value": "microscopía electrónica de barrido", "group": "03. Opciones de temas"}, {"label": "minerales", "value": "minerales", "group": "03. Opciones de temas"}, {"label": "minería", "value": "minería", "group": "03. Opciones de temas"}, {"label": "minería de carbón", "value": "minería de carbón", "group": "03. Opciones de temas"}, {"label": "modelado", "value": "modelado", "group": "03. Opciones de temas"}, {"label": "modulación", "value": "modulación", "group": "03. Opciones de temas"}, {"label": "momento", "value": "momento", "group": "03. Opciones de temas"}, {"label": "montaje", "value": "montaje", "group": "03. Opciones de temas"}, {"label": "morfología", "value": "morfología", "group": "03. Opciones de temas"}, {"label": "mortero", "value": "mortero", "group": "03. Opciones de temas"}, {"label": "motores", "value": "motores", "group": "03. Opciones de temas"}, {"label": "método de combustión automática", "value": "método de combustión automática", "group": "03. Opciones de temas"}, {"label": "nanopartículas", "value": "nanopartículas", "group": "03. Opciones de temas"}, {"label": "nanotubos", "value": "nanotubos", "group": "03. Opciones de temas"}, {"label": "nanotubos de carbon", "value": "nanotubos de carbon", "group": "03. Opciones de temas"}, {"label": "negocio", "value": "negocio", "group": "03. Opciones de temas"}, {"label": "neoplasias", "value": "neoplasias", "group": "03. Opciones de temas"}, {"label": "neoplasias hematológicas", "value": "neoplasias hematológicas", "group": "03. Opciones de temas"}, {"label": "neutropenia", "value": "neutropenia", "group": "03. Opciones de temas"}, {"label": "neutropenia febril", "value": "neutropenia febril", "group": "03. Opciones de temas"}, {"label": "nitrógeno", "value": "nitrógeno", "group": "03. Opciones de temas"}, {"label": "níquel", "value": "níquel", "group": "03. Opciones de temas"}, {"label": "observabilidad", "value": "observabilidad", "group": "03. Opciones de temas"}, {"label": "observación", "value": "observación", "group": "03. Opciones de temas"}, {"label": "observadores", "value": "observadores", "group": "03. Opciones de temas"}, {"label": "ordenadores", "value": "ordenadores", "group": "03. Opciones de temas"}, {"label": "organismos", "value": "organismos", "group": "03. Opciones de temas"}, {"label": "organizaciones", "value": "organizaciones", "group": "03. Opciones de temas"}, {"label": "oro", "value": "oro", "group": "03. Opciones de temas"}, {"label": "oxígeno", "value": "oxígeno", "group": "03. Opciones de temas"}, {"label": "pacientes", "value": "pacientes", "group": "03. Opciones de temas"}, {"label": "película (s", "value": "película (s", "group": "03. Opciones de temas"}, {"label": "pensamiento sistémico", "value": "pensamiento sistémico", "group": "03. Opciones de temas"}, {"label": "perovskites", "value": "perovskites", "group": "03. Opciones de temas"}, {"label": "pigmentación", "value": "pigmentación", "group": "03. Opciones de temas"}, {"label": "pigmentos", "value": "pigmentos", "group": "03. Opciones de temas"}, {"label": "pinturas", "value": "pinturas", "group": "03. Opciones de temas"}, {"label": "piperacilin tazobactam", "value": "piperacilin tazobactam", "group": "03. Opciones de temas"}, {"label": "piperacilina", "value": "piperacilina", "group": "03. Opciones de temas"}, {"label": "planchar", "value": "planchar", "group": "03. Opciones de temas"}, {"label": "planificación", "value": "planificación", "group": "03. Opciones de temas"}, {"label": "plata", "value": "plata", "group": "03. Opciones de temas"}, {"label": "plástica", "value": "plástica", "group": "03. Opciones de temas"}, {"label": "polímeros", "value": "polímeros", "group": "03. Opciones de temas"}, {"label": "presion", "value": "presion", "group": "03. Opciones de temas"}, {"label": "probabilidad", "value": "probabilidad", "group": "03. Opciones de temas"}, {"label": "producción", "value": "producción", "group": "03. Opciones de temas"}, {"label": "productividad", "value": "productividad", "group": "03. Opciones de temas"}, {"label": "programación", "value": "programación", "group": "03. Opciones de temas"}, {"label": "propiedades mecánicas", "value": "propiedades mecánicas", "group": "03. Opciones de temas"}, {"label": "pruebas", "value": "pruebas", "group": "03. Opciones de temas"}, {"label": "pruebas de penetración", "value": "pruebas de penetración", "group": "03. Opciones de temas"}, {"label": "quimioterapia", "value": "quimioterapia", "group": "03. Opciones de temas"}, {"label": "químicos", "value": "químicos", "group": "03. Opciones de temas"}, {"label": "rayos x", "value": "rayos x", "group": "03. Opciones de temas"}, {"label": "reciclaje", "value": "reciclaje", "group": "03. Opciones de temas"}, {"label": "recubrimientos", "value": "recubrimientos", "group": "03. Opciones de temas"}, {"label": "reflectividad", "value": "reflectividad", "group": "03. Opciones de temas"}, {"label": "registros", "value": "registros", "group": "03. Opciones de temas"}, {"label": "rejillas", "value": "rejillas", "group": "03. Opciones de temas"}, {"label": "resiste", "value": "resiste", "group": "03. Opciones de temas"}, {"label": "resistencia", "value": "resistencia", "group": "03. Opciones de temas"}, {"label": "resúmenes", "value": "resúmenes", "group": "03. Opciones de temas"}, {"label": "rieles", "value": "rieles", "group": "03. Opciones de temas"}, {"label": "rocas", "value": "rocas", "group": "03. Opciones de temas"}, {"label": "ruedas", "value": "ruedas", "group": "03. Opciones de temas"}, {"label": "ruido", "value": "ruido", "group": "03. Opciones de temas"}, {"label": "sensores", "value": "sensores", "group": "03. Opciones de temas"}, {"label": "silicio", "value": "silicio", "group": "03. Opciones de temas"}, {"label": "simulación", "value": "simulación", "group": "03. Opciones de temas"}, {"label": "sismología", "value": "sismología", "group": "03. Opciones de temas"}, {"label": "sistemas de información", "value": "sistemas de información", "group": "03. Opciones de temas"}, {"label": "sistemas dinámicos", "value": "sistemas dinámicos", "group": "03. Opciones de temas"}, {"label": "socialismo", "value": "socialismo", "group": "03. Opciones de temas"}, {"label": "socialización", "value": "socialización", "group": "03. Opciones de temas"}, {"label": "software", "value": "software", "group": "03. Opciones de temas"}, {"label": "soldadura", "value": "soldadura", "group": "03. Opciones de temas"}, {"label": "superficies", "value": "superficies", "group": "03. Opciones de temas"}, {"label": "sustratos", "value": "sustratos", "group": "03. Opciones de temas"}, {"label": "sólidos", "value": "sólidos", "group": "03. Opciones de temas"}, {"label": "tazobactam", "value": "tazobactam", "group": "03. Opciones de temas"}, {"label": "temperatura", "value": "temperatura", "group": "03. Opciones de temas"}, {"label": "tensor", "value": "tensor", "group": "03. Opciones de temas"}, {"label": "termodinámica", "value": "termodinámica", "group": "03. Opciones de temas"}, {"label": "tierra", "value": "tierra", "group": "03. Opciones de temas"}, {"label": "titanio", "value": "titanio", "group": "03. Opciones de temas"}, {"label": "toma de tierra", "value": "toma de tierra", "group": "03. Opciones de temas"}, {"label": "transferencia de conocimiento", "value": "transferencia de conocimiento", "group": "03. Opciones de temas"}, {"label": "transformaciones", "value": "transformaciones", "group": "03. Opciones de temas"}, {"label": "transformadores", "value": "transformadores", "group": "03. Opciones de temas"}, {"label": "túnel", "value": "túnel", "group": "03. Opciones de temas"}, {"label": "voltaje", "value": "voltaje", "group": "03. Opciones de temas"}, {"label": "zinc", "value": "zinc", "group": "03. Opciones de temas"}, {"label": "árboles de decisión", "value": "árboles de decisión", "group": "03. Opciones de temas"}, {"label": "índices", "value": "índices", "group": "03. Opciones de temas"}, {"label": "óptica", "value": "óptica", "group": "03. Opciones de temas"}]}