{"nodes": [{"id": "65072154-47ff-45a7-9f89-072d8eea0b5b", "label": "La Paz", "type": "campus"}, {"id": "3f6905f8-9288-4e3f-ae1e-eb5a47b4f6d8", "label": "VICERRECTORÍA DE SEDE", "type": "faculty"}, {"id": "5e610c25-0207-4c63-91aa-076704a4bd1d", "label": "Dirección Académica", "type": "uab"}, {"id": 1623, "label": "Meneses Lucumi Lucia Eufemia", "type": "author"}, {"id": 1624, "label": "Mosquera Rosero Claudia Patricia", "type": "author"}, {"id": 1625, "label": "Solano Suarez Yusmidia", "type": "author"}, {"id": 1626, "label": "Tafurt Garcia Geovanna", "type": "author"}, {"id": 1627, "label": "Zamora Abrego Joan Gaston", "type": "author"}, {"id": 1628, "label": "Romero Calderón Ibeth Cristina", "type": "author"}, {"id": 2794, "label": "Payan Gomez Cesar Ernesto", "type": "author"}, {"id": 2795, "label": "Rios Patiño Richard", "type": "author"}, {"id": 2796, "label": "Cruz Rivera Erica", "type": "author"}, {"id": 2797, "label": "Duran García Diego Camilo", "type": "author"}, {"id": 2798, "label": "Sanchez Pacheco Santiago Jose", "type": "author"}, {"id": 2799, "label": "Perez Marin Monica", "type": "author"}, {"id": 2800, "label": "Tirado Armesto Diego Felipe", "type": "author"}, {"id": 2801, "label": "Montes Monsalve Jorge Ivan", "type": "author"}, {"id": 2802, "label": "Estrada Lopez Mario Andres", "type": "author"}, {"id": 2803, "label": "Lara Vasquez Carlos Esteban", "type": "author"}, {"id": 2804, "label": "Velasco Estrada Leonardo", "type": "author"}, {"id": 2805, "label": "Jimenez Reyes Luis Carlos", "type": "author"}, {"id": 2806, "label": "Vaca González Juan Jairo", "type": "author"}, {"id": 2807, "label": "Parra Monsalve James Leon", "type": "author"}, {"id": 2808, "label": "Chaverra Rodriguez Duverney De Jesus", "type": "author"}, {"id": 2809, "label": "Lee Penagos Juan Camilo", "type": "author"}, {"id": 2810, "label": "Ortíz Piedrahíta Vanessa", "type": "author"}, {"id": 2811, "label": "Angarita Sierra Teddy German", "type": "author"}, {"id": 2812, "label": "Piñeros Sairi Tatiana", "type": "author"}, {"id": 2813, "label": "Arenas Gomez Claudia Marcela", "type": "author"}, {"id": 2814, "label": "Bravo Sanchez Flor Angela", "type": "author"}, {"id": 2815, "label": "Ochoa Orrego Luz Eneida", "type": "author"}, {"id": 2816, "label": "Vargas Pardo Camilo Alejandro", "type": "author"}, {"id": 2817, "label": "Lopez Perez Jose Alejandro", "type": "author"}, {"id": 2818, "label": "Delgado Rozo Juan David", "type": "author"}, {"id": 2819, "label": "Sanchez Nuñez David Alejandro", "type": "author"}, {"id": 2820, "label": "Cuartas Morales Ernesto", "type": "author"}, {"id": 2821, "label": "Hoyos Sanchez Juan Pablo", "type": "author"}, {"id": 2822, "label": "Perez Taborda Jaime Andres", "type": "author"}, {"id": 2823, "label": "Osorio Osorio Julian Alejandro", "type": "author"}, {"id": 2824, "label": "Vega Garzón Juan Carlos", "type": "author"}, {"id": 2825, "label": "Vega Torres Daniel Roberto", "type": "author"}, {"id": 2826, "label": "Ruíz Muñoz José Francisco", "type": "author"}, {"id": 2827, "label": "Gomez Lemos Luis Alonso", "type": "author"}, {"id": 2828, "label": "Tellez Meneses Jair Alexander", "type": "author"}, {"id": 2829, "label": "Gomez Garcia Giovan Fernando", "type": "author"}, {"id": 2830, "label": "Aponte Motta Jorge Mario", "type": "author"}, {"id": 2831, "label": "Lopera Sepulveda Alex Arbey", "type": "author"}, {"id": 2975, "label": "Bru Cordero Osnamir Elias", "type": "author"}, {"id": 2991, "label": "Ceballos Cañon Johan Armando", "type": "author"}, {"id": 3091, "label": "Zuluaga Rojas Martha Viviana", "type": "author"}, {"id": 3151, "label": "Sandoval Rincón Mónica Viviana", "type": "author"}, {"id": 3175, "label": "Robledo Giraldo Sebastían", "type": "author"}, {"id": 3218, "label": "Ramirez Orozco Daniel Leonardo", "type": "author"}, {"id": 3258, "label": "Burgos Florez Francisco Javier", "type": "author"}, {"id": 3264, "label": "Teran Llorente Leonel Alveyro", "type": "author"}, {"id": 3268, "label": "Popayan Hernandez Juan Guillermo", "type": "author"}, {"id": 3270, "label": "Covelli Meek Giovanni Octavio", "type": "author"}], "links": [{"source": "65072154-47ff-45a7-9f89-072d8eea0b5b", "target": "3f6905f8-9288-4e3f-ae1e-eb5a47b4f6d8", "value": 1}, {"source": "3f6905f8-9288-4e3f-ae1e-eb5a47b4f6d8", "target": "5e610c25-0207-4c63-91aa-076704a4bd1d", "value": 1}, {"source": "5e610c25-0207-4c63-91aa-076704a4bd1d", "target": 1623, "value": 1}, {"source": "5e610c25-0207-4c63-91aa-076704a4bd1d", "target": 1624, "value": 1}, {"source": "5e610c25-0207-4c63-91aa-076704a4bd1d", "target": 1625, "value": 1}, {"source": "5e610c25-0207-4c63-91aa-076704a4bd1d", "target": 1626, "value": 1}, {"source": "5e610c25-0207-4c63-91aa-076704a4bd1d", "target": 1627, "value": 1}, {"source": "5e610c25-0207-4c63-91aa-076704a4bd1d", "target": 1628, "value": 1}, {"source": "5e610c25-0207-4c63-91aa-076704a4bd1d", "target": 2794, "value": 1}, {"source": "5e610c25-0207-4c63-91aa-076704a4bd1d", "target": 2795, "value": 1}, {"source": "5e610c25-0207-4c63-91aa-076704a4bd1d", "target": 2796, "value": 1}, {"source": "5e610c25-0207-4c63-91aa-076704a4bd1d", "target": 2797, "value": 1}, {"source": "5e610c25-0207-4c63-91aa-076704a4bd1d", "target": 2798, "value": 1}, {"source": "5e610c25-0207-4c63-91aa-076704a4bd1d", "target": 2799, "value": 1}, {"source": "5e610c25-0207-4c63-91aa-076704a4bd1d", "target": 2800, "value": 1}, {"source": "5e610c25-0207-4c63-91aa-076704a4bd1d", "target": 2801, "value": 1}, {"source": "5e610c25-0207-4c63-91aa-076704a4bd1d", "target": 2802, "value": 1}, {"source": "5e610c25-0207-4c63-91aa-076704a4bd1d", "target": 2803, "value": 1}, {"source": "5e610c25-0207-4c63-91aa-076704a4bd1d", "target": 2804, "value": 1}, {"source": "5e610c25-0207-4c63-91aa-076704a4bd1d", "target": 2805, "value": 1}, {"source": "5e610c25-0207-4c63-91aa-076704a4bd1d", "target": 2806, "value": 1}, {"source": "5e610c25-0207-4c63-91aa-076704a4bd1d", "target": 2807, "value": 1}, {"source": "5e610c25-0207-4c63-91aa-076704a4bd1d", "target": 2808, "value": 1}, {"source": "5e610c25-0207-4c63-91aa-076704a4bd1d", "target": 2809, "value": 1}, {"source": "5e610c25-0207-4c63-91aa-076704a4bd1d", "target": 2810, "value": 1}, {"source": "5e610c25-0207-4c63-91aa-076704a4bd1d", "target": 2811, "value": 1}, {"source": "5e610c25-0207-4c63-91aa-076704a4bd1d", "target": 2812, "value": 1}, {"source": "5e610c25-0207-4c63-91aa-076704a4bd1d", "target": 2813, "value": 1}, {"source": "5e610c25-0207-4c63-91aa-076704a4bd1d", "target": 2814, "value": 1}, {"source": "5e610c25-0207-4c63-91aa-076704a4bd1d", "target": 2815, "value": 1}, {"source": "5e610c25-0207-4c63-91aa-076704a4bd1d", "target": 2816, "value": 1}, {"source": "5e610c25-0207-4c63-91aa-076704a4bd1d", "target": 2817, "value": 1}, {"source": "5e610c25-0207-4c63-91aa-076704a4bd1d", "target": 2818, "value": 1}, {"source": "5e610c25-0207-4c63-91aa-076704a4bd1d", "target": 2819, "value": 1}, {"source": "5e610c25-0207-4c63-91aa-076704a4bd1d", "target": 2820, "value": 1}, {"source": "5e610c25-0207-4c63-91aa-076704a4bd1d", "target": 2821, "value": 1}, {"source": "5e610c25-0207-4c63-91aa-076704a4bd1d", "target": 2822, "value": 1}, {"source": "5e610c25-0207-4c63-91aa-076704a4bd1d", "target": 2823, "value": 1}, {"source": "5e610c25-0207-4c63-91aa-076704a4bd1d", "target": 2824, "value": 1}, {"source": "5e610c25-0207-4c63-91aa-076704a4bd1d", "target": 2825, "value": 1}, {"source": "5e610c25-0207-4c63-91aa-076704a4bd1d", "target": 2826, "value": 1}, {"source": "5e610c25-0207-4c63-91aa-076704a4bd1d", "target": 2827, "value": 1}, {"source": "5e610c25-0207-4c63-91aa-076704a4bd1d", "target": 2828, "value": 1}, {"source": "5e610c25-0207-4c63-91aa-076704a4bd1d", "target": 2829, "value": 1}, {"source": "5e610c25-0207-4c63-91aa-076704a4bd1d", "target": 2830, "value": 1}, {"source": "5e610c25-0207-4c63-91aa-076704a4bd1d", "target": 2831, "value": 1}, {"source": "5e610c25-0207-4c63-91aa-076704a4bd1d", "target": 2975, "value": 1}, {"source": "5e610c25-0207-4c63-91aa-076704a4bd1d", "target": 2991, "value": 1}, {"source": "5e610c25-0207-4c63-91aa-076704a4bd1d", "target": 3091, "value": 1}, {"source": "5e610c25-0207-4c63-91aa-076704a4bd1d", "target": 3151, "value": 1}, {"source": "5e610c25-0207-4c63-91aa-076704a4bd1d", "target": 3175, "value": 1}, {"source": "5e610c25-0207-4c63-91aa-076704a4bd1d", "target": 3218, "value": 1}, {"source": "5e610c25-0207-4c63-91aa-076704a4bd1d", "target": 3258, "value": 1}, {"source": "5e610c25-0207-4c63-91aa-076704a4bd1d", "target": 3264, "value": 1}, {"source": "5e610c25-0207-4c63-91aa-076704a4bd1d", "target": 3268, "value": 1}, {"source": "5e610c25-0207-4c63-91aa-076704a4bd1d", "target": 3270, "value": 1}], "options": [{"label": "Estado inicial", "value": "La Paz", "group": "00. Opciones predeterminadas"}, {"label": "La Paz", "value": "La Paz", "group": "01. Opciones de sede"}, {"label": "VICERRECTORÍA DE SEDE", "value": "VICERRECTORÍA DE SEDE", "group": "02. Opciones de facultad"}, {"label": "Dirección Académica", "value": "Dirección Académica", "group": "03. Opciones de uab"}, {"label": "Angarita Sierra Teddy German", "value": "Angarita Sierra Teddy German", "group": "04. Opciones de autor"}, {"label": "Aponte Motta Jorge Mario", "value": "Aponte Motta Jorge Mario", "group": "04. Opciones de autor"}, {"label": "Arenas Gomez Claudia Marcela", "value": "Arenas Gomez Claudia Marcela", "group": "04. Opciones de autor"}, {"label": "Bravo Sanchez Flor Angela", "value": "Bravo Sanchez Flor Angela", "group": "04. Opciones de autor"}, {"label": "Bru Cordero Osnamir Elias", "value": "Bru Cordero Osnamir Elias", "group": "04. Opciones de autor"}, {"label": "Burgos Florez Francisco Javier", "value": "Burgos Florez Francisco Javier", "group": "04. Opciones de autor"}, {"label": "Ceballos Cañon Johan Armando", "value": "Ceballos Cañon Johan Armando", "group": "04. Opciones de autor"}, {"label": "Chaverra Rodriguez Duverney De Jesus", "value": "Chaverra Rodriguez Duverney De Jesus", "group": "04. Opciones de autor"}, {"label": "Covelli Meek Giovanni Octavio", "value": "Covelli Meek Giovanni Octavio", "group": "04. Opciones de autor"}, {"label": "Cruz Rivera Erica", "value": "Cruz Rivera Erica", "group": "04. Opciones de autor"}, {"label": "Cuartas Morales Ernesto", "value": "Cuartas Morales Ernesto", "group": "04. Opciones de autor"}, {"label": "Delgado Rozo Juan David", "value": "Delgado Rozo Juan David", "group": "04. Opciones de autor"}, {"label": "Duran García Diego Camilo", "value": "Duran García Diego Camilo", "group": "04. Opciones de autor"}, {"label": "Estrada Lopez Mario Andres", "value": "Estrada Lopez Mario Andres", "group": "04. Opciones de autor"}, {"label": "Gomez Garcia Giovan Fernando", "value": "Gomez Garcia Giovan Fernando", "group": "04. Opciones de autor"}, {"label": "Gomez Lemos Luis Alonso", "value": "Gomez Lemos Luis Alonso", "group": "04. Opciones de autor"}, {"label": "Hoyos Sanchez Juan Pablo", "value": "Hoyos Sanchez Juan Pablo", "group": "04. Opciones de autor"}, {"label": "Jimenez Reyes Luis Carlos", "value": "Jimenez Reyes Luis Carlos", "group": "04. Opciones de autor"}, {"label": "Lara Vasquez Carlos Esteban", "value": "Lara Vasquez Carlos Esteban", "group": "04. Opciones de autor"}, {"label": "Lee Penagos Juan Camilo", "value": "Lee Penagos Juan Camilo", "group": "04. Opciones de autor"}, {"label": "Lopera Sepulveda Alex Arbey", "value": "Lopera Sepulveda Alex Arbey", "group": "04. Opciones de autor"}, {"label": "Lopez Perez Jose Alejandro", "value": "Lopez Perez Jose Alejandro", "group": "04. Opciones de autor"}, {"label": "Meneses Lucumi Lucia Eufemia", "value": "Meneses Lucumi Lucia Eufemia", "group": "04. Opciones de autor"}, {"label": "Montes Monsalve Jorge Ivan", "value": "Montes Monsalve Jorge Ivan", "group": "04. Opciones de autor"}, {"label": "Mosquera Rosero Claudia Patricia", "value": "Mosquera Rosero Claudia Patricia", "group": "04. Opciones de autor"}, {"label": "Ochoa Orrego Luz Eneida", "value": "Ochoa Orrego Luz Eneida", "group": "04. Opciones de autor"}, {"label": "Ortíz Piedrahíta Vanessa", "value": "Ortíz Piedrahíta Vanessa", "group": "04. Opciones de autor"}, {"label": "Osorio Osorio Julian Alejandro", "value": "Osorio Osorio Julian Alejandro", "group": "04. Opciones de autor"}, {"label": "Parra Monsalve James Leon", "value": "Parra Monsalve James Leon", "group": "04. Opciones de autor"}, {"label": "Payan Gomez Cesar Ernesto", "value": "Payan Gomez Cesar Ernesto", "group": "04. Opciones de autor"}, {"label": "Perez Marin Monica", "value": "Perez Marin Monica", "group": "04. Opciones de autor"}, {"label": "Perez Taborda Jaime Andres", "value": "Perez Taborda Jaime Andres", "group": "04. Opciones de autor"}, {"label": "Piñeros Sairi Tatiana", "value": "Piñeros Sairi Tatiana", "group": "04. Opciones de autor"}, {"label": "Popayan Hernandez Juan Guillermo", "value": "Popayan Hernandez Juan Guillermo", "group": "04. Opciones de autor"}, {"label": "Ramirez Orozco Daniel Leonardo", "value": "Ramirez Orozco Daniel Leonardo", "group": "04. Opciones de autor"}, {"label": "Rios Patiño Richard", "value": "Rios Patiño Richard", "group": "04. Opciones de autor"}, {"label": "Robledo Giraldo Sebastían", "value": "Robledo Giraldo Sebastían", "group": "04. Opciones de autor"}, {"label": "Romero Calderón Ibeth Cristina", "value": "Romero Calderón Ibeth Cristina", "group": "04. Opciones de autor"}, {"label": "Ruíz Muñoz José Francisco", "value": "Ruíz Muñoz José Francisco", "group": "04. Opciones de autor"}, {"label": "Sanchez Nuñez David Alejandro", "value": "Sanchez Nuñez David Alejandro", "group": "04. Opciones de autor"}, {"label": "Sanchez Pacheco Santiago Jose", "value": "Sanchez Pacheco Santiago Jose", "group": "04. Opciones de autor"}, {"label": "Sandoval Rincón Mónica Viviana", "value": "Sandoval Rincón Mónica Viviana", "group": "04. Opciones de autor"}, {"label": "Solano Suarez Yusmidia", "value": "Solano Suarez Yusmidia", "group": "04. Opciones de autor"}, {"label": "Tafurt Garcia Geovanna", "value": "Tafurt Garcia Geovanna", "group": "04. Opciones de autor"}, {"label": "Tellez Meneses Jair Alexander", "value": "Tellez Meneses Jair Alexander", "group": "04. Opciones de autor"}, {"label": "Teran Llorente Leonel Alveyro", "value": "Teran Llorente Leonel Alveyro", "group": "04. Opciones de autor"}, {"label": "Tirado Armesto Diego Felipe", "value": "Tirado Armesto Diego Felipe", "group": "04. Opciones de autor"}, {"label": "Vaca González Juan Jairo", "value": "Vaca González Juan Jairo", "group": "04. Opciones de autor"}, {"label": "Vargas Pardo Camilo Alejandro", "value": "Vargas Pardo Camilo Alejandro", "group": "04. Opciones de autor"}, {"label": "Vega Garzón Juan Carlos", "value": "Vega Garzón Juan Carlos", "group": "04. Opciones de autor"}, {"label": "Vega Torres Daniel Roberto", "value": "Vega Torres Daniel Roberto", "group": "04. Opciones de autor"}, {"label": "Velasco Estrada Leonardo", "value": "Velasco Estrada Leonardo", "group": "04. Opciones de autor"}, {"label": "Zamora Abrego Joan Gaston", "value": "Zamora Abrego Joan Gaston", "group": "04. Opciones de autor"}, {"label": "Zuluaga Rojas Martha Viviana", "value": "Zuluaga Rojas Martha Viviana", "group": "04. Opciones de autor"}]}