{"nodes": [{"id": "aebc4d23-ea0f-45d6-978d-51140537536e", "label": "Unidad de Docencia y Formación", "type": "uab"}, {"id": 2752, "label": "Marquez Perez Ana Isabel", "type": "author"}, {"id": 2754, "label": "Beltrán Barrera Yilson Javier", "type": "author"}, {"id": 2755, "label": "Sanmiguel Ardila Raquel", "type": "author"}, {"id": 2757, "label": "Santos Martinez Adriana", "type": "author"}, {"id": 2758, "label": "James Cruz Johannie Lucia", "type": "author"}, {"id": 2760, "label": "Avella Esquivel Francisco Jose", "type": "author"}, {"id": 2762, "label": "Zea Sjoberg Sven Eloy", "type": "author"}, {"id": 2763, "label": "Medina Calderon Jairo Humberto", "type": "author"}, {"id": 2764, "label": "Acero Pizarro Arturo", "type": "author"}, {"id": 2765, "label": "Campos Campos Nestor Hernando", "type": "author"}, {"id": 2766, "label": "Osorio Cano Juan David", "type": "author"}, {"id": 2767, "label": "Roman Romero Raul", "type": "author"}], "links": [{"source": "aebc4d23-ea0f-45d6-978d-51140537536e", "target": 2752, "value": 1}, {"source": "aebc4d23-ea0f-45d6-978d-51140537536e", "target": 2754, "value": 1}, {"source": "aebc4d23-ea0f-45d6-978d-51140537536e", "target": 2755, "value": 1}, {"source": "aebc4d23-ea0f-45d6-978d-51140537536e", "target": 2757, "value": 1}, {"source": "aebc4d23-ea0f-45d6-978d-51140537536e", "target": 2758, "value": 1}, {"source": "aebc4d23-ea0f-45d6-978d-51140537536e", "target": 2760, "value": 1}, {"source": "aebc4d23-ea0f-45d6-978d-51140537536e", "target": 2762, "value": 1}, {"source": "aebc4d23-ea0f-45d6-978d-51140537536e", "target": 2763, "value": 1}, {"source": "aebc4d23-ea0f-45d6-978d-51140537536e", "target": 2764, "value": 1}, {"source": "aebc4d23-ea0f-45d6-978d-51140537536e", "target": 2765, "value": 1}, {"source": "aebc4d23-ea0f-45d6-978d-51140537536e", "target": 2766, "value": 1}, {"source": "aebc4d23-ea0f-45d6-978d-51140537536e", "target": 2767, "value": 1}], "options": [{"label": "Estado inicial", "value": "Unidad de Docencia y Formación", "group": "00. Opciones predeterminadas"}, {"label": "Acero Pizarro Arturo", "value": "Acero Pizarro Arturo", "group": "02. Opciones de autor"}, {"label": "Avella Esquivel Francisco Jose", "value": "Avella Esquivel Francisco Jose", "group": "02. Opciones de autor"}, {"label": "Beltrán Barrera Yilson Javier", "value": "Beltrán Barrera Yilson Javier", "group": "02. Opciones de autor"}, {"label": "Campos Campos Nestor Hernando", "value": "Campos Campos Nestor Hernando", "group": "02. Opciones de autor"}, {"label": "James Cruz Johannie Lucia", "value": "James Cruz Johannie Lucia", "group": "02. Opciones de autor"}, {"label": "Marquez Perez Ana Isabel", "value": "Marquez Perez Ana Isabel", "group": "02. Opciones de autor"}, {"label": "Medina Calderon Jairo Humberto", "value": "Medina Calderon Jairo Humberto", "group": "02. Opciones de autor"}, {"label": "Osorio Cano Juan David", "value": "Osorio Cano Juan David", "group": "02. Opciones de autor"}, {"label": "Roman Romero Raul", "value": "Roman Romero Raul", "group": "02. Opciones de autor"}, {"label": "Sanmiguel Ardila Raquel", "value": "Sanmiguel Ardila Raquel", "group": "02. Opciones de autor"}, {"label": "Santos Martinez Adriana", "value": "Santos Martinez Adriana", "group": "02. Opciones de autor"}, {"label": "Zea Sjoberg Sven Eloy", "value": "Zea Sjoberg Sven Eloy", "group": "02. Opciones de autor"}, {"label": "Unidad de Docencia y Formación", "value": "Unidad de Docencia y Formación", "group": "02. Opciones de uab"}]}