{"nodes": [{"id": "76ec81cc-1232-44d1-b6a9-073c18f9eaca", "label": "Departamento de Ingeniería Civil", "type": "uab"}, {"id": 1277, "label": "Agudelo Velez Laura Ines", "type": "author"}, {"id": "medición", "label": "medición", "type": "topic"}, {"id": "aditivos", "label": "aditivos", "type": "topic"}, {"id": "transporte", "label": "transporte", "type": "topic"}, {"id": "sistemático", "label": "sistemático", "type": "topic"}, {"id": "contratos", "label": "contratos", "type": "topic"}, {"id": "tierra", "label": "tierra", "type": "topic"}, {"id": "humedad", "label": "humedad", "type": "topic"}, {"id": "conductividad", "label": "conductividad", "type": "topic"}, {"id": "momento", "label": "momento", "type": "topic"}, {"id": "arrastrarse", "label": "arrastrarse", "type": "topic"}, {"id": "superficies", "label": "superficies", "type": "topic"}, {"id": "estimacion", "label": "estimacion", "type": "topic"}, {"id": "observadores", "label": "observadores", "type": "topic"}, {"id": "hidrología", "label": "hidrología", "type": "topic"}, {"id": "temperatura", "label": "temperatura", "type": "topic"}, {"id": "observabilidad", "label": "observabilidad", "type": "topic"}, {"id": "modelado", "label": "modelado", "type": "topic"}, {"id": "programación", "label": "programación", "type": "topic"}, {"id": "administración", "label": "administración", "type": "topic"}, {"id": "planificación", "label": "planificación", "type": "topic"}, {"id": "aeronave", "label": "aeronave", "type": "topic"}, {"id": "instrumentos", "label": "instrumentos", "type": "topic"}, {"id": "aplicadores", "label": "aplicadores", "type": "topic"}, {"id": "contactos", "label": "contactos", "type": "topic"}, {"id": "fotografías", "label": "fotografías", "type": "topic"}, {"id": "manuales", "label": "manuales", "type": "topic"}, {"id": 1290, "label": "Ardila Giraldo Oscar Alfredo", "type": "author"}, {"id": "pruebas", "label": "pruebas", "type": "topic"}, {"id": "cizallamiento", "label": "cizallamiento", "type": "topic"}, {"id": "dinámica", "label": "dinámica", "type": "topic"}, {"id": "contenedores", "label": "contenedores", "type": "topic"}, {"id": "pisos", "label": "pisos", "type": "topic"}, {"id": "estudio paramétrico", "label": "estudio paramétrico", "type": "topic"}, {"id": "estandarización", "label": "estandarización", "type": "topic"}, {"id": "estándares", "label": "estándares", "type": "topic"}, {"id": "rocas", "label": "rocas", "type": "topic"}, {"id": "correladores", "label": "correladores", "type": "topic"}, {"id": "toma de tierra", "label": "toma de tierra", "type": "topic"}, {"id": "vigas", "label": "vigas", "type": "topic"}, {"id": "hormigón", "label": "hormigón", "type": "topic"}, {"id": "actual", "label": "actual", "type": "topic"}, {"id": "fricción", "label": "fricción", "type": "topic"}, {"id": "peligros", "label": "peligros", "type": "topic"}, {"id": "fuerza", "label": "fuerza", "type": "topic"}, {"id": "temblores", "label": "temblores", "type": "topic"}, {"id": "energía", "label": "energía", "type": "topic"}, {"id": "autorización", "label": "autorización", "type": "topic"}, {"id": "edificios", "label": "edificios", "type": "topic"}, {"id": "dirigir", "label": "dirigir", "type": "topic"}, {"id": "correlación", "label": "correlación", "type": "topic"}, {"id": "linealidad", "label": "linealidad", "type": "topic"}, {"id": 1292, "label": "Aristizabal Ochoa Jose Dario", "type": "author"}, {"id": "estabilidad", "label": "estabilidad", "type": "topic"}, {"id": "elasticidad", "label": "elasticidad", "type": "topic"}, {"id": "generadores", "label": "generadores", "type": "topic"}, {"id": "ecuaciones", "label": "ecuaciones", "type": "topic"}, {"id": "vibraciones", "label": "vibraciones", "type": "topic"}, {"id": "vectores", "label": "vectores", "type": "topic"}, {"id": "precisión", "label": "precisión", "type": "topic"}, {"id": "calculadoras", "label": "calculadoras", "type": "topic"}, {"id": "acoplamientos", "label": "acoplamientos", "type": "topic"}, {"id": "estrés", "label": "estrés", "type": "topic"}, {"id": "construcción", "label": "construcción", "type": "topic"}, {"id": "acero", "label": "acero", "type": "topic"}, {"id": "matrices", "label": "matrices", "type": "topic"}, {"id": "disponibilidad", "label": "disponibilidad", "type": "topic"}, {"id": "motores", "label": "motores", "type": "topic"}, {"id": "materiales", "label": "materiales", "type": "topic"}, {"id": "presion", "label": "presion", "type": "topic"}, {"id": "forma", "label": "forma", "type": "topic"}, {"id": "muelles", "label": "muelles", "type": "topic"}, {"id": 1294, "label": "Ballesteros Parra John Robert", "type": "author"}, {"id": 1300, "label": "Blandon Valencia John Jairo", "type": "author"}, {"id": "mejoramiento", "label": "mejoramiento", "type": "topic"}, {"id": "grabación", "label": "grabación", "type": "topic"}, {"id": "resistencia", "label": "resistencia", "type": "topic"}, {"id": "resiste", "label": "resiste", "type": "topic"}, {"id": "controlabilidad", "label": "controlabilidad", "type": "topic"}, {"id": "afinación", "label": "afinación", "type": "topic"}, {"id": "reguladores", "label": "reguladores", "type": "topic"}, {"id": "códigos", "label": "códigos", "type": "topic"}, {"id": "minimización", "label": "minimización", "type": "topic"}, {"id": "media cuadrática", "label": "media cuadrática", "type": "topic"}, {"id": "diseño sísmico", "label": "diseño sísmico", "type": "topic"}, {"id": "comentarios", "label": "comentarios", "type": "topic"}, {"id": "simulación", "label": "simulación", "type": "topic"}, {"id": "adecuado", "label": "adecuado", "type": "topic"}, {"id": 1307, "label": "Cano Gomez Hernan Dario", "type": "author"}, {"id": 1317, "label": "Cordoba Maquilon Jorge Eliecer", "type": "author"}, {"id": "psicología", "label": "psicología", "type": "topic"}, {"id": "asfalto", "label": "asfalto", "type": "topic"}, {"id": "costos", "label": "costos", "type": "topic"}, {"id": "accidentes", "label": "accidentes", "type": "topic"}, {"id": "vehículos", "label": "vehículos", "type": "topic"}, {"id": "ciencias económicas", "label": "ciencias económicas", "type": "topic"}, {"id": "laboratorios", "label": "laboratorios", "type": "topic"}, {"id": "envejecimiento", "label": "envejecimiento", "type": "topic"}, {"id": "seguridad", "label": "seguridad", "type": "topic"}, {"id": "transporte público", "label": "transporte público", "type": "topic"}, {"id": "física", "label": "física", "type": "topic"}, {"id": "compañías", "label": "compañías", "type": "topic"}, {"id": "aeropuertos", "label": "aeropuertos", "type": "topic"}, {"id": "ingeniería civil", "label": "ingeniería civil", "type": "topic"}, {"id": "países en desarrollo", "label": "países en desarrollo", "type": "topic"}, {"id": "alternadores", "label": "alternadores", "type": "topic"}, {"id": 1322, "label": "De La Cruz Morales Claudia Jenny", "type": "author"}, {"id": "tecnología", "label": "tecnología", "type": "topic"}, {"id": "fabricación", "label": "fabricación", "type": "topic"}, {"id": "industrias", "label": "industrias", "type": "topic"}, {"id": "telas", "label": "telas", "type": "topic"}, {"id": "herramientas", "label": "herramientas", "type": "topic"}, {"id": "fluidos", "label": "fluidos", "type": "topic"}, {"id": "publicación", "label": "publicación", "type": "topic"}, {"id": "bambú", "label": "bambú", "type": "topic"}, {"id": 1326, "label": "Echeverri Ramirez Oscar", "type": "author"}, {"id": "contaminación", "label": "contaminación", "type": "topic"}, {"id": "químicos", "label": "químicos", "type": "topic"}, {"id": "limitante", "label": "limitante", "type": "topic"}, {"id": "geología", "label": "geología", "type": "topic"}, {"id": "presas", "label": "presas", "type": "topic"}, {"id": "microscopía", "label": "microscopía", "type": "topic"}, {"id": "microscopio de electrones", "label": "microscopio de electrones", "type": "topic"}, {"id": "difracción de rayos x", "label": "difracción de rayos x", "type": "topic"}, {"id": "difracción", "label": "difracción", "type": "topic"}, {"id": "rayos x", "label": "rayos x", "type": "topic"}, {"id": "microscopía electrónica de barrido", "label": "microscopía electrónica de barrido", "type": "topic"}, {"id": 1329, "label": "Farbiarz Farbiarz Yosef", "type": "author"}, {"id": "sistemas de control", "label": "sistemas de control", "type": "topic"}, {"id": "mojadura", "label": "mojadura", "type": "topic"}, {"id": "frecuencia", "label": "frecuencia", "type": "topic"}, {"id": "agregados", "label": "agregados", "type": "topic"}, {"id": "control de fuerza", "label": "control de fuerza", "type": "topic"}, {"id": "convertidores", "label": "convertidores", "type": "topic"}, {"id": "disipación de energía", "label": "disipación de energía", "type": "topic"}, {"id": "algoritmos", "label": "algoritmos", "type": "topic"}, {"id": "ley", "label": "ley", "type": "topic"}, {"id": 1330, "label": "Florez Gomez Juan Fernando", "type": "author"}, {"id": 1338, "label": "Garza Vasquez Luis", "type": "author"}, {"id": 1339, "label": "Gaviria Ortiz Alvaro Octavio", "type": "author"}, {"id": "electromagnético", "label": "electromagnético", "type": "topic"}, {"id": "electromagnés", "label": "electromagnés", "type": "topic"}, {"id": "campos electromagnéticos", "label": "campos electromagnéticos", "type": "topic"}, {"id": 1342, "label": "Giraldo Bolivar Orlando", "type": "author"}, {"id": "gráficos", "label": "gráficos", "type": "topic"}, {"id": "reflectividad", "label": "reflectividad", "type": "topic"}, {"id": "atenuadores", "label": "atenuadores", "type": "topic"}, {"id": "modulación", "label": "modulación", "type": "topic"}, {"id": "registros", "label": "registros", "type": "topic"}, {"id": "probabilidad", "label": "probabilidad", "type": "topic"}, {"id": "globalización", "label": "globalización", "type": "topic"}, {"id": 1344, "label": "Gomez Betancur Margarita Rosa", "type": "author"}, {"id": "telecomunicaciones", "label": "telecomunicaciones", "type": "topic"}, {"id": 1348, "label": "Gomez Paniagua Edilma Lucia", "type": "author"}, {"id": "ríos", "label": "ríos", "type": "topic"}, {"id": 1349, "label": "Gonzalez Calderon Carlos Alberto", "type": "author"}, {"id": "producción", "label": "producción", "type": "topic"}, {"id": "productividad", "label": "productividad", "type": "topic"}, {"id": "areas urbanas", "label": "areas urbanas", "type": "topic"}, {"id": "logística", "label": "logística", "type": "topic"}, {"id": "enrutamiento", "label": "enrutamiento", "type": "topic"}, {"id": "software", "label": "software", "type": "topic"}, {"id": "receptores", "label": "receptores", "type": "topic"}, {"id": "comercialización", "label": "comercialización", "type": "topic"}, {"id": "sustratos", "label": "sustratos", "type": "topic"}, {"id": "entrevista", "label": "entrevista", "type": "topic"}, {"id": 1351, "label": "Graciano Gallego Carlos Alberto", "type": "author"}, {"id": "enchapado", "label": "enchapado", "type": "topic"}, {"id": "rieles", "label": "rieles", "type": "topic"}, {"id": "metalización", "label": "metalización", "type": "topic"}, {"id": "web 20", "label": "web 20", "type": "topic"}, {"id": "plástica", "label": "plástica", "type": "topic"}, {"id": "ordenadores", "label": "ordenadores", "type": "topic"}, {"id": "análisis de elementos finitos", "label": "análisis de elementos finitos", "type": "topic"}, {"id": "patch cargando", "label": "patch cargando", "type": "topic"}, {"id": "bridas", "label": "bridas", "type": "topic"}, {"id": "metal expandido", "label": "metal expandido", "type": "topic"}, {"id": "modelos numéricos", "label": "modelos numéricos", "type": "topic"}, {"id": "absorción", "label": "absorción", "type": "topic"}, {"id": 1368, "label": "Lara Valencia Luis Augusto", "type": "author"}, {"id": "control de vibración", "label": "control de vibración", "type": "topic"}, {"id": "organismos", "label": "organismos", "type": "topic"}, {"id": "organizaciones", "label": "organizaciones", "type": "topic"}, {"id": "lógica", "label": "lógica", "type": "topic"}, {"id": "redes neuronales", "label": "redes neuronales", "type": "topic"}, {"id": "redes neuronales artificiales", "label": "redes neuronales artificiales", "type": "topic"}, {"id": "carbón", "label": "carbón", "type": "topic"}, {"id": 1381, "label": "Martinez Carvajal Hernan Eduardo", "type": "author"}, {"id": "pronóstico", "label": "pronóstico", "type": "topic"}, {"id": "almacenamiento de agua", "label": "almacenamiento de agua", "type": "topic"}, {"id": 1386, "label": "Mejia Gutierrez Angela Beatriz", "type": "author"}, {"id": 1391, "label": "Molina Villegas Juan Camilo", "type": "author"}, {"id": "ondas", "label": "ondas", "type": "topic"}, {"id": "sismología", "label": "sismología", "type": "topic"}, {"id": "efectos del sitio", "label": "efectos del sitio", "type": "topic"}, {"id": "metros", "label": "metros", "type": "topic"}, {"id": "propagación", "label": "propagación", "type": "topic"}, {"id": "interferometría", "label": "interferometría", "type": "topic"}, {"id": "funciones verdes", "label": "funciones verdes", "type": "topic"}, {"id": "propagación de onda", "label": "propagación de onda", "type": "topic"}, {"id": "sedimentos", "label": "sedimentos", "type": "topic"}, {"id": "ondas de superficie", "label": "ondas de superficie", "type": "topic"}, {"id": 1395, "label": "Montoya Callejas Franc", "type": "author"}, {"id": "isótopos", "label": "isótopos", "type": "topic"}, {"id": "ondas sísmicas", "label": "ondas sísmicas", "type": "topic"}, {"id": "distorsión", "label": "distorsión", "type": "topic"}, {"id": "morfología", "label": "morfología", "type": "topic"}, {"id": 1401, "label": "Muñoz Hoyos Claudia Helena", "type": "author"}, {"id": 1402, "label": "Nanclares Arango Francisco Javier", "type": "author"}, {"id": "documentación", "label": "documentación", "type": "topic"}, {"id": "estabilidad de la pendiente", "label": "estabilidad de la pendiente", "type": "topic"}, {"id": "cabezas de anclaje", "label": "cabezas de anclaje", "type": "topic"}, {"id": 1421, "label": "Posada Henao John Jairo", "type": "author"}, {"id": "combustibles", "label": "combustibles", "type": "topic"}, {"id": "circuladores", "label": "circuladores", "type": "topic"}, {"id": 1442, "label": "Salazar Estrada Lucia", "type": "author"}, {"id": 1447, "label": "Sarmiento Ordosgoitia Ivan Reinaldo", "type": "author"}, {"id": "calibración", "label": "calibración", "type": "topic"}, {"id": "privatización", "label": "privatización", "type": "topic"}, {"id": 1448, "label": "Sierra Baena Miguel Angel", "type": "author"}, {"id": "educación", "label": "educación", "type": "topic"}, {"id": "contexto", "label": "contexto", "type": "topic"}, {"id": "aceites", "label": "aceites", "type": "topic"}, {"id": "biografías", "label": "biografías", "type": "topic"}, {"id": "historia", "label": "historia", "type": "topic"}, {"id": "acuerdos comerciales", "label": "acuerdos comerciales", "type": "topic"}, {"id": "escritura", "label": "escritura", "type": "topic"}, {"id": 1451, "label": "Suarez Burgoa Ludger Oswaldo", "type": "author"}, {"id": "software de la aplicacion", "label": "software de la aplicacion", "type": "topic"}, {"id": "pitón", "label": "pitón", "type": "topic"}, {"id": "arte", "label": "arte", "type": "topic"}, {"id": "análisis de estabilidad", "label": "análisis de estabilidad", "type": "topic"}, {"id": "sudamerica", "label": "sudamerica", "type": "topic"}, {"id": 1458, "label": "Valencia Alaix Victor Gabriel", "type": "author"}, {"id": "econometría", "label": "econometría", "type": "topic"}, {"id": "heridos", "label": "heridos", "type": "topic"}, {"id": "cámaras", "label": "cámaras", "type": "topic"}, {"id": "vigilancia", "label": "vigilancia", "type": "topic"}, {"id": 1459, "label": "Valencia Gonzalez Yamile", "type": "author"}, {"id": "calcio", "label": "calcio", "type": "topic"}, {"id": "electrones", "label": "electrones", "type": "topic"}, {"id": "índices", "label": "índices", "type": "topic"}, {"id": 1470, "label": "Villarraga Herrera Manuel Roberto", "type": "author"}, {"id": "incertidumbre", "label": "incertidumbre", "type": "topic"}, {"id": "sólidos", "label": "sólidos", "type": "topic"}, {"id": 1476, "label": "Zapata Medina David Guillermo", "type": "author"}, {"id": 1477, "label": "Zapata Ocampo Oscar De Jesus", "type": "author"}, {"id": "imágenes digitales", "label": "imágenes digitales", "type": "topic"}, {"id": "gobierno", "label": "gobierno", "type": "topic"}, {"id": 2849, "label": "Germanetti Ferrua Enrico", "type": "author"}, {"id": 2861, "label": "Arango Herrera Ivan", "type": "author"}, {"id": 2862, "label": "Tejada Saenz Jose", "type": "author"}, {"id": 2863, "label": "Villegas Ramirez Bernardo", "type": "author"}, {"id": 2865, "label": "Villegas Gutierrez Fabio", "type": "author"}, {"id": 2891, "label": "Trujillo Acevedo Augusto", "type": "author"}, {"id": 2892, "label": "Davila Aristizabal Roberto", "type": "author"}, {"id": 2895, "label": "Ospina Triana Tito Alberto", "type": "author"}, {"id": 2921, "label": "Duva Palacio Orlando E", "type": "author"}, {"id": 2924, "label": "Valencia Restrepo Dario", "type": "author"}, {"id": 2925, "label": "Arango Yepes Jaime", "type": "author"}, {"id": 2926, "label": "Zerrate Sierra German Teofilo", "type": "author"}, {"id": 2927, "label": "Vasquez Lopez Pedro Jose", "type": "author"}, {"id": 2928, "label": "Betancur Angel Fernando", "type": "author"}, {"id": 2929, "label": "Perez Arango Alvaro Santiago", "type": "author"}, {"id": 2931, "label": "Toro Rada Humberto", "type": "author"}, {"id": 2932, "label": "Velez Arango Sergio", "type": "author"}, {"id": 2933, "label": "Monsalve Cardona Humberto", "type": "author"}, {"id": 2935, "label": "Hoyos Patiño Fabian", "type": "author"}, {"id": 2939, "label": "Gonzalez Rodriguez Carlos Alonso", "type": "author"}, {"id": 2940, "label": "Pelaez Lopez Oscar De Jesus", "type": "author"}, {"id": 2945, "label": "Garcia Patiño Sergio Alberto", "type": "author"}, {"id": 2948, "label": "Sanchez Uribe Juan Ramiro", "type": "author"}, {"id": 2992, "label": "Becerra Chavez Carlos Alberto", "type": "author"}, {"id": 2994, "label": "Galindo Pacheco Ramon Alberto", "type": "author"}, {"id": 3126, "label": "Ruiz Arbelaez Sandra Lucia", "type": "author"}, {"id": 3131, "label": "Pineda Uribe Beatriz Elena", "type": "author"}, {"id": 3154, "label": "Sierra Londoño Jesus Alonso", "type": "author"}, {"id": 3155, "label": "Gomez Gil Gabriel Arturo", "type": "author"}, {"id": 3159, "label": "Gallego Henao Andres Uriel", "type": "author"}, {"id": 3160, "label": "Corcho Romero Fredy", "type": "author"}, {"id": 3163, "label": "Alzate Montoya Ramon A", "type": "author"}, {"id": 3166, "label": "Vega Posada Carlos Alberto", "type": "author"}, {"id": 3168, "label": "Morales Giraldo Juan Gonzalo", "type": "author"}, {"id": 3169, "label": "Escobar Restrepo Eduardo Emilio", "type": "author"}, {"id": 3253, "label": "Serna Vasquez Andres Felipe", "type": "author"}, {"id": 3273, "label": "Marquez Cardenas Gabriel", "type": "author"}, {"id": 3288, "label": "Sierra Munera Jairo", "type": "author"}, {"id": 3289, "label": "Castrillon Obdonger Tomas", "type": "author"}, {"id": 3290, "label": "Arbelaez Restrepo Ignacio Jose", "type": "author"}, {"id": 3292, "label": "Cifuentes Serna Raul", "type": "author"}, {"id": 3302, "label": "Carrillo Carrillo Josue", "type": "author"}, {"id": 3303, "label": "Santander Restrepo Norman Manuel Maria", "type": "author"}, {"id": 3304, "label": "Sanchez Mejia Jorge Arturo", "type": "author"}, {"id": 3305, "label": "Castrillon Oberndorfer Elkin Alvaro", "type": "author"}, {"id": 3306, "label": "Gutierrez Isaza Hernan", "type": "author"}, {"id": 3310, "label": "Restrepo Arango Luis Carlos", "type": "author"}, {"id": 3313, "label": "Perez Castrillon Marco Aurelio", "type": "author"}, {"id": 3320, "label": "Zapata Gomez Edgar Alberto", "type": "author"}, {"id": 3322, "label": "Gil Leon Luis Evelio", "type": "author"}, {"id": 3325, "label": "Osorio Mora Rodrigo Ivan", "type": "author"}, {"id": 3326, "label": "Rendon Correa Gustavo Adolfo", "type": "author"}, {"id": 3329, "label": "Arango Tobon Jesús Humberto", "type": "author"}, {"id": 3405, "label": "Castro Osorio Sandra Liliana", "type": "author"}, {"id": 3407, "label": "Linero Molina Sandra", "type": "author"}, {"id": 3426, "label": "Moreno Ospina Luis Fernando", "type": "author"}, {"id": 3428, "label": "Arroyave Perez Javier A", "type": "author"}, {"id": 3430, "label": "Olarte Guarin Juan Carlos", "type": "author"}, {"id": 3451, "label": "Bonett Diaz Ricardo Leon", "type": "author"}], "links": [{"source": "76ec81cc-1232-44d1-b6a9-073c18f9eaca", "target": 1277, "value": 1}, {"source": 1277, "target": "medición", "value": 2}, {"source": 1277, "target": "aditivos", "value": 2}, {"source": 1277, "target": "transporte", "value": 2}, {"source": 1277, "target": "sistemático", "value": 1}, {"source": 1277, "target": "contratos", "value": 1}, {"source": 1277, "target": "tierra", "value": 1}, {"source": 1277, "target": "humedad", "value": 1}, {"source": 1277, "target": "conductividad", "value": 1}, {"source": 1277, "target": "momento", "value": 1}, {"source": 1277, "target": "arrastrarse", "value": 1}, {"source": 1277, "target": "superficies", "value": 1}, {"source": 1277, "target": "estimacion", "value": 1}, {"source": 1277, "target": "observadores", "value": 1}, {"source": 1277, "target": "hidrología", "value": 1}, {"source": 1277, "target": "temperatura", "value": 1}, {"source": 1277, "target": "observabilidad", "value": 1}, {"source": 1277, "target": "modelado", "value": 1}, {"source": 1277, "target": "programación", "value": 1}, {"source": 1277, "target": "administración", "value": 1}, {"source": 1277, "target": "planificación", "value": 1}, {"source": 1277, "target": "aeronave", "value": 1}, {"source": 1277, "target": "instrumentos", "value": 1}, {"source": 1277, "target": "aplicadores", "value": 1}, {"source": 1277, "target": "contactos", "value": 1}, {"source": 1277, "target": "fotografías", "value": 1}, {"source": 1277, "target": "manuales", "value": 1}, {"source": "76ec81cc-1232-44d1-b6a9-073c18f9eaca", "target": 1290, "value": 1}, {"source": 1290, "target": "pruebas", "value": 14}, {"source": 1290, "target": "modelado", "value": 11}, {"source": 1290, "target": "estimacion", "value": 10}, {"source": 1290, "target": "cizallamiento", "value": 8}, {"source": 1290, "target": "dinámica", "value": 8}, {"source": 1290, "target": "conductividad", "value": 7}, {"source": 1290, "target": "contenedores", "value": 7}, {"source": 1290, "target": "pisos", "value": 7}, {"source": 1290, "target": "estudio paramétrico", "value": 6}, {"source": 1290, "target": "estandarización", "value": 6}, {"source": 1290, "target": "estándares", "value": 6}, {"source": 1290, "target": "rocas", "value": 6}, {"source": 1290, "target": "correladores", "value": 6}, {"source": 1290, "target": "toma de tierra", "value": 6}, {"source": 1290, "target": "vigas", "value": 5}, {"source": 1290, "target": "hormigón", "value": 5}, {"source": 1290, "target": "observadores", "value": 5}, {"source": 1290, "target": "actual", "value": 5}, {"source": 1290, "target": "fricción", "value": 5}, {"source": 1290, "target": "peligros", "value": 5}, {"source": 1290, "target": "fuerza", "value": 5}, {"source": 1290, "target": "temblores", "value": 5}, {"source": 1290, "target": "energía", "value": 4}, {"source": 1290, "target": "autorización", "value": 4}, {"source": 1290, "target": "observabilidad", "value": 4}, {"source": 1290, "target": "edificios", "value": 4}, {"source": 1290, "target": "dirigir", "value": 4}, {"source": 1290, "target": "programación", "value": 4}, {"source": 1290, "target": "correlación", "value": 4}, {"source": 1290, "target": "linealidad", "value": 3}, {"source": "76ec81cc-1232-44d1-b6a9-073c18f9eaca", "target": 1292, "value": 1}, {"source": 1292, "target": "vigas", "value": 56}, {"source": 1292, "target": "estabilidad", "value": 51}, {"source": 1292, "target": "cizallamiento", "value": 28}, {"source": 1292, "target": "elasticidad", "value": 25}, {"source": 1292, "target": "fuerza", "value": 19}, {"source": 1292, "target": "hormigón", "value": 16}, {"source": 1292, "target": "generadores", "value": 13}, {"source": 1292, "target": "modelado", "value": 11}, {"source": 1292, "target": "ecuaciones", "value": 11}, {"source": 1292, "target": "linealidad", "value": 11}, {"source": 1292, "target": "dinámica", "value": 9}, {"source": 1292, "target": "edificios", "value": 8}, {"source": 1292, "target": "vibraciones", "value": 8}, {"source": 1292, "target": "vectores", "value": 8}, {"source": 1292, "target": "precisión", "value": 7}, {"source": 1292, "target": "calculadoras", "value": 6}, {"source": 1292, "target": "acoplamientos", "value": 6}, {"source": 1292, "target": "estrés", "value": 6}, {"source": 1292, "target": "construcción", "value": 4}, {"source": 1292, "target": "acero", "value": 4}, {"source": 1292, "target": "matrices", "value": 4}, {"source": 1292, "target": "disponibilidad", "value": 4}, {"source": 1292, "target": "motores", "value": 3}, {"source": 1292, "target": "materiales", "value": 3}, {"source": 1292, "target": "presion", "value": 3}, {"source": 1292, "target": "tierra", "value": 3}, {"source": 1292, "target": "programación", "value": 3}, {"source": 1292, "target": "forma", "value": 3}, {"source": 1292, "target": "muelles", "value": 3}, {"source": 1292, "target": "observadores", "value": 2}, {"source": "76ec81cc-1232-44d1-b6a9-073c18f9eaca", "target": 1294, "value": 1}, {"source": "76ec81cc-1232-44d1-b6a9-073c18f9eaca", "target": 1300, "value": 1}, {"source": 1300, "target": "edificios", "value": 22}, {"source": 1300, "target": "pruebas", "value": 14}, {"source": 1300, "target": "pisos", "value": 11}, {"source": 1300, "target": "temblores", "value": 9}, {"source": 1300, "target": "hormigón", "value": 9}, {"source": 1300, "target": "fuerza", "value": 7}, {"source": 1300, "target": "mejoramiento", "value": 6}, {"source": 1300, "target": "grabación", "value": 6}, {"source": 1300, "target": "vibraciones", "value": 6}, {"source": 1300, "target": "resistencia", "value": 6}, {"source": 1300, "target": "resiste", "value": 6}, {"source": 1300, "target": "controlabilidad", "value": 5}, {"source": 1300, "target": "afinación", "value": 5}, {"source": 1300, "target": "reguladores", "value": 5}, {"source": 1300, "target": "códigos", "value": 5}, {"source": 1300, "target": "medición", "value": 5}, {"source": 1300, "target": "momento", "value": 4}, {"source": 1300, "target": "minimización", "value": 4}, {"source": 1300, "target": "media cuadrática", "value": 4}, {"source": 1300, "target": "motores", "value": 4}, {"source": 1300, "target": "modelado", "value": 4}, {"source": 1300, "target": "acero", "value": 4}, {"source": 1300, "target": "vigas", "value": 4}, {"source": 1300, "target": "diseño sísmico", "value": 3}, {"source": 1300, "target": "comentarios", "value": 3}, {"source": 1300, "target": "dinámica", "value": 3}, {"source": 1300, "target": "linealidad", "value": 3}, {"source": 1300, "target": "simulación", "value": 3}, {"source": 1300, "target": "construcción", "value": 3}, {"source": 1300, "target": "adecuado", "value": 2}, {"source": "76ec81cc-1232-44d1-b6a9-073c18f9eaca", "target": 1307, "value": 1}, {"source": "76ec81cc-1232-44d1-b6a9-073c18f9eaca", "target": 1317, "value": 1}, {"source": 1317, "target": "transporte", "value": 31}, {"source": 1317, "target": "modelado", "value": 25}, {"source": 1317, "target": "momento", "value": 17}, {"source": 1317, "target": "pruebas", "value": 15}, {"source": 1317, "target": "generadores", "value": 14}, {"source": 1317, "target": "psicología", "value": 13}, {"source": 1317, "target": "aditivos", "value": 12}, {"source": 1317, "target": "asfalto", "value": 11}, {"source": 1317, "target": "costos", "value": 10}, {"source": 1317, "target": "conductividad", "value": 9}, {"source": 1317, "target": "motores", "value": 9}, {"source": 1317, "target": "estimacion", "value": 9}, {"source": 1317, "target": "accidentes", "value": 9}, {"source": 1317, "target": "vehículos", "value": 9}, {"source": 1317, "target": "ciencias económicas", "value": 8}, {"source": 1317, "target": "actual", "value": 7}, {"source": 1317, "target": "laboratorios", "value": 6}, {"source": 1317, "target": "envejecimiento", "value": 6}, {"source": 1317, "target": "planificación", "value": 6}, {"source": 1317, "target": "seguridad", "value": 6}, {"source": 1317, "target": "medición", "value": 6}, {"source": 1317, "target": "transporte público", "value": 6}, {"source": 1317, "target": "física", "value": 6}, {"source": 1317, "target": "resistencia", "value": 6}, {"source": 1317, "target": "resiste", "value": 6}, {"source": 1317, "target": "compañías", "value": 6}, {"source": 1317, "target": "aeropuertos", "value": 5}, {"source": 1317, "target": "ingeniería civil", "value": 5}, {"source": 1317, "target": "países en desarrollo", "value": 5}, {"source": 1317, "target": "alternadores", "value": 5}, {"source": "76ec81cc-1232-44d1-b6a9-073c18f9eaca", "target": 1322, "value": 1}, {"source": 1322, "target": "hormigón", "value": 28}, {"source": 1322, "target": "resistencia", "value": 15}, {"source": 1322, "target": "resiste", "value": 15}, {"source": 1322, "target": "pruebas", "value": 9}, {"source": 1322, "target": "construcción", "value": 9}, {"source": 1322, "target": "acero", "value": 8}, {"source": 1322, "target": "laboratorios", "value": 7}, {"source": 1322, "target": "tecnología", "value": 7}, {"source": 1322, "target": "fabricación", "value": 6}, {"source": 1322, "target": "vigas", "value": 6}, {"source": 1322, "target": "aplicadores", "value": 5}, {"source": 1322, "target": "seguridad", "value": 4}, {"source": 1322, "target": "motores", "value": 4}, {"source": 1322, "target": "observadores", "value": 4}, {"source": 1322, "target": "observabilidad", "value": 4}, {"source": 1322, "target": "industrias", "value": 4}, {"source": 1322, "target": "aditivos", "value": 3}, {"source": 1322, "target": "arrastrarse", "value": 3}, {"source": 1322, "target": "cizallamiento", "value": 3}, {"source": 1322, "target": "generadores", "value": 3}, {"source": 1322, "target": "vibraciones", "value": 2}, {"source": 1322, "target": "telas", "value": 2}, {"source": 1322, "target": "dirigir", "value": 2}, {"source": 1322, "target": "alternadores", "value": 2}, {"source": 1322, "target": "herramientas", "value": 2}, {"source": 1322, "target": "fluidos", "value": 2}, {"source": 1322, "target": "materiales", "value": 2}, {"source": 1322, "target": "publicación", "value": 1}, {"source": 1322, "target": "conductividad", "value": 1}, {"source": 1322, "target": "bambú", "value": 1}, {"source": "76ec81cc-1232-44d1-b6a9-073c18f9eaca", "target": 1326, "value": 1}, {"source": 1326, "target": "tierra", "value": 27}, {"source": 1326, "target": "pruebas", "value": 17}, {"source": 1326, "target": "laboratorios", "value": 16}, {"source": 1326, "target": "materiales", "value": 16}, {"source": 1326, "target": "generadores", "value": 12}, {"source": 1326, "target": "pisos", "value": 10}, {"source": 1326, "target": "física", "value": 9}, {"source": 1326, "target": "medición", "value": 8}, {"source": 1326, "target": "superficies", "value": 8}, {"source": 1326, "target": "estabilidad", "value": 8}, {"source": 1326, "target": "contaminación", "value": 8}, {"source": 1326, "target": "químicos", "value": 7}, {"source": 1326, "target": "conductividad", "value": 7}, {"source": 1326, "target": "aplicadores", "value": 7}, {"source": 1326, "target": "limitante", "value": 6}, {"source": 1326, "target": "modelado", "value": 6}, {"source": 1326, "target": "autorización", "value": 6}, {"source": 1326, "target": "geología", "value": 6}, {"source": 1326, "target": "resistencia", "value": 5}, {"source": 1326, "target": "resiste", "value": 5}, {"source": 1326, "target": "momento", "value": 5}, {"source": 1326, "target": "presas", "value": 4}, {"source": 1326, "target": "estandarización", "value": 4}, {"source": 1326, "target": "estándares", "value": 4}, {"source": 1326, "target": "microscopía", "value": 4}, {"source": 1326, "target": "microscopio de electrones", "value": 4}, {"source": 1326, "target": "difracción de rayos x", "value": 4}, {"source": 1326, "target": "difracción", "value": 4}, {"source": 1326, "target": "rayos x", "value": 4}, {"source": 1326, "target": "microscopía electrónica de barrido", "value": 4}, {"source": "76ec81cc-1232-44d1-b6a9-073c18f9eaca", "target": 1329, "value": 1}, {"source": 1329, "target": "hormigón", "value": 6}, {"source": 1329, "target": "controlabilidad", "value": 5}, {"source": 1329, "target": "resistencia", "value": 5}, {"source": 1329, "target": "resiste", "value": 5}, {"source": 1329, "target": "sistemas de control", "value": 4}, {"source": 1329, "target": "edificios", "value": 4}, {"source": 1329, "target": "mejoramiento", "value": 4}, {"source": 1329, "target": "mojadura", "value": 4}, {"source": 1329, "target": "fuerza", "value": 4}, {"source": 1329, "target": "afinación", "value": 4}, {"source": 1329, "target": "temblores", "value": 4}, {"source": 1329, "target": "frecuencia", "value": 3}, {"source": 1329, "target": "minimización", "value": 3}, {"source": 1329, "target": "agregados", "value": 3}, {"source": 1329, "target": "construcción", "value": 3}, {"source": 1329, "target": "calculadoras", "value": 2}, {"source": 1329, "target": "control de fuerza", "value": 2}, {"source": 1329, "target": "alternadores", "value": 2}, {"source": 1329, "target": "linealidad", "value": 2}, {"source": 1329, "target": "convertidores", "value": 2}, {"source": 1329, "target": "energía", "value": 2}, {"source": 1329, "target": "disipación de energía", "value": 2}, {"source": 1329, "target": "medición", "value": 2}, {"source": 1329, "target": "algoritmos", "value": 2}, {"source": 1329, "target": "vibraciones", "value": 2}, {"source": 1329, "target": "reguladores", "value": 2}, {"source": 1329, "target": "estandarización", "value": 2}, {"source": 1329, "target": "estándares", "value": 2}, {"source": 1329, "target": "ley", "value": 2}, {"source": 1329, "target": "motores", "value": 2}, {"source": "76ec81cc-1232-44d1-b6a9-073c18f9eaca", "target": 1330, "value": 1}, {"source": "76ec81cc-1232-44d1-b6a9-073c18f9eaca", "target": 1338, "value": 1}, {"source": "76ec81cc-1232-44d1-b6a9-073c18f9eaca", "target": 1339, "value": 1}, {"source": 1339, "target": "electromagnético", "value": 3}, {"source": 1339, "target": "electromagnés", "value": 3}, {"source": 1339, "target": "campos electromagnéticos", "value": 1}, {"source": 1339, "target": "motores", "value": 1}, {"source": "76ec81cc-1232-44d1-b6a9-073c18f9eaca", "target": 1342, "value": 1}, {"source": 1342, "target": "geología", "value": 2}, {"source": 1342, "target": "correladores", "value": 1}, {"source": 1342, "target": "gráficos", "value": 1}, {"source": 1342, "target": "temblores", "value": 1}, {"source": 1342, "target": "tierra", "value": 1}, {"source": 1342, "target": "generadores", "value": 1}, {"source": 1342, "target": "instrumentos", "value": 1}, {"source": 1342, "target": "aditivos", "value": 1}, {"source": 1342, "target": "ecuaciones", "value": 1}, {"source": 1342, "target": "observadores", "value": 1}, {"source": 1342, "target": "correlación", "value": 1}, {"source": 1342, "target": "reflectividad", "value": 1}, {"source": 1342, "target": "atenuadores", "value": 1}, {"source": 1342, "target": "modelado", "value": 1}, {"source": 1342, "target": "observabilidad", "value": 1}, {"source": 1342, "target": "modulación", "value": 1}, {"source": 1342, "target": "registros", "value": 1}, {"source": 1342, "target": "estimacion", "value": 1}, {"source": 1342, "target": "probabilidad", "value": 1}, {"source": 1342, "target": "globalización", "value": 1}, {"source": "76ec81cc-1232-44d1-b6a9-073c18f9eaca", "target": 1344, "value": 1}, {"source": 1344, "target": "programación", "value": 1}, {"source": 1344, "target": "controlabilidad", "value": 1}, {"source": 1344, "target": "telecomunicaciones", "value": 1}, {"source": 1344, "target": "energía", "value": 1}, {"source": 1344, "target": "manuales", "value": 1}, {"source": "76ec81cc-1232-44d1-b6a9-073c18f9eaca", "target": 1348, "value": 1}, {"source": 1348, "target": "ríos", "value": 1}, {"source": 1348, "target": "industrias", "value": 1}, {"source": "76ec81cc-1232-44d1-b6a9-073c18f9eaca", "target": 1349, "value": 1}, {"source": 1349, "target": "modelado", "value": 45}, {"source": 1349, "target": "transporte", "value": 33}, {"source": 1349, "target": "estimacion", "value": 28}, {"source": 1349, "target": "vehículos", "value": 24}, {"source": 1349, "target": "generadores", "value": 21}, {"source": 1349, "target": "momento", "value": 21}, {"source": 1349, "target": "autorización", "value": 18}, {"source": 1349, "target": "conductividad", "value": 17}, {"source": 1349, "target": "costos", "value": 16}, {"source": 1349, "target": "planificación", "value": 14}, {"source": 1349, "target": "ciencias económicas", "value": 11}, {"source": 1349, "target": "mejoramiento", "value": 11}, {"source": 1349, "target": "producción", "value": 11}, {"source": 1349, "target": "productividad", "value": 11}, {"source": 1349, "target": "administración", "value": 10}, {"source": 1349, "target": "pruebas", "value": 8}, {"source": 1349, "target": "aditivos", "value": 7}, {"source": 1349, "target": "areas urbanas", "value": 7}, {"source": 1349, "target": "logística", "value": 7}, {"source": 1349, "target": "enrutamiento", "value": 7}, {"source": 1349, "target": "software", "value": 7}, {"source": 1349, "target": "programación", "value": 6}, {"source": 1349, "target": "herramientas", "value": 6}, {"source": 1349, "target": "receptores", "value": 6}, {"source": 1349, "target": "comercialización", "value": 6}, {"source": 1349, "target": "contaminación", "value": 6}, {"source": 1349, "target": "medición", "value": 6}, {"source": 1349, "target": "sustratos", "value": 6}, {"source": 1349, "target": "países en desarrollo", "value": 5}, {"source": 1349, "target": "entrevista", "value": 5}, {"source": "76ec81cc-1232-44d1-b6a9-073c18f9eaca", "target": 1351, "value": 1}, {"source": 1351, "target": "modelado", "value": 40}, {"source": 1351, "target": "enchapado", "value": 36}, {"source": 1351, "target": "rieles", "value": 36}, {"source": 1351, "target": "metalización", "value": 36}, {"source": 1351, "target": "web 20", "value": 31}, {"source": 1351, "target": "acero", "value": 30}, {"source": 1351, "target": "conductividad", "value": 29}, {"source": 1351, "target": "resistencia", "value": 28}, {"source": 1351, "target": "resiste", "value": 28}, {"source": 1351, "target": "plástica", "value": 24}, {"source": 1351, "target": "ordenadores", "value": 22}, {"source": 1351, "target": "materiales", "value": 22}, {"source": 1351, "target": "análisis de elementos finitos", "value": 22}, {"source": 1351, "target": "calculadoras", "value": 21}, {"source": 1351, "target": "energía", "value": 20}, {"source": 1351, "target": "actual", "value": 19}, {"source": 1351, "target": "patch cargando", "value": 17}, {"source": 1351, "target": "disponibilidad", "value": 16}, {"source": 1351, "target": "aplicadores", "value": 16}, {"source": 1351, "target": "bridas", "value": 16}, {"source": 1351, "target": "cizallamiento", "value": 16}, {"source": 1351, "target": "fabricación", "value": 14}, {"source": 1351, "target": "pruebas", "value": 14}, {"source": 1351, "target": "metal expandido", "value": 13}, {"source": 1351, "target": "estudio paramétrico", "value": 13}, {"source": 1351, "target": "linealidad", "value": 13}, {"source": 1351, "target": "modelos numéricos", "value": 13}, {"source": 1351, "target": "fuerza", "value": 13}, {"source": 1351, "target": "aditivos", "value": 12}, {"source": 1351, "target": "absorción", "value": 12}, {"source": "76ec81cc-1232-44d1-b6a9-073c18f9eaca", "target": 1368, "value": 1}, {"source": 1368, "target": "controlabilidad", "value": 17}, {"source": 1368, "target": "edificios", "value": 14}, {"source": 1368, "target": "tierra", "value": 13}, {"source": 1368, "target": "mejoramiento", "value": 12}, {"source": 1368, "target": "aditivos", "value": 12}, {"source": 1368, "target": "administración", "value": 12}, {"source": 1368, "target": "generadores", "value": 12}, {"source": 1368, "target": "pruebas", "value": 12}, {"source": 1368, "target": "vibraciones", "value": 11}, {"source": 1368, "target": "pisos", "value": 10}, {"source": 1368, "target": "motores", "value": 10}, {"source": 1368, "target": "afinación", "value": 9}, {"source": 1368, "target": "aplicadores", "value": 9}, {"source": 1368, "target": "dinámica", "value": 8}, {"source": 1368, "target": "linealidad", "value": 8}, {"source": 1368, "target": "algoritmos", "value": 8}, {"source": 1368, "target": "modelado", "value": 8}, {"source": 1368, "target": "energía", "value": 7}, {"source": 1368, "target": "fuerza", "value": 7}, {"source": 1368, "target": "construcción", "value": 7}, {"source": 1368, "target": "estimacion", "value": 7}, {"source": 1368, "target": "control de vibración", "value": 6}, {"source": 1368, "target": "organismos", "value": 6}, {"source": 1368, "target": "organizaciones", "value": 6}, {"source": 1368, "target": "lógica", "value": 6}, {"source": 1368, "target": "redes neuronales", "value": 6}, {"source": 1368, "target": "redes neuronales artificiales", "value": 6}, {"source": 1368, "target": "reguladores", "value": 6}, {"source": 1368, "target": "carbón", "value": 6}, {"source": 1368, "target": "químicos", "value": 6}, {"source": "76ec81cc-1232-44d1-b6a9-073c18f9eaca", "target": 1381, "value": 1}, {"source": 1381, "target": "modelado", "value": 27}, {"source": 1381, "target": "tierra", "value": 21}, {"source": 1381, "target": "generadores", "value": 11}, {"source": 1381, "target": "estabilidad", "value": 11}, {"source": 1381, "target": "física", "value": 11}, {"source": 1381, "target": "simulación", "value": 10}, {"source": 1381, "target": "superficies", "value": 10}, {"source": 1381, "target": "frecuencia", "value": 10}, {"source": 1381, "target": "grabación", "value": 10}, {"source": 1381, "target": "momento", "value": 9}, {"source": 1381, "target": "conductividad", "value": 9}, {"source": 1381, "target": "aplicadores", "value": 9}, {"source": 1381, "target": "estimacion", "value": 9}, {"source": 1381, "target": "autorización", "value": 8}, {"source": 1381, "target": "hidrología", "value": 8}, {"source": 1381, "target": "probabilidad", "value": 8}, {"source": 1381, "target": "dinámica", "value": 8}, {"source": 1381, "target": "pronóstico", "value": 7}, {"source": 1381, "target": "observadores", "value": 7}, {"source": 1381, "target": "materiales", "value": 7}, {"source": 1381, "target": "ríos", "value": 7}, {"source": 1381, "target": "geología", "value": 6}, {"source": 1381, "target": "ciencias económicas", "value": 6}, {"source": 1381, "target": "peligros", "value": 6}, {"source": 1381, "target": "observabilidad", "value": 6}, {"source": 1381, "target": "herramientas", "value": 6}, {"source": 1381, "target": "pruebas", "value": 6}, {"source": 1381, "target": "controlabilidad", "value": 6}, {"source": 1381, "target": "almacenamiento de agua", "value": 5}, {"source": 1381, "target": "resistencia", "value": 5}, {"source": "76ec81cc-1232-44d1-b6a9-073c18f9eaca", "target": 1386, "value": 1}, {"source": 1386, "target": "instrumentos", "value": 2}, {"source": 1386, "target": "medición", "value": 2}, {"source": 1386, "target": "modelado", "value": 1}, {"source": 1386, "target": "generadores", "value": 1}, {"source": 1386, "target": "aplicadores", "value": 1}, {"source": "76ec81cc-1232-44d1-b6a9-073c18f9eaca", "target": 1391, "value": 1}, {"source": 1391, "target": "ordenadores", "value": 8}, {"source": 1391, "target": "frecuencia", "value": 7}, {"source": 1391, "target": "superficies", "value": 6}, {"source": 1391, "target": "modelado", "value": 5}, {"source": 1391, "target": "generadores", "value": 5}, {"source": 1391, "target": "estimacion", "value": 5}, {"source": 1391, "target": "ondas", "value": 5}, {"source": 1391, "target": "sismología", "value": 4}, {"source": 1391, "target": "cizallamiento", "value": 3}, {"source": 1391, "target": "aditivos", "value": 3}, {"source": 1391, "target": "efectos del sitio", "value": 3}, {"source": 1391, "target": "temblores", "value": 3}, {"source": 1391, "target": "aplicadores", "value": 3}, {"source": 1391, "target": "metros", "value": 3}, {"source": 1391, "target": "algoritmos", "value": 3}, {"source": 1391, "target": "propagación", "value": 3}, {"source": 1391, "target": "interferometría", "value": 3}, {"source": 1391, "target": "energía", "value": 3}, {"source": 1391, "target": "funciones verdes", "value": 2}, {"source": 1391, "target": "elasticidad", "value": 2}, {"source": 1391, "target": "vigas", "value": 2}, {"source": 1391, "target": "fuerza", "value": 2}, {"source": 1391, "target": "calculadoras", "value": 2}, {"source": 1391, "target": "propagación de onda", "value": 2}, {"source": 1391, "target": "tierra", "value": 2}, {"source": 1391, "target": "sedimentos", "value": 2}, {"source": 1391, "target": "peligros", "value": 2}, {"source": 1391, "target": "ondas de superficie", "value": 2}, {"source": 1391, "target": "autorización", "value": 2}, {"source": 1391, "target": "disponibilidad", "value": 2}, {"source": "76ec81cc-1232-44d1-b6a9-073c18f9eaca", "target": 1395, "value": 1}, {"source": 1395, "target": "superficies", "value": 2}, {"source": 1395, "target": "isótopos", "value": 1}, {"source": 1395, "target": "pruebas", "value": 1}, {"source": 1395, "target": "temblores", "value": 1}, {"source": 1395, "target": "areas urbanas", "value": 1}, {"source": 1395, "target": "herramientas", "value": 1}, {"source": 1395, "target": "momento", "value": 1}, {"source": 1395, "target": "dinámica", "value": 1}, {"source": 1395, "target": "ondas", "value": 1}, {"source": 1395, "target": "ondas sísmicas", "value": 1}, {"source": 1395, "target": "distorsión", "value": 1}, {"source": 1395, "target": "morfología", "value": 1}, {"source": "76ec81cc-1232-44d1-b6a9-073c18f9eaca", "target": 1401, "value": 1}, {"source": "76ec81cc-1232-44d1-b6a9-073c18f9eaca", "target": 1402, "value": 1}, {"source": 1402, "target": "modelado", "value": 11}, {"source": 1402, "target": "tierra", "value": 11}, {"source": 1402, "target": "generadores", "value": 8}, {"source": 1402, "target": "aditivos", "value": 8}, {"source": 1402, "target": "construcción", "value": 7}, {"source": 1402, "target": "motores", "value": 6}, {"source": 1402, "target": "dinámica", "value": 6}, {"source": 1402, "target": "planificación", "value": 5}, {"source": 1402, "target": "ondas", "value": 5}, {"source": 1402, "target": "estabilidad", "value": 4}, {"source": 1402, "target": "calculadoras", "value": 4}, {"source": 1402, "target": "estimacion", "value": 4}, {"source": 1402, "target": "sismología", "value": 4}, {"source": 1402, "target": "documentación", "value": 4}, {"source": 1402, "target": "propagación", "value": 4}, {"source": 1402, "target": "rocas", "value": 3}, {"source": 1402, "target": "modelos numéricos", "value": 3}, {"source": 1402, "target": "hormigón", "value": 3}, {"source": 1402, "target": "superficies", "value": 3}, {"source": 1402, "target": "estrés", "value": 3}, {"source": 1402, "target": "presion", "value": 3}, {"source": 1402, "target": "cizallamiento", "value": 3}, {"source": 1402, "target": "actual", "value": 3}, {"source": 1402, "target": "modulación", "value": 3}, {"source": 1402, "target": "ondas sísmicas", "value": 3}, {"source": 1402, "target": "estabilidad de la pendiente", "value": 2}, {"source": 1402, "target": "cabezas de anclaje", "value": 2}, {"source": 1402, "target": "seguridad", "value": 2}, {"source": 1402, "target": "momento", "value": 2}, {"source": 1402, "target": "temblores", "value": 2}, {"source": "76ec81cc-1232-44d1-b6a9-073c18f9eaca", "target": 1421, "value": 1}, {"source": 1421, "target": "transporte", "value": 25}, {"source": 1421, "target": "modelado", "value": 24}, {"source": 1421, "target": "vehículos", "value": 23}, {"source": 1421, "target": "costos", "value": 16}, {"source": 1421, "target": "combustibles", "value": 12}, {"source": 1421, "target": "estimacion", "value": 11}, {"source": 1421, "target": "circuladores", "value": 10}, {"source": 1421, "target": "aditivos", "value": 9}, {"source": 1421, "target": "autorización", "value": 9}, {"source": 1421, "target": "mejoramiento", "value": 9}, {"source": 1421, "target": "aplicadores", "value": 9}, {"source": 1421, "target": "momento", "value": 8}, {"source": 1421, "target": "ciencias económicas", "value": 7}, {"source": 1421, "target": "pruebas", "value": 6}, {"source": 1421, "target": "enchapado", "value": 6}, {"source": 1421, "target": "generadores", "value": 6}, {"source": 1421, "target": "software", "value": 6}, {"source": 1421, "target": "planificación", "value": 6}, {"source": 1421, "target": "conductividad", "value": 5}, {"source": 1421, "target": "contaminación", "value": 5}, {"source": 1421, "target": "medición", "value": 5}, {"source": 1421, "target": "enrutamiento", "value": 5}, {"source": 1421, "target": "alternadores", "value": 5}, {"source": 1421, "target": "comentarios", "value": 5}, {"source": 1421, "target": "motores", "value": 4}, {"source": 1421, "target": "herramientas", "value": 4}, {"source": 1421, "target": "psicología", "value": 4}, {"source": 1421, "target": "areas urbanas", "value": 4}, {"source": 1421, "target": "observadores", "value": 4}, {"source": 1421, "target": "observabilidad", "value": 4}, {"source": "76ec81cc-1232-44d1-b6a9-073c18f9eaca", "target": 1442, "value": 1}, {"source": "76ec81cc-1232-44d1-b6a9-073c18f9eaca", "target": 1447, "value": 1}, {"source": 1447, "target": "modelado", "value": 57}, {"source": 1447, "target": "transporte", "value": 44}, {"source": 1447, "target": "momento", "value": 32}, {"source": 1447, "target": "generadores", "value": 27}, {"source": 1447, "target": "costos", "value": 25}, {"source": 1447, "target": "planificación", "value": 25}, {"source": 1447, "target": "estimacion", "value": 24}, {"source": 1447, "target": "vehículos", "value": 17}, {"source": 1447, "target": "aplicadores", "value": 14}, {"source": 1447, "target": "disponibilidad", "value": 10}, {"source": 1447, "target": "calibración", "value": 10}, {"source": 1447, "target": "enchapado", "value": 10}, {"source": 1447, "target": "software", "value": 10}, {"source": 1447, "target": "aditivos", "value": 9}, {"source": 1447, "target": "calculadoras", "value": 9}, {"source": 1447, "target": "privatización", "value": 8}, {"source": 1447, "target": "producción", "value": 8}, {"source": 1447, "target": "productividad", "value": 8}, {"source": 1447, "target": "comentarios", "value": 8}, {"source": 1447, "target": "mejoramiento", "value": 8}, {"source": 1447, "target": "actual", "value": 7}, {"source": 1447, "target": "enrutamiento", "value": 7}, {"source": 1447, "target": "probabilidad", "value": 7}, {"source": 1447, "target": "países en desarrollo", "value": 7}, {"source": 1447, "target": "conductividad", "value": 7}, {"source": 1447, "target": "medición", "value": 7}, {"source": 1447, "target": "frecuencia", "value": 6}, {"source": 1447, "target": "comercialización", "value": 6}, {"source": 1447, "target": "ciencias económicas", "value": 6}, {"source": 1447, "target": "estabilidad", "value": 6}, {"source": "76ec81cc-1232-44d1-b6a9-073c18f9eaca", "target": 1448, "value": 1}, {"source": 1448, "target": "educación", "value": 2}, {"source": 1448, "target": "motores", "value": 2}, {"source": 1448, "target": "geología", "value": 2}, {"source": 1448, "target": "contexto", "value": 2}, {"source": 1448, "target": "reguladores", "value": 1}, {"source": 1448, "target": "aceites", "value": 1}, {"source": 1448, "target": "biografías", "value": 1}, {"source": 1448, "target": "historia", "value": 1}, {"source": 1448, "target": "contactos", "value": 1}, {"source": 1448, "target": "fotografías", "value": 1}, {"source": 1448, "target": "acuerdos comerciales", "value": 1}, {"source": 1448, "target": "reflectividad", "value": 1}, {"source": 1448, "target": "escritura", "value": 1}, {"source": "76ec81cc-1232-44d1-b6a9-073c18f9eaca", "target": 1451, "value": 1}, {"source": 1451, "target": "rocas", "value": 23}, {"source": 1451, "target": "aplicadores", "value": 16}, {"source": 1451, "target": "estabilidad", "value": 16}, {"source": 1451, "target": "modelado", "value": 15}, {"source": 1451, "target": "generadores", "value": 14}, {"source": 1451, "target": "algoritmos", "value": 13}, {"source": 1451, "target": "software", "value": 12}, {"source": 1451, "target": "programación", "value": 11}, {"source": 1451, "target": "ordenadores", "value": 11}, {"source": 1451, "target": "superficies", "value": 11}, {"source": 1451, "target": "software de la aplicacion", "value": 9}, {"source": 1451, "target": "pitón", "value": 9}, {"source": 1451, "target": "limitante", "value": 9}, {"source": 1451, "target": "materiales", "value": 9}, {"source": 1451, "target": "seguridad", "value": 8}, {"source": 1451, "target": "motores", "value": 8}, {"source": 1451, "target": "calculadoras", "value": 8}, {"source": 1451, "target": "códigos", "value": 8}, {"source": 1451, "target": "medición", "value": 7}, {"source": 1451, "target": "autorización", "value": 7}, {"source": 1451, "target": "pruebas", "value": 6}, {"source": 1451, "target": "herramientas", "value": 6}, {"source": 1451, "target": "tierra", "value": 6}, {"source": 1451, "target": "arte", "value": 5}, {"source": 1451, "target": "estimacion", "value": 5}, {"source": 1451, "target": "análisis de estabilidad", "value": 5}, {"source": 1451, "target": "ciencias económicas", "value": 5}, {"source": 1451, "target": "geología", "value": 5}, {"source": 1451, "target": "sudamerica", "value": 4}, {"source": 1451, "target": "comercialización", "value": 4}, {"source": "76ec81cc-1232-44d1-b6a9-073c18f9eaca", "target": 1458, "value": 1}, {"source": 1458, "target": "modelado", "value": 14}, {"source": 1458, "target": "seguridad", "value": 13}, {"source": 1458, "target": "simulación", "value": 11}, {"source": 1458, "target": "vehículos", "value": 10}, {"source": 1458, "target": "manuales", "value": 10}, {"source": 1458, "target": "transporte", "value": 10}, {"source": 1458, "target": "estimacion", "value": 8}, {"source": 1458, "target": "calibración", "value": 8}, {"source": 1458, "target": "ordenadores", "value": 7}, {"source": 1458, "target": "aplicadores", "value": 7}, {"source": 1458, "target": "estandarización", "value": 6}, {"source": 1458, "target": "estándares", "value": 6}, {"source": 1458, "target": "herramientas", "value": 5}, {"source": 1458, "target": "observadores", "value": 5}, {"source": 1458, "target": "observabilidad", "value": 5}, {"source": 1458, "target": "controlabilidad", "value": 5}, {"source": 1458, "target": "alternadores", "value": 4}, {"source": 1458, "target": "programación", "value": 4}, {"source": 1458, "target": "momento", "value": 4}, {"source": 1458, "target": "econometría", "value": 4}, {"source": 1458, "target": "motores", "value": 4}, {"source": 1458, "target": "comentarios", "value": 4}, {"source": 1458, "target": "ciencias económicas", "value": 4}, {"source": 1458, "target": "heridos", "value": 3}, {"source": 1458, "target": "accidentes", "value": 3}, {"source": 1458, "target": "circuladores", "value": 3}, {"source": 1458, "target": "cámaras", "value": 3}, {"source": 1458, "target": "vigilancia", "value": 3}, {"source": 1458, "target": "construcción", "value": 3}, {"source": 1458, "target": "autorización", "value": 3}, {"source": "76ec81cc-1232-44d1-b6a9-073c18f9eaca", "target": 1459, "value": 1}, {"source": 1459, "target": "tierra", "value": 35}, {"source": 1459, "target": "pisos", "value": 19}, {"source": 1459, "target": "pruebas", "value": 18}, {"source": 1459, "target": "químicos", "value": 16}, {"source": 1459, "target": "física", "value": 16}, {"source": 1459, "target": "generadores", "value": 13}, {"source": 1459, "target": "estabilidad", "value": 10}, {"source": 1459, "target": "laboratorios", "value": 9}, {"source": 1459, "target": "materiales", "value": 9}, {"source": 1459, "target": "modelado", "value": 9}, {"source": 1459, "target": "edificios", "value": 9}, {"source": 1459, "target": "aditivos", "value": 9}, {"source": 1459, "target": "controlabilidad", "value": 9}, {"source": 1459, "target": "contaminación", "value": 7}, {"source": 1459, "target": "autorización", "value": 7}, {"source": 1459, "target": "mejoramiento", "value": 7}, {"source": 1459, "target": "aplicadores", "value": 7}, {"source": 1459, "target": "carbón", "value": 6}, {"source": 1459, "target": "calcio", "value": 6}, {"source": 1459, "target": "resistencia", "value": 5}, {"source": 1459, "target": "resiste", "value": 5}, {"source": 1459, "target": "electrones", "value": 5}, {"source": 1459, "target": "índices", "value": 5}, {"source": 1459, "target": "toma de tierra", "value": 5}, {"source": 1459, "target": "momento", "value": 5}, {"source": 1459, "target": "linealidad", "value": 5}, {"source": 1459, "target": "fuerza", "value": 5}, {"source": 1459, "target": "algoritmos", "value": 5}, {"source": 1459, "target": "redes neuronales", "value": 5}, {"source": 1459, "target": "redes neuronales artificiales", "value": 5}, {"source": "76ec81cc-1232-44d1-b6a9-073c18f9eaca", "target": 1470, "value": 1}, {"source": 1470, "target": "dinámica", "value": 5}, {"source": 1470, "target": "tierra", "value": 4}, {"source": 1470, "target": "pisos", "value": 3}, {"source": 1470, "target": "presas", "value": 2}, {"source": 1470, "target": "areas urbanas", "value": 2}, {"source": 1470, "target": "instrumentos", "value": 2}, {"source": 1470, "target": "modelado", "value": 1}, {"source": 1470, "target": "temblores", "value": 1}, {"source": 1470, "target": "incertidumbre", "value": 1}, {"source": 1470, "target": "programación", "value": 1}, {"source": 1470, "target": "edificios", "value": 1}, {"source": 1470, "target": "aplicadores", "value": 1}, {"source": 1470, "target": "estabilidad", "value": 1}, {"source": 1470, "target": "rocas", "value": 1}, {"source": 1470, "target": "linealidad", "value": 1}, {"source": 1470, "target": "sólidos", "value": 1}, {"source": 1470, "target": "pruebas", "value": 1}, {"source": 1470, "target": "construcción", "value": 1}, {"source": 1470, "target": "calibración", "value": 1}, {"source": "76ec81cc-1232-44d1-b6a9-073c18f9eaca", "target": 1476, "value": 1}, {"source": 1476, "target": "tierra", "value": 44}, {"source": 1476, "target": "cizallamiento", "value": 36}, {"source": 1476, "target": "modelado", "value": 34}, {"source": 1476, "target": "estrés", "value": 28}, {"source": 1476, "target": "pruebas", "value": 28}, {"source": 1476, "target": "toma de tierra", "value": 23}, {"source": 1476, "target": "laboratorios", "value": 20}, {"source": 1476, "target": "medición", "value": 20}, {"source": 1476, "target": "conductividad", "value": 20}, {"source": 1476, "target": "materiales", "value": 19}, {"source": 1476, "target": "aditivos", "value": 19}, {"source": 1476, "target": "presion", "value": 19}, {"source": 1476, "target": "construcción", "value": 19}, {"source": 1476, "target": "limitante", "value": 17}, {"source": 1476, "target": "estabilidad", "value": 17}, {"source": 1476, "target": "vigas", "value": 16}, {"source": 1476, "target": "estimacion", "value": 16}, {"source": 1476, "target": "observadores", "value": 14}, {"source": 1476, "target": "fuerza", "value": 14}, {"source": 1476, "target": "acoplamientos", "value": 14}, {"source": 1476, "target": "dinámica", "value": 14}, {"source": 1476, "target": "motores", "value": 13}, {"source": 1476, "target": "generadores", "value": 13}, {"source": 1476, "target": "observabilidad", "value": 13}, {"source": 1476, "target": "historia", "value": 11}, {"source": 1476, "target": "momento", "value": 11}, {"source": 1476, "target": "calculadoras", "value": 10}, {"source": 1476, "target": "análisis de elementos finitos", "value": 10}, {"source": 1476, "target": "edificios", "value": 10}, {"source": 1476, "target": "frecuencia", "value": 10}, {"source": "76ec81cc-1232-44d1-b6a9-073c18f9eaca", "target": 1477, "value": 1}, {"source": 1477, "target": "manuales", "value": 4}, {"source": 1477, "target": "contactos", "value": 2}, {"source": 1477, "target": "fotografías", "value": 2}, {"source": 1477, "target": "aplicadores", "value": 2}, {"source": 1477, "target": "contexto", "value": 2}, {"source": 1477, "target": "educación", "value": 1}, {"source": 1477, "target": "acuerdos comerciales", "value": 1}, {"source": 1477, "target": "reflectividad", "value": 1}, {"source": 1477, "target": "vigilancia", "value": 1}, {"source": 1477, "target": "imágenes digitales", "value": 1}, {"source": 1477, "target": "gobierno", "value": 1}, {"source": 1477, "target": "biografías", "value": 1}, {"source": 1477, "target": "generadores", "value": 1}, {"source": 1477, "target": "dinámica", "value": 1}, {"source": 1477, "target": "instrumentos", "value": 1}, {"source": 1477, "target": "medición", "value": 1}, {"source": "76ec81cc-1232-44d1-b6a9-073c18f9eaca", "target": 2849, "value": 1}, {"source": "76ec81cc-1232-44d1-b6a9-073c18f9eaca", "target": 2861, "value": 1}, {"source": "76ec81cc-1232-44d1-b6a9-073c18f9eaca", "target": 2862, "value": 1}, {"source": "76ec81cc-1232-44d1-b6a9-073c18f9eaca", "target": 2863, "value": 1}, {"source": "76ec81cc-1232-44d1-b6a9-073c18f9eaca", "target": 2865, "value": 1}, {"source": "76ec81cc-1232-44d1-b6a9-073c18f9eaca", "target": 2891, "value": 1}, {"source": "76ec81cc-1232-44d1-b6a9-073c18f9eaca", "target": 2892, "value": 1}, {"source": "76ec81cc-1232-44d1-b6a9-073c18f9eaca", "target": 2895, "value": 1}, {"source": "76ec81cc-1232-44d1-b6a9-073c18f9eaca", "target": 2921, "value": 1}, {"source": "76ec81cc-1232-44d1-b6a9-073c18f9eaca", "target": 2924, "value": 1}, {"source": "76ec81cc-1232-44d1-b6a9-073c18f9eaca", "target": 2925, "value": 1}, {"source": "76ec81cc-1232-44d1-b6a9-073c18f9eaca", "target": 2926, "value": 1}, {"source": "76ec81cc-1232-44d1-b6a9-073c18f9eaca", "target": 2927, "value": 1}, {"source": "76ec81cc-1232-44d1-b6a9-073c18f9eaca", "target": 2928, "value": 1}, {"source": "76ec81cc-1232-44d1-b6a9-073c18f9eaca", "target": 2929, "value": 1}, {"source": "76ec81cc-1232-44d1-b6a9-073c18f9eaca", "target": 2931, "value": 1}, {"source": "76ec81cc-1232-44d1-b6a9-073c18f9eaca", "target": 2932, "value": 1}, {"source": "76ec81cc-1232-44d1-b6a9-073c18f9eaca", "target": 2933, "value": 1}, {"source": "76ec81cc-1232-44d1-b6a9-073c18f9eaca", "target": 2935, "value": 1}, {"source": "76ec81cc-1232-44d1-b6a9-073c18f9eaca", "target": 2939, "value": 1}, {"source": "76ec81cc-1232-44d1-b6a9-073c18f9eaca", "target": 2940, "value": 1}, {"source": "76ec81cc-1232-44d1-b6a9-073c18f9eaca", "target": 2945, "value": 1}, {"source": "76ec81cc-1232-44d1-b6a9-073c18f9eaca", "target": 2948, "value": 1}, {"source": "76ec81cc-1232-44d1-b6a9-073c18f9eaca", "target": 2992, "value": 1}, {"source": "76ec81cc-1232-44d1-b6a9-073c18f9eaca", "target": 2994, "value": 1}, {"source": "76ec81cc-1232-44d1-b6a9-073c18f9eaca", "target": 3126, "value": 1}, {"source": "76ec81cc-1232-44d1-b6a9-073c18f9eaca", "target": 3131, "value": 1}, {"source": "76ec81cc-1232-44d1-b6a9-073c18f9eaca", "target": 3154, "value": 1}, {"source": "76ec81cc-1232-44d1-b6a9-073c18f9eaca", "target": 3155, "value": 1}, {"source": "76ec81cc-1232-44d1-b6a9-073c18f9eaca", "target": 3159, "value": 1}, {"source": "76ec81cc-1232-44d1-b6a9-073c18f9eaca", "target": 3160, "value": 1}, {"source": "76ec81cc-1232-44d1-b6a9-073c18f9eaca", "target": 3163, "value": 1}, {"source": "76ec81cc-1232-44d1-b6a9-073c18f9eaca", "target": 3166, "value": 1}, {"source": "76ec81cc-1232-44d1-b6a9-073c18f9eaca", "target": 3168, "value": 1}, {"source": "76ec81cc-1232-44d1-b6a9-073c18f9eaca", "target": 3169, "value": 1}, {"source": "76ec81cc-1232-44d1-b6a9-073c18f9eaca", "target": 3253, "value": 1}, {"source": "76ec81cc-1232-44d1-b6a9-073c18f9eaca", "target": 3273, "value": 1}, {"source": "76ec81cc-1232-44d1-b6a9-073c18f9eaca", "target": 3288, "value": 1}, {"source": "76ec81cc-1232-44d1-b6a9-073c18f9eaca", "target": 3289, "value": 1}, {"source": "76ec81cc-1232-44d1-b6a9-073c18f9eaca", "target": 3290, "value": 1}, {"source": "76ec81cc-1232-44d1-b6a9-073c18f9eaca", "target": 3292, "value": 1}, {"source": "76ec81cc-1232-44d1-b6a9-073c18f9eaca", "target": 3302, "value": 1}, {"source": "76ec81cc-1232-44d1-b6a9-073c18f9eaca", "target": 3303, "value": 1}, {"source": "76ec81cc-1232-44d1-b6a9-073c18f9eaca", "target": 3304, "value": 1}, {"source": "76ec81cc-1232-44d1-b6a9-073c18f9eaca", "target": 3305, "value": 1}, {"source": "76ec81cc-1232-44d1-b6a9-073c18f9eaca", "target": 3306, "value": 1}, {"source": "76ec81cc-1232-44d1-b6a9-073c18f9eaca", "target": 3310, "value": 1}, {"source": "76ec81cc-1232-44d1-b6a9-073c18f9eaca", "target": 3313, "value": 1}, {"source": "76ec81cc-1232-44d1-b6a9-073c18f9eaca", "target": 3320, "value": 1}, {"source": "76ec81cc-1232-44d1-b6a9-073c18f9eaca", "target": 3322, "value": 1}, {"source": "76ec81cc-1232-44d1-b6a9-073c18f9eaca", "target": 3325, "value": 1}, {"source": "76ec81cc-1232-44d1-b6a9-073c18f9eaca", "target": 3326, "value": 1}, {"source": "76ec81cc-1232-44d1-b6a9-073c18f9eaca", "target": 3329, "value": 1}, {"source": "76ec81cc-1232-44d1-b6a9-073c18f9eaca", "target": 3405, "value": 1}, {"source": "76ec81cc-1232-44d1-b6a9-073c18f9eaca", "target": 3407, "value": 1}, {"source": "76ec81cc-1232-44d1-b6a9-073c18f9eaca", "target": 3426, "value": 1}, {"source": "76ec81cc-1232-44d1-b6a9-073c18f9eaca", "target": 3428, "value": 1}, {"source": "76ec81cc-1232-44d1-b6a9-073c18f9eaca", "target": 3430, "value": 1}, {"source": "76ec81cc-1232-44d1-b6a9-073c18f9eaca", "target": 3451, "value": 1}], "options": [{"label": "Estado inicial", "value": "Departamento de Ingeniería Civil", "group": "00. Opciones predeterminadas"}, {"label": "Agudelo Velez Laura Ines", "value": "Agudelo Velez Laura Ines", "group": "02. Opciones de autor"}, {"label": "Alzate Montoya Ramon A", "value": "Alzate Montoya Ramon A", "group": "02. Opciones de autor"}, {"label": "Arango Herrera Ivan", "value": "Arango Herrera Ivan", "group": "02. Opciones de autor"}, {"label": "Arango Tobon Jesús Humberto", "value": "Arango Tobon Jesús Humberto", "group": "02. Opciones de autor"}, {"label": "Arango Yepes Jaime", "value": "Arango Yepes Jaime", "group": "02. Opciones de autor"}, {"label": "Arbelaez Restrepo Ignacio Jose", "value": "Arbelaez Restrepo Ignacio Jose", "group": "02. Opciones de autor"}, {"label": "Ardila Giraldo Oscar Alfredo", "value": "Ardila Giraldo Oscar Alfredo", "group": "02. Opciones de autor"}, {"label": "Aristizabal Ochoa Jose Dario", "value": "Aristizabal Ochoa Jose Dario", "group": "02. Opciones de autor"}, {"label": "Arroyave Perez Javier A", "value": "Arroyave Perez Javier A", "group": "02. Opciones de autor"}, {"label": "Ballesteros Parra John Robert", "value": "Ballesteros Parra John Robert", "group": "02. Opciones de autor"}, {"label": "Becerra Chavez Carlos Alberto", "value": "Becerra Chavez Carlos Alberto", "group": "02. Opciones de autor"}, {"label": "Betancur Angel Fernando", "value": "Betancur Angel Fernando", "group": "02. Opciones de autor"}, {"label": "Blandon Valencia John Jairo", "value": "Blandon Valencia John Jairo", "group": "02. Opciones de autor"}, {"label": "Bonett Diaz Ricardo Leon", "value": "Bonett Diaz Ricardo Leon", "group": "02. Opciones de autor"}, {"label": "Cano Gomez Hernan Dario", "value": "Cano Gomez Hernan Dario", "group": "02. Opciones de autor"}, {"label": "Carrillo Carrillo Josue", "value": "Carrillo Carrillo Josue", "group": "02. Opciones de autor"}, {"label": "Castrillon Obdonger Tomas", "value": "Castrillon Obdonger Tomas", "group": "02. Opciones de autor"}, {"label": "Castrillon Oberndorfer Elkin Alvaro", "value": "Castrillon Oberndorfer Elkin Alvaro", "group": "02. Opciones de autor"}, {"label": "Castro Osorio Sandra Liliana", "value": "Castro Osorio Sandra Liliana", "group": "02. Opciones de autor"}, {"label": "Cifuentes Serna Raul", "value": "Cifuentes Serna Raul", "group": "02. Opciones de autor"}, {"label": "Corcho Romero Fredy", "value": "Corcho Romero Fredy", "group": "02. Opciones de autor"}, {"label": "Cordoba Maquilon Jorge Eliecer", "value": "Cordoba Maquilon Jorge Eliecer", "group": "02. Opciones de autor"}, {"label": "Davila Aristizabal Roberto", "value": "Davila Aristizabal Roberto", "group": "02. Opciones de autor"}, {"label": "De La Cruz Morales Claudia Jenny", "value": "De La Cruz Morales Claudia Jenny", "group": "02. Opciones de autor"}, {"label": "Duva Palacio Orlando E", "value": "Duva Palacio Orlando E", "group": "02. Opciones de autor"}, {"label": "Echeverri Ramirez Oscar", "value": "Echeverri Ramirez Oscar", "group": "02. Opciones de autor"}, {"label": "Escobar Restrepo Eduardo Emilio", "value": "Escobar Restrepo Eduardo Emilio", "group": "02. Opciones de autor"}, {"label": "Farbiarz Farbiarz Yosef", "value": "Farbiarz Farbiarz Yosef", "group": "02. Opciones de autor"}, {"label": "Florez Gomez Juan Fernando", "value": "Florez Gomez Juan Fernando", "group": "02. Opciones de autor"}, {"label": "Galindo Pacheco Ramon Alberto", "value": "Galindo Pacheco Ramon Alberto", "group": "02. Opciones de autor"}, {"label": "Gallego Henao Andres Uriel", "value": "Gallego Henao Andres Uriel", "group": "02. Opciones de autor"}, {"label": "Garcia Patiño Sergio Alberto", "value": "Garcia Patiño Sergio Alberto", "group": "02. Opciones de autor"}, {"label": "Garza Vasquez Luis", "value": "Garza Vasquez Luis", "group": "02. Opciones de autor"}, {"label": "Gaviria Ortiz Alvaro Octavio", "value": "Gaviria Ortiz Alvaro Octavio", "group": "02. Opciones de autor"}, {"label": "Germanetti Ferrua Enrico", "value": "Germanetti Ferrua Enrico", "group": "02. Opciones de autor"}, {"label": "Gil Leon Luis Evelio", "value": "Gil Leon Luis Evelio", "group": "02. Opciones de autor"}, {"label": "Giraldo Bolivar Orlando", "value": "Giraldo Bolivar Orlando", "group": "02. Opciones de autor"}, {"label": "Gomez Betancur Margarita Rosa", "value": "Gomez Betancur Margarita Rosa", "group": "02. Opciones de autor"}, {"label": "Gomez Gil Gabriel Arturo", "value": "Gomez Gil Gabriel Arturo", "group": "02. Opciones de autor"}, {"label": "Gomez Paniagua Edilma Lucia", "value": "Gomez Paniagua Edilma Lucia", "group": "02. Opciones de autor"}, {"label": "Gonzalez Calderon Carlos Alberto", "value": "Gonzalez Calderon Carlos Alberto", "group": "02. Opciones de autor"}, {"label": "Gonzalez Rodriguez Carlos Alonso", "value": "Gonzalez Rodriguez Carlos Alonso", "group": "02. Opciones de autor"}, {"label": "Graciano Gallego Carlos Alberto", "value": "Graciano Gallego Carlos Alberto", "group": "02. Opciones de autor"}, {"label": "Gutierrez Isaza Hernan", "value": "Gutierrez Isaza Hernan", "group": "02. Opciones de autor"}, {"label": "Hoyos Patiño Fabian", "value": "Hoyos Patiño Fabian", "group": "02. Opciones de autor"}, {"label": "Lara Valencia Luis Augusto", "value": "Lara Valencia Luis Augusto", "group": "02. Opciones de autor"}, {"label": "Linero Molina Sandra", "value": "Linero Molina Sandra", "group": "02. Opciones de autor"}, {"label": "Marquez Cardenas Gabriel", "value": "Marquez Cardenas Gabriel", "group": "02. Opciones de autor"}, {"label": "Martinez Carvajal Hernan Eduardo", "value": "Martinez Carvajal Hernan Eduardo", "group": "02. Opciones de autor"}, {"label": "Mejia Gutierrez Angela Beatriz", "value": "Mejia Gutierrez Angela Beatriz", "group": "02. Opciones de autor"}, {"label": "Molina Villegas Juan Camilo", "value": "Molina Villegas Juan Camilo", "group": "02. Opciones de autor"}, {"label": "Monsalve Cardona Humberto", "value": "Monsalve Cardona Humberto", "group": "02. Opciones de autor"}, {"label": "Montoya Callejas Franc", "value": "Montoya Callejas Franc", "group": "02. Opciones de autor"}, {"label": "Morales Giraldo Juan Gonzalo", "value": "Morales Giraldo Juan Gonzalo", "group": "02. Opciones de autor"}, {"label": "Moreno Ospina Luis Fernando", "value": "Moreno Ospina Luis Fernando", "group": "02. Opciones de autor"}, {"label": "Muñoz Hoyos Claudia Helena", "value": "Muñoz Hoyos Claudia Helena", "group": "02. Opciones de autor"}, {"label": "Nanclares Arango Francisco Javier", "value": "Nanclares Arango Francisco Javier", "group": "02. Opciones de autor"}, {"label": "Olarte Guarin Juan Carlos", "value": "Olarte Guarin Juan Carlos", "group": "02. Opciones de autor"}, {"label": "Osorio Mora Rodrigo Ivan", "value": "Osorio Mora Rodrigo Ivan", "group": "02. Opciones de autor"}, {"label": "Ospina Triana Tito Alberto", "value": "Ospina Triana Tito Alberto", "group": "02. Opciones de autor"}, {"label": "Pelaez Lopez Oscar De Jesus", "value": "Pelaez Lopez Oscar De Jesus", "group": "02. Opciones de autor"}, {"label": "Perez Arango Alvaro Santiago", "value": "Perez Arango Alvaro Santiago", "group": "02. Opciones de autor"}, {"label": "Perez Castrillon Marco Aurelio", "value": "Perez Castrillon Marco Aurelio", "group": "02. Opciones de autor"}, {"label": "Pineda Uribe Beatriz Elena", "value": "Pineda Uribe Beatriz Elena", "group": "02. Opciones de autor"}, {"label": "Posada Henao John Jairo", "value": "Posada Henao John Jairo", "group": "02. Opciones de autor"}, {"label": "Rendon Correa Gustavo Adolfo", "value": "Rendon Correa Gustavo Adolfo", "group": "02. Opciones de autor"}, {"label": "Restrepo Arango Luis Carlos", "value": "Restrepo Arango Luis Carlos", "group": "02. Opciones de autor"}, {"label": "Ruiz Arbelaez Sandra Lucia", "value": "Ruiz Arbelaez Sandra Lucia", "group": "02. Opciones de autor"}, {"label": "Salazar Estrada Lucia", "value": "Salazar Estrada Lucia", "group": "02. Opciones de autor"}, {"label": "Sanchez Mejia Jorge Arturo", "value": "Sanchez Mejia Jorge Arturo", "group": "02. Opciones de autor"}, {"label": "Sanchez Uribe Juan Ramiro", "value": "Sanchez Uribe Juan Ramiro", "group": "02. Opciones de autor"}, {"label": "Santander Restrepo Norman Manuel Maria", "value": "Santander Restrepo Norman Manuel Maria", "group": "02. Opciones de autor"}, {"label": "Sarmiento Ordosgoitia Ivan Reinaldo", "value": "Sarmiento Ordosgoitia Ivan Reinaldo", "group": "02. Opciones de autor"}, {"label": "Serna Vasquez Andres Felipe", "value": "Serna Vasquez Andres Felipe", "group": "02. Opciones de autor"}, {"label": "Sierra Baena Miguel Angel", "value": "Sierra Baena Miguel Angel", "group": "02. Opciones de autor"}, {"label": "Sierra Londoño Jesus Alonso", "value": "Sierra Londoño Jesus Alonso", "group": "02. Opciones de autor"}, {"label": "Sierra Munera Jairo", "value": "Sierra Munera Jairo", "group": "02. Opciones de autor"}, {"label": "Suarez Burgoa Ludger Oswaldo", "value": "Suarez Burgoa Ludger Oswaldo", "group": "02. Opciones de autor"}, {"label": "Tejada Saenz Jose", "value": "Tejada Saenz Jose", "group": "02. Opciones de autor"}, {"label": "Toro Rada Humberto", "value": "Toro Rada Humberto", "group": "02. Opciones de autor"}, {"label": "Trujillo Acevedo Augusto", "value": "Trujillo Acevedo Augusto", "group": "02. Opciones de autor"}, {"label": "Valencia Alaix Victor Gabriel", "value": "Valencia Alaix Victor Gabriel", "group": "02. Opciones de autor"}, {"label": "Valencia Gonzalez Yamile", "value": "Valencia Gonzalez Yamile", "group": "02. Opciones de autor"}, {"label": "Valencia Restrepo Dario", "value": "Valencia Restrepo Dario", "group": "02. Opciones de autor"}, {"label": "Vasquez Lopez Pedro Jose", "value": "Vasquez Lopez Pedro Jose", "group": "02. Opciones de autor"}, {"label": "Vega Posada Carlos Alberto", "value": "Vega Posada Carlos Alberto", "group": "02. Opciones de autor"}, {"label": "Velez Arango Sergio", "value": "Velez Arango Sergio", "group": "02. Opciones de autor"}, {"label": "Villarraga Herrera Manuel Roberto", "value": "Villarraga Herrera Manuel Roberto", "group": "02. Opciones de autor"}, {"label": "Villegas Gutierrez Fabio", "value": "Villegas Gutierrez Fabio", "group": "02. Opciones de autor"}, {"label": "Villegas Ramirez Bernardo", "value": "Villegas Ramirez Bernardo", "group": "02. Opciones de autor"}, {"label": "Zapata Gomez Edgar Alberto", "value": "Zapata Gomez Edgar Alberto", "group": "02. Opciones de autor"}, {"label": "Zapata Medina David Guillermo", "value": "Zapata Medina David Guillermo", "group": "02. Opciones de autor"}, {"label": "Zapata Ocampo Oscar De Jesus", "value": "Zapata Ocampo Oscar De Jesus", "group": "02. Opciones de autor"}, {"label": "Zerrate Sierra German Teofilo", "value": "Zerrate Sierra German Teofilo", "group": "02. Opciones de autor"}, {"label": "Departamento de Ingeniería Civil", "value": "Departamento de Ingeniería Civil", "group": "02. Opciones de uab"}, {"label": "absorción", "value": "absorción", "group": "03. Opciones de temas"}, {"label": "accidentes", "value": "accidentes", "group": "03. Opciones de temas"}, {"label": "aceites", "value": "aceites", "group": "03. Opciones de temas"}, {"label": "acero", "value": "acero", "group": "03. Opciones de temas"}, {"label": "acoplamientos", "value": "acoplamientos", "group": "03. Opciones de temas"}, {"label": "actual", "value": "actual", "group": "03. Opciones de temas"}, {"label": "acuerdos comerciales", "value": "acuerdos comerciales", "group": "03. Opciones de temas"}, {"label": "adecuado", "value": "adecuado", "group": "03. Opciones de temas"}, {"label": "aditivos", "value": "aditivos", "group": "03. Opciones de temas"}, {"label": "administración", "value": "administración", "group": "03. Opciones de temas"}, {"label": "aeronave", "value": "aeronave", "group": "03. Opciones de temas"}, {"label": "aeropuertos", "value": "aeropuertos", "group": "03. Opciones de temas"}, {"label": "afinación", "value": "afinación", "group": "03. Opciones de temas"}, {"label": "agregados", "value": "agregados", "group": "03. Opciones de temas"}, {"label": "algoritmos", "value": "algoritmos", "group": "03. Opciones de temas"}, {"label": "almacenamiento de agua", "value": "almacenamiento de agua", "group": "03. Opciones de temas"}, {"label": "alternadores", "value": "alternadores", "group": "03. Opciones de temas"}, {"label": "análisis de elementos finitos", "value": "análisis de elementos finitos", "group": "03. Opciones de temas"}, {"label": "análisis de estabilidad", "value": "análisis de estabilidad", "group": "03. Opciones de temas"}, {"label": "aplicadores", "value": "aplicadores", "group": "03. Opciones de temas"}, {"label": "areas urbanas", "value": "areas urbanas", "group": "03. Opciones de temas"}, {"label": "arrastrarse", "value": "arrastrarse", "group": "03. Opciones de temas"}, {"label": "arte", "value": "arte", "group": "03. Opciones de temas"}, {"label": "asfalto", "value": "asfalto", "group": "03. Opciones de temas"}, {"label": "atenuadores", "value": "atenuadores", "group": "03. Opciones de temas"}, {"label": "autorización", "value": "autorización", "group": "03. Opciones de temas"}, {"label": "bambú", "value": "bambú", "group": "03. Opciones de temas"}, {"label": "biografías", "value": "biografías", "group": "03. Opciones de temas"}, {"label": "bridas", "value": "bridas", "group": "03. Opciones de temas"}, {"label": "cabezas de anclaje", "value": "cabezas de anclaje", "group": "03. Opciones de temas"}, {"label": "calcio", "value": "calcio", "group": "03. Opciones de temas"}, {"label": "calculadoras", "value": "calculadoras", "group": "03. Opciones de temas"}, {"label": "calibración", "value": "calibración", "group": "03. Opciones de temas"}, {"label": "campos electromagnéticos", "value": "campos electromagnéticos", "group": "03. Opciones de temas"}, {"label": "carbón", "value": "carbón", "group": "03. Opciones de temas"}, {"label": "ciencias económicas", "value": "ciencias económicas", "group": "03. Opciones de temas"}, {"label": "circuladores", "value": "circuladores", "group": "03. Opciones de temas"}, {"label": "cizallamiento", "value": "cizallamiento", "group": "03. Opciones de temas"}, {"label": "combustibles", "value": "combustibles", "group": "03. Opciones de temas"}, {"label": "comentarios", "value": "comentarios", "group": "03. Opciones de temas"}, {"label": "comercialización", "value": "comercialización", "group": "03. Opciones de temas"}, {"label": "compañías", "value": "compañías", "group": "03. Opciones de temas"}, {"label": "conductividad", "value": "conductividad", "group": "03. Opciones de temas"}, {"label": "construcción", "value": "construcción", "group": "03. Opciones de temas"}, {"label": "contactos", "value": "contactos", "group": "03. Opciones de temas"}, {"label": "contaminación", "value": "contaminación", "group": "03. Opciones de temas"}, {"label": "contenedores", "value": "contenedores", "group": "03. Opciones de temas"}, {"label": "contexto", "value": "contexto", "group": "03. Opciones de temas"}, {"label": "contratos", "value": "contratos", "group": "03. Opciones de temas"}, {"label": "control de fuerza", "value": "control de fuerza", "group": "03. Opciones de temas"}, {"label": "control de vibración", "value": "control de vibración", "group": "03. Opciones de temas"}, {"label": "controlabilidad", "value": "controlabilidad", "group": "03. Opciones de temas"}, {"label": "convertidores", "value": "convertidores", "group": "03. Opciones de temas"}, {"label": "correlación", "value": "correlación", "group": "03. Opciones de temas"}, {"label": "correladores", "value": "correladores", "group": "03. Opciones de temas"}, {"label": "costos", "value": "costos", "group": "03. Opciones de temas"}, {"label": "cámaras", "value": "cámaras", "group": "03. Opciones de temas"}, {"label": "códigos", "value": "códigos", "group": "03. Opciones de temas"}, {"label": "difracción", "value": "difracción", "group": "03. Opciones de temas"}, {"label": "difracción de rayos x", "value": "difracción de rayos x", "group": "03. Opciones de temas"}, {"label": "dinámica", "value": "dinámica", "group": "03. Opciones de temas"}, {"label": "dirigir", "value": "dirigir", "group": "03. Opciones de temas"}, {"label": "diseño sísmico", "value": "diseño sísmico", "group": "03. Opciones de temas"}, {"label": "disipación de energía", "value": "disipación de energía", "group": "03. Opciones de temas"}, {"label": "disponibilidad", "value": "disponibilidad", "group": "03. Opciones de temas"}, {"label": "distorsión", "value": "distorsión", "group": "03. Opciones de temas"}, {"label": "documentación", "value": "documentación", "group": "03. Opciones de temas"}, {"label": "econometría", "value": "econometría", "group": "03. Opciones de temas"}, {"label": "ecuaciones", "value": "ecuaciones", "group": "03. Opciones de temas"}, {"label": "edificios", "value": "edificios", "group": "03. Opciones de temas"}, {"label": "educación", "value": "educación", "group": "03. Opciones de temas"}, {"label": "efectos del sitio", "value": "efectos del sitio", "group": "03. Opciones de temas"}, {"label": "elasticidad", "value": "elasticidad", "group": "03. Opciones de temas"}, {"label": "electromagnés", "value": "electromagnés", "group": "03. Opciones de temas"}, {"label": "electromagnético", "value": "electromagnético", "group": "03. Opciones de temas"}, {"label": "electrones", "value": "electrones", "group": "03. Opciones de temas"}, {"label": "enchapado", "value": "enchapado", "group": "03. Opciones de temas"}, {"label": "energía", "value": "energía", "group": "03. Opciones de temas"}, {"label": "enrutamiento", "value": "enrutamiento", "group": "03. Opciones de temas"}, {"label": "entrevista", "value": "entrevista", "group": "03. Opciones de temas"}, {"label": "envejecimiento", "value": "envejecimiento", "group": "03. Opciones de temas"}, {"label": "escritura", "value": "escritura", "group": "03. Opciones de temas"}, {"label": "estabilidad", "value": "estabilidad", "group": "03. Opciones de temas"}, {"label": "estabilidad de la pendiente", "value": "estabilidad de la pendiente", "group": "03. Opciones de temas"}, {"label": "estandarización", "value": "estandarización", "group": "03. Opciones de temas"}, {"label": "estimacion", "value": "estimacion", "group": "03. Opciones de temas"}, {"label": "estrés", "value": "estrés", "group": "03. Opciones de temas"}, {"label": "estudio paramétrico", "value": "estudio paramétrico", "group": "03. Opciones de temas"}, {"label": "estándares", "value": "estándares", "group": "03. Opciones de temas"}, {"label": "fabricación", "value": "fabricación", "group": "03. Opciones de temas"}, {"label": "fluidos", "value": "fluidos", "group": "03. Opciones de temas"}, {"label": "forma", "value": "forma", "group": "03. Opciones de temas"}, {"label": "fotografías", "value": "fotografías", "group": "03. Opciones de temas"}, {"label": "frecuencia", "value": "frecuencia", "group": "03. Opciones de temas"}, {"label": "fricción", "value": "fricción", "group": "03. Opciones de temas"}, {"label": "fuerza", "value": "fuerza", "group": "03. Opciones de temas"}, {"label": "funciones verdes", "value": "funciones verdes", "group": "03. Opciones de temas"}, {"label": "física", "value": "física", "group": "03. Opciones de temas"}, {"label": "generadores", "value": "generadores", "group": "03. Opciones de temas"}, {"label": "geología", "value": "geología", "group": "03. Opciones de temas"}, {"label": "globalización", "value": "globalización", "group": "03. Opciones de temas"}, {"label": "gobierno", "value": "gobierno", "group": "03. Opciones de temas"}, {"label": "grabación", "value": "grabación", "group": "03. Opciones de temas"}, {"label": "gráficos", "value": "gráficos", "group": "03. Opciones de temas"}, {"label": "heridos", "value": "heridos", "group": "03. Opciones de temas"}, {"label": "herramientas", "value": "herramientas", "group": "03. Opciones de temas"}, {"label": "hidrología", "value": "hidrología", "group": "03. Opciones de temas"}, {"label": "historia", "value": "historia", "group": "03. Opciones de temas"}, {"label": "hormigón", "value": "hormigón", "group": "03. Opciones de temas"}, {"label": "humedad", "value": "humedad", "group": "03. Opciones de temas"}, {"label": "imágenes digitales", "value": "imágenes digitales", "group": "03. Opciones de temas"}, {"label": "incertidumbre", "value": "incertidumbre", "group": "03. Opciones de temas"}, {"label": "industrias", "value": "industrias", "group": "03. Opciones de temas"}, {"label": "ingeniería civil", "value": "ingeniería civil", "group": "03. Opciones de temas"}, {"label": "instrumentos", "value": "instrumentos", "group": "03. Opciones de temas"}, {"label": "interferometría", "value": "interferometría", "group": "03. Opciones de temas"}, {"label": "isótopos", "value": "isótopos", "group": "03. Opciones de temas"}, {"label": "laboratorios", "value": "laboratorios", "group": "03. Opciones de temas"}, {"label": "ley", "value": "ley", "group": "03. Opciones de temas"}, {"label": "limitante", "value": "limitante", "group": "03. Opciones de temas"}, {"label": "linealidad", "value": "linealidad", "group": "03. Opciones de temas"}, {"label": "logística", "value": "logística", "group": "03. Opciones de temas"}, {"label": "lógica", "value": "lógica", "group": "03. Opciones de temas"}, {"label": "manuales", "value": "manuales", "group": "03. Opciones de temas"}, {"label": "materiales", "value": "materiales", "group": "03. Opciones de temas"}, {"label": "matrices", "value": "matrices", "group": "03. Opciones de temas"}, {"label": "media cuadrática", "value": "media cuadrática", "group": "03. Opciones de temas"}, {"label": "medición", "value": "medición", "group": "03. Opciones de temas"}, {"label": "mejoramiento", "value": "mejoramiento", "group": "03. Opciones de temas"}, {"label": "metal expandido", "value": "metal expandido", "group": "03. Opciones de temas"}, {"label": "metalización", "value": "metalización", "group": "03. Opciones de temas"}, {"label": "metros", "value": "metros", "group": "03. Opciones de temas"}, {"label": "microscopio de electrones", "value": "microscopio de electrones", "group": "03. Opciones de temas"}, {"label": "microscopía", "value": "microscopía", "group": "03. Opciones de temas"}, {"label": "microscopía electrónica de barrido", "value": "microscopía electrónica de barrido", "group": "03. Opciones de temas"}, {"label": "minimización", "value": "minimización", "group": "03. Opciones de temas"}, {"label": "modelado", "value": "modelado", "group": "03. Opciones de temas"}, {"label": "modelos numéricos", "value": "modelos numéricos", "group": "03. Opciones de temas"}, {"label": "modulación", "value": "modulación", "group": "03. Opciones de temas"}, {"label": "mojadura", "value": "mojadura", "group": "03. Opciones de temas"}, {"label": "momento", "value": "momento", "group": "03. Opciones de temas"}, {"label": "morfología", "value": "morfología", "group": "03. Opciones de temas"}, {"label": "motores", "value": "motores", "group": "03. Opciones de temas"}, {"label": "muelles", "value": "muelles", "group": "03. Opciones de temas"}, {"label": "observabilidad", "value": "observabilidad", "group": "03. Opciones de temas"}, {"label": "observadores", "value": "observadores", "group": "03. Opciones de temas"}, {"label": "ondas", "value": "ondas", "group": "03. Opciones de temas"}, {"label": "ondas de superficie", "value": "ondas de superficie", "group": "03. Opciones de temas"}, {"label": "ondas sísmicas", "value": "ondas sísmicas", "group": "03. Opciones de temas"}, {"label": "ordenadores", "value": "ordenadores", "group": "03. Opciones de temas"}, {"label": "organismos", "value": "organismos", "group": "03. Opciones de temas"}, {"label": "organizaciones", "value": "organizaciones", "group": "03. Opciones de temas"}, {"label": "patch cargando", "value": "patch cargando", "group": "03. Opciones de temas"}, {"label": "países en desarrollo", "value": "países en desarrollo", "group": "03. Opciones de temas"}, {"label": "peligros", "value": "peligros", "group": "03. Opciones de temas"}, {"label": "pisos", "value": "pisos", "group": "03. Opciones de temas"}, {"label": "pitón", "value": "pitón", "group": "03. Opciones de temas"}, {"label": "planificación", "value": "planificación", "group": "03. Opciones de temas"}, {"label": "plástica", "value": "plástica", "group": "03. Opciones de temas"}, {"label": "precisión", "value": "precisión", "group": "03. Opciones de temas"}, {"label": "presas", "value": "presas", "group": "03. Opciones de temas"}, {"label": "presion", "value": "presion", "group": "03. Opciones de temas"}, {"label": "privatización", "value": "privatización", "group": "03. Opciones de temas"}, {"label": "probabilidad", "value": "probabilidad", "group": "03. Opciones de temas"}, {"label": "producción", "value": "producción", "group": "03. Opciones de temas"}, {"label": "productividad", "value": "productividad", "group": "03. Opciones de temas"}, {"label": "programación", "value": "programación", "group": "03. Opciones de temas"}, {"label": "pronóstico", "value": "pronóstico", "group": "03. Opciones de temas"}, {"label": "propagación", "value": "propagación", "group": "03. Opciones de temas"}, {"label": "propagación de onda", "value": "propagación de onda", "group": "03. Opciones de temas"}, {"label": "pruebas", "value": "pruebas", "group": "03. Opciones de temas"}, {"label": "psicología", "value": "psicología", "group": "03. Opciones de temas"}, {"label": "publicación", "value": "publicación", "group": "03. Opciones de temas"}, {"label": "químicos", "value": "químicos", "group": "03. Opciones de temas"}, {"label": "rayos x", "value": "rayos x", "group": "03. Opciones de temas"}, {"label": "receptores", "value": "receptores", "group": "03. Opciones de temas"}, {"label": "redes neuronales", "value": "redes neuronales", "group": "03. Opciones de temas"}, {"label": "redes neuronales artificiales", "value": "redes neuronales artificiales", "group": "03. Opciones de temas"}, {"label": "reflectividad", "value": "reflectividad", "group": "03. Opciones de temas"}, {"label": "registros", "value": "registros", "group": "03. Opciones de temas"}, {"label": "reguladores", "value": "reguladores", "group": "03. Opciones de temas"}, {"label": "resiste", "value": "resiste", "group": "03. Opciones de temas"}, {"label": "resistencia", "value": "resistencia", "group": "03. Opciones de temas"}, {"label": "rieles", "value": "rieles", "group": "03. Opciones de temas"}, {"label": "rocas", "value": "rocas", "group": "03. Opciones de temas"}, {"label": "ríos", "value": "ríos", "group": "03. Opciones de temas"}, {"label": "sedimentos", "value": "sedimentos", "group": "03. Opciones de temas"}, {"label": "seguridad", "value": "seguridad", "group": "03. Opciones de temas"}, {"label": "simulación", "value": "simulación", "group": "03. Opciones de temas"}, {"label": "sismología", "value": "sismología", "group": "03. Opciones de temas"}, {"label": "sistemas de control", "value": "sistemas de control", "group": "03. Opciones de temas"}, {"label": "sistemático", "value": "sistemático", "group": "03. Opciones de temas"}, {"label": "software", "value": "software", "group": "03. Opciones de temas"}, {"label": "software de la aplicacion", "value": "software de la aplicacion", "group": "03. Opciones de temas"}, {"label": "sudamerica", "value": "sudamerica", "group": "03. Opciones de temas"}, {"label": "superficies", "value": "superficies", "group": "03. Opciones de temas"}, {"label": "sustratos", "value": "sustratos", "group": "03. Opciones de temas"}, {"label": "sólidos", "value": "sólidos", "group": "03. Opciones de temas"}, {"label": "tecnología", "value": "tecnología", "group": "03. Opciones de temas"}, {"label": "telas", "value": "telas", "group": "03. Opciones de temas"}, {"label": "telecomunicaciones", "value": "telecomunicaciones", "group": "03. Opciones de temas"}, {"label": "temblores", "value": "temblores", "group": "03. Opciones de temas"}, {"label": "temperatura", "value": "temperatura", "group": "03. Opciones de temas"}, {"label": "tierra", "value": "tierra", "group": "03. Opciones de temas"}, {"label": "toma de tierra", "value": "toma de tierra", "group": "03. Opciones de temas"}, {"label": "transporte", "value": "transporte", "group": "03. Opciones de temas"}, {"label": "transporte público", "value": "transporte público", "group": "03. Opciones de temas"}, {"label": "vectores", "value": "vectores", "group": "03. Opciones de temas"}, {"label": "vehículos", "value": "vehículos", "group": "03. Opciones de temas"}, {"label": "vibraciones", "value": "vibraciones", "group": "03. Opciones de temas"}, {"label": "vigas", "value": "vigas", "group": "03. Opciones de temas"}, {"label": "vigilancia", "value": "vigilancia", "group": "03. Opciones de temas"}, {"label": "web 20", "value": "web 20", "group": "03. Opciones de temas"}, {"label": "índices", "value": "índices", "group": "03. Opciones de temas"}]}