{"nodes": [{"id": "65fd7045-3475-4748-af32-b134ebec17e2", "label": "Escuela de Educación Medica", "type": "uab"}, {"id": 71, "label": "Badoui Rodríguez Nora", "type": "author"}, {"id": "riesgo", "label": "riesgo", "type": "topic"}, {"id": "literatura", "label": "literatura", "type": "topic"}, {"id": "revisión", "label": "revisión", "type": "topic"}, {"id": "asociación", "label": "asociación", "type": "topic"}, {"id": "consejo", "label": "consejo", "type": "topic"}, {"id": "medicalización", "label": "medicalización", "type": "topic"}, {"id": "actitud", "label": "actitud", "type": "topic"}, {"id": "estudiantes", "label": "estudiantes", "type": "topic"}, {"id": "universidades", "label": "universidades", "type": "topic"}, {"id": "hormonas", "label": "hormonas", "type": "topic"}, {"id": "terapéutica", "label": "terapéutica", "type": "topic"}, {"id": "menopausia", "label": "menopausia", "type": "topic"}, {"id": "métodos", "label": "métodos", "type": "topic"}, {"id": "pubmed", "label": "pubmed", "type": "topic"}, {"id": "arterias", "label": "arterias", "type": "topic"}, {"id": "hipertensión", "label": "hipertensión", "type": "topic"}, {"id": "enfermedades cardiovasculares", "label": "enfermedades cardiovasculares", "type": "topic"}, {"id": "sistema cardiovascular", "label": "sistema cardiovascular", "type": "topic"}, {"id": "mortalidad cardiovascular", "label": "mortalidad cardiovascular", "type": "topic"}, {"id": "mortalidad", "label": "mortalidad", "type": "topic"}, {"id": "café", "label": "café", "type": "topic"}, {"id": "sistemática", "label": "sistemática", "type": "topic"}, {"id": "generadores", "label": "generadores", "type": "topic"}, {"id": "herramientas", "label": "herramientas", "type": "topic"}, {"id": "conductividad", "label": "conductividad", "type": "topic"}, {"id": "críticas", "label": "críticas", "type": "topic"}, {"id": "medline", "label": "medline", "type": "topic"}, {"id": "metaanálisis", "label": "metaanálisis", "type": "topic"}, {"id": "revisión sistemática", "label": "revisión sistemática", "type": "topic"}, {"id": "asesoramiento", "label": "asesoramiento", "type": "topic"}, {"id": 617, "label": "Parra Pineda Mario Orlando", "type": "author"}, {"id": "colombia", "label": "colombia", "type": "topic"}, {"id": "mujeres", "label": "mujeres", "type": "topic"}, {"id": "humanos", "label": "humanos", "type": "topic"}, {"id": "humanidades", "label": "humanidades", "type": "topic"}, {"id": "humanismo", "label": "humanismo", "type": "topic"}, {"id": "conocimiento", "label": "conocimiento", "type": "topic"}, {"id": "docentes", "label": "docentes", "type": "topic"}, {"id": "embarazo", "label": "embarazo", "type": "topic"}, {"id": "medicina", "label": "medicina", "type": "topic"}, {"id": "diagnóstico", "label": "diagnóstico", "type": "topic"}, {"id": "salud", "label": "salud", "type": "topic"}, {"id": "investigación", "label": "investigación", "type": "topic"}, {"id": "el embarazo", "label": "el embarazo", "type": "topic"}, {"id": "educación", "label": "educación", "type": "topic"}, {"id": "trabajo", "label": "trabajo", "type": "topic"}, {"id": "comunicación", "label": "comunicación", "type": "topic"}, {"id": "comunismo", "label": "comunismo", "type": "topic"}, {"id": "aprendizaje", "label": "aprendizaje", "type": "topic"}, {"id": "suero", "label": "suero", "type": "topic"}, {"id": "mujeres embarazadas", "label": "mujeres embarazadas", "type": "topic"}, {"id": "proteinas", "label": "proteinas", "type": "topic"}, {"id": "sensibilidad y especificidad", "label": "sensibilidad y especificidad", "type": "topic"}, {"id": "modelado", "label": "modelado", "type": "topic"}, {"id": "estudios de cohortes", "label": "estudios de cohortes", "type": "topic"}, {"id": "controlabilidad", "label": "controlabilidad", "type": "topic"}, {"id": 776, "label": "Sáenz Lozada María Luz", "type": "author"}, {"id": "familia", "label": "familia", "type": "topic"}, {"id": "responsabilidad parental", "label": "responsabilidad parental", "type": "topic"}, {"id": "padres", "label": "padres", "type": "topic"}, {"id": "entrevista", "label": "entrevista", "type": "topic"}, {"id": "enseñanza", "label": "enseñanza", "type": "topic"}, {"id": "entrevistas", "label": "entrevistas", "type": "topic"}, {"id": "hijo único", "label": "hijo único", "type": "topic"}, {"id": "envejecimiento", "label": "envejecimiento", "type": "topic"}, {"id": "elementos", "label": "elementos", "type": "topic"}, {"id": "psicología", "label": "psicología", "type": "topic"}, {"id": "orientación", "label": "orientación", "type": "topic"}, {"id": "niño", "label": "niño", "type": "topic"}, {"id": "madres", "label": "madres", "type": "topic"}, {"id": "instituciones académicas", "label": "instituciones académicas", "type": "topic"}, {"id": "sincronización", "label": "sincronización", "type": "topic"}, {"id": "adolescente", "label": "adolescente", "type": "topic"}, {"id": "socialismo", "label": "socialismo", "type": "topic"}, {"id": "física", "label": "física", "type": "topic"}, {"id": "castigo", "label": "castigo", "type": "topic"}, {"id": "educational institutions", "label": "educational institutions", "type": "topic"}, {"id": "formación", "label": "formación", "type": "topic"}, {"id": "educación médica", "label": "educación médica", "type": "topic"}], "links": [{"source": "65fd7045-3475-4748-af32-b134ebec17e2", "target": 71, "value": 1}, {"source": 71, "target": "riesgo", "value": 3}, {"source": 71, "target": "literatura", "value": 3}, {"source": 71, "target": "revisión", "value": 3}, {"source": 71, "target": "asociación", "value": 3}, {"source": 71, "target": "consejo", "value": 2}, {"source": 71, "target": "medicalización", "value": 2}, {"source": 71, "target": "actitud", "value": 2}, {"source": 71, "target": "estudiantes", "value": 2}, {"source": 71, "target": "universidades", "value": 2}, {"source": 71, "target": "hormonas", "value": 2}, {"source": 71, "target": "terapéutica", "value": 2}, {"source": 71, "target": "menopausia", "value": 2}, {"source": 71, "target": "métodos", "value": 2}, {"source": 71, "target": "pubmed", "value": 2}, {"source": 71, "target": "arterias", "value": 2}, {"source": 71, "target": "hipertensión", "value": 2}, {"source": 71, "target": "enfermedades cardiovasculares", "value": 1}, {"source": 71, "target": "sistema cardiovascular", "value": 1}, {"source": 71, "target": "mortalidad cardiovascular", "value": 1}, {"source": 71, "target": "mortalidad", "value": 1}, {"source": 71, "target": "café", "value": 1}, {"source": 71, "target": "sistemática", "value": 1}, {"source": 71, "target": "generadores", "value": 1}, {"source": 71, "target": "herramientas", "value": 1}, {"source": 71, "target": "conductividad", "value": 1}, {"source": 71, "target": "críticas", "value": 1}, {"source": 71, "target": "medline", "value": 1}, {"source": 71, "target": "metaanálisis", "value": 1}, {"source": 71, "target": "revisión sistemática", "value": 1}, {"source": 71, "target": "asesoramiento", "value": 1}, {"source": "65fd7045-3475-4748-af32-b134ebec17e2", "target": 617, "value": 1}, {"source": 617, "target": "colombia", "value": 6}, {"source": 617, "target": "mujeres", "value": 5}, {"source": 617, "target": "humanos", "value": 5}, {"source": 617, "target": "humanidades", "value": 5}, {"source": 617, "target": "humanismo", "value": 5}, {"source": 617, "target": "conocimiento", "value": 5}, {"source": 617, "target": "docentes", "value": 5}, {"source": 617, "target": "embarazo", "value": 4}, {"source": 617, "target": "medicina", "value": 4}, {"source": 617, "target": "diagnóstico", "value": 4}, {"source": 617, "target": "universidades", "value": 4}, {"source": 617, "target": "salud", "value": 4}, {"source": 617, "target": "métodos", "value": 4}, {"source": 617, "target": "estudiantes", "value": 4}, {"source": 617, "target": "investigación", "value": 4}, {"source": 617, "target": "el embarazo", "value": 3}, {"source": 617, "target": "revisión", "value": 3}, {"source": 617, "target": "educación", "value": 3}, {"source": 617, "target": "trabajo", "value": 3}, {"source": 617, "target": "comunicación", "value": 3}, {"source": 617, "target": "comunismo", "value": 3}, {"source": 617, "target": "aprendizaje", "value": 3}, {"source": 617, "target": "suero", "value": 2}, {"source": 617, "target": "mujeres embarazadas", "value": 2}, {"source": 617, "target": "proteinas", "value": 2}, {"source": 617, "target": "riesgo", "value": 2}, {"source": 617, "target": "sensibilidad y especificidad", "value": 2}, {"source": 617, "target": "modelado", "value": 2}, {"source": 617, "target": "estudios de cohortes", "value": 2}, {"source": 617, "target": "controlabilidad", "value": 2}, {"source": "65fd7045-3475-4748-af32-b134ebec17e2", "target": 776, "value": 1}, {"source": 776, "target": "familia", "value": 10}, {"source": 776, "target": "responsabilidad parental", "value": 10}, {"source": 776, "target": "padres", "value": 10}, {"source": 776, "target": "entrevista", "value": 8}, {"source": 776, "target": "educación", "value": 7}, {"source": 776, "target": "enseñanza", "value": 7}, {"source": 776, "target": "entrevistas", "value": 7}, {"source": 776, "target": "hijo único", "value": 6}, {"source": 776, "target": "estudiantes", "value": 6}, {"source": 776, "target": "envejecimiento", "value": 5}, {"source": 776, "target": "elementos", "value": 5}, {"source": 776, "target": "psicología", "value": 5}, {"source": 776, "target": "colombia", "value": 5}, {"source": 776, "target": "universidades", "value": 5}, {"source": 776, "target": "orientación", "value": 5}, {"source": 776, "target": "aprendizaje", "value": 5}, {"source": 776, "target": "niño", "value": 4}, {"source": 776, "target": "madres", "value": 4}, {"source": 776, "target": "instituciones académicas", "value": 4}, {"source": 776, "target": "actitud", "value": 4}, {"source": 776, "target": "sincronización", "value": 4}, {"source": 776, "target": "adolescente", "value": 4}, {"source": 776, "target": "socialismo", "value": 4}, {"source": 776, "target": "métodos", "value": 3}, {"source": 776, "target": "física", "value": 3}, {"source": 776, "target": "castigo", "value": 3}, {"source": 776, "target": "educational institutions", "value": 3}, {"source": 776, "target": "formación", "value": 3}, {"source": 776, "target": "salud", "value": 3}, {"source": 776, "target": "educación médica", "value": 3}], "options": [{"label": "Estado inicial", "value": "Escuela de Educación Medica", "group": "00. Opciones predeterminadas"}, {"label": "Badoui Rodríguez Nora", "value": "Badoui Rodríguez Nora", "group": "02. Opciones de autor"}, {"label": "Parra Pineda Mario Orlando", "value": "Parra Pineda Mario Orlando", "group": "02. Opciones de autor"}, {"label": "Sáenz Lozada María Luz", "value": "Sáenz Lozada María Luz", "group": "02. Opciones de autor"}, {"label": "Escuela de Educación Medica", "value": "Escuela de Educación Medica", "group": "02. Opciones de uab"}, {"label": "actitud", "value": "actitud", "group": "03. Opciones de temas"}, {"label": "adolescente", "value": "adolescente", "group": "03. Opciones de temas"}, {"label": "aprendizaje", "value": "aprendizaje", "group": "03. Opciones de temas"}, {"label": "arterias", "value": "arterias", "group": "03. Opciones de temas"}, {"label": "asesoramiento", "value": "asesoramiento", "group": "03. Opciones de temas"}, {"label": "asociación", "value": "asociación", "group": "03. Opciones de temas"}, {"label": "café", "value": "café", "group": "03. Opciones de temas"}, {"label": "castigo", "value": "castigo", "group": "03. Opciones de temas"}, {"label": "colombia", "value": "colombia", "group": "03. Opciones de temas"}, {"label": "comunicación", "value": "comunicación", "group": "03. Opciones de temas"}, {"label": "comunismo", "value": "comunismo", "group": "03. Opciones de temas"}, {"label": "conductividad", "value": "conductividad", "group": "03. Opciones de temas"}, {"label": "conocimiento", "value": "conocimiento", "group": "03. Opciones de temas"}, {"label": "consejo", "value": "consejo", "group": "03. Opciones de temas"}, {"label": "controlabilidad", "value": "controlabilidad", "group": "03. Opciones de temas"}, {"label": "críticas", "value": "críticas", "group": "03. Opciones de temas"}, {"label": "diagnóstico", "value": "diagnóstico", "group": "03. Opciones de temas"}, {"label": "docentes", "value": "docentes", "group": "03. Opciones de temas"}, {"label": "educación", "value": "educación", "group": "03. Opciones de temas"}, {"label": "educación médica", "value": "educación médica", "group": "03. Opciones de temas"}, {"label": "educational institutions", "value": "educational institutions", "group": "03. Opciones de temas"}, {"label": "el embarazo", "value": "el embarazo", "group": "03. Opciones de temas"}, {"label": "elementos", "value": "elementos", "group": "03. Opciones de temas"}, {"label": "embarazo", "value": "embarazo", "group": "03. Opciones de temas"}, {"label": "enfermedades cardiovasculares", "value": "enfermedades cardiovasculares", "group": "03. Opciones de temas"}, {"label": "enseñanza", "value": "enseñanza", "group": "03. Opciones de temas"}, {"label": "entrevista", "value": "entrevista", "group": "03. Opciones de temas"}, {"label": "entrevistas", "value": "entrevistas", "group": "03. Opciones de temas"}, {"label": "envejecimiento", "value": "envejecimiento", "group": "03. Opciones de temas"}, {"label": "estudiantes", "value": "estudiantes", "group": "03. Opciones de temas"}, {"label": "estudios de cohortes", "value": "estudios de cohortes", "group": "03. Opciones de temas"}, {"label": "familia", "value": "familia", "group": "03. Opciones de temas"}, {"label": "formación", "value": "formación", "group": "03. Opciones de temas"}, {"label": "física", "value": "física", "group": "03. Opciones de temas"}, {"label": "generadores", "value": "generadores", "group": "03. Opciones de temas"}, {"label": "herramientas", "value": "herramientas", "group": "03. Opciones de temas"}, {"label": "hijo único", "value": "hijo único", "group": "03. Opciones de temas"}, {"label": "hipertensión", "value": "hipertensión", "group": "03. Opciones de temas"}, {"label": "hormonas", "value": "hormonas", "group": "03. Opciones de temas"}, {"label": "humanidades", "value": "humanidades", "group": "03. Opciones de temas"}, {"label": "humanismo", "value": "humanismo", "group": "03. Opciones de temas"}, {"label": "humanos", "value": "humanos", "group": "03. Opciones de temas"}, {"label": "instituciones académicas", "value": "instituciones académicas", "group": "03. Opciones de temas"}, {"label": "investigación", "value": "investigación", "group": "03. Opciones de temas"}, {"label": "literatura", "value": "literatura", "group": "03. Opciones de temas"}, {"label": "madres", "value": "madres", "group": "03. Opciones de temas"}, {"label": "medicalización", "value": "medicalización", "group": "03. Opciones de temas"}, {"label": "medicina", "value": "medicina", "group": "03. Opciones de temas"}, {"label": "medline", "value": "medline", "group": "03. Opciones de temas"}, {"label": "menopausia", "value": "menopausia", "group": "03. Opciones de temas"}, {"label": "metaanálisis", "value": "metaanálisis", "group": "03. Opciones de temas"}, {"label": "modelado", "value": "modelado", "group": "03. Opciones de temas"}, {"label": "mortalidad", "value": "mortalidad", "group": "03. Opciones de temas"}, {"label": "mortalidad cardiovascular", "value": "mortalidad cardiovascular", "group": "03. Opciones de temas"}, {"label": "mujeres", "value": "mujeres", "group": "03. Opciones de temas"}, {"label": "mujeres embarazadas", "value": "mujeres embarazadas", "group": "03. Opciones de temas"}, {"label": "métodos", "value": "métodos", "group": "03. Opciones de temas"}, {"label": "niño", "value": "niño", "group": "03. Opciones de temas"}, {"label": "orientación", "value": "orientación", "group": "03. Opciones de temas"}, {"label": "padres", "value": "padres", "group": "03. Opciones de temas"}, {"label": "proteinas", "value": "proteinas", "group": "03. Opciones de temas"}, {"label": "psicología", "value": "psicología", "group": "03. Opciones de temas"}, {"label": "pubmed", "value": "pubmed", "group": "03. Opciones de temas"}, {"label": "responsabilidad parental", "value": "responsabilidad parental", "group": "03. Opciones de temas"}, {"label": "revisión", "value": "revisión", "group": "03. Opciones de temas"}, {"label": "revisión sistemática", "value": "revisión sistemática", "group": "03. Opciones de temas"}, {"label": "riesgo", "value": "riesgo", "group": "03. Opciones de temas"}, {"label": "salud", "value": "salud", "group": "03. Opciones de temas"}, {"label": "sensibilidad y especificidad", "value": "sensibilidad y especificidad", "group": "03. Opciones de temas"}, {"label": "sincronización", "value": "sincronización", "group": "03. Opciones de temas"}, {"label": "sistema cardiovascular", "value": "sistema cardiovascular", "group": "03. Opciones de temas"}, {"label": "sistemática", "value": "sistemática", "group": "03. Opciones de temas"}, {"label": "socialismo", "value": "socialismo", "group": "03. Opciones de temas"}, {"label": "suero", "value": "suero", "group": "03. Opciones de temas"}, {"label": "terapéutica", "value": "terapéutica", "group": "03. Opciones de temas"}, {"label": "trabajo", "value": "trabajo", "group": "03. Opciones de temas"}, {"label": "universidades", "value": "universidades", "group": "03. Opciones de temas"}]}