{"nodes": [{"id": "61a063dc-389e-4e78-a34b-e1178023bbed", "label": "Observatorio Astronómico", "type": "uab"}, {"id": 1703, "label": "Higuera Garzon Mario Armando", "type": "author"}, {"id": "telescopios de radio", "label": "telescopios de radio", "type": "topic"}, {"id": "atmósferas y clima de exoplanetas", "label": "atmósferas y clima de exoplanetas", "type": "topic"}, {"id": "métodos de detección de exoplanetas (por ejemplo, velocidad radial, tránsito)", "label": "métodos de detección de exoplanetas (por ejemplo, velocidad radial, tránsito)", "type": "topic"}, {"id": "diversidad y estadísticas de exoplanetas", "label": "diversidad y estadísticas de exoplanetas", "type": "topic"}, {"id": "exolunas y desafíos de detección", "label": "exolunas y desafíos de detección", "type": "topic"}, {"id": "exoplanetas", "label": "exoplanetas", "type": "topic"}, {"id": "técnicas de detección de exoplanetas (por ejemplo, velocidad radial, tránsito)", "label": "técnicas de detección de exoplanetas (por ejemplo, velocidad radial, tránsito)", "type": "topic"}, {"id": "habitabilidad de exoplanetas y la zona de confort", "label": "habitabilidad de exoplanetas y la zona de confort", "type": "topic"}, {"id": "caracterización de la atmósfera de exoplanetas (por ejemplo, espectroscopía)", "label": "caracterización de la atmósfera de exoplanetas (por ejemplo, espectroscopía)", "type": "topic"}, {"id": "teorías de formación de exoplanetas", "label": "teorías de formación de exoplanetas", "type": "topic"}, {"id": "migración y evolución dinámica de exoplanetas", "label": "migración y evolución dinámica de exoplanetas", "type": "topic"}, {"id": "superficies e interiores de exoplanetas", "label": "superficies e interiores de exoplanetas", "type": "topic"}, {"id": "lunas y anillos de exoplanetas", "label": "lunas y anillos de exoplanetas", "type": "topic"}, {"id": "habitabilidad y astrobiología de exoplanetas", "label": "habitabilidad y astrobiología de exoplanetas", "type": "topic"}, {"id": "grb de corta duración y fusiones de estrellas de neutrones", "label": "grb de corta duración y fusiones de estrellas de neutrones", "type": "topic"}, {"id": "fotometría (por ejemplo, curvas de luz)", "label": "fotometría (por ejemplo, curvas de luz)", "type": "topic"}, {"id": "fotometría", "label": "fotometría", "type": "topic"}, {"id": "sistemas fotométricos (por ejemplo, ubv, johnson-cousins)", "label": "sistemas fotométricos (por ejemplo, ubv, johnson-cousins)", "type": "topic"}, {"id": "desplazamiento fotométrico", "label": "desplazamiento fotométrico", "type": "topic"}, {"id": "calibración fotométrica", "label": "calibración fotométrica", "type": "topic"}, {"id": "salto de balmer y líneas de balmer", "label": "salto de balmer y líneas de balmer", "type": "topic"}, {"id": "expansión del universo", "label": "expansión del universo", "type": "topic"}, {"id": "modelos cosmológicos extendidos", "label": "modelos cosmológicos extendidos", "type": "topic"}, {"id": "formación de sistemas exoplanetarios", "label": "formación de sistemas exoplanetarios", "type": "topic"}, {"id": "extremófilos y vida en condiciones extremas", "label": "extremófilos y vida en condiciones extremas", "type": "topic"}, {"id": "caracterización de exoplanetas", "label": "caracterización de exoplanetas", "type": "topic"}, {"id": "formación y migración de exoplanetas", "label": "formación y migración de exoplanetas", "type": "topic"}, {"id": "estructura interior y composiciones de exoplanetas", "label": "estructura interior y composiciones de exoplanetas", "type": "topic"}, {"id": "planetas y planetas enanos", "label": "planetas y planetas enanos", "type": "topic"}, {"id": "atmósferas y clima planetario", "label": "atmósferas y clima planetario", "type": "topic"}, {"id": 1707, "label": "Arenas Salazar Jose Robel", "type": "author"}, {"id": "agujeros negros", "label": "agujeros negros", "type": "topic"}, {"id": "observaciones y clasificación de grb", "label": "observaciones y clasificación de grb", "type": "topic"}, {"id": "progenitores y motores centrales de grb", "label": "progenitores y motores centrales de grb", "type": "topic"}, {"id": "energetics y luminosidades de grb", "label": "energetics y luminosidades de grb", "type": "topic"}, {"id": "postestallidos y observaciones multilongitud de onda de grb", "label": "postestallidos y observaciones multilongitud de onda de grb", "type": "topic"}, {"id": "galaxias anfitrionas de grb y mediciones de desplazamiento al rojo", "label": "galaxias anfitrionas de grb y mediciones de desplazamiento al rojo", "type": "topic"}, {"id": "cosmología de grb y sondeadores de estallidos de rayos gamma", "label": "cosmología de grb y sondeadores de estallidos de rayos gamma", "type": "topic"}, {"id": "instrumentos terrestres vs espaciales", "label": "instrumentos terrestres vs espaciales", "type": "topic"}, {"id": "observaciones de lente gravitacional", "label": "observaciones de lente gravitacional", "type": "topic"}, {"id": "observaciones de tránsitos y ocultaciones", "label": "observaciones de tránsitos y ocultaciones", "type": "topic"}, {"id": "fotometría en campos densos", "label": "fotometría en campos densos", "type": "topic"}, {"id": "mediciones de movimiento propio", "label": "mediciones de movimiento propio", "type": "topic"}, {"id": "origen y evolución de los cometas", "label": "origen y evolución de los cometas", "type": "topic"}, {"id": "ondas gravitacionales de binarios de agujeros negros", "label": "ondas gravitacionales de binarios de agujeros negros", "type": "topic"}, {"id": "colapso protostelar y discos de acreción", "label": "colapso protostelar y discos de acreción", "type": "topic"}, {"id": "evolución en la pre-secuencia principal (por ejemplo, huellas de hayashi)", "label": "evolución en la pre-secuencia principal (por ejemplo, huellas de hayashi)", "type": "topic"}, {"id": "mecanismos de desencadenamiento para la formación estelar", "label": "mecanismos de desencadenamiento para la formación estelar", "type": "topic"}, {"id": "formación estelar desencadenada en cúmulos estelares", "label": "formación estelar desencadenada en cúmulos estelares", "type": "topic"}, {"id": "nucleosíntesis primordial y la radiación cósmica de fondo", "label": "nucleosíntesis primordial y la radiación cósmica de fondo", "type": "topic"}, {"id": "estrellas rr lyrae e indicadores de distancia", "label": "estrellas rr lyrae e indicadores de distancia", "type": "topic"}, {"id": "conversión interna", "label": "conversión interna", "type": "topic"}, {"id": "enanas marrones", "label": "enanas marrones", "type": "topic"}, {"id": "telescopios e instrumentos", "label": "telescopios e instrumentos", "type": "topic"}, {"id": "sistemas de coordenadas celestes", "label": "sistemas de coordenadas celestes", "type": "topic"}, {"id": "cuerpos celestes", "label": "cuerpos celestes", "type": "topic"}, {"id": "planetas terrestres vs gigantes gaseosos", "label": "planetas terrestres vs gigantes gaseosos", "type": "topic"}, {"id": "asteroides cercanos a la tierra (neas)", "label": "asteroides cercanos a la tierra (neas)", "type": "topic"}, {"id": "formación de estrellas de neutrones y evolución de púlsares", "label": "formación de estrellas de neutrones y evolución de púlsares", "type": "topic"}, {"id": "nebulosas", "label": "nebulosas", "type": "topic"}, {"id": 1753, "label": "Pinzon Estrada Giovanni", "type": "author"}, {"id": "evidencia de la materia oscura", "label": "evidencia de la materia oscura", "type": "topic"}, {"id": "límite de eddington y estabilidad de la atmósfera estelar", "label": "límite de eddington y estabilidad de la atmósfera estelar", "type": "topic"}, {"id": "enanas blancas", "label": "enanas blancas", "type": "topic"}, {"id": 1756, "label": "Larrañaga Rubio Eduard Alexis", "type": "author"}, {"id": "ondas gravitacionales", "label": "ondas gravitacionales", "type": "topic"}, {"id": "efecto del viaje espacial en la salud humana", "label": "efecto del viaje espacial en la salud humana", "type": "topic"}, {"id": 1784, "label": "Calvo Mozo Benjamin", "type": "author"}, {"id": "fulguraciones solares", "label": "fulguraciones solares", "type": "topic"}, {"id": "geometría", "label": "geometría", "type": "topic"}, {"id": "espectroscopia", "label": "espectroscopia", "type": "topic"}, {"id": "trigonometría", "label": "trigonometría", "type": "topic"}, {"id": 1812, "label": "Torres Arzayuz Sergio", "type": "author"}, {"id": 1864, "label": "Cepeda Peña William Enrique", "type": "author"}, {"id": "adaptaciones evolutivas al entorno espacial", "label": "adaptaciones evolutivas al entorno espacial", "type": "topic"}, {"id": 1876, "label": "Rodriguez Ardila Alberto", "type": "author"}, {"id": 1917, "label": "Izquierdo Peña Manuel Arturo", "type": "author"}, {"id": 2036, "label": "Franco Alzate Guillermo Leon", "type": "author"}, {"id": "distribuciones espectrales de energía de discos de acreción", "label": "distribuciones espectrales de energía de discos de acreción", "type": "topic"}, {"id": "inestabilidades y estallidos de discos de acreción", "label": "inestabilidades y estallidos de discos de acreción", "type": "topic"}, {"id": "planetas enanos en el sistema solar (por ejemplo, plutón, eris, ceres)", "label": "planetas enanos en el sistema solar (por ejemplo, plutón, eris, ceres)", "type": "topic"}, {"id": "núcleos galácticos activos (agns) y cuásares", "label": "núcleos galácticos activos (agns) y cuásares", "type": "topic"}, {"id": "sistemas binarios eclipsantes y determinación de masa", "label": "sistemas binarios eclipsantes y determinación de masa", "type": "topic"}, {"id": "formación de enanas blancas y estados finales de evolución estelar", "label": "formación de enanas blancas y estados finales de evolución estelar", "type": "topic"}, {"id": "relación masa- radio de enanas blancas", "label": "relación masa- radio de enanas blancas", "type": "topic"}, {"id": "atmósferas y espectros de enanas blancas", "label": "atmósferas y espectros de enanas blancas", "type": "topic"}, {"id": "enanas blancas en sistemas binarios y novas", "label": "enanas blancas en sistemas binarios y novas", "type": "topic"}, {"id": "fusiones de enanas blancas y supernovas de tipo ia", "label": "fusiones de enanas blancas y supernovas de tipo ia", "type": "topic"}, {"id": "enanas blancas en sistemas binarios", "label": "enanas blancas en sistemas binarios", "type": "topic"}, {"id": 2401, "label": "Gieren Walblinger Wolfgang Paul Heinz", "type": "author"}, {"id": 2403, "label": "Castañeda Colorado Leonardo", "type": "author"}, {"id": "energía oscura", "label": "energía oscura", "type": "topic"}, {"id": "discos de acreción", "label": "discos de acreción", "type": "topic"}, {"id": "vientos y jets de discos de acreción", "label": "vientos y jets de discos de acreción", "type": "topic"}, {"id": "interacciones entre discos de acreción y planetas", "label": "interacciones entre discos de acreción y planetas", "type": "topic"}, {"id": "discos de acreción alrededor de agujeros negros y estrellas de neutrones", "label": "discos de acreción alrededor de agujeros negros y estrellas de neutrones", "type": "topic"}, {"id": 2431, "label": "Portilla Barbosa Jose Gregorio", "type": "author"}, {"id": 2545, "label": "Tejeiro Sarmiento Juan Manuel", "type": "author"}, {"id": 2558, "label": "Vargas Domínguez Santiago", "type": "author"}, {"id": "retroalimentación de agn y evolución galáctica", "label": "retroalimentación de agn y evolución galáctica", "type": "topic"}, {"id": "jets de agn y lóbulos de radio", "label": "jets de agn y lóbulos de radio", "type": "topic"}, {"id": "encuestas y demografía de agn", "label": "encuestas y demografía de agn", "type": "topic"}, {"id": "sgr a y acreción del agujero negro supermasivo", "label": "sgr a y acreción del agujero negro supermasivo", "type": "topic"}, {"id": "relación edad-metalicidad en galaxias", "label": "relación edad-metalicidad en galaxias", "type": "topic"}, {"id": "jets agn y galaxias radio", "label": "jets agn y galaxias radio", "type": "topic"}, {"id": "observaciones y clasificación de agn", "label": "observaciones y clasificación de agn", "type": "topic"}, {"id": "estructura de agn y modelos unificados", "label": "estructura de agn y modelos unificados", "type": "topic"}, {"id": "procesos de acreción y luminosidades de agn", "label": "procesos de acreción y luminosidades de agn", "type": "topic"}, {"id": "variabilidad de agn y astronomía en el dominio temporal", "label": "variabilidad de agn y astronomía en el dominio temporal", "type": "topic"}, {"id": "líneas de emisión amplias y angostas en agn", "label": "líneas de emisión amplias y angostas en agn", "type": "topic"}, {"id": "obscurecimiento de agn y absorción de rayos x", "label": "obscurecimiento de agn y absorción de rayos x", "type": "topic"}, {"id": "astronomía observacional", "label": "astronomía observacional", "type": "topic"}, {"id": "nebulosas en la vía láctea y otras galaxias", "label": "nebulosas en la vía láctea y otras galaxias", "type": "topic"}, {"id": "nebulosas como criaderos estelares", "label": "nebulosas como criaderos estelares", "type": "topic"}, {"id": "líneas de emisión nebulares y espectroscopía", "label": "líneas de emisión nebulares y espectroscopía", "type": "topic"}], "links": [{"source": "61a063dc-389e-4e78-a34b-e1178023bbed", "target": 1703, "value": 1}, {"source": 1703, "target": "telescopios de radio", "value": 5}, {"source": 1703, "target": "atmósferas y clima de exoplanetas", "value": 4}, {"source": 1703, "target": "métodos de detección de exoplanetas (por ejemplo, velocidad radial, tránsito)", "value": 4}, {"source": 1703, "target": "diversidad y estadísticas de exoplanetas", "value": 4}, {"source": 1703, "target": "exolunas y desafíos de detección", "value": 4}, {"source": 1703, "target": "exoplanetas", "value": 4}, {"source": 1703, "target": "técnicas de detección de exoplanetas (por ejemplo, velocidad radial, tránsito)", "value": 4}, {"source": 1703, "target": "habitabilidad de exoplanetas y la zona de confort", "value": 4}, {"source": 1703, "target": "caracterización de la atmósfera de exoplanetas (por ejemplo, espectroscopía)", "value": 4}, {"source": 1703, "target": "teorías de formación de exoplanetas", "value": 4}, {"source": 1703, "target": "migración y evolución dinámica de exoplanetas", "value": 4}, {"source": 1703, "target": "superficies e interiores de exoplanetas", "value": 4}, {"source": 1703, "target": "lunas y anillos de exoplanetas", "value": 4}, {"source": 1703, "target": "habitabilidad y astrobiología de exoplanetas", "value": 4}, {"source": 1703, "target": "grb de corta duración y fusiones de estrellas de neutrones", "value": 3}, {"source": 1703, "target": "fotometría (por ejemplo, curvas de luz)", "value": 3}, {"source": 1703, "target": "fotometría", "value": 3}, {"source": 1703, "target": "sistemas fotométricos (por ejemplo, ubv, johnson-cousins)", "value": 3}, {"source": 1703, "target": "desplazamiento fotométrico", "value": 3}, {"source": 1703, "target": "calibración fotométrica", "value": 3}, {"source": 1703, "target": "salto de balmer y líneas de balmer", "value": 3}, {"source": 1703, "target": "expansión del universo", "value": 3}, {"source": 1703, "target": "modelos cosmológicos extendidos", "value": 3}, {"source": 1703, "target": "formación de sistemas exoplanetarios", "value": 3}, {"source": 1703, "target": "extremófilos y vida en condiciones extremas", "value": 3}, {"source": 1703, "target": "caracterización de exoplanetas", "value": 3}, {"source": 1703, "target": "formación y migración de exoplanetas", "value": 3}, {"source": 1703, "target": "estructura interior y composiciones de exoplanetas", "value": 3}, {"source": 1703, "target": "planetas y planetas enanos", "value": 3}, {"source": 1703, "target": "atmósferas y clima planetario", "value": 3}, {"source": "61a063dc-389e-4e78-a34b-e1178023bbed", "target": 1707, "value": 1}, {"source": 1707, "target": "telescopios de radio", "value": 4}, {"source": 1707, "target": "agujeros negros", "value": 3}, {"source": 1707, "target": "observaciones y clasificación de grb", "value": 2}, {"source": 1707, "target": "progenitores y motores centrales de grb", "value": 2}, {"source": 1707, "target": "energetics y luminosidades de grb", "value": 2}, {"source": 1707, "target": "postestallidos y observaciones multilongitud de onda de grb", "value": 2}, {"source": 1707, "target": "galaxias anfitrionas de grb y mediciones de desplazamiento al rojo", "value": 2}, {"source": 1707, "target": "cosmología de grb y sondeadores de estallidos de rayos gamma", "value": 2}, {"source": 1707, "target": "instrumentos terrestres vs espaciales", "value": 2}, {"source": 1707, "target": "observaciones de lente gravitacional", "value": 2}, {"source": 1707, "target": "observaciones de tránsitos y ocultaciones", "value": 2}, {"source": 1707, "target": "fotometría en campos densos", "value": 2}, {"source": 1707, "target": "mediciones de movimiento propio", "value": 2}, {"source": 1707, "target": "origen y evolución de los cometas", "value": 2}, {"source": 1707, "target": "ondas gravitacionales de binarios de agujeros negros", "value": 2}, {"source": 1707, "target": "colapso protostelar y discos de acreción", "value": 2}, {"source": 1707, "target": "evolución en la pre-secuencia principal (por ejemplo, huellas de hayashi)", "value": 2}, {"source": 1707, "target": "mecanismos de desencadenamiento para la formación estelar", "value": 2}, {"source": 1707, "target": "formación estelar desencadenada en cúmulos estelares", "value": 2}, {"source": 1707, "target": "nucleosíntesis primordial y la radiación cósmica de fondo", "value": 2}, {"source": 1707, "target": "estrellas rr lyrae e indicadores de distancia", "value": 2}, {"source": 1707, "target": "conversión interna", "value": 1}, {"source": 1707, "target": "enanas marrones", "value": 1}, {"source": 1707, "target": "telescopios e instrumentos", "value": 1}, {"source": 1707, "target": "sistemas de coordenadas celestes", "value": 1}, {"source": 1707, "target": "cuerpos celestes", "value": 1}, {"source": 1707, "target": "planetas terrestres vs gigantes gaseosos", "value": 1}, {"source": 1707, "target": "asteroides cercanos a la tierra (neas)", "value": 1}, {"source": 1707, "target": "formación de estrellas de neutrones y evolución de púlsares", "value": 1}, {"source": 1707, "target": "nebulosas", "value": 1}, {"source": "61a063dc-389e-4e78-a34b-e1178023bbed", "target": 1753, "value": 1}, {"source": 1753, "target": "telescopios de radio", "value": 12}, {"source": 1753, "target": "atmósferas y clima de exoplanetas", "value": 4}, {"source": 1753, "target": "métodos de detección de exoplanetas (por ejemplo, velocidad radial, tránsito)", "value": 4}, {"source": 1753, "target": "diversidad y estadísticas de exoplanetas", "value": 4}, {"source": 1753, "target": "exolunas y desafíos de detección", "value": 4}, {"source": 1753, "target": "exoplanetas", "value": 4}, {"source": 1753, "target": "técnicas de detección de exoplanetas (por ejemplo, velocidad radial, tránsito)", "value": 4}, {"source": 1753, "target": "habitabilidad de exoplanetas y la zona de confort", "value": 4}, {"source": 1753, "target": "caracterización de la atmósfera de exoplanetas (por ejemplo, espectroscopía)", "value": 4}, {"source": 1753, "target": "teorías de formación de exoplanetas", "value": 4}, {"source": 1753, "target": "migración y evolución dinámica de exoplanetas", "value": 4}, {"source": 1753, "target": "superficies e interiores de exoplanetas", "value": 4}, {"source": 1753, "target": "lunas y anillos de exoplanetas", "value": 4}, {"source": 1753, "target": "habitabilidad y astrobiología de exoplanetas", "value": 4}, {"source": 1753, "target": "expansión del universo", "value": 4}, {"source": 1753, "target": "modelos cosmológicos extendidos", "value": 4}, {"source": 1753, "target": "formación de sistemas exoplanetarios", "value": 4}, {"source": 1753, "target": "extremófilos y vida en condiciones extremas", "value": 4}, {"source": 1753, "target": "caracterización de exoplanetas", "value": 3}, {"source": 1753, "target": "formación y migración de exoplanetas", "value": 3}, {"source": 1753, "target": "fotometría", "value": 2}, {"source": 1753, "target": "evidencia de la materia oscura", "value": 2}, {"source": 1753, "target": "grb de corta duración y fusiones de estrellas de neutrones", "value": 1}, {"source": 1753, "target": "fotometría (por ejemplo, curvas de luz)", "value": 1}, {"source": 1753, "target": "sistemas fotométricos (por ejemplo, ubv, johnson-cousins)", "value": 1}, {"source": 1753, "target": "desplazamiento fotométrico", "value": 1}, {"source": 1753, "target": "calibración fotométrica", "value": 1}, {"source": 1753, "target": "salto de balmer y líneas de balmer", "value": 1}, {"source": 1753, "target": "límite de eddington y estabilidad de la atmósfera estelar", "value": 1}, {"source": 1753, "target": "enanas blancas", "value": 1}, {"source": "61a063dc-389e-4e78-a34b-e1178023bbed", "target": 1756, "value": 1}, {"source": 1756, "target": "telescopios de radio", "value": 20}, {"source": 1756, "target": "observaciones y clasificación de grb", "value": 4}, {"source": 1756, "target": "progenitores y motores centrales de grb", "value": 4}, {"source": 1756, "target": "energetics y luminosidades de grb", "value": 4}, {"source": 1756, "target": "postestallidos y observaciones multilongitud de onda de grb", "value": 4}, {"source": 1756, "target": "galaxias anfitrionas de grb y mediciones de desplazamiento al rojo", "value": 4}, {"source": 1756, "target": "cosmología de grb y sondeadores de estallidos de rayos gamma", "value": 4}, {"source": 1756, "target": "instrumentos terrestres vs espaciales", "value": 4}, {"source": 1756, "target": "observaciones de lente gravitacional", "value": 4}, {"source": 1756, "target": "observaciones de tránsitos y ocultaciones", "value": 4}, {"source": 1756, "target": "fotometría en campos densos", "value": 4}, {"source": 1756, "target": "mediciones de movimiento propio", "value": 4}, {"source": 1756, "target": "origen y evolución de los cometas", "value": 4}, {"source": 1756, "target": "ondas gravitacionales de binarios de agujeros negros", "value": 4}, {"source": 1756, "target": "colapso protostelar y discos de acreción", "value": 3}, {"source": 1756, "target": "evolución en la pre-secuencia principal (por ejemplo, huellas de hayashi)", "value": 3}, {"source": 1756, "target": "mecanismos de desencadenamiento para la formación estelar", "value": 3}, {"source": 1756, "target": "formación estelar desencadenada en cúmulos estelares", "value": 3}, {"source": 1756, "target": "nucleosíntesis primordial y la radiación cósmica de fondo", "value": 3}, {"source": 1756, "target": "telescopios e instrumentos", "value": 3}, {"source": 1756, "target": "sistemas de coordenadas celestes", "value": 3}, {"source": 1756, "target": "cuerpos celestes", "value": 3}, {"source": 1756, "target": "planetas terrestres vs gigantes gaseosos", "value": 3}, {"source": 1756, "target": "asteroides cercanos a la tierra (neas)", "value": 3}, {"source": 1756, "target": "formación de estrellas de neutrones y evolución de púlsares", "value": 3}, {"source": 1756, "target": "ondas gravitacionales", "value": 2}, {"source": 1756, "target": "agujeros negros", "value": 2}, {"source": 1756, "target": "estrellas rr lyrae e indicadores de distancia", "value": 2}, {"source": 1756, "target": "efecto del viaje espacial en la salud humana", "value": 2}, {"source": 1756, "target": "nebulosas", "value": 2}, {"source": "61a063dc-389e-4e78-a34b-e1178023bbed", "target": 1784, "value": 1}, {"source": 1784, "target": "telescopios de radio", "value": 8}, {"source": 1784, "target": "atmósferas y clima de exoplanetas", "value": 6}, {"source": 1784, "target": "métodos de detección de exoplanetas (por ejemplo, velocidad radial, tránsito)", "value": 5}, {"source": 1784, "target": "diversidad y estadísticas de exoplanetas", "value": 5}, {"source": 1784, "target": "exolunas y desafíos de detección", "value": 5}, {"source": 1784, "target": "exoplanetas", "value": 5}, {"source": 1784, "target": "técnicas de detección de exoplanetas (por ejemplo, velocidad radial, tránsito)", "value": 5}, {"source": 1784, "target": "habitabilidad de exoplanetas y la zona de confort", "value": 5}, {"source": 1784, "target": "caracterización de la atmósfera de exoplanetas (por ejemplo, espectroscopía)", "value": 5}, {"source": 1784, "target": "teorías de formación de exoplanetas", "value": 5}, {"source": 1784, "target": "migración y evolución dinámica de exoplanetas", "value": 5}, {"source": 1784, "target": "superficies e interiores de exoplanetas", "value": 5}, {"source": 1784, "target": "lunas y anillos de exoplanetas", "value": 5}, {"source": 1784, "target": "habitabilidad y astrobiología de exoplanetas", "value": 5}, {"source": 1784, "target": "fulguraciones solares", "value": 4}, {"source": 1784, "target": "expansión del universo", "value": 4}, {"source": 1784, "target": "modelos cosmológicos extendidos", "value": 4}, {"source": 1784, "target": "cuerpos celestes", "value": 4}, {"source": 1784, "target": "geometría", "value": 3}, {"source": 1784, "target": "formación de sistemas exoplanetarios", "value": 3}, {"source": 1784, "target": "extremófilos y vida en condiciones extremas", "value": 3}, {"source": 1784, "target": "caracterización de exoplanetas", "value": 3}, {"source": 1784, "target": "formación y migración de exoplanetas", "value": 3}, {"source": 1784, "target": "telescopios e instrumentos", "value": 3}, {"source": 1784, "target": "sistemas de coordenadas celestes", "value": 3}, {"source": 1784, "target": "planetas terrestres vs gigantes gaseosos", "value": 3}, {"source": 1784, "target": "asteroides cercanos a la tierra (neas)", "value": 3}, {"source": 1784, "target": "formación de estrellas de neutrones y evolución de púlsares", "value": 3}, {"source": 1784, "target": "espectroscopia", "value": 2}, {"source": 1784, "target": "trigonometría", "value": 2}, {"source": "61a063dc-389e-4e78-a34b-e1178023bbed", "target": 1812, "value": 1}, {"source": "61a063dc-389e-4e78-a34b-e1178023bbed", "target": 1864, "value": 1}, {"source": 1864, "target": "telescopios de radio", "value": 2}, {"source": 1864, "target": "evidencia de la materia oscura", "value": 1}, {"source": 1864, "target": "adaptaciones evolutivas al entorno espacial", "value": 1}, {"source": "61a063dc-389e-4e78-a34b-e1178023bbed", "target": 1876, "value": 1}, {"source": "61a063dc-389e-4e78-a34b-e1178023bbed", "target": 1917, "value": 1}, {"source": "61a063dc-389e-4e78-a34b-e1178023bbed", "target": 2036, "value": 1}, {"source": 2036, "target": "distribuciones espectrales de energía de discos de acreción", "value": 1}, {"source": 2036, "target": "inestabilidades y estallidos de discos de acreción", "value": 1}, {"source": 2036, "target": "grb de corta duración y fusiones de estrellas de neutrones", "value": 1}, {"source": 2036, "target": "fotometría (por ejemplo, curvas de luz)", "value": 1}, {"source": 2036, "target": "fotometría", "value": 1}, {"source": 2036, "target": "sistemas fotométricos (por ejemplo, ubv, johnson-cousins)", "value": 1}, {"source": 2036, "target": "desplazamiento fotométrico", "value": 1}, {"source": 2036, "target": "calibración fotométrica", "value": 1}, {"source": 2036, "target": "planetas enanos en el sistema solar (por ejemplo, plutón, eris, ceres)", "value": 1}, {"source": 2036, "target": "núcleos galácticos activos (agns) y cuásares", "value": 1}, {"source": 2036, "target": "salto de balmer y líneas de balmer", "value": 1}, {"source": 2036, "target": "límite de eddington y estabilidad de la atmósfera estelar", "value": 1}, {"source": 2036, "target": "sistemas binarios eclipsantes y determinación de masa", "value": 1}, {"source": 2036, "target": "enanas blancas", "value": 1}, {"source": 2036, "target": "formación de enanas blancas y estados finales de evolución estelar", "value": 1}, {"source": 2036, "target": "relación masa- radio de enanas blancas", "value": 1}, {"source": 2036, "target": "atmósferas y espectros de enanas blancas", "value": 1}, {"source": 2036, "target": "enanas blancas en sistemas binarios y novas", "value": 1}, {"source": 2036, "target": "fusiones de enanas blancas y supernovas de tipo ia", "value": 1}, {"source": 2036, "target": "enanas blancas en sistemas binarios", "value": 1}, {"source": "61a063dc-389e-4e78-a34b-e1178023bbed", "target": 2401, "value": 1}, {"source": "61a063dc-389e-4e78-a34b-e1178023bbed", "target": 2403, "value": 1}, {"source": 2403, "target": "observaciones y clasificación de grb", "value": 6}, {"source": 2403, "target": "progenitores y motores centrales de grb", "value": 6}, {"source": 2403, "target": "energetics y luminosidades de grb", "value": 5}, {"source": 2403, "target": "postestallidos y observaciones multilongitud de onda de grb", "value": 5}, {"source": 2403, "target": "galaxias anfitrionas de grb y mediciones de desplazamiento al rojo", "value": 5}, {"source": 2403, "target": "cosmología de grb y sondeadores de estallidos de rayos gamma", "value": 5}, {"source": 2403, "target": "instrumentos terrestres vs espaciales", "value": 4}, {"source": 2403, "target": "observaciones de lente gravitacional", "value": 4}, {"source": 2403, "target": "observaciones de tránsitos y ocultaciones", "value": 4}, {"source": 2403, "target": "fotometría en campos densos", "value": 4}, {"source": 2403, "target": "mediciones de movimiento propio", "value": 4}, {"source": 2403, "target": "origen y evolución de los cometas", "value": 4}, {"source": 2403, "target": "ondas gravitacionales de binarios de agujeros negros", "value": 4}, {"source": 2403, "target": "colapso protostelar y discos de acreción", "value": 4}, {"source": 2403, "target": "evolución en la pre-secuencia principal (por ejemplo, huellas de hayashi)", "value": 4}, {"source": 2403, "target": "mecanismos de desencadenamiento para la formación estelar", "value": 4}, {"source": 2403, "target": "formación estelar desencadenada en cúmulos estelares", "value": 4}, {"source": 2403, "target": "nucleosíntesis primordial y la radiación cósmica de fondo", "value": 4}, {"source": 2403, "target": "estrellas rr lyrae e indicadores de distancia", "value": 4}, {"source": 2403, "target": "enanas marrones", "value": 3}, {"source": 2403, "target": "energía oscura", "value": 2}, {"source": 2403, "target": "núcleos galácticos activos (agns) y cuásares", "value": 2}, {"source": 2403, "target": "sistemas binarios eclipsantes y determinación de masa", "value": 2}, {"source": 2403, "target": "enanas blancas en sistemas binarios y novas", "value": 2}, {"source": 2403, "target": "discos de acreción", "value": 2}, {"source": 2403, "target": "distribuciones espectrales de energía de discos de acreción", "value": 2}, {"source": 2403, "target": "inestabilidades y estallidos de discos de acreción", "value": 2}, {"source": 2403, "target": "vientos y jets de discos de acreción", "value": 2}, {"source": 2403, "target": "interacciones entre discos de acreción y planetas", "value": 2}, {"source": 2403, "target": "discos de acreción alrededor de agujeros negros y estrellas de neutrones", "value": 2}, {"source": "61a063dc-389e-4e78-a34b-e1178023bbed", "target": 2431, "value": 1}, {"source": 2431, "target": "telescopios de radio", "value": 8}, {"source": 2431, "target": "atmósferas y clima de exoplanetas", "value": 5}, {"source": 2431, "target": "métodos de detección de exoplanetas (por ejemplo, velocidad radial, tránsito)", "value": 5}, {"source": 2431, "target": "diversidad y estadísticas de exoplanetas", "value": 5}, {"source": 2431, "target": "exolunas y desafíos de detección", "value": 5}, {"source": 2431, "target": "exoplanetas", "value": 5}, {"source": 2431, "target": "técnicas de detección de exoplanetas (por ejemplo, velocidad radial, tránsito)", "value": 5}, {"source": 2431, "target": "habitabilidad de exoplanetas y la zona de confort", "value": 5}, {"source": 2431, "target": "caracterización de la atmósfera de exoplanetas (por ejemplo, espectroscopía)", "value": 5}, {"source": 2431, "target": "teorías de formación de exoplanetas", "value": 5}, {"source": 2431, "target": "migración y evolución dinámica de exoplanetas", "value": 5}, {"source": 2431, "target": "superficies e interiores de exoplanetas", "value": 5}, {"source": 2431, "target": "lunas y anillos de exoplanetas", "value": 5}, {"source": 2431, "target": "habitabilidad y astrobiología de exoplanetas", "value": 5}, {"source": 2431, "target": "expansión del universo", "value": 5}, {"source": 2431, "target": "modelos cosmológicos extendidos", "value": 5}, {"source": 2431, "target": "formación de sistemas exoplanetarios", "value": 5}, {"source": 2431, "target": "extremófilos y vida en condiciones extremas", "value": 5}, {"source": 2431, "target": "caracterización de exoplanetas", "value": 5}, {"source": 2431, "target": "formación y migración de exoplanetas", "value": 4}, {"source": 2431, "target": "evidencia de la materia oscura", "value": 3}, {"source": 2431, "target": "grb de corta duración y fusiones de estrellas de neutrones", "value": 2}, {"source": 2431, "target": "fotometría (por ejemplo, curvas de luz)", "value": 2}, {"source": 2431, "target": "fotometría", "value": 2}, {"source": 2431, "target": "sistemas fotométricos (por ejemplo, ubv, johnson-cousins)", "value": 2}, {"source": 2431, "target": "desplazamiento fotométrico", "value": 2}, {"source": 2431, "target": "calibración fotométrica", "value": 2}, {"source": 2431, "target": "salto de balmer y líneas de balmer", "value": 2}, {"source": 2431, "target": "límite de eddington y estabilidad de la atmósfera estelar", "value": 2}, {"source": 2431, "target": "enanas blancas", "value": 2}, {"source": "61a063dc-389e-4e78-a34b-e1178023bbed", "target": 2545, "value": 1}, {"source": 2545, "target": "telescopios de radio", "value": 13}, {"source": 2545, "target": "atmósferas y clima de exoplanetas", "value": 4}, {"source": 2545, "target": "métodos de detección de exoplanetas (por ejemplo, velocidad radial, tránsito)", "value": 4}, {"source": 2545, "target": "diversidad y estadísticas de exoplanetas", "value": 4}, {"source": 2545, "target": "exolunas y desafíos de detección", "value": 4}, {"source": 2545, "target": "exoplanetas", "value": 4}, {"source": 2545, "target": "técnicas de detección de exoplanetas (por ejemplo, velocidad radial, tránsito)", "value": 4}, {"source": 2545, "target": "habitabilidad de exoplanetas y la zona de confort", "value": 4}, {"source": 2545, "target": "caracterización de la atmósfera de exoplanetas (por ejemplo, espectroscopía)", "value": 4}, {"source": 2545, "target": "teorías de formación de exoplanetas", "value": 4}, {"source": 2545, "target": "migración y evolución dinámica de exoplanetas", "value": 4}, {"source": 2545, "target": "superficies e interiores de exoplanetas", "value": 4}, {"source": 2545, "target": "lunas y anillos de exoplanetas", "value": 4}, {"source": 2545, "target": "habitabilidad y astrobiología de exoplanetas", "value": 4}, {"source": 2545, "target": "expansión del universo", "value": 4}, {"source": 2545, "target": "modelos cosmológicos extendidos", "value": 4}, {"source": 2545, "target": "formación de sistemas exoplanetarios", "value": 4}, {"source": 2545, "target": "extremófilos y vida en condiciones extremas", "value": 4}, {"source": 2545, "target": "caracterización de exoplanetas", "value": 4}, {"source": 2545, "target": "formación y migración de exoplanetas", "value": 4}, {"source": 2545, "target": "observaciones y clasificación de grb", "value": 4}, {"source": 2545, "target": "progenitores y motores centrales de grb", "value": 4}, {"source": 2545, "target": "energetics y luminosidades de grb", "value": 4}, {"source": 2545, "target": "postestallidos y observaciones multilongitud de onda de grb", "value": 4}, {"source": 2545, "target": "galaxias anfitrionas de grb y mediciones de desplazamiento al rojo", "value": 4}, {"source": 2545, "target": "cosmología de grb y sondeadores de estallidos de rayos gamma", "value": 4}, {"source": 2545, "target": "instrumentos terrestres vs espaciales", "value": 4}, {"source": 2545, "target": "observaciones de lente gravitacional", "value": 4}, {"source": 2545, "target": "observaciones de tránsitos y ocultaciones", "value": 4}, {"source": 2545, "target": "fotometría en campos densos", "value": 4}, {"source": "61a063dc-389e-4e78-a34b-e1178023bbed", "target": 2558, "value": 1}, {"source": 2558, "target": "telescopios de radio", "value": 41}, {"source": 2558, "target": "retroalimentación de agn y evolución galáctica", "value": 10}, {"source": 2558, "target": "jets de agn y lóbulos de radio", "value": 10}, {"source": 2558, "target": "encuestas y demografía de agn", "value": 10}, {"source": 2558, "target": "sgr a y acreción del agujero negro supermasivo", "value": 7}, {"source": 2558, "target": "relación edad-metalicidad en galaxias", "value": 7}, {"source": 2558, "target": "jets agn y galaxias radio", "value": 7}, {"source": 2558, "target": "observaciones y clasificación de agn", "value": 7}, {"source": 2558, "target": "estructura de agn y modelos unificados", "value": 7}, {"source": 2558, "target": "procesos de acreción y luminosidades de agn", "value": 7}, {"source": 2558, "target": "variabilidad de agn y astronomía en el dominio temporal", "value": 7}, {"source": 2558, "target": "líneas de emisión amplias y angostas en agn", "value": 7}, {"source": 2558, "target": "obscurecimiento de agn y absorción de rayos x", "value": 7}, {"source": 2558, "target": "astronomía observacional", "value": 5}, {"source": 2558, "target": "telescopios e instrumentos", "value": 5}, {"source": 2558, "target": "sistemas de coordenadas celestes", "value": 5}, {"source": 2558, "target": "cuerpos celestes", "value": 5}, {"source": 2558, "target": "planetas terrestres vs gigantes gaseosos", "value": 5}, {"source": 2558, "target": "asteroides cercanos a la tierra (neas)", "value": 5}, {"source": 2558, "target": "formación de estrellas de neutrones y evolución de púlsares", "value": 5}, {"source": 2558, "target": "nebulosas", "value": 5}, {"source": 2558, "target": "nebulosas en la vía láctea y otras galaxias", "value": 5}, {"source": 2558, "target": "nebulosas como criaderos estelares", "value": 5}, {"source": 2558, "target": "líneas de emisión nebulares y espectroscopía", "value": 5}, {"source": 2558, "target": "grb de corta duración y fusiones de estrellas de neutrones", "value": 5}, {"source": 2558, "target": "fotometría (por ejemplo, curvas de luz)", "value": 5}, {"source": 2558, "target": "fotometría", "value": 5}, {"source": 2558, "target": "sistemas fotométricos (por ejemplo, ubv, johnson-cousins)", "value": 5}, {"source": 2558, "target": "desplazamiento fotométrico", "value": 5}, {"source": 2558, "target": "calibración fotométrica", "value": 5}], "options": [{"label": "Estado inicial", "value": "Observatorio Astronómico", "group": "00. Opciones predeterminadas"}, {"label": "Arenas Salazar Jose Robel", "value": "Arenas Salazar Jose Robel", "group": "02. Opciones de autor"}, {"label": "Calvo Mozo Benjamin", "value": "Calvo Mozo Benjamin", "group": "02. Opciones de autor"}, {"label": "Castañeda Colorado Leonardo", "value": "Castañeda Colorado Leonardo", "group": "02. Opciones de autor"}, {"label": "Cepeda Peña William Enrique", "value": "Cepeda Peña William Enrique", "group": "02. Opciones de autor"}, {"label": "Franco Alzate Guillermo Leon", "value": "Franco Alzate Guillermo Leon", "group": "02. Opciones de autor"}, {"label": "Gieren Walblinger Wolfgang Paul Heinz", "value": "Gieren Walblinger Wolfgang Paul Heinz", "group": "02. Opciones de autor"}, {"label": "Higuera Garzon Mario Armando", "value": "Higuera Garzon Mario Armando", "group": "02. Opciones de autor"}, {"label": "Izquierdo Peña Manuel Arturo", "value": "Izquierdo Peña Manuel Arturo", "group": "02. Opciones de autor"}, {"label": "Larrañaga Rubio Eduard Alexis", "value": "Larrañaga Rubio Eduard Alexis", "group": "02. Opciones de autor"}, {"label": "Pinzon Estrada Giovanni", "value": "Pinzon Estrada Giovanni", "group": "02. Opciones de autor"}, {"label": "Portilla Barbosa Jose Gregorio", "value": "Portilla Barbosa Jose Gregorio", "group": "02. Opciones de autor"}, {"label": "Rodriguez Ardila Alberto", "value": "Rodriguez Ardila Alberto", "group": "02. Opciones de autor"}, {"label": "Tejeiro Sarmiento Juan Manuel", "value": "Tejeiro Sarmiento Juan Manuel", "group": "02. Opciones de autor"}, {"label": "Torres Arzayuz Sergio", "value": "Torres Arzayuz Sergio", "group": "02. Opciones de autor"}, {"label": "Vargas Domínguez Santiago", "value": "Vargas Domínguez Santiago", "group": "02. Opciones de autor"}, {"label": "Observatorio Astronómico", "value": "Observatorio Astronómico", "group": "02. Opciones de uab"}, {"label": "adaptaciones evolutivas al entorno espacial", "value": "adaptaciones evolutivas al entorno espacial", "group": "03. Opciones de temas"}, {"label": "agujeros negros", "value": "agujeros negros", "group": "03. Opciones de temas"}, {"label": "asteroides cercanos a la tierra (neas)", "value": "asteroides cercanos a la tierra (neas)", "group": "03. Opciones de temas"}, {"label": "astronomía observacional", "value": "astronomía observacional", "group": "03. Opciones de temas"}, {"label": "atmósferas y clima de exoplanetas", "value": "atmósferas y clima de exoplanetas", "group": "03. Opciones de temas"}, {"label": "atmósferas y clima planetario", "value": "atmósferas y clima planetario", "group": "03. Opciones de temas"}, {"label": "atmósferas y espectros de enanas blancas", "value": "atmósferas y espectros de enanas blancas", "group": "03. Opciones de temas"}, {"label": "calibración fotométrica", "value": "calibración fotométrica", "group": "03. Opciones de temas"}, {"label": "caracterización de exoplanetas", "value": "caracterización de exoplanetas", "group": "03. Opciones de temas"}, {"label": "caracterización de la atmósfera de exoplanetas (por ejemplo, espectroscopía)", "value": "caracterización de la atmósfera de exoplanetas (por ejemplo, espectroscopía)", "group": "03. Opciones de temas"}, {"label": "colapso protostelar y discos de acreción", "value": "colapso protostelar y discos de acreción", "group": "03. Opciones de temas"}, {"label": "conversión interna", "value": "conversión interna", "group": "03. Opciones de temas"}, {"label": "cosmología de grb y sondeadores de estallidos de rayos gamma", "value": "cosmología de grb y sondeadores de estallidos de rayos gamma", "group": "03. Opciones de temas"}, {"label": "cuerpos celestes", "value": "cuerpos celestes", "group": "03. Opciones de temas"}, {"label": "desplazamiento fotométrico", "value": "desplazamiento fotométrico", "group": "03. Opciones de temas"}, {"label": "discos de acreción", "value": "discos de acreción", "group": "03. Opciones de temas"}, {"label": "discos de acreción alrededor de agujeros negros y estrellas de neutrones", "value": "discos de acreción alrededor de agujeros negros y estrellas de neutrones", "group": "03. Opciones de temas"}, {"label": "distribuciones espectrales de energía de discos de acreción", "value": "distribuciones espectrales de energía de discos de acreción", "group": "03. Opciones de temas"}, {"label": "diversidad y estadísticas de exoplanetas", "value": "diversidad y estadísticas de exoplanetas", "group": "03. Opciones de temas"}, {"label": "efecto del viaje espacial en la salud humana", "value": "efecto del viaje espacial en la salud humana", "group": "03. Opciones de temas"}, {"label": "enanas blancas", "value": "enanas blancas", "group": "03. Opciones de temas"}, {"label": "enanas blancas en sistemas binarios", "value": "enanas blancas en sistemas binarios", "group": "03. Opciones de temas"}, {"label": "enanas blancas en sistemas binarios y novas", "value": "enanas blancas en sistemas binarios y novas", "group": "03. Opciones de temas"}, {"label": "enanas marrones", "value": "enanas marrones", "group": "03. Opciones de temas"}, {"label": "encuestas y demografía de agn", "value": "encuestas y demografía de agn", "group": "03. Opciones de temas"}, {"label": "energetics y luminosidades de grb", "value": "energetics y luminosidades de grb", "group": "03. Opciones de temas"}, {"label": "energía oscura", "value": "energía oscura", "group": "03. Opciones de temas"}, {"label": "espectroscopia", "value": "espectroscopia", "group": "03. Opciones de temas"}, {"label": "estrellas rr lyrae e indicadores de distancia", "value": "estrellas rr lyrae e indicadores de distancia", "group": "03. Opciones de temas"}, {"label": "estructura de agn y modelos unificados", "value": "estructura de agn y modelos unificados", "group": "03. Opciones de temas"}, {"label": "estructura interior y composiciones de exoplanetas", "value": "estructura interior y composiciones de exoplanetas", "group": "03. Opciones de temas"}, {"label": "evidencia de la materia oscura", "value": "evidencia de la materia oscura", "group": "03. Opciones de temas"}, {"label": "evolución en la pre-secuencia principal (por ejemplo, huellas de hayashi)", "value": "evolución en la pre-secuencia principal (por ejemplo, huellas de hayashi)", "group": "03. Opciones de temas"}, {"label": "exolunas y desafíos de detección", "value": "exolunas y desafíos de detección", "group": "03. Opciones de temas"}, {"label": "exoplanetas", "value": "exoplanetas", "group": "03. Opciones de temas"}, {"label": "expansión del universo", "value": "expansión del universo", "group": "03. Opciones de temas"}, {"label": "extremófilos y vida en condiciones extremas", "value": "extremófilos y vida en condiciones extremas", "group": "03. Opciones de temas"}, {"label": "formación de enanas blancas y estados finales de evolución estelar", "value": "formación de enanas blancas y estados finales de evolución estelar", "group": "03. Opciones de temas"}, {"label": "formación de estrellas de neutrones y evolución de púlsares", "value": "formación de estrellas de neutrones y evolución de púlsares", "group": "03. Opciones de temas"}, {"label": "formación de sistemas exoplanetarios", "value": "formación de sistemas exoplanetarios", "group": "03. Opciones de temas"}, {"label": "formación estelar desencadenada en cúmulos estelares", "value": "formación estelar desencadenada en cúmulos estelares", "group": "03. Opciones de temas"}, {"label": "formación y migración de exoplanetas", "value": "formación y migración de exoplanetas", "group": "03. Opciones de temas"}, {"label": "fotometría", "value": "fotometría", "group": "03. Opciones de temas"}, {"label": "fotometría (por ejemplo, curvas de luz)", "value": "fotometría (por ejemplo, curvas de luz)", "group": "03. Opciones de temas"}, {"label": "fotometría en campos densos", "value": "fotometría en campos densos", "group": "03. Opciones de temas"}, {"label": "fulguraciones solares", "value": "fulguraciones solares", "group": "03. Opciones de temas"}, {"label": "fusiones de enanas blancas y supernovas de tipo ia", "value": "fusiones de enanas blancas y supernovas de tipo ia", "group": "03. Opciones de temas"}, {"label": "galaxias anfitrionas de grb y mediciones de desplazamiento al rojo", "value": "galaxias anfitrionas de grb y mediciones de desplazamiento al rojo", "group": "03. Opciones de temas"}, {"label": "geometría", "value": "geometría", "group": "03. Opciones de temas"}, {"label": "grb de corta duración y fusiones de estrellas de neutrones", "value": "grb de corta duración y fusiones de estrellas de neutrones", "group": "03. Opciones de temas"}, {"label": "habitabilidad de exoplanetas y la zona de confort", "value": "habitabilidad de exoplanetas y la zona de confort", "group": "03. Opciones de temas"}, {"label": "habitabilidad y astrobiología de exoplanetas", "value": "habitabilidad y astrobiología de exoplanetas", "group": "03. Opciones de temas"}, {"label": "inestabilidades y estallidos de discos de acreción", "value": "inestabilidades y estallidos de discos de acreción", "group": "03. Opciones de temas"}, {"label": "instrumentos terrestres vs espaciales", "value": "instrumentos terrestres vs espaciales", "group": "03. Opciones de temas"}, {"label": "interacciones entre discos de acreción y planetas", "value": "interacciones entre discos de acreción y planetas", "group": "03. Opciones de temas"}, {"label": "jets agn y galaxias radio", "value": "jets agn y galaxias radio", "group": "03. Opciones de temas"}, {"label": "jets de agn y lóbulos de radio", "value": "jets de agn y lóbulos de radio", "group": "03. Opciones de temas"}, {"label": "lunas y anillos de exoplanetas", "value": "lunas y anillos de exoplanetas", "group": "03. Opciones de temas"}, {"label": "límite de eddington y estabilidad de la atmósfera estelar", "value": "límite de eddington y estabilidad de la atmósfera estelar", "group": "03. Opciones de temas"}, {"label": "líneas de emisión amplias y angostas en agn", "value": "líneas de emisión amplias y angostas en agn", "group": "03. Opciones de temas"}, {"label": "líneas de emisión nebulares y espectroscopía", "value": "líneas de emisión nebulares y espectroscopía", "group": "03. Opciones de temas"}, {"label": "mecanismos de desencadenamiento para la formación estelar", "value": "mecanismos de desencadenamiento para la formación estelar", "group": "03. Opciones de temas"}, {"label": "mediciones de movimiento propio", "value": "mediciones de movimiento propio", "group": "03. Opciones de temas"}, {"label": "migración y evolución dinámica de exoplanetas", "value": "migración y evolución dinámica de exoplanetas", "group": "03. Opciones de temas"}, {"label": "modelos cosmológicos extendidos", "value": "modelos cosmológicos extendidos", "group": "03. Opciones de temas"}, {"label": "métodos de detección de exoplanetas (por ejemplo, velocidad radial, tránsito)", "value": "métodos de detección de exoplanetas (por ejemplo, velocidad radial, tránsito)", "group": "03. Opciones de temas"}, {"label": "nebulosas", "value": "nebulosas", "group": "03. Opciones de temas"}, {"label": "nebulosas como criaderos estelares", "value": "nebulosas como criaderos estelares", "group": "03. Opciones de temas"}, {"label": "nebulosas en la vía láctea y otras galaxias", "value": "nebulosas en la vía láctea y otras galaxias", "group": "03. Opciones de temas"}, {"label": "nucleosíntesis primordial y la radiación cósmica de fondo", "value": "nucleosíntesis primordial y la radiación cósmica de fondo", "group": "03. Opciones de temas"}, {"label": "núcleos galácticos activos (agns) y cuásares", "value": "núcleos galácticos activos (agns) y cuásares", "group": "03. Opciones de temas"}, {"label": "obscurecimiento de agn y absorción de rayos x", "value": "obscurecimiento de agn y absorción de rayos x", "group": "03. Opciones de temas"}, {"label": "observaciones de lente gravitacional", "value": "observaciones de lente gravitacional", "group": "03. Opciones de temas"}, {"label": "observaciones de tránsitos y ocultaciones", "value": "observaciones de tránsitos y ocultaciones", "group": "03. Opciones de temas"}, {"label": "observaciones y clasificación de agn", "value": "observaciones y clasificación de agn", "group": "03. Opciones de temas"}, {"label": "observaciones y clasificación de grb", "value": "observaciones y clasificación de grb", "group": "03. Opciones de temas"}, {"label": "ondas gravitacionales", "value": "ondas gravitacionales", "group": "03. Opciones de temas"}, {"label": "ondas gravitacionales de binarios de agujeros negros", "value": "ondas gravitacionales de binarios de agujeros negros", "group": "03. Opciones de temas"}, {"label": "origen y evolución de los cometas", "value": "origen y evolución de los cometas", "group": "03. Opciones de temas"}, {"label": "planetas enanos en el sistema solar (por ejemplo, plutón, eris, ceres)", "value": "planetas enanos en el sistema solar (por ejemplo, plutón, eris, ceres)", "group": "03. Opciones de temas"}, {"label": "planetas terrestres vs gigantes gaseosos", "value": "planetas terrestres vs gigantes gaseosos", "group": "03. Opciones de temas"}, {"label": "planetas y planetas enanos", "value": "planetas y planetas enanos", "group": "03. Opciones de temas"}, {"label": "postestallidos y observaciones multilongitud de onda de grb", "value": "postestallidos y observaciones multilongitud de onda de grb", "group": "03. Opciones de temas"}, {"label": "procesos de acreción y luminosidades de agn", "value": "procesos de acreción y luminosidades de agn", "group": "03. Opciones de temas"}, {"label": "progenitores y motores centrales de grb", "value": "progenitores y motores centrales de grb", "group": "03. Opciones de temas"}, {"label": "relación edad-metalicidad en galaxias", "value": "relación edad-metalicidad en galaxias", "group": "03. Opciones de temas"}, {"label": "relación masa- radio de enanas blancas", "value": "relación masa- radio de enanas blancas", "group": "03. Opciones de temas"}, {"label": "retroalimentación de agn y evolución galáctica", "value": "retroalimentación de agn y evolución galáctica", "group": "03. Opciones de temas"}, {"label": "salto de balmer y líneas de balmer", "value": "salto de balmer y líneas de balmer", "group": "03. Opciones de temas"}, {"label": "sgr a y acreción del agujero negro supermasivo", "value": "sgr a y acreción del agujero negro supermasivo", "group": "03. Opciones de temas"}, {"label": "sistemas binarios eclipsantes y determinación de masa", "value": "sistemas binarios eclipsantes y determinación de masa", "group": "03. Opciones de temas"}, {"label": "sistemas de coordenadas celestes", "value": "sistemas de coordenadas celestes", "group": "03. Opciones de temas"}, {"label": "sistemas fotométricos (por ejemplo, ubv, johnson-cousins)", "value": "sistemas fotométricos (por ejemplo, ubv, johnson-cousins)", "group": "03. Opciones de temas"}, {"label": "superficies e interiores de exoplanetas", "value": "superficies e interiores de exoplanetas", "group": "03. Opciones de temas"}, {"label": "telescopios de radio", "value": "telescopios de radio", "group": "03. Opciones de temas"}, {"label": "telescopios e instrumentos", "value": "telescopios e instrumentos", "group": "03. Opciones de temas"}, {"label": "teorías de formación de exoplanetas", "value": "teorías de formación de exoplanetas", "group": "03. Opciones de temas"}, {"label": "trigonometría", "value": "trigonometría", "group": "03. Opciones de temas"}, {"label": "técnicas de detección de exoplanetas (por ejemplo, velocidad radial, tránsito)", "value": "técnicas de detección de exoplanetas (por ejemplo, velocidad radial, tránsito)", "group": "03. Opciones de temas"}, {"label": "variabilidad de agn y astronomía en el dominio temporal", "value": "variabilidad de agn y astronomía en el dominio temporal", "group": "03. Opciones de temas"}, {"label": "vientos y jets de discos de acreción", "value": "vientos y jets de discos de acreción", "group": "03. Opciones de temas"}]}