{"nodes": [{"id": "db40c721-fd72-4bbc-bb72-64bb46599601", "label": "Departamento de Ingeniería Mecánica", "type": "uab"}, {"id": 985, "label": "Ramírez Patiño Juan Fernando", "type": "author"}, {"id": "modelado", "label": "modelado", "type": "topic"}, {"id": "estrés", "label": "estrés", "type": "topic"}, {"id": "ordenadores", "label": "ordenadores", "type": "topic"}, {"id": "materiales", "label": "materiales", "type": "topic"}, {"id": "enchufes", "label": "enchufes", "type": "topic"}, {"id": "medición", "label": "medición", "type": "topic"}, {"id": "pruebas", "label": "pruebas", "type": "topic"}, {"id": "generadores", "label": "generadores", "type": "topic"}, {"id": "tomografía", "label": "tomografía", "type": "topic"}, {"id": "estadísticas", "label": "estadísticas", "type": "topic"}, {"id": "prótesis", "label": "prótesis", "type": "topic"}, {"id": "transfemoral amputee", "label": "transfemoral amputee", "type": "topic"}, {"id": "biología", "label": "biología", "type": "topic"}, {"id": "producción", "label": "producción", "type": "topic"}, {"id": "productividad", "label": "productividad", "type": "topic"}, {"id": "geometría", "label": "geometría", "type": "topic"}, {"id": "fricción", "label": "fricción", "type": "topic"}, {"id": "motores", "label": "motores", "type": "topic"}, {"id": "fabricación", "label": "fabricación", "type": "topic"}, {"id": "sincronización", "label": "sincronización", "type": "topic"}, {"id": "método de elementos finitos", "label": "método de elementos finitos", "type": "topic"}, {"id": "modelos numéricos", "label": "modelos numéricos", "type": "topic"}, {"id": "contactos", "label": "contactos", "type": "topic"}, {"id": "superficies", "label": "superficies", "type": "topic"}, {"id": "simulación", "label": "simulación", "type": "topic"}, {"id": "imagen", "label": "imagen", "type": "topic"}, {"id": "análisis de elementos finitos", "label": "análisis de elementos finitos", "type": "topic"}, {"id": "en vivo", "label": "en vivo", "type": "topic"}, {"id": "conductividad", "label": "conductividad", "type": "topic"}, {"id": "current", "label": "current", "type": "topic"}, {"id": 1278, "label": "Albarracin Aguillon Pedro Ramon", "type": "author"}, {"id": "industrias", "label": "industrias", "type": "topic"}, {"id": "lubricantes", "label": "lubricantes", "type": "topic"}, {"id": "lubricación", "label": "lubricación", "type": "topic"}, {"id": 1280, "label": "Alvarez Gonzalez Jorge Ivan", "type": "author"}, {"id": "magnesio", "label": "magnesio", "type": "topic"}, {"id": "tratamiento médico", "label": "tratamiento médico", "type": "topic"}, {"id": "colonoscopia", "label": "colonoscopia", "type": "topic"}, {"id": "seguridad", "label": "seguridad", "type": "topic"}, {"id": "receptores", "label": "receptores", "type": "topic"}, {"id": "observadores", "label": "observadores", "type": "topic"}, {"id": "observabilidad", "label": "observabilidad", "type": "topic"}, {"id": "organismos", "label": "organismos", "type": "topic"}, {"id": "organizaciones", "label": "organizaciones", "type": "topic"}, {"id": "endoscopios", "label": "endoscopios", "type": "topic"}, {"id": "biopsia", "label": "biopsia", "type": "topic"}, {"id": "gastroenterología", "label": "gastroenterología", "type": "topic"}, {"id": "limpieza", "label": "limpieza", "type": "topic"}, {"id": "obesidad", "label": "obesidad", "type": "topic"}, {"id": "grasas", "label": "grasas", "type": "topic"}, {"id": "índices", "label": "índices", "type": "topic"}, {"id": "indexación", "label": "indexación", "type": "topic"}, {"id": "tierra", "label": "tierra", "type": "topic"}, {"id": "productos químicos", "label": "productos químicos", "type": "topic"}, {"id": "azúcar", "label": "azúcar", "type": "topic"}, {"id": "transporte", "label": "transporte", "type": "topic"}, {"id": "sustratos", "label": "sustratos", "type": "topic"}, {"id": "químicos", "label": "químicos", "type": "topic"}, {"id": "estimacion", "label": "estimacion", "type": "topic"}, {"id": "propagación", "label": "propagación", "type": "topic"}, {"id": 1336, "label": "Garcia Monsalve German Leonardo", "type": "author"}, {"id": "acero", "label": "acero", "type": "topic"}, {"id": "resistencia", "label": "resistencia", "type": "topic"}, {"id": "resiste", "label": "resiste", "type": "topic"}, {"id": "polímeros", "label": "polímeros", "type": "topic"}, {"id": "plástica", "label": "plástica", "type": "topic"}, {"id": "comercialización", "label": "comercialización", "type": "topic"}, {"id": "enchapado", "label": "enchapado", "type": "topic"}, {"id": "aplicadores", "label": "aplicadores", "type": "topic"}, {"id": "mantenimiento", "label": "mantenimiento", "type": "topic"}, {"id": "termodinámica", "label": "termodinámica", "type": "topic"}, {"id": "recubrimientos", "label": "recubrimientos", "type": "topic"}, {"id": "correladores", "label": "correladores", "type": "topic"}, {"id": "microscopía", "label": "microscopía", "type": "topic"}, {"id": "microscopio de electrones", "label": "microscopio de electrones", "type": "topic"}, {"id": "correlación", "label": "correlación", "type": "topic"}, {"id": "estandarización", "label": "estandarización", "type": "topic"}, {"id": "estándares", "label": "estándares", "type": "topic"}, {"id": "microscopía electrónica de barrido", "label": "microscopía electrónica de barrido", "type": "topic"}, {"id": "ejes", "label": "ejes", "type": "topic"}, {"id": "laboratorios", "label": "laboratorios", "type": "topic"}, {"id": "montaje", "label": "montaje", "type": "topic"}, {"id": "resina epoxica", "label": "resina epoxica", "type": "topic"}, {"id": 1347, "label": "Gomez Gomez Jorge Ivan", "type": "author"}, {"id": "ingeniería mecánica", "label": "ingeniería mecánica", "type": "topic"}, {"id": "controlabilidad", "label": "controlabilidad", "type": "topic"}, {"id": "control de acceso", "label": "control de acceso", "type": "topic"}, {"id": "rieles", "label": "rieles", "type": "topic"}, {"id": "metalización", "label": "metalización", "type": "topic"}, {"id": "energía", "label": "energía", "type": "topic"}, {"id": "turbinas", "label": "turbinas", "type": "topic"}, {"id": "capacitación", "label": "capacitación", "type": "topic"}, {"id": "comentarios", "label": "comentarios", "type": "topic"}, {"id": "tecnología", "label": "tecnología", "type": "topic"}, {"id": "innovación tecnológica", "label": "innovación tecnológica", "type": "topic"}, {"id": "realce", "label": "realce", "type": "topic"}, {"id": "laminación", "label": "laminación", "type": "topic"}, {"id": "laminados", "label": "laminados", "type": "topic"}, {"id": "herramientas", "label": "herramientas", "type": "topic"}, {"id": "manuales", "label": "manuales", "type": "topic"}, {"id": 1353, "label": "Guevara Carazas Fernando Jesus", "type": "author"}, {"id": "disponibilidad", "label": "disponibilidad", "type": "topic"}, {"id": "fiabilidad", "label": "fiabilidad", "type": "topic"}, {"id": "momento", "label": "momento", "type": "topic"}, {"id": "termoelectricidad", "label": "termoelectricidad", "type": "topic"}, {"id": "análisis de riesgo", "label": "análisis de riesgo", "type": "topic"}, {"id": "costos", "label": "costos", "type": "topic"}, {"id": "aceites", "label": "aceites", "type": "topic"}, {"id": "degradación", "label": "degradación", "type": "topic"}, {"id": "calculadoras", "label": "calculadoras", "type": "topic"}, {"id": "planificación", "label": "planificación", "type": "topic"}, {"id": "electricidad", "label": "electricidad", "type": "topic"}, {"id": "sistemas complejos", "label": "sistemas complejos", "type": "topic"}, {"id": "aditivos", "label": "aditivos", "type": "topic"}, {"id": "construcción", "label": "construcción", "type": "topic"}, {"id": "toma de decisiones", "label": "toma de decisiones", "type": "topic"}, {"id": "probabilidad", "label": "probabilidad", "type": "topic"}, {"id": "limitante", "label": "limitante", "type": "topic"}, {"id": "ciencias económicas", "label": "ciencias económicas", "type": "topic"}, {"id": "falla en el equipo", "label": "falla en el equipo", "type": "topic"}, {"id": 1374, "label": "Lopez Ochoa Diana María", "type": "author"}, {"id": "aleación", "label": "aleación", "type": "topic"}, {"id": "corrosión", "label": "corrosión", "type": "topic"}, {"id": "sólidos", "label": "sólidos", "type": "topic"}, {"id": "mecanizado", "label": "mecanizado", "type": "topic"}, {"id": "nitrógeno", "label": "nitrógeno", "type": "topic"}, {"id": "lodos", "label": "lodos", "type": "topic"}, {"id": "actual", "label": "actual", "type": "topic"}, {"id": "soldadura", "label": "soldadura", "type": "topic"}, {"id": "erosión de la corrosión", "label": "erosión de la corrosión", "type": "topic"}, {"id": "presion", "label": "presion", "type": "topic"}, {"id": "vigilancia", "label": "vigilancia", "type": "topic"}, {"id": "aluminio", "label": "aluminio", "type": "topic"}, {"id": "aleaciones de aluminio", "label": "aleaciones de aluminio", "type": "topic"}, {"id": 1394, "label": "Montealegre Rubio Wilfredo", "type": "author"}, {"id": "mejoramiento", "label": "mejoramiento", "type": "topic"}, {"id": "topología", "label": "topología", "type": "topic"}, {"id": "piezoelectricidad", "label": "piezoelectricidad", "type": "topic"}, {"id": "métodos de optimización", "label": "métodos de optimización", "type": "topic"}, {"id": "linealidad", "label": "linealidad", "type": "topic"}, {"id": "transductores", "label": "transductores", "type": "topic"}, {"id": "programación", "label": "programación", "type": "topic"}, {"id": "dinámica", "label": "dinámica", "type": "topic"}, {"id": "transductores piezoeléctricos", "label": "transductores piezoeléctricos", "type": "topic"}, {"id": "frecuencia", "label": "frecuencia", "type": "topic"}, {"id": "actuadores", "label": "actuadores", "type": "topic"}, {"id": "algoritmos", "label": "algoritmos", "type": "topic"}, {"id": "vibraciones", "label": "vibraciones", "type": "topic"}, {"id": "matlab", "label": "matlab", "type": "topic"}, {"id": "programación lineal", "label": "programación lineal", "type": "topic"}, {"id": "optimización de topología", "label": "optimización de topología", "type": "topic"}, {"id": "sensores", "label": "sensores", "type": "topic"}, {"id": "sistemático", "label": "sistemático", "type": "topic"}, {"id": 1400, "label": "Muñoz Amariles Maria Eugenia", "type": "author"}, {"id": "desgaste de materiales", "label": "desgaste de materiales", "type": "topic"}, {"id": "vias ferreas", "label": "vias ferreas", "type": "topic"}, {"id": "métodos de simulación", "label": "métodos de simulación", "type": "topic"}, {"id": "ensayo dinámico de materiales", "label": "ensayo dinámico de materiales", "type": "topic"}, {"id": "ruedas", "label": "ruedas", "type": "topic"}, {"id": "fuerza", "label": "fuerza", "type": "topic"}, {"id": 1428, "label": "Restrepo Martinez Alejandro", "type": "author"}, {"id": "fotografías", "label": "fotografías", "type": "topic"}, {"id": "fotoelasticidad", "label": "fotoelasticidad", "type": "topic"}, {"id": "color", "label": "color", "type": "topic"}, {"id": "encendiendo", "label": "encendiendo", "type": "topic"}, {"id": "cámaras", "label": "cámaras", "type": "topic"}, {"id": "óptica", "label": "óptica", "type": "topic"}, {"id": "película (s", "label": "película (s", "type": "topic"}, {"id": "películas de plástico", "label": "películas de plástico", "type": "topic"}, {"id": "filtros", "label": "filtros", "type": "topic"}, {"id": "holografía", "label": "holografía", "type": "topic"}, {"id": "secuencias", "label": "secuencias", "type": "topic"}, {"id": "filtración", "label": "filtración", "type": "topic"}, {"id": "grabación", "label": "grabación", "type": "topic"}, {"id": "análisis de imagen", "label": "análisis de imagen", "type": "topic"}, {"id": 1446, "label": "Santa Marin Juan Felipe", "type": "author"}, {"id": "rayos x", "label": "rayos x", "type": "topic"}, {"id": "electrones", "label": "electrones", "type": "topic"}, {"id": "microestructura", "label": "microestructura", "type": "topic"}, {"id": "inspección", "label": "inspección", "type": "topic"}, {"id": 1462, "label": "Vanegas Molina Nelson Antonio", "type": "author"}, {"id": "explosiones", "label": "explosiones", "type": "topic"}, {"id": "resonancia", "label": "resonancia", "type": "topic"}, {"id": "resonadores", "label": "resonadores", "type": "topic"}, {"id": "fatiga", "label": "fatiga", "type": "topic"}, {"id": "impedancia", "label": "impedancia", "type": "topic"}, {"id": "contratos", "label": "contratos", "type": "topic"}, {"id": "distorsión", "label": "distorsión", "type": "topic"}, {"id": "compañías", "label": "compañías", "type": "topic"}], "links": [{"source": "db40c721-fd72-4bbc-bb72-64bb46599601", "target": 985, "value": 1}, {"source": 985, "target": "modelado", "value": 20}, {"source": 985, "target": "estrés", "value": 13}, {"source": 985, "target": "ordenadores", "value": 12}, {"source": 985, "target": "materiales", "value": 11}, {"source": 985, "target": "enchufes", "value": 10}, {"source": 985, "target": "medición", "value": 9}, {"source": 985, "target": "pruebas", "value": 9}, {"source": 985, "target": "generadores", "value": 9}, {"source": 985, "target": "tomografía", "value": 7}, {"source": 985, "target": "estadísticas", "value": 7}, {"source": 985, "target": "prótesis", "value": 7}, {"source": 985, "target": "transfemoral amputee", "value": 7}, {"source": 985, "target": "biología", "value": 6}, {"source": 985, "target": "producción", "value": 6}, {"source": 985, "target": "productividad", "value": 6}, {"source": 985, "target": "geometría", "value": 5}, {"source": 985, "target": "fricción", "value": 5}, {"source": 985, "target": "motores", "value": 5}, {"source": 985, "target": "fabricación", "value": 5}, {"source": 985, "target": "sincronización", "value": 5}, {"source": 985, "target": "método de elementos finitos", "value": 5}, {"source": 985, "target": "modelos numéricos", "value": 5}, {"source": 985, "target": "contactos", "value": 5}, {"source": 985, "target": "superficies", "value": 5}, {"source": 985, "target": "simulación", "value": 5}, {"source": 985, "target": "imagen", "value": 4}, {"source": 985, "target": "análisis de elementos finitos", "value": 4}, {"source": 985, "target": "en vivo", "value": 4}, {"source": 985, "target": "conductividad", "value": 4}, {"source": 985, "target": "current", "value": 4}, {"source": "db40c721-fd72-4bbc-bb72-64bb46599601", "target": 1278, "value": 1}, {"source": 1278, "target": "industrias", "value": 1}, {"source": 1278, "target": "lubricantes", "value": 1}, {"source": 1278, "target": "lubricación", "value": 1}, {"source": "db40c721-fd72-4bbc-bb72-64bb46599601", "target": 1280, "value": 1}, {"source": 1280, "target": "magnesio", "value": 4}, {"source": 1280, "target": "tratamiento médico", "value": 2}, {"source": 1280, "target": "colonoscopia", "value": 2}, {"source": 1280, "target": "seguridad", "value": 2}, {"source": 1280, "target": "receptores", "value": 2}, {"source": 1280, "target": "observadores", "value": 2}, {"source": 1280, "target": "observabilidad", "value": 2}, {"source": 1280, "target": "organismos", "value": 2}, {"source": 1280, "target": "organizaciones", "value": 2}, {"source": 1280, "target": "endoscopios", "value": 2}, {"source": 1280, "target": "biopsia", "value": 2}, {"source": 1280, "target": "gastroenterología", "value": 1}, {"source": 1280, "target": "generadores", "value": 1}, {"source": 1280, "target": "limpieza", "value": 1}, {"source": 1280, "target": "obesidad", "value": 1}, {"source": 1280, "target": "grasas", "value": 1}, {"source": 1280, "target": "medición", "value": 1}, {"source": 1280, "target": "índices", "value": 1}, {"source": 1280, "target": "indexación", "value": 1}, {"source": 1280, "target": "tierra", "value": 1}, {"source": 1280, "target": "productos químicos", "value": 1}, {"source": 1280, "target": "producción", "value": 1}, {"source": 1280, "target": "azúcar", "value": 1}, {"source": 1280, "target": "productividad", "value": 1}, {"source": 1280, "target": "conductividad", "value": 1}, {"source": 1280, "target": "transporte", "value": 1}, {"source": 1280, "target": "sustratos", "value": 1}, {"source": 1280, "target": "químicos", "value": 1}, {"source": 1280, "target": "estimacion", "value": 1}, {"source": 1280, "target": "propagación", "value": 1}, {"source": "db40c721-fd72-4bbc-bb72-64bb46599601", "target": 1336, "value": 1}, {"source": 1336, "target": "acero", "value": 8}, {"source": 1336, "target": "resistencia", "value": 6}, {"source": 1336, "target": "resiste", "value": 6}, {"source": 1336, "target": "industrias", "value": 5}, {"source": 1336, "target": "superficies", "value": 4}, {"source": 1336, "target": "medición", "value": 4}, {"source": 1336, "target": "polímeros", "value": 4}, {"source": 1336, "target": "pruebas", "value": 3}, {"source": 1336, "target": "plástica", "value": 3}, {"source": 1336, "target": "comercialización", "value": 3}, {"source": 1336, "target": "enchapado", "value": 3}, {"source": 1336, "target": "motores", "value": 3}, {"source": 1336, "target": "aplicadores", "value": 3}, {"source": 1336, "target": "modelado", "value": 3}, {"source": 1336, "target": "mantenimiento", "value": 3}, {"source": 1336, "target": "termodinámica", "value": 3}, {"source": 1336, "target": "recubrimientos", "value": 2}, {"source": 1336, "target": "correladores", "value": 2}, {"source": 1336, "target": "microscopía", "value": 2}, {"source": 1336, "target": "microscopio de electrones", "value": 2}, {"source": 1336, "target": "correlación", "value": 2}, {"source": 1336, "target": "estandarización", "value": 2}, {"source": 1336, "target": "estándares", "value": 2}, {"source": 1336, "target": "microscopía electrónica de barrido", "value": 2}, {"source": 1336, "target": "ejes", "value": 2}, {"source": 1336, "target": "químicos", "value": 2}, {"source": 1336, "target": "laboratorios", "value": 2}, {"source": 1336, "target": "montaje", "value": 2}, {"source": 1336, "target": "fabricación", "value": 2}, {"source": 1336, "target": "resina epoxica", "value": 2}, {"source": "db40c721-fd72-4bbc-bb72-64bb46599601", "target": 1347, "value": 1}, {"source": 1347, "target": "ingeniería mecánica", "value": 3}, {"source": 1347, "target": "motores", "value": 3}, {"source": 1347, "target": "controlabilidad", "value": 1}, {"source": 1347, "target": "control de acceso", "value": 1}, {"source": 1347, "target": "modelado", "value": 1}, {"source": 1347, "target": "plástica", "value": 1}, {"source": 1347, "target": "rieles", "value": 1}, {"source": 1347, "target": "metalización", "value": 1}, {"source": 1347, "target": "estandarización", "value": 1}, {"source": 1347, "target": "estándares", "value": 1}, {"source": 1347, "target": "energía", "value": 1}, {"source": 1347, "target": "turbinas", "value": 1}, {"source": 1347, "target": "capacitación", "value": 1}, {"source": 1347, "target": "comentarios", "value": 1}, {"source": 1347, "target": "tecnología", "value": 1}, {"source": 1347, "target": "innovación tecnológica", "value": 1}, {"source": 1347, "target": "realce", "value": 1}, {"source": 1347, "target": "laminación", "value": 1}, {"source": 1347, "target": "laminados", "value": 1}, {"source": 1347, "target": "acero", "value": 1}, {"source": 1347, "target": "herramientas", "value": 1}, {"source": 1347, "target": "manuales", "value": 1}, {"source": "db40c721-fd72-4bbc-bb72-64bb46599601", "target": 1353, "value": 1}, {"source": 1353, "target": "mantenimiento", "value": 25}, {"source": 1353, "target": "disponibilidad", "value": 24}, {"source": 1353, "target": "fiabilidad", "value": 20}, {"source": 1353, "target": "turbinas", "value": 18}, {"source": 1353, "target": "aplicadores", "value": 15}, {"source": 1353, "target": "generadores", "value": 15}, {"source": 1353, "target": "momento", "value": 12}, {"source": 1353, "target": "medición", "value": 10}, {"source": 1353, "target": "termoelectricidad", "value": 9}, {"source": 1353, "target": "análisis de riesgo", "value": 7}, {"source": 1353, "target": "costos", "value": 7}, {"source": 1353, "target": "aceites", "value": 7}, {"source": 1353, "target": "energía", "value": 6}, {"source": 1353, "target": "degradación", "value": 6}, {"source": 1353, "target": "calculadoras", "value": 6}, {"source": 1353, "target": "planificación", "value": 6}, {"source": 1353, "target": "herramientas", "value": 6}, {"source": 1353, "target": "electricidad", "value": 6}, {"source": 1353, "target": "sistemas complejos", "value": 6}, {"source": 1353, "target": "fabricación", "value": 5}, {"source": 1353, "target": "aditivos", "value": 5}, {"source": 1353, "target": "construcción", "value": 5}, {"source": 1353, "target": "toma de decisiones", "value": 5}, {"source": 1353, "target": "lubricantes", "value": 5}, {"source": 1353, "target": "estimacion", "value": 5}, {"source": 1353, "target": "probabilidad", "value": 5}, {"source": 1353, "target": "termodinámica", "value": 4}, {"source": 1353, "target": "limitante", "value": 4}, {"source": 1353, "target": "ciencias económicas", "value": 4}, {"source": 1353, "target": "falla en el equipo", "value": 4}, {"source": "db40c721-fd72-4bbc-bb72-64bb46599601", "target": 1374, "value": 1}, {"source": 1374, "target": "pruebas", "value": 16}, {"source": 1374, "target": "acero", "value": 14}, {"source": 1374, "target": "medición", "value": 12}, {"source": 1374, "target": "resistencia", "value": 11}, {"source": 1374, "target": "resiste", "value": 11}, {"source": 1374, "target": "superficies", "value": 9}, {"source": 1374, "target": "materiales", "value": 8}, {"source": 1374, "target": "aleación", "value": 7}, {"source": 1374, "target": "corrosión", "value": 7}, {"source": 1374, "target": "microscopía", "value": 6}, {"source": 1374, "target": "microscopio de electrones", "value": 6}, {"source": 1374, "target": "sólidos", "value": 6}, {"source": 1374, "target": "mecanizado", "value": 5}, {"source": 1374, "target": "fricción", "value": 5}, {"source": 1374, "target": "microscopía electrónica de barrido", "value": 5}, {"source": 1374, "target": "nitrógeno", "value": 5}, {"source": 1374, "target": "lodos", "value": 5}, {"source": 1374, "target": "actual", "value": 4}, {"source": 1374, "target": "soldadura", "value": 4}, {"source": 1374, "target": "aditivos", "value": 4}, {"source": 1374, "target": "degradación", "value": 4}, {"source": 1374, "target": "generadores", "value": 4}, {"source": 1374, "target": "observadores", "value": 4}, {"source": 1374, "target": "erosión de la corrosión", "value": 4}, {"source": 1374, "target": "presion", "value": 4}, {"source": 1374, "target": "vigilancia", "value": 3}, {"source": 1374, "target": "momento", "value": 3}, {"source": 1374, "target": "aluminio", "value": 3}, {"source": 1374, "target": "aleaciones de aluminio", "value": 3}, {"source": 1374, "target": "controlabilidad", "value": 3}, {"source": "db40c721-fd72-4bbc-bb72-64bb46599601", "target": 1394, "value": 1}, {"source": 1394, "target": "mejoramiento", "value": 62}, {"source": 1394, "target": "materiales", "value": 61}, {"source": 1394, "target": "topología", "value": 52}, {"source": 1394, "target": "piezoelectricidad", "value": 36}, {"source": 1394, "target": "métodos de optimización", "value": 30}, {"source": 1394, "target": "generadores", "value": 30}, {"source": 1394, "target": "linealidad", "value": 27}, {"source": 1394, "target": "aplicadores", "value": 27}, {"source": 1394, "target": "modelado", "value": 26}, {"source": 1394, "target": "transductores", "value": 24}, {"source": 1394, "target": "programación", "value": 24}, {"source": 1394, "target": "dinámica", "value": 22}, {"source": 1394, "target": "transductores piezoeléctricos", "value": 21}, {"source": 1394, "target": "frecuencia", "value": 20}, {"source": 1394, "target": "construcción", "value": 15}, {"source": 1394, "target": "momento", "value": 14}, {"source": 1394, "target": "energía", "value": 14}, {"source": 1394, "target": "actuadores", "value": 13}, {"source": 1394, "target": "algoritmos", "value": 13}, {"source": 1394, "target": "simulación", "value": 13}, {"source": 1394, "target": "controlabilidad", "value": 12}, {"source": 1394, "target": "vibraciones", "value": 12}, {"source": 1394, "target": "fabricación", "value": 12}, {"source": 1394, "target": "matlab", "value": 12}, {"source": 1394, "target": "programación lineal", "value": 12}, {"source": 1394, "target": "aditivos", "value": 12}, {"source": 1394, "target": "optimización de topología", "value": 11}, {"source": 1394, "target": "sensores", "value": 11}, {"source": 1394, "target": "sistemático", "value": 11}, {"source": 1394, "target": "ordenadores", "value": 11}, {"source": "db40c721-fd72-4bbc-bb72-64bb46599601", "target": 1400, "value": 1}, {"source": 1400, "target": "desgaste de materiales", "value": 1}, {"source": 1400, "target": "vias ferreas", "value": 1}, {"source": 1400, "target": "métodos de simulación", "value": 1}, {"source": 1400, "target": "ensayo dinámico de materiales", "value": 1}, {"source": 1400, "target": "ruedas", "value": 1}, {"source": 1400, "target": "dinámica", "value": 1}, {"source": 1400, "target": "fuerza", "value": 1}, {"source": "db40c721-fd72-4bbc-bb72-64bb46599601", "target": 1428, "value": 1}, {"source": 1428, "target": "fotografías", "value": 58}, {"source": 1428, "target": "fotoelasticidad", "value": 52}, {"source": 1428, "target": "estrés", "value": 40}, {"source": 1428, "target": "color", "value": 24}, {"source": 1428, "target": "generadores", "value": 23}, {"source": 1428, "target": "modelado", "value": 21}, {"source": 1428, "target": "dinámica", "value": 20}, {"source": 1428, "target": "encendiendo", "value": 20}, {"source": 1428, "target": "cámaras", "value": 16}, {"source": 1428, "target": "aplicadores", "value": 16}, {"source": 1428, "target": "óptica", "value": 16}, {"source": 1428, "target": "ordenadores", "value": 16}, {"source": 1428, "target": "medición", "value": 16}, {"source": 1428, "target": "observadores", "value": 14}, {"source": 1428, "target": "montaje", "value": 13}, {"source": 1428, "target": "película (s", "value": 13}, {"source": 1428, "target": "películas de plástico", "value": 13}, {"source": 1428, "target": "plástica", "value": 13}, {"source": 1428, "target": "algoritmos", "value": 13}, {"source": 1428, "target": "filtros", "value": 12}, {"source": 1428, "target": "materiales", "value": 12}, {"source": 1428, "target": "herramientas", "value": 12}, {"source": 1428, "target": "holografía", "value": 12}, {"source": 1428, "target": "secuencias", "value": 11}, {"source": 1428, "target": "observabilidad", "value": 11}, {"source": 1428, "target": "superficies", "value": 10}, {"source": 1428, "target": "filtración", "value": 10}, {"source": 1428, "target": "grabación", "value": 10}, {"source": 1428, "target": "microscopía", "value": 10}, {"source": 1428, "target": "análisis de imagen", "value": 9}, {"source": "db40c721-fd72-4bbc-bb72-64bb46599601", "target": 1446, "value": 1}, {"source": 1446, "target": "pruebas", "value": 31}, {"source": 1446, "target": "superficies", "value": 19}, {"source": 1446, "target": "materiales", "value": 18}, {"source": 1446, "target": "microscopía", "value": 17}, {"source": 1446, "target": "microscopio de electrones", "value": 17}, {"source": 1446, "target": "medición", "value": 16}, {"source": 1446, "target": "resistencia", "value": 16}, {"source": 1446, "target": "resiste", "value": 16}, {"source": 1446, "target": "recubrimientos", "value": 15}, {"source": 1446, "target": "laboratorios", "value": 13}, {"source": 1446, "target": "microscopía electrónica de barrido", "value": 13}, {"source": 1446, "target": "ruedas", "value": 13}, {"source": 1446, "target": "soldadura", "value": 11}, {"source": 1446, "target": "aplicadores", "value": 11}, {"source": 1446, "target": "contactos", "value": 11}, {"source": 1446, "target": "aleación", "value": 10}, {"source": 1446, "target": "acero", "value": 10}, {"source": 1446, "target": "fricción", "value": 10}, {"source": 1446, "target": "rayos x", "value": 9}, {"source": 1446, "target": "correladores", "value": 9}, {"source": 1446, "target": "correlación", "value": 9}, {"source": 1446, "target": "electrones", "value": 9}, {"source": 1446, "target": "momento", "value": 8}, {"source": 1446, "target": "observadores", "value": 8}, {"source": 1446, "target": "estandarización", "value": 8}, {"source": 1446, "target": "estándares", "value": 8}, {"source": 1446, "target": "generadores", "value": 7}, {"source": 1446, "target": "observabilidad", "value": 7}, {"source": 1446, "target": "microestructura", "value": 7}, {"source": 1446, "target": "inspección", "value": 7}, {"source": "db40c721-fd72-4bbc-bb72-64bb46599601", "target": 1462, "value": 1}, {"source": 1462, "target": "tecnología", "value": 5}, {"source": 1462, "target": "laboratorios", "value": 3}, {"source": 1462, "target": "materiales", "value": 3}, {"source": 1462, "target": "modelado", "value": 3}, {"source": 1462, "target": "ingeniería mecánica", "value": 3}, {"source": 1462, "target": "motores", "value": 3}, {"source": 1462, "target": "transporte", "value": 3}, {"source": 1462, "target": "pruebas", "value": 2}, {"source": 1462, "target": "explosiones", "value": 2}, {"source": 1462, "target": "comentarios", "value": 2}, {"source": 1462, "target": "resonancia", "value": 2}, {"source": 1462, "target": "dinámica", "value": 2}, {"source": 1462, "target": "resonadores", "value": 2}, {"source": 1462, "target": "aplicadores", "value": 2}, {"source": 1462, "target": "aceites", "value": 2}, {"source": 1462, "target": "fabricación", "value": 2}, {"source": 1462, "target": "contactos", "value": 2}, {"source": 1462, "target": "generadores", "value": 2}, {"source": 1462, "target": "mecanizado", "value": 2}, {"source": 1462, "target": "fiabilidad", "value": 2}, {"source": 1462, "target": "fatiga", "value": 2}, {"source": 1462, "target": "tomografía", "value": 2}, {"source": 1462, "target": "impedancia", "value": 2}, {"source": 1462, "target": "electricidad", "value": 2}, {"source": 1462, "target": "capacitación", "value": 2}, {"source": 1462, "target": "industrias", "value": 2}, {"source": 1462, "target": "contratos", "value": 2}, {"source": 1462, "target": "soldadura", "value": 2}, {"source": 1462, "target": "distorsión", "value": 2}, {"source": 1462, "target": "compañías", "value": 2}], "options": [{"label": "Estado inicial", "value": "Departamento de Ingeniería Mecánica", "group": "00. Opciones predeterminadas"}, {"label": "Albarracin Aguillon Pedro Ramon", "value": "Albarracin Aguillon Pedro Ramon", "group": "02. Opciones de autor"}, {"label": "Alvarez Gonzalez Jorge Ivan", "value": "Alvarez Gonzalez Jorge Ivan", "group": "02. Opciones de autor"}, {"label": "Garcia Monsalve German Leonardo", "value": "Garcia Monsalve German Leonardo", "group": "02. Opciones de autor"}, {"label": "Gomez Gomez Jorge Ivan", "value": "Gomez Gomez Jorge Ivan", "group": "02. Opciones de autor"}, {"label": "Guevara Carazas Fernando Jesus", "value": "Guevara Carazas Fernando Jesus", "group": "02. Opciones de autor"}, {"label": "Lopez Ochoa Diana María", "value": "Lopez Ochoa Diana María", "group": "02. Opciones de autor"}, {"label": "Montealegre Rubio Wilfredo", "value": "Montealegre Rubio Wilfredo", "group": "02. Opciones de autor"}, {"label": "Muñoz Amariles Maria Eugenia", "value": "Muñoz Amariles Maria Eugenia", "group": "02. Opciones de autor"}, {"label": "Ramírez Patiño Juan Fernando", "value": "Ramírez Patiño Juan Fernando", "group": "02. Opciones de autor"}, {"label": "Restrepo Martinez Alejandro", "value": "Restrepo Martinez Alejandro", "group": "02. Opciones de autor"}, {"label": "Santa Marin Juan Felipe", "value": "Santa Marin Juan Felipe", "group": "02. Opciones de autor"}, {"label": "Vanegas Molina Nelson Antonio", "value": "Vanegas Molina Nelson Antonio", "group": "02. Opciones de autor"}, {"label": "Departamento de Ingeniería Mecánica", "value": "Departamento de Ingeniería Mecánica", "group": "02. Opciones de uab"}, {"label": "aceites", "value": "aceites", "group": "03. Opciones de temas"}, {"label": "acero", "value": "acero", "group": "03. Opciones de temas"}, {"label": "actuadores", "value": "actuadores", "group": "03. Opciones de temas"}, {"label": "actual", "value": "actual", "group": "03. Opciones de temas"}, {"label": "aditivos", "value": "aditivos", "group": "03. Opciones de temas"}, {"label": "aleaciones de aluminio", "value": "aleaciones de aluminio", "group": "03. Opciones de temas"}, {"label": "aleación", "value": "aleación", "group": "03. Opciones de temas"}, {"label": "algoritmos", "value": "algoritmos", "group": "03. Opciones de temas"}, {"label": "aluminio", "value": "aluminio", "group": "03. Opciones de temas"}, {"label": "análisis de elementos finitos", "value": "análisis de elementos finitos", "group": "03. Opciones de temas"}, {"label": "análisis de imagen", "value": "análisis de imagen", "group": "03. Opciones de temas"}, {"label": "análisis de riesgo", "value": "análisis de riesgo", "group": "03. Opciones de temas"}, {"label": "aplicadores", "value": "aplicadores", "group": "03. Opciones de temas"}, {"label": "azúcar", "value": "azúcar", "group": "03. Opciones de temas"}, {"label": "biología", "value": "biología", "group": "03. Opciones de temas"}, {"label": "biopsia", "value": "biopsia", "group": "03. Opciones de temas"}, {"label": "calculadoras", "value": "calculadoras", "group": "03. Opciones de temas"}, {"label": "capacitación", "value": "capacitación", "group": "03. Opciones de temas"}, {"label": "ciencias económicas", "value": "ciencias económicas", "group": "03. Opciones de temas"}, {"label": "colonoscopia", "value": "colonoscopia", "group": "03. Opciones de temas"}, {"label": "color", "value": "color", "group": "03. Opciones de temas"}, {"label": "comentarios", "value": "comentarios", "group": "03. Opciones de temas"}, {"label": "comercialización", "value": "comercialización", "group": "03. Opciones de temas"}, {"label": "compañías", "value": "compañías", "group": "03. Opciones de temas"}, {"label": "conductividad", "value": "conductividad", "group": "03. Opciones de temas"}, {"label": "construcción", "value": "construcción", "group": "03. Opciones de temas"}, {"label": "contactos", "value": "contactos", "group": "03. Opciones de temas"}, {"label": "contratos", "value": "contratos", "group": "03. Opciones de temas"}, {"label": "control de acceso", "value": "control de acceso", "group": "03. Opciones de temas"}, {"label": "controlabilidad", "value": "controlabilidad", "group": "03. Opciones de temas"}, {"label": "correlación", "value": "correlación", "group": "03. Opciones de temas"}, {"label": "correladores", "value": "correladores", "group": "03. Opciones de temas"}, {"label": "corrosión", "value": "corrosión", "group": "03. Opciones de temas"}, {"label": "costos", "value": "costos", "group": "03. Opciones de temas"}, {"label": "current", "value": "current", "group": "03. Opciones de temas"}, {"label": "cámaras", "value": "cámaras", "group": "03. Opciones de temas"}, {"label": "degradación", "value": "degradación", "group": "03. Opciones de temas"}, {"label": "desgaste de materiales", "value": "desgaste de materiales", "group": "03. Opciones de temas"}, {"label": "dinámica", "value": "dinámica", "group": "03. Opciones de temas"}, {"label": "disponibilidad", "value": "disponibilidad", "group": "03. Opciones de temas"}, {"label": "distorsión", "value": "distorsión", "group": "03. Opciones de temas"}, {"label": "ejes", "value": "ejes", "group": "03. Opciones de temas"}, {"label": "electricidad", "value": "electricidad", "group": "03. Opciones de temas"}, {"label": "electrones", "value": "electrones", "group": "03. Opciones de temas"}, {"label": "en vivo", "value": "en vivo", "group": "03. Opciones de temas"}, {"label": "encendiendo", "value": "encendiendo", "group": "03. Opciones de temas"}, {"label": "enchapado", "value": "enchapado", "group": "03. Opciones de temas"}, {"label": "enchufes", "value": "enchufes", "group": "03. Opciones de temas"}, {"label": "endoscopios", "value": "endoscopios", "group": "03. Opciones de temas"}, {"label": "energía", "value": "energía", "group": "03. Opciones de temas"}, {"label": "ensayo dinámico de materiales", "value": "ensayo dinámico de materiales", "group": "03. Opciones de temas"}, {"label": "erosión de la corrosión", "value": "erosión de la corrosión", "group": "03. Opciones de temas"}, {"label": "estadísticas", "value": "estadísticas", "group": "03. Opciones de temas"}, {"label": "estandarización", "value": "estandarización", "group": "03. Opciones de temas"}, {"label": "estimacion", "value": "estimacion", "group": "03. Opciones de temas"}, {"label": "estrés", "value": "estrés", "group": "03. Opciones de temas"}, {"label": "estándares", "value": "estándares", "group": "03. Opciones de temas"}, {"label": "explosiones", "value": "explosiones", "group": "03. Opciones de temas"}, {"label": "fabricación", "value": "fabricación", "group": "03. Opciones de temas"}, {"label": "falla en el equipo", "value": "falla en el equipo", "group": "03. Opciones de temas"}, {"label": "fatiga", "value": "fatiga", "group": "03. Opciones de temas"}, {"label": "fiabilidad", "value": "fiabilidad", "group": "03. Opciones de temas"}, {"label": "filtración", "value": "filtración", "group": "03. Opciones de temas"}, {"label": "filtros", "value": "filtros", "group": "03. Opciones de temas"}, {"label": "fotoelasticidad", "value": "fotoelasticidad", "group": "03. Opciones de temas"}, {"label": "fotografías", "value": "fotografías", "group": "03. Opciones de temas"}, {"label": "frecuencia", "value": "frecuencia", "group": "03. Opciones de temas"}, {"label": "fricción", "value": "fricción", "group": "03. Opciones de temas"}, {"label": "fuerza", "value": "fuerza", "group": "03. Opciones de temas"}, {"label": "gastroenterología", "value": "gastroenterología", "group": "03. Opciones de temas"}, {"label": "generadores", "value": "generadores", "group": "03. Opciones de temas"}, {"label": "geometría", "value": "geometría", "group": "03. Opciones de temas"}, {"label": "grabación", "value": "grabación", "group": "03. Opciones de temas"}, {"label": "grasas", "value": "grasas", "group": "03. Opciones de temas"}, {"label": "herramientas", "value": "herramientas", "group": "03. Opciones de temas"}, {"label": "holografía", "value": "holografía", "group": "03. Opciones de temas"}, {"label": "imagen", "value": "imagen", "group": "03. Opciones de temas"}, {"label": "impedancia", "value": "impedancia", "group": "03. Opciones de temas"}, {"label": "indexación", "value": "indexación", "group": "03. Opciones de temas"}, {"label": "industrias", "value": "industrias", "group": "03. Opciones de temas"}, {"label": "ingeniería mecánica", "value": "ingeniería mecánica", "group": "03. Opciones de temas"}, {"label": "innovación tecnológica", "value": "innovación tecnológica", "group": "03. Opciones de temas"}, {"label": "inspección", "value": "inspección", "group": "03. Opciones de temas"}, {"label": "laboratorios", "value": "laboratorios", "group": "03. Opciones de temas"}, {"label": "laminación", "value": "laminación", "group": "03. Opciones de temas"}, {"label": "laminados", "value": "laminados", "group": "03. Opciones de temas"}, {"label": "limitante", "value": "limitante", "group": "03. Opciones de temas"}, {"label": "limpieza", "value": "limpieza", "group": "03. Opciones de temas"}, {"label": "linealidad", "value": "linealidad", "group": "03. Opciones de temas"}, {"label": "lodos", "value": "lodos", "group": "03. Opciones de temas"}, {"label": "lubricación", "value": "lubricación", "group": "03. Opciones de temas"}, {"label": "lubricantes", "value": "lubricantes", "group": "03. Opciones de temas"}, {"label": "magnesio", "value": "magnesio", "group": "03. Opciones de temas"}, {"label": "mantenimiento", "value": "mantenimiento", "group": "03. Opciones de temas"}, {"label": "manuales", "value": "manuales", "group": "03. Opciones de temas"}, {"label": "materiales", "value": "materiales", "group": "03. Opciones de temas"}, {"label": "matlab", "value": "matlab", "group": "03. Opciones de temas"}, {"label": "mecanizado", "value": "mecanizado", "group": "03. Opciones de temas"}, {"label": "medición", "value": "medición", "group": "03. Opciones de temas"}, {"label": "mejoramiento", "value": "mejoramiento", "group": "03. Opciones de temas"}, {"label": "metalización", "value": "metalización", "group": "03. Opciones de temas"}, {"label": "microestructura", "value": "microestructura", "group": "03. Opciones de temas"}, {"label": "microscopio de electrones", "value": "microscopio de electrones", "group": "03. Opciones de temas"}, {"label": "microscopía", "value": "microscopía", "group": "03. Opciones de temas"}, {"label": "microscopía electrónica de barrido", "value": "microscopía electrónica de barrido", "group": "03. Opciones de temas"}, {"label": "modelado", "value": "modelado", "group": "03. Opciones de temas"}, {"label": "modelos numéricos", "value": "modelos numéricos", "group": "03. Opciones de temas"}, {"label": "momento", "value": "momento", "group": "03. Opciones de temas"}, {"label": "montaje", "value": "montaje", "group": "03. Opciones de temas"}, {"label": "motores", "value": "motores", "group": "03. Opciones de temas"}, {"label": "método de elementos finitos", "value": "método de elementos finitos", "group": "03. Opciones de temas"}, {"label": "métodos de optimización", "value": "métodos de optimización", "group": "03. Opciones de temas"}, {"label": "métodos de simulación", "value": "métodos de simulación", "group": "03. Opciones de temas"}, {"label": "nitrógeno", "value": "nitrógeno", "group": "03. Opciones de temas"}, {"label": "obesidad", "value": "obesidad", "group": "03. Opciones de temas"}, {"label": "observabilidad", "value": "observabilidad", "group": "03. Opciones de temas"}, {"label": "observadores", "value": "observadores", "group": "03. Opciones de temas"}, {"label": "optimización de topología", "value": "optimización de topología", "group": "03. Opciones de temas"}, {"label": "ordenadores", "value": "ordenadores", "group": "03. Opciones de temas"}, {"label": "organismos", "value": "organismos", "group": "03. Opciones de temas"}, {"label": "organizaciones", "value": "organizaciones", "group": "03. Opciones de temas"}, {"label": "película (s", "value": "película (s", "group": "03. Opciones de temas"}, {"label": "películas de plástico", "value": "películas de plástico", "group": "03. Opciones de temas"}, {"label": "piezoelectricidad", "value": "piezoelectricidad", "group": "03. Opciones de temas"}, {"label": "planificación", "value": "planificación", "group": "03. Opciones de temas"}, {"label": "plástica", "value": "plástica", "group": "03. Opciones de temas"}, {"label": "polímeros", "value": "polímeros", "group": "03. Opciones de temas"}, {"label": "presion", "value": "presion", "group": "03. Opciones de temas"}, {"label": "probabilidad", "value": "probabilidad", "group": "03. Opciones de temas"}, {"label": "producción", "value": "producción", "group": "03. Opciones de temas"}, {"label": "productividad", "value": "productividad", "group": "03. Opciones de temas"}, {"label": "productos químicos", "value": "productos químicos", "group": "03. Opciones de temas"}, {"label": "programación", "value": "programación", "group": "03. Opciones de temas"}, {"label": "programación lineal", "value": "programación lineal", "group": "03. Opciones de temas"}, {"label": "propagación", "value": "propagación", "group": "03. Opciones de temas"}, {"label": "pruebas", "value": "pruebas", "group": "03. Opciones de temas"}, {"label": "prótesis", "value": "prótesis", "group": "03. Opciones de temas"}, {"label": "químicos", "value": "químicos", "group": "03. Opciones de temas"}, {"label": "rayos x", "value": "rayos x", "group": "03. Opciones de temas"}, {"label": "realce", "value": "realce", "group": "03. Opciones de temas"}, {"label": "receptores", "value": "receptores", "group": "03. Opciones de temas"}, {"label": "recubrimientos", "value": "recubrimientos", "group": "03. Opciones de temas"}, {"label": "resina epoxica", "value": "resina epoxica", "group": "03. Opciones de temas"}, {"label": "resiste", "value": "resiste", "group": "03. Opciones de temas"}, {"label": "resistencia", "value": "resistencia", "group": "03. Opciones de temas"}, {"label": "resonadores", "value": "resonadores", "group": "03. Opciones de temas"}, {"label": "resonancia", "value": "resonancia", "group": "03. Opciones de temas"}, {"label": "rieles", "value": "rieles", "group": "03. Opciones de temas"}, {"label": "ruedas", "value": "ruedas", "group": "03. Opciones de temas"}, {"label": "secuencias", "value": "secuencias", "group": "03. Opciones de temas"}, {"label": "seguridad", "value": "seguridad", "group": "03. Opciones de temas"}, {"label": "sensores", "value": "sensores", "group": "03. Opciones de temas"}, {"label": "simulación", "value": "simulación", "group": "03. Opciones de temas"}, {"label": "sincronización", "value": "sincronización", "group": "03. Opciones de temas"}, {"label": "sistemas complejos", "value": "sistemas complejos", "group": "03. Opciones de temas"}, {"label": "sistemático", "value": "sistemático", "group": "03. Opciones de temas"}, {"label": "soldadura", "value": "soldadura", "group": "03. Opciones de temas"}, {"label": "superficies", "value": "superficies", "group": "03. Opciones de temas"}, {"label": "sustratos", "value": "sustratos", "group": "03. Opciones de temas"}, {"label": "sólidos", "value": "sólidos", "group": "03. Opciones de temas"}, {"label": "tecnología", "value": "tecnología", "group": "03. Opciones de temas"}, {"label": "termodinámica", "value": "termodinámica", "group": "03. Opciones de temas"}, {"label": "termoelectricidad", "value": "termoelectricidad", "group": "03. Opciones de temas"}, {"label": "tierra", "value": "tierra", "group": "03. Opciones de temas"}, {"label": "toma de decisiones", "value": "toma de decisiones", "group": "03. Opciones de temas"}, {"label": "tomografía", "value": "tomografía", "group": "03. Opciones de temas"}, {"label": "topología", "value": "topología", "group": "03. Opciones de temas"}, {"label": "transductores", "value": "transductores", "group": "03. Opciones de temas"}, {"label": "transductores piezoeléctricos", "value": "transductores piezoeléctricos", "group": "03. Opciones de temas"}, {"label": "transfemoral amputee", "value": "transfemoral amputee", "group": "03. Opciones de temas"}, {"label": "transporte", "value": "transporte", "group": "03. Opciones de temas"}, {"label": "tratamiento médico", "value": "tratamiento médico", "group": "03. Opciones de temas"}, {"label": "turbinas", "value": "turbinas", "group": "03. Opciones de temas"}, {"label": "vias ferreas", "value": "vias ferreas", "group": "03. Opciones de temas"}, {"label": "vibraciones", "value": "vibraciones", "group": "03. Opciones de temas"}, {"label": "vigilancia", "value": "vigilancia", "group": "03. Opciones de temas"}, {"label": "índices", "value": "índices", "group": "03. Opciones de temas"}, {"label": "óptica", "value": "óptica", "group": "03. Opciones de temas"}]}