{"nodes": [{"id": "1ee66727-e344-4086-919c-26ad9d12ccb0", "label": "Departamento de Ocupación Humana", "type": "uab"}, {"id": 50, "label": "Araque Jaramillo Sandra Milena", "type": "author"}, {"id": "lenguaje", "label": "lenguaje", "type": "topic"}, {"id": "lingüística", "label": "lingüística", "type": "topic"}, {"id": "salud", "label": "salud", "type": "topic"}, {"id": "investigación", "label": "investigación", "type": "topic"}, {"id": "empleo", "label": "empleo", "type": "topic"}, {"id": "idioma", "label": "idioma", "type": "topic"}, {"id": "cognición", "label": "cognición", "type": "topic"}, {"id": "programa", "label": "programa", "type": "topic"}, {"id": "vida", "label": "vida", "type": "topic"}, {"id": "adulto", "label": "adulto", "type": "topic"}, {"id": "envejecimiento", "label": "envejecimiento", "type": "topic"}, {"id": "calidad de vida", "label": "calidad de vida", "type": "topic"}, {"id": "salud mental", "label": "salud mental", "type": "topic"}, {"id": "comunicación", "label": "comunicación", "type": "topic"}, {"id": "comunismo", "label": "comunismo", "type": "topic"}, {"id": "atención plena", "label": "atención plena", "type": "topic"}, {"id": "colombia", "label": "colombia", "type": "topic"}, {"id": "memoria", "label": "memoria", "type": "topic"}, {"id": "rehabilitación", "label": "rehabilitación", "type": "topic"}, {"id": "métodos", "label": "métodos", "type": "topic"}, {"id": "invalidez", "label": "invalidez", "type": "topic"}, {"id": "personalidad", "label": "personalidad", "type": "topic"}, {"id": "personas", "label": "personas", "type": "topic"}, {"id": "dinámica", "label": "dinámica", "type": "topic"}, {"id": "rastreador de ojos", "label": "rastreador de ojos", "type": "topic"}, {"id": "percepción", "label": "percepción", "type": "topic"}, {"id": "movimientos oculares", "label": "movimientos oculares", "type": "topic"}, {"id": "enfermedad de alzheimer", "label": "enfermedad de alzheimer", "type": "topic"}, {"id": "languagevision", "label": "languagevision", "type": "topic"}, {"id": "visualización", "label": "visualización", "type": "topic"}, {"id": 160, "label": "Carrizosa Ferrer Lucy Del Socorro", "type": "author"}, {"id": 239, "label": "Díaz Cubillos Nohora Stella", "type": "author"}, {"id": "mano", "label": "mano", "type": "topic"}, {"id": "violencia", "label": "violencia", "type": "topic"}, {"id": "juicio", "label": "juicio", "type": "topic"}, {"id": "trabajo", "label": "trabajo", "type": "topic"}, {"id": 253, "label": "Duarte Torres Silvia Cristina", "type": "author"}, {"id": "ocupaciones", "label": "ocupaciones", "type": "topic"}, {"id": "terapia ocupacional", "label": "terapia ocupacional", "type": "topic"}, {"id": "revisión", "label": "revisión", "type": "topic"}, {"id": "literatura", "label": "literatura", "type": "topic"}, {"id": "terapeutas ocupacionales", "label": "terapeutas ocupacionales", "type": "topic"}, {"id": "enfermedades", "label": "enfermedades", "type": "topic"}, {"id": "enfermedad", "label": "enfermedad", "type": "topic"}, {"id": "familia", "label": "familia", "type": "topic"}, {"id": "unidades de cuidados intensivos", "label": "unidades de cuidados intensivos", "type": "topic"}, {"id": "psicología", "label": "psicología", "type": "topic"}, {"id": "socialismo", "label": "socialismo", "type": "topic"}, {"id": "rol", "label": "rol", "type": "topic"}, {"id": "guía", "label": "guía", "type": "topic"}, {"id": "guía de práctica clínica", "label": "guía de práctica clínica", "type": "topic"}, {"id": "críticas", "label": "críticas", "type": "topic"}, {"id": "hijo único", "label": "hijo único", "type": "topic"}, {"id": "niño", "label": "niño", "type": "topic"}, {"id": "enfermedad crónica", "label": "enfermedad crónica", "type": "topic"}, {"id": "socialización", "label": "socialización", "type": "topic"}, {"id": "occupational therapy", "label": "occupational therapy", "type": "topic"}, {"id": "materiales", "label": "materiales", "type": "topic"}, {"id": 278, "label": "Fernández Moreno Carmen Aleida", "type": "author"}, {"id": "conocimiento", "label": "conocimiento", "type": "topic"}, {"id": "educación", "label": "educación", "type": "topic"}, {"id": "bibliotecas", "label": "bibliotecas", "type": "topic"}, {"id": "políticas", "label": "políticas", "type": "topic"}, {"id": "política", "label": "política", "type": "topic"}, {"id": "gobierno", "label": "gobierno", "type": "topic"}, {"id": "respeto", "label": "respeto", "type": "topic"}, {"id": "conocimiento administrativo", "label": "conocimiento administrativo", "type": "topic"}, {"id": "personas discapacitadas", "label": "personas discapacitadas", "type": "topic"}, {"id": "administración", "label": "administración", "type": "topic"}, {"id": "carácter", "label": "carácter", "type": "topic"}, {"id": "tecnología", "label": "tecnología", "type": "topic"}, {"id": "personas con discapacidad", "label": "personas con discapacidad", "type": "topic"}, {"id": "current", "label": "current", "type": "topic"}, {"id": "chile", "label": "chile", "type": "topic"}, {"id": "argentina", "label": "argentina", "type": "topic"}, {"id": "uruguay", "label": "uruguay", "type": "topic"}, {"id": "estudiantes", "label": "estudiantes", "type": "topic"}, {"id": "ciudades", "label": "ciudades", "type": "topic"}, {"id": 303, "label": "Galvis López Gladys", "type": "author"}, {"id": 337, "label": "Gómez Galindo Ana María", "type": "author"}, {"id": "brazo", "label": "brazo", "type": "topic"}, {"id": "conflictos armados", "label": "conflictos armados", "type": "topic"}, {"id": "cuidadores", "label": "cuidadores", "type": "topic"}, {"id": "programación", "label": "programación", "type": "topic"}, {"id": "formación", "label": "formación", "type": "topic"}, {"id": "pacientes", "label": "pacientes", "type": "topic"}, {"id": "publicaciones", "label": "publicaciones", "type": "topic"}, {"id": "guerra", "label": "guerra", "type": "topic"}, {"id": "población", "label": "población", "type": "topic"}, {"id": "aprendizaje", "label": "aprendizaje", "type": "topic"}, {"id": "enseñanza", "label": "enseñanza", "type": "topic"}, {"id": "afecto", "label": "afecto", "type": "topic"}, {"id": "seguridad", "label": "seguridad", "type": "topic"}, {"id": "seguridad del paciente", "label": "seguridad del paciente", "type": "topic"}, {"id": 365, "label": "Grimaldo Giraldo Emma", "type": "author"}, {"id": 388, "label": "Guzmán Suárez Olga Beatriz", "type": "author"}, {"id": "humanos", "label": "humanos", "type": "topic"}, {"id": "humanidades", "label": "humanidades", "type": "topic"}, {"id": "humanismo", "label": "humanismo", "type": "topic"}, {"id": "política pública", "label": "política pública", "type": "topic"}, {"id": "riesgo", "label": "riesgo", "type": "topic"}, {"id": "certificación", "label": "certificación", "type": "topic"}, {"id": "herramientas", "label": "herramientas", "type": "topic"}, {"id": "derechos humanos", "label": "derechos humanos", "type": "topic"}, {"id": "salud ocupacional", "label": "salud ocupacional", "type": "topic"}, {"id": "salud laboral", "label": "salud laboral", "type": "topic"}, {"id": "ergonomía", "label": "ergonomía", "type": "topic"}, {"id": "participación social", "label": "participación social", "type": "topic"}, {"id": "ganancia", "label": "ganancia", "type": "topic"}, {"id": "ecualizadores", "label": "ecualizadores", "type": "topic"}, {"id": "estandarización", "label": "estandarización", "type": "topic"}, {"id": "normas", "label": "normas", "type": "topic"}, {"id": "government", "label": "government", "type": "topic"}, {"id": "organismos", "label": "organismos", "type": "topic"}, {"id": 513, "label": "Méndez Montaño Jeannette Amanda", "type": "author"}, {"id": "tiempo", "label": "tiempo", "type": "topic"}, {"id": "cultura", "label": "cultura", "type": "topic"}, {"id": "mujeres", "label": "mujeres", "type": "topic"}, {"id": "individualidad", "label": "individualidad", "type": "topic"}, {"id": "individualismo", "label": "individualismo", "type": "topic"}, {"id": "colección", "label": "colección", "type": "topic"}, {"id": "sentido", "label": "sentido", "type": "topic"}, {"id": "espacio", "label": "espacio", "type": "topic"}, {"id": "consejo indígena", "label": "consejo indígena", "type": "topic"}, {"id": "adopción", "label": "adopción", "type": "topic"}, {"id": "economía", "label": "economía", "type": "topic"}, {"id": "hombres", "label": "hombres", "type": "topic"}, {"id": "contabilidad", "label": "contabilidad", "type": "topic"}, {"id": "entrevista", "label": "entrevista", "type": "topic"}, {"id": "discurso", "label": "discurso", "type": "topic"}, {"id": "denominaciones geográficas", "label": "denominaciones geográficas", "type": "topic"}, {"id": 614, "label": "Parra Esquivel Eliana Isabel", "type": "author"}, {"id": "sincronización", "label": "sincronización", "type": "topic"}, {"id": "ambiente", "label": "ambiente", "type": "topic"}, {"id": "organizaciones", "label": "organizaciones", "type": "topic"}, {"id": 629, "label": "Peñas Felizzola Olga Luz", "type": "author"}, {"id": "sistemática", "label": "sistemática", "type": "topic"}, {"id": "logro", "label": "logro", "type": "topic"}, {"id": 631, "label": "Pérez Acevedo Lida Otilia", "type": "author"}, {"id": "universidades", "label": "universidades", "type": "topic"}, {"id": "libertad", "label": "libertad", "type": "topic"}, {"id": "sociedades", "label": "sociedades", "type": "topic"}, {"id": "pensamiento", "label": "pensamiento", "type": "topic"}, {"id": "automanejo", "label": "automanejo", "type": "topic"}, {"id": "mapa", "label": "mapa", "type": "topic"}, {"id": "té", "label": "té", "type": "topic"}, {"id": "trastorno del espectro autista", "label": "trastorno del espectro autista", "type": "topic"}, {"id": "privatización", "label": "privatización", "type": "topic"}, {"id": "transformación", "label": "transformación", "type": "topic"}, {"id": 751, "label": "Rojas Castillo Claudia Patricia", "type": "author"}, {"id": "comprensión", "label": "comprensión", "type": "topic"}, {"id": "discapacidad", "label": "discapacidad", "type": "topic"}, {"id": "conductividad", "label": "conductividad", "type": "topic"}, {"id": "instituciones académicas", "label": "instituciones académicas", "type": "topic"}, {"id": "física", "label": "física", "type": "topic"}, {"id": "lógica", "label": "lógica", "type": "topic"}, {"id": "accesibilidad a los servicios de salud", "label": "accesibilidad a los servicios de salud", "type": "topic"}, {"id": "formulación de políticas", "label": "formulación de políticas", "type": "topic"}, {"id": "modelado", "label": "modelado", "type": "topic"}, {"id": "entrevistas", "label": "entrevistas", "type": "topic"}, {"id": "generadores", "label": "generadores", "type": "topic"}, {"id": "grupos focales", "label": "grupos focales", "type": "topic"}, {"id": "malla de especialidad de fisioterapia", "label": "malla de especialidad de fisioterapia", "type": "topic"}, {"id": "malla especializada en terapia física", "label": "malla especializada en terapia física", "type": "topic"}, {"id": 788, "label": "Sanabria Camacho Leyla Hasbleidy", "type": "author"}, {"id": "voz", "label": "voz", "type": "topic"}, {"id": "gente sordociega", "label": "gente sordociega", "type": "topic"}, {"id": "labor", "label": "labor", "type": "topic"}, {"id": "entornos capacitados incapacitantes", "label": "entornos capacitados incapacitantes", "type": "topic"}, {"id": "modelo relacional", "label": "modelo relacional", "type": "topic"}, {"id": "proyección", "label": "proyección", "type": "topic"}, {"id": "cara", "label": "cara", "type": "topic"}, {"id": "formiatos", "label": "formiatos", "type": "topic"}, {"id": "registros", "label": "registros", "type": "topic"}, {"id": "asociación", "label": "asociación", "type": "topic"}, {"id": 851, "label": "Torres Carvajal Martha Lucia", "type": "author"}, {"id": "luz", "label": "luz", "type": "topic"}, {"id": "iluminación", "label": "iluminación", "type": "topic"}, {"id": 863, "label": "Trujillo Rojas María Alicia", "type": "author"}, {"id": "eficiencia", "label": "eficiencia", "type": "topic"}, {"id": "ciencia", "label": "ciencia", "type": "topic"}, {"id": "profesionalismo", "label": "profesionalismo", "type": "topic"}, {"id": "ética", "label": "ética", "type": "topic"}, {"id": "editorial", "label": "editorial", "type": "topic"}, {"id": 3113, "label": "Zapata Gomez Maria Victoria", "type": "author"}, {"id": 3116, "label": "Laserna Gutierrez Ana Del Rosario", "type": "author"}, {"id": 3120, "label": "Urrea Uyaban Maria Victoria", "type": "author"}, {"id": 3121, "label": "Alvarez De Bello Laura Elisa", "type": "author"}, {"id": 3146, "label": "Jimenez Moreno Nidya Alejandra", "type": "author"}, {"id": 3226, "label": "Luna Novoa Ingrid Ayrin", "type": "author"}, {"id": 3241, "label": "Arango Soler Juan Manuel", "type": "author"}], "links": [{"source": "1ee66727-e344-4086-919c-26ad9d12ccb0", "target": 50, "value": 1}, {"source": 50, "target": "lenguaje", "value": 3}, {"source": 50, "target": "lingüística", "value": 3}, {"source": 50, "target": "salud", "value": 3}, {"source": 50, "target": "investigación", "value": 3}, {"source": 50, "target": "empleo", "value": 3}, {"source": 50, "target": "idioma", "value": 2}, {"source": 50, "target": "cognición", "value": 2}, {"source": 50, "target": "programa", "value": 2}, {"source": 50, "target": "vida", "value": 2}, {"source": 50, "target": "adulto", "value": 2}, {"source": 50, "target": "envejecimiento", "value": 2}, {"source": 50, "target": "calidad de vida", "value": 2}, {"source": 50, "target": "salud mental", "value": 2}, {"source": 50, "target": "comunicación", "value": 2}, {"source": 50, "target": "comunismo", "value": 2}, {"source": 50, "target": "atención plena", "value": 2}, {"source": 50, "target": "colombia", "value": 2}, {"source": 50, "target": "memoria", "value": 2}, {"source": 50, "target": "rehabilitación", "value": 2}, {"source": 50, "target": "métodos", "value": 2}, {"source": 50, "target": "invalidez", "value": 2}, {"source": 50, "target": "personalidad", "value": 2}, {"source": 50, "target": "personas", "value": 2}, {"source": 50, "target": "dinámica", "value": 1}, {"source": 50, "target": "rastreador de ojos", "value": 1}, {"source": 50, "target": "percepción", "value": 1}, {"source": 50, "target": "movimientos oculares", "value": 1}, {"source": 50, "target": "enfermedad de alzheimer", "value": 1}, {"source": 50, "target": "languagevision", "value": 1}, {"source": 50, "target": "visualización", "value": 1}, {"source": "1ee66727-e344-4086-919c-26ad9d12ccb0", "target": 160, "value": 1}, {"source": "1ee66727-e344-4086-919c-26ad9d12ccb0", "target": 239, "value": 1}, {"source": 239, "target": "mano", "value": 2}, {"source": 239, "target": "violencia", "value": 1}, {"source": 239, "target": "juicio", "value": 1}, {"source": 239, "target": "trabajo", "value": 1}, {"source": "1ee66727-e344-4086-919c-26ad9d12ccb0", "target": 253, "value": 1}, {"source": 253, "target": "ocupaciones", "value": 14}, {"source": 253, "target": "terapia ocupacional", "value": 11}, {"source": 253, "target": "revisión", "value": 7}, {"source": 253, "target": "literatura", "value": 5}, {"source": 253, "target": "rehabilitación", "value": 5}, {"source": 253, "target": "terapeutas ocupacionales", "value": 5}, {"source": 253, "target": "trabajo", "value": 5}, {"source": 253, "target": "métodos", "value": 5}, {"source": 253, "target": "enfermedades", "value": 4}, {"source": 253, "target": "enfermedad", "value": 4}, {"source": 253, "target": "familia", "value": 4}, {"source": 253, "target": "unidades de cuidados intensivos", "value": 4}, {"source": 253, "target": "investigación", "value": 4}, {"source": 253, "target": "adulto", "value": 4}, {"source": 253, "target": "vida", "value": 4}, {"source": 253, "target": "psicología", "value": 3}, {"source": 253, "target": "socialismo", "value": 3}, {"source": 253, "target": "rol", "value": 3}, {"source": 253, "target": "salud", "value": 3}, {"source": 253, "target": "guía", "value": 2}, {"source": 253, "target": "guía de práctica clínica", "value": 2}, {"source": 253, "target": "críticas", "value": 2}, {"source": 253, "target": "hijo único", "value": 2}, {"source": 253, "target": "niño", "value": 2}, {"source": 253, "target": "enfermedad crónica", "value": 2}, {"source": 253, "target": "socialización", "value": 2}, {"source": 253, "target": "colombia", "value": 2}, {"source": 253, "target": "cognición", "value": 2}, {"source": 253, "target": "occupational therapy", "value": 2}, {"source": 253, "target": "materiales", "value": 2}, {"source": "1ee66727-e344-4086-919c-26ad9d12ccb0", "target": 278, "value": 1}, {"source": 278, "target": "socialismo", "value": 11}, {"source": 278, "target": "socialización", "value": 11}, {"source": 278, "target": "investigación", "value": 10}, {"source": 278, "target": "colombia", "value": 6}, {"source": 278, "target": "conocimiento", "value": 6}, {"source": 278, "target": "comunicación", "value": 5}, {"source": 278, "target": "comunismo", "value": 5}, {"source": 278, "target": "educación", "value": 5}, {"source": 278, "target": "materiales", "value": 4}, {"source": 278, "target": "personalidad", "value": 4}, {"source": 278, "target": "bibliotecas", "value": 3}, {"source": 278, "target": "personas", "value": 3}, {"source": 278, "target": "políticas", "value": 3}, {"source": 278, "target": "política", "value": 3}, {"source": 278, "target": "gobierno", "value": 3}, {"source": 278, "target": "respeto", "value": 3}, {"source": 278, "target": "conocimiento administrativo", "value": 2}, {"source": 278, "target": "personas discapacitadas", "value": 2}, {"source": 278, "target": "administración", "value": 2}, {"source": 278, "target": "métodos", "value": 2}, {"source": 278, "target": "carácter", "value": 2}, {"source": 278, "target": "tecnología", "value": 2}, {"source": 278, "target": "personas con discapacidad", "value": 2}, {"source": 278, "target": "current", "value": 2}, {"source": 278, "target": "chile", "value": 2}, {"source": 278, "target": "argentina", "value": 2}, {"source": 278, "target": "uruguay", "value": 2}, {"source": 278, "target": "estudiantes", "value": 2}, {"source": 278, "target": "invalidez", "value": 2}, {"source": 278, "target": "ciudades", "value": 2}, {"source": "1ee66727-e344-4086-919c-26ad9d12ccb0", "target": 303, "value": 1}, {"source": "1ee66727-e344-4086-919c-26ad9d12ccb0", "target": 337, "value": 1}, {"source": 337, "target": "ocupaciones", "value": 17}, {"source": 337, "target": "terapia ocupacional", "value": 13}, {"source": 337, "target": "occupational therapy", "value": 7}, {"source": 337, "target": "colombia", "value": 7}, {"source": 337, "target": "estudiantes", "value": 6}, {"source": 337, "target": "socialismo", "value": 5}, {"source": 337, "target": "socialización", "value": 5}, {"source": 337, "target": "trabajo", "value": 5}, {"source": 337, "target": "terapeutas ocupacionales", "value": 5}, {"source": 337, "target": "educación", "value": 5}, {"source": 337, "target": "métodos", "value": 5}, {"source": 337, "target": "brazo", "value": 4}, {"source": 337, "target": "conflictos armados", "value": 4}, {"source": 337, "target": "violencia", "value": 4}, {"source": 337, "target": "cuidadores", "value": 4}, {"source": 337, "target": "salud", "value": 4}, {"source": 337, "target": "investigación", "value": 4}, {"source": 337, "target": "programación", "value": 4}, {"source": 337, "target": "programa", "value": 4}, {"source": 337, "target": "formación", "value": 4}, {"source": 337, "target": "pacientes", "value": 4}, {"source": 337, "target": "publicaciones", "value": 4}, {"source": 337, "target": "rol", "value": 3}, {"source": 337, "target": "guerra", "value": 3}, {"source": 337, "target": "población", "value": 3}, {"source": 337, "target": "aprendizaje", "value": 3}, {"source": 337, "target": "enseñanza", "value": 3}, {"source": 337, "target": "afecto", "value": 3}, {"source": 337, "target": "seguridad", "value": 3}, {"source": 337, "target": "seguridad del paciente", "value": 3}, {"source": "1ee66727-e344-4086-919c-26ad9d12ccb0", "target": 365, "value": 1}, {"source": "1ee66727-e344-4086-919c-26ad9d12ccb0", "target": 388, "value": 1}, {"source": 388, "target": "ocupaciones", "value": 11}, {"source": 388, "target": "trabajo", "value": 7}, {"source": 388, "target": "humanos", "value": 6}, {"source": 388, "target": "salud", "value": 6}, {"source": 388, "target": "socialismo", "value": 5}, {"source": 388, "target": "socialización", "value": 5}, {"source": 388, "target": "humanidades", "value": 5}, {"source": 388, "target": "terapia ocupacional", "value": 5}, {"source": 388, "target": "políticas", "value": 5}, {"source": 388, "target": "humanismo", "value": 4}, {"source": 388, "target": "publicaciones", "value": 4}, {"source": 388, "target": "política pública", "value": 4}, {"source": 388, "target": "riesgo", "value": 4}, {"source": 388, "target": "rehabilitación", "value": 4}, {"source": 388, "target": "certificación", "value": 3}, {"source": 388, "target": "herramientas", "value": 3}, {"source": 388, "target": "derechos humanos", "value": 3}, {"source": 388, "target": "salud ocupacional", "value": 3}, {"source": 388, "target": "salud laboral", "value": 3}, {"source": 388, "target": "seguridad", "value": 3}, {"source": 388, "target": "investigación", "value": 3}, {"source": 388, "target": "ergonomía", "value": 3}, {"source": 388, "target": "participación social", "value": 2}, {"source": 388, "target": "ganancia", "value": 2}, {"source": 388, "target": "ecualizadores", "value": 2}, {"source": 388, "target": "estandarización", "value": 2}, {"source": 388, "target": "normas", "value": 2}, {"source": 388, "target": "government", "value": 2}, {"source": 388, "target": "organismos", "value": 2}, {"source": 388, "target": "occupational therapy", "value": 2}, {"source": "1ee66727-e344-4086-919c-26ad9d12ccb0", "target": 513, "value": 1}, {"source": 513, "target": "ocupaciones", "value": 4}, {"source": 513, "target": "terapia ocupacional", "value": 2}, {"source": 513, "target": "socialismo", "value": 2}, {"source": 513, "target": "socialización", "value": 2}, {"source": 513, "target": "conocimiento", "value": 2}, {"source": 513, "target": "tiempo", "value": 2}, {"source": 513, "target": "investigación", "value": 2}, {"source": 513, "target": "cultura", "value": 2}, {"source": 513, "target": "mujeres", "value": 2}, {"source": 513, "target": "individualidad", "value": 1}, {"source": 513, "target": "individualismo", "value": 1}, {"source": 513, "target": "aprendizaje", "value": 1}, {"source": 513, "target": "colección", "value": 1}, {"source": 513, "target": "sentido", "value": 1}, {"source": 513, "target": "espacio", "value": 1}, {"source": 513, "target": "consejo indígena", "value": 1}, {"source": 513, "target": "comunicación", "value": 1}, {"source": 513, "target": "comunismo", "value": 1}, {"source": 513, "target": "adopción", "value": 1}, {"source": 513, "target": "economía", "value": 1}, {"source": 513, "target": "hombres", "value": 1}, {"source": 513, "target": "contabilidad", "value": 1}, {"source": 513, "target": "entrevista", "value": 1}, {"source": 513, "target": "discurso", "value": 1}, {"source": 513, "target": "denominaciones geográficas", "value": 1}, {"source": "1ee66727-e344-4086-919c-26ad9d12ccb0", "target": 614, "value": 1}, {"source": 614, "target": "ocupaciones", "value": 28}, {"source": 614, "target": "terapia ocupacional", "value": 22}, {"source": 614, "target": "socialismo", "value": 14}, {"source": 614, "target": "socialización", "value": 13}, {"source": 614, "target": "educación", "value": 12}, {"source": 614, "target": "métodos", "value": 12}, {"source": 614, "target": "críticas", "value": 10}, {"source": 614, "target": "rol", "value": 10}, {"source": 614, "target": "materiales", "value": 10}, {"source": 614, "target": "occupational therapy", "value": 9}, {"source": 614, "target": "programación", "value": 9}, {"source": 614, "target": "colombia", "value": 9}, {"source": 614, "target": "sincronización", "value": 8}, {"source": 614, "target": "estudiantes", "value": 8}, {"source": 614, "target": "programa", "value": 8}, {"source": 614, "target": "revisión", "value": 7}, {"source": 614, "target": "herramientas", "value": 7}, {"source": 614, "target": "investigación", "value": 7}, {"source": 614, "target": "aprendizaje", "value": 7}, {"source": 614, "target": "formación", "value": 7}, {"source": 614, "target": "cognición", "value": 7}, {"source": 614, "target": "literatura", "value": 6}, {"source": 614, "target": "hijo único", "value": 6}, {"source": 614, "target": "terapeutas ocupacionales", "value": 6}, {"source": 614, "target": "pacientes", "value": 6}, {"source": 614, "target": "ambiente", "value": 6}, {"source": 614, "target": "comunicación", "value": 6}, {"source": 614, "target": "organismos", "value": 6}, {"source": 614, "target": "tiempo", "value": 6}, {"source": 614, "target": "organizaciones", "value": 6}, {"source": "1ee66727-e344-4086-919c-26ad9d12ccb0", "target": 629, "value": 1}, {"source": 629, "target": "ocupaciones", "value": 29}, {"source": 629, "target": "terapia ocupacional", "value": 24}, {"source": 629, "target": "socialismo", "value": 16}, {"source": 629, "target": "socialización", "value": 15}, {"source": 629, "target": "colombia", "value": 12}, {"source": 629, "target": "trabajo", "value": 10}, {"source": 629, "target": "occupational therapy", "value": 9}, {"source": 629, "target": "programación", "value": 9}, {"source": 629, "target": "formación", "value": 9}, {"source": 629, "target": "salud", "value": 8}, {"source": 629, "target": "materiales", "value": 8}, {"source": 629, "target": "estudiantes", "value": 8}, {"source": 629, "target": "métodos", "value": 8}, {"source": 629, "target": "ambiente", "value": 8}, {"source": 629, "target": "críticas", "value": 7}, {"source": 629, "target": "población", "value": 7}, {"source": 629, "target": "investigación", "value": 7}, {"source": 629, "target": "personalidad", "value": 7}, {"source": 629, "target": "sistemática", "value": 6}, {"source": 629, "target": "terapeutas ocupacionales", "value": 6}, {"source": 629, "target": "programa", "value": 6}, {"source": 629, "target": "comunicación", "value": 6}, {"source": 629, "target": "comunismo", "value": 6}, {"source": 629, "target": "literatura", "value": 5}, {"source": 629, "target": "brazo", "value": 5}, {"source": 629, "target": "conflictos armados", "value": 5}, {"source": 629, "target": "aprendizaje", "value": 5}, {"source": 629, "target": "pacientes", "value": 5}, {"source": 629, "target": "logro", "value": 5}, {"source": 629, "target": "publicaciones", "value": 5}, {"source": "1ee66727-e344-4086-919c-26ad9d12ccb0", "target": 631, "value": 1}, {"source": 631, "target": "socialismo", "value": 3}, {"source": 631, "target": "socialización", "value": 3}, {"source": 631, "target": "ambiente", "value": 3}, {"source": 631, "target": "población", "value": 2}, {"source": 631, "target": "ocupaciones", "value": 2}, {"source": 631, "target": "universidades", "value": 2}, {"source": 631, "target": "logro", "value": 2}, {"source": 631, "target": "individualidad", "value": 2}, {"source": 631, "target": "individualismo", "value": 2}, {"source": 631, "target": "trabajo", "value": 1}, {"source": 631, "target": "libertad", "value": 1}, {"source": 631, "target": "sociedades", "value": 1}, {"source": 631, "target": "pensamiento", "value": 1}, {"source": 631, "target": "colección", "value": 1}, {"source": 631, "target": "terapia ocupacional", "value": 1}, {"source": 631, "target": "investigación", "value": 1}, {"source": 631, "target": "automanejo", "value": 1}, {"source": 631, "target": "riesgo", "value": 1}, {"source": 631, "target": "mapa", "value": 1}, {"source": 631, "target": "colombia", "value": 1}, {"source": 631, "target": "té", "value": 1}, {"source": 631, "target": "familia", "value": 1}, {"source": 631, "target": "aprendizaje", "value": 1}, {"source": 631, "target": "publicaciones", "value": 1}, {"source": 631, "target": "comunicación", "value": 1}, {"source": 631, "target": "trastorno del espectro autista", "value": 1}, {"source": 631, "target": "comunismo", "value": 1}, {"source": 631, "target": "participación social", "value": 1}, {"source": 631, "target": "privatización", "value": 1}, {"source": 631, "target": "transformación", "value": 1}, {"source": "1ee66727-e344-4086-919c-26ad9d12ccb0", "target": 751, "value": 1}, {"source": 751, "target": "salud", "value": 3}, {"source": 751, "target": "socialismo", "value": 3}, {"source": 751, "target": "socialización", "value": 3}, {"source": 751, "target": "organismos", "value": 2}, {"source": 751, "target": "organizaciones", "value": 2}, {"source": 751, "target": "políticas", "value": 2}, {"source": 751, "target": "comprensión", "value": 2}, {"source": 751, "target": "colombia", "value": 2}, {"source": 751, "target": "política pública", "value": 2}, {"source": 751, "target": "discapacidad", "value": 2}, {"source": 751, "target": "rehabilitación", "value": 2}, {"source": 751, "target": "invalidez", "value": 2}, {"source": 751, "target": "conductividad", "value": 2}, {"source": 751, "target": "personalidad", "value": 2}, {"source": 751, "target": "educación", "value": 2}, {"source": 751, "target": "ocupaciones", "value": 2}, {"source": 751, "target": "instituciones académicas", "value": 2}, {"source": 751, "target": "física", "value": 2}, {"source": 751, "target": "lógica", "value": 1}, {"source": 751, "target": "afecto", "value": 1}, {"source": 751, "target": "accesibilidad a los servicios de salud", "value": 1}, {"source": 751, "target": "formulación de políticas", "value": 1}, {"source": 751, "target": "modelado", "value": 1}, {"source": 751, "target": "entrevistas", "value": 1}, {"source": 751, "target": "generadores", "value": 1}, {"source": 751, "target": "grupos focales", "value": 1}, {"source": 751, "target": "malla de especialidad de fisioterapia", "value": 1}, {"source": 751, "target": "malla especializada en terapia física", "value": 1}, {"source": 751, "target": "administración", "value": 1}, {"source": 751, "target": "percepción", "value": 1}, {"source": "1ee66727-e344-4086-919c-26ad9d12ccb0", "target": 788, "value": 1}, {"source": 788, "target": "tecnología", "value": 1}, {"source": 788, "target": "educación", "value": 1}, {"source": 788, "target": "población", "value": 1}, {"source": 788, "target": "personalidad", "value": 1}, {"source": 788, "target": "voz", "value": 1}, {"source": 788, "target": "investigación", "value": 1}, {"source": 788, "target": "personas", "value": 1}, {"source": 788, "target": "gente sordociega", "value": 1}, {"source": 788, "target": "labor", "value": 1}, {"source": 788, "target": "entornos capacitados incapacitantes", "value": 1}, {"source": 788, "target": "modelo relacional", "value": 1}, {"source": 788, "target": "proyección", "value": 1}, {"source": 788, "target": "afecto", "value": 1}, {"source": 788, "target": "carácter", "value": 1}, {"source": 788, "target": "ambiente", "value": 1}, {"source": 788, "target": "empleo", "value": 1}, {"source": 788, "target": "cara", "value": 1}, {"source": 788, "target": "formiatos", "value": 1}, {"source": 788, "target": "registros", "value": 1}, {"source": 788, "target": "aprendizaje", "value": 1}, {"source": 788, "target": "asociación", "value": 1}, {"source": "1ee66727-e344-4086-919c-26ad9d12ccb0", "target": 851, "value": 1}, {"source": 851, "target": "humanos", "value": 1}, {"source": 851, "target": "luz", "value": 1}, {"source": 851, "target": "humanidades", "value": 1}, {"source": 851, "target": "humanismo", "value": 1}, {"source": 851, "target": "ocupaciones", "value": 1}, {"source": 851, "target": "iluminación", "value": 1}, {"source": "1ee66727-e344-4086-919c-26ad9d12ccb0", "target": 863, "value": 1}, {"source": 863, "target": "ocupaciones", "value": 12}, {"source": 863, "target": "terapia ocupacional", "value": 7}, {"source": 863, "target": "rehabilitación", "value": 3}, {"source": 863, "target": "socialismo", "value": 2}, {"source": 863, "target": "socialización", "value": 2}, {"source": 863, "target": "programa", "value": 2}, {"source": 863, "target": "métodos", "value": 1}, {"source": 863, "target": "comunicación", "value": 1}, {"source": 863, "target": "eficiencia", "value": 1}, {"source": 863, "target": "comunismo", "value": 1}, {"source": 863, "target": "ciencia", "value": 1}, {"source": 863, "target": "tecnología", "value": 1}, {"source": 863, "target": "humanos", "value": 1}, {"source": 863, "target": "humanidades", "value": 1}, {"source": 863, "target": "humanismo", "value": 1}, {"source": 863, "target": "trabajo", "value": 1}, {"source": 863, "target": "profesionalismo", "value": 1}, {"source": 863, "target": "salud", "value": 1}, {"source": 863, "target": "publicaciones", "value": 1}, {"source": 863, "target": "ética", "value": 1}, {"source": 863, "target": "terapeutas ocupacionales", "value": 1}, {"source": 863, "target": "asociación", "value": 1}, {"source": 863, "target": "editorial", "value": 1}, {"source": 863, "target": "educación", "value": 1}, {"source": 863, "target": "conocimiento", "value": 1}, {"source": 863, "target": "colombia", "value": 1}, {"source": "1ee66727-e344-4086-919c-26ad9d12ccb0", "target": 3113, "value": 1}, {"source": "1ee66727-e344-4086-919c-26ad9d12ccb0", "target": 3116, "value": 1}, {"source": "1ee66727-e344-4086-919c-26ad9d12ccb0", "target": 3120, "value": 1}, {"source": "1ee66727-e344-4086-919c-26ad9d12ccb0", "target": 3121, "value": 1}, {"source": "1ee66727-e344-4086-919c-26ad9d12ccb0", "target": 3146, "value": 1}, {"source": "1ee66727-e344-4086-919c-26ad9d12ccb0", "target": 3226, "value": 1}, {"source": "1ee66727-e344-4086-919c-26ad9d12ccb0", "target": 3241, "value": 1}], "options": [{"label": "Estado inicial", "value": "Departamento de Ocupación Humana", "group": "00. Opciones predeterminadas"}, {"label": "Alvarez De Bello Laura Elisa", "value": "Alvarez De Bello Laura Elisa", "group": "02. Opciones de autor"}, {"label": "Arango Soler Juan Manuel", "value": "Arango Soler Juan Manuel", "group": "02. Opciones de autor"}, {"label": "Araque Jaramillo Sandra Milena", "value": "Araque Jaramillo Sandra Milena", "group": "02. Opciones de autor"}, {"label": "Carrizosa Ferrer Lucy Del Socorro", "value": "Carrizosa Ferrer Lucy Del Socorro", "group": "02. Opciones de autor"}, {"label": "Duarte Torres Silvia Cristina", "value": "Duarte Torres Silvia Cristina", "group": "02. Opciones de autor"}, {"label": "Díaz Cubillos Nohora Stella", "value": "Díaz Cubillos Nohora Stella", "group": "02. Opciones de autor"}, {"label": "Fernández Moreno Carmen Aleida", "value": "Fernández Moreno Carmen Aleida", "group": "02. Opciones de autor"}, {"label": "Galvis López Gladys", "value": "Galvis López Gladys", "group": "02. Opciones de autor"}, {"label": "Grimaldo Giraldo Emma", "value": "Grimaldo Giraldo Emma", "group": "02. Opciones de autor"}, {"label": "Guzmán Suárez Olga Beatriz", "value": "Guzmán Suárez Olga Beatriz", "group": "02. Opciones de autor"}, {"label": "Gómez Galindo Ana María", "value": "Gómez Galindo Ana María", "group": "02. Opciones de autor"}, {"label": "Jimenez Moreno Nidya Alejandra", "value": "Jimenez Moreno Nidya Alejandra", "group": "02. Opciones de autor"}, {"label": "Laserna Gutierrez Ana Del Rosario", "value": "Laserna Gutierrez Ana Del Rosario", "group": "02. Opciones de autor"}, {"label": "Luna Novoa Ingrid Ayrin", "value": "Luna Novoa Ingrid Ayrin", "group": "02. Opciones de autor"}, {"label": "Méndez Montaño Jeannette Amanda", "value": "Méndez Montaño Jeannette Amanda", "group": "02. Opciones de autor"}, {"label": "Parra Esquivel Eliana Isabel", "value": "Parra Esquivel Eliana Isabel", "group": "02. Opciones de autor"}, {"label": "Peñas Felizzola Olga Luz", "value": "Peñas Felizzola Olga Luz", "group": "02. Opciones de autor"}, {"label": "Pérez Acevedo Lida Otilia", "value": "Pérez Acevedo Lida Otilia", "group": "02. Opciones de autor"}, {"label": "Rojas Castillo Claudia Patricia", "value": "Rojas Castillo Claudia Patricia", "group": "02. Opciones de autor"}, {"label": "Sanabria Camacho Leyla Hasbleidy", "value": "Sanabria Camacho Leyla Hasbleidy", "group": "02. Opciones de autor"}, {"label": "Torres Carvajal Martha Lucia", "value": "Torres Carvajal Martha Lucia", "group": "02. Opciones de autor"}, {"label": "Trujillo Rojas María Alicia", "value": "Trujillo Rojas María Alicia", "group": "02. Opciones de autor"}, {"label": "Urrea Uyaban Maria Victoria", "value": "Urrea Uyaban Maria Victoria", "group": "02. Opciones de autor"}, {"label": "Zapata Gomez Maria Victoria", "value": "Zapata Gomez Maria Victoria", "group": "02. Opciones de autor"}, {"label": "Departamento de Ocupación Humana", "value": "Departamento de Ocupación Humana", "group": "02. Opciones de uab"}, {"label": "accesibilidad a los servicios de salud", "value": "accesibilidad a los servicios de salud", "group": "03. Opciones de temas"}, {"label": "administración", "value": "administración", "group": "03. Opciones de temas"}, {"label": "adopción", "value": "adopción", "group": "03. Opciones de temas"}, {"label": "adulto", "value": "adulto", "group": "03. Opciones de temas"}, {"label": "afecto", "value": "afecto", "group": "03. Opciones de temas"}, {"label": "ambiente", "value": "ambiente", "group": "03. Opciones de temas"}, {"label": "aprendizaje", "value": "aprendizaje", "group": "03. Opciones de temas"}, {"label": "argentina", "value": "argentina", "group": "03. Opciones de temas"}, {"label": "asociación", "value": "asociación", "group": "03. Opciones de temas"}, {"label": "atención plena", "value": "atención plena", "group": "03. Opciones de temas"}, {"label": "automanejo", "value": "automanejo", "group": "03. Opciones de temas"}, {"label": "bibliotecas", "value": "bibliotecas", "group": "03. Opciones de temas"}, {"label": "brazo", "value": "brazo", "group": "03. Opciones de temas"}, {"label": "calidad de vida", "value": "calidad de vida", "group": "03. Opciones de temas"}, {"label": "cara", "value": "cara", "group": "03. Opciones de temas"}, {"label": "carácter", "value": "carácter", "group": "03. Opciones de temas"}, {"label": "certificación", "value": "certificación", "group": "03. Opciones de temas"}, {"label": "chile", "value": "chile", "group": "03. Opciones de temas"}, {"label": "ciencia", "value": "ciencia", "group": "03. Opciones de temas"}, {"label": "ciudades", "value": "ciudades", "group": "03. Opciones de temas"}, {"label": "cognición", "value": "cognición", "group": "03. Opciones de temas"}, {"label": "colección", "value": "colección", "group": "03. Opciones de temas"}, {"label": "colombia", "value": "colombia", "group": "03. Opciones de temas"}, {"label": "comprensión", "value": "comprensión", "group": "03. Opciones de temas"}, {"label": "comunicación", "value": "comunicación", "group": "03. Opciones de temas"}, {"label": "comunismo", "value": "comunismo", "group": "03. Opciones de temas"}, {"label": "conductividad", "value": "conductividad", "group": "03. Opciones de temas"}, {"label": "conflictos armados", "value": "conflictos armados", "group": "03. Opciones de temas"}, {"label": "conocimiento", "value": "conocimiento", "group": "03. Opciones de temas"}, {"label": "conocimiento administrativo", "value": "conocimiento administrativo", "group": "03. Opciones de temas"}, {"label": "consejo indígena", "value": "consejo indígena", "group": "03. Opciones de temas"}, {"label": "contabilidad", "value": "contabilidad", "group": "03. Opciones de temas"}, {"label": "críticas", "value": "críticas", "group": "03. Opciones de temas"}, {"label": "cuidadores", "value": "cuidadores", "group": "03. Opciones de temas"}, {"label": "cultura", "value": "cultura", "group": "03. Opciones de temas"}, {"label": "current", "value": "current", "group": "03. Opciones de temas"}, {"label": "denominaciones geográficas", "value": "denominaciones geográficas", "group": "03. Opciones de temas"}, {"label": "derechos humanos", "value": "derechos humanos", "group": "03. Opciones de temas"}, {"label": "dinámica", "value": "dinámica", "group": "03. Opciones de temas"}, {"label": "discapacidad", "value": "discapacidad", "group": "03. Opciones de temas"}, {"label": "discurso", "value": "discurso", "group": "03. Opciones de temas"}, {"label": "economía", "value": "economía", "group": "03. Opciones de temas"}, {"label": "ecualizadores", "value": "ecualizadores", "group": "03. Opciones de temas"}, {"label": "editorial", "value": "editorial", "group": "03. Opciones de temas"}, {"label": "educación", "value": "educación", "group": "03. Opciones de temas"}, {"label": "eficiencia", "value": "eficiencia", "group": "03. Opciones de temas"}, {"label": "empleo", "value": "empleo", "group": "03. Opciones de temas"}, {"label": "enfermedad", "value": "enfermedad", "group": "03. Opciones de temas"}, {"label": "enfermedad crónica", "value": "enfermedad crónica", "group": "03. Opciones de temas"}, {"label": "enfermedad de alzheimer", "value": "enfermedad de alzheimer", "group": "03. Opciones de temas"}, {"label": "enfermedades", "value": "enfermedades", "group": "03. Opciones de temas"}, {"label": "enseñanza", "value": "enseñanza", "group": "03. Opciones de temas"}, {"label": "entornos capacitados incapacitantes", "value": "entornos capacitados incapacitantes", "group": "03. Opciones de temas"}, {"label": "entrevista", "value": "entrevista", "group": "03. Opciones de temas"}, {"label": "entrevistas", "value": "entrevistas", "group": "03. Opciones de temas"}, {"label": "envejecimiento", "value": "envejecimiento", "group": "03. Opciones de temas"}, {"label": "ergonomía", "value": "ergonomía", "group": "03. Opciones de temas"}, {"label": "espacio", "value": "espacio", "group": "03. Opciones de temas"}, {"label": "estandarización", "value": "estandarización", "group": "03. Opciones de temas"}, {"label": "estudiantes", "value": "estudiantes", "group": "03. Opciones de temas"}, {"label": "familia", "value": "familia", "group": "03. Opciones de temas"}, {"label": "formación", "value": "formación", "group": "03. Opciones de temas"}, {"label": "formiatos", "value": "formiatos", "group": "03. Opciones de temas"}, {"label": "formulación de políticas", "value": "formulación de políticas", "group": "03. Opciones de temas"}, {"label": "física", "value": "física", "group": "03. Opciones de temas"}, {"label": "ganancia", "value": "ganancia", "group": "03. Opciones de temas"}, {"label": "generadores", "value": "generadores", "group": "03. Opciones de temas"}, {"label": "gente sordociega", "value": "gente sordociega", "group": "03. Opciones de temas"}, {"label": "gobierno", "value": "gobierno", "group": "03. Opciones de temas"}, {"label": "government", "value": "government", "group": "03. Opciones de temas"}, {"label": "grupos focales", "value": "grupos focales", "group": "03. Opciones de temas"}, {"label": "guerra", "value": "guerra", "group": "03. Opciones de temas"}, {"label": "guía", "value": "guía", "group": "03. Opciones de temas"}, {"label": "guía de práctica clínica", "value": "guía de práctica clínica", "group": "03. Opciones de temas"}, {"label": "herramientas", "value": "herramientas", "group": "03. Opciones de temas"}, {"label": "hijo único", "value": "hijo único", "group": "03. Opciones de temas"}, {"label": "hombres", "value": "hombres", "group": "03. Opciones de temas"}, {"label": "humanidades", "value": "humanidades", "group": "03. Opciones de temas"}, {"label": "humanismo", "value": "humanismo", "group": "03. Opciones de temas"}, {"label": "humanos", "value": "humanos", "group": "03. Opciones de temas"}, {"label": "idioma", "value": "idioma", "group": "03. Opciones de temas"}, {"label": "iluminación", "value": "iluminación", "group": "03. Opciones de temas"}, {"label": "individualidad", "value": "individualidad", "group": "03. Opciones de temas"}, {"label": "individualismo", "value": "individualismo", "group": "03. Opciones de temas"}, {"label": "instituciones académicas", "value": "instituciones académicas", "group": "03. Opciones de temas"}, {"label": "invalidez", "value": "invalidez", "group": "03. Opciones de temas"}, {"label": "investigación", "value": "investigación", "group": "03. Opciones de temas"}, {"label": "juicio", "value": "juicio", "group": "03. Opciones de temas"}, {"label": "labor", "value": "labor", "group": "03. Opciones de temas"}, {"label": "languagevision", "value": "languagevision", "group": "03. Opciones de temas"}, {"label": "lenguaje", "value": "lenguaje", "group": "03. Opciones de temas"}, {"label": "libertad", "value": "libertad", "group": "03. Opciones de temas"}, {"label": "lingüística", "value": "lingüística", "group": "03. Opciones de temas"}, {"label": "literatura", "value": "literatura", "group": "03. Opciones de temas"}, {"label": "logro", "value": "logro", "group": "03. Opciones de temas"}, {"label": "luz", "value": "luz", "group": "03. Opciones de temas"}, {"label": "lógica", "value": "lógica", "group": "03. Opciones de temas"}, {"label": "malla de especialidad de fisioterapia", "value": "malla de especialidad de fisioterapia", "group": "03. Opciones de temas"}, {"label": "malla especializada en terapia física", "value": "malla especializada en terapia física", "group": "03. Opciones de temas"}, {"label": "mano", "value": "mano", "group": "03. Opciones de temas"}, {"label": "mapa", "value": "mapa", "group": "03. Opciones de temas"}, {"label": "materiales", "value": "materiales", "group": "03. Opciones de temas"}, {"label": "memoria", "value": "memoria", "group": "03. Opciones de temas"}, {"label": "modelado", "value": "modelado", "group": "03. Opciones de temas"}, {"label": "modelo relacional", "value": "modelo relacional", "group": "03. Opciones de temas"}, {"label": "movimientos oculares", "value": "movimientos oculares", "group": "03. Opciones de temas"}, {"label": "mujeres", "value": "mujeres", "group": "03. Opciones de temas"}, {"label": "métodos", "value": "métodos", "group": "03. Opciones de temas"}, {"label": "niño", "value": "niño", "group": "03. Opciones de temas"}, {"label": "normas", "value": "normas", "group": "03. Opciones de temas"}, {"label": "occupational therapy", "value": "occupational therapy", "group": "03. Opciones de temas"}, {"label": "ocupaciones", "value": "ocupaciones", "group": "03. Opciones de temas"}, {"label": "organismos", "value": "organismos", "group": "03. Opciones de temas"}, {"label": "organizaciones", "value": "organizaciones", "group": "03. Opciones de temas"}, {"label": "pacientes", "value": "pacientes", "group": "03. Opciones de temas"}, {"label": "participación social", "value": "participación social", "group": "03. Opciones de temas"}, {"label": "pensamiento", "value": "pensamiento", "group": "03. Opciones de temas"}, {"label": "percepción", "value": "percepción", "group": "03. Opciones de temas"}, {"label": "personalidad", "value": "personalidad", "group": "03. Opciones de temas"}, {"label": "personas", "value": "personas", "group": "03. Opciones de temas"}, {"label": "personas con discapacidad", "value": "personas con discapacidad", "group": "03. Opciones de temas"}, {"label": "personas discapacitadas", "value": "personas discapacitadas", "group": "03. Opciones de temas"}, {"label": "población", "value": "población", "group": "03. Opciones de temas"}, {"label": "política", "value": "política", "group": "03. Opciones de temas"}, {"label": "política pública", "value": "política pública", "group": "03. Opciones de temas"}, {"label": "políticas", "value": "políticas", "group": "03. Opciones de temas"}, {"label": "privatización", "value": "privatización", "group": "03. Opciones de temas"}, {"label": "profesionalismo", "value": "profesionalismo", "group": "03. Opciones de temas"}, {"label": "programa", "value": "programa", "group": "03. Opciones de temas"}, {"label": "programación", "value": "programación", "group": "03. Opciones de temas"}, {"label": "proyección", "value": "proyección", "group": "03. Opciones de temas"}, {"label": "psicología", "value": "psicología", "group": "03. Opciones de temas"}, {"label": "publicaciones", "value": "publicaciones", "group": "03. Opciones de temas"}, {"label": "rastreador de ojos", "value": "rastreador de ojos", "group": "03. Opciones de temas"}, {"label": "registros", "value": "registros", "group": "03. Opciones de temas"}, {"label": "rehabilitación", "value": "rehabilitación", "group": "03. Opciones de temas"}, {"label": "respeto", "value": "respeto", "group": "03. Opciones de temas"}, {"label": "revisión", "value": "revisión", "group": "03. Opciones de temas"}, {"label": "riesgo", "value": "riesgo", "group": "03. Opciones de temas"}, {"label": "rol", "value": "rol", "group": "03. Opciones de temas"}, {"label": "salud", "value": "salud", "group": "03. Opciones de temas"}, {"label": "salud laboral", "value": "salud laboral", "group": "03. Opciones de temas"}, {"label": "salud mental", "value": "salud mental", "group": "03. Opciones de temas"}, {"label": "salud ocupacional", "value": "salud ocupacional", "group": "03. Opciones de temas"}, {"label": "seguridad", "value": "seguridad", "group": "03. Opciones de temas"}, {"label": "seguridad del paciente", "value": "seguridad del paciente", "group": "03. Opciones de temas"}, {"label": "sentido", "value": "sentido", "group": "03. Opciones de temas"}, {"label": "sincronización", "value": "sincronización", "group": "03. Opciones de temas"}, {"label": "sistemática", "value": "sistemática", "group": "03. Opciones de temas"}, {"label": "socialismo", "value": "socialismo", "group": "03. Opciones de temas"}, {"label": "socialización", "value": "socialización", "group": "03. Opciones de temas"}, {"label": "sociedades", "value": "sociedades", "group": "03. Opciones de temas"}, {"label": "tecnología", "value": "tecnología", "group": "03. Opciones de temas"}, {"label": "terapeutas ocupacionales", "value": "terapeutas ocupacionales", "group": "03. Opciones de temas"}, {"label": "terapia ocupacional", "value": "terapia ocupacional", "group": "03. Opciones de temas"}, {"label": "tiempo", "value": "tiempo", "group": "03. Opciones de temas"}, {"label": "trabajo", "value": "trabajo", "group": "03. Opciones de temas"}, {"label": "transformación", "value": "transformación", "group": "03. Opciones de temas"}, {"label": "trastorno del espectro autista", "value": "trastorno del espectro autista", "group": "03. Opciones de temas"}, {"label": "té", "value": "té", "group": "03. Opciones de temas"}, {"label": "unidades de cuidados intensivos", "value": "unidades de cuidados intensivos", "group": "03. Opciones de temas"}, {"label": "universidades", "value": "universidades", "group": "03. Opciones de temas"}, {"label": "uruguay", "value": "uruguay", "group": "03. Opciones de temas"}, {"label": "vida", "value": "vida", "group": "03. Opciones de temas"}, {"label": "violencia", "value": "violencia", "group": "03. Opciones de temas"}, {"label": "visualización", "value": "visualización", "group": "03. Opciones de temas"}, {"label": "voz", "value": "voz", "group": "03. Opciones de temas"}, {"label": "ética", "value": "ética", "group": "03. Opciones de temas"}]}