{"nodes": [{"id": "105371f4-bff0-45cb-8444-fc98b81875d4", "label": "Departamento de Ingeniería de la Organización", "type": "uab"}, {"id": 1279, "label": "Alvarez Benitez Andres Felipe", "type": "author"}, {"id": "transporte", "label": "transporte", "type": "topic"}, {"id": "documentación", "label": "documentación", "type": "topic"}, {"id": "logística", "label": "logística", "type": "topic"}, {"id": "manuales", "label": "manuales", "type": "topic"}, {"id": "enrutamiento", "label": "enrutamiento", "type": "topic"}, {"id": "algoritmos genéticos", "label": "algoritmos genéticos", "type": "topic"}, {"id": "enrutamiento de vehículos", "label": "enrutamiento de vehículos", "type": "topic"}, {"id": "meméficos", "label": "meméficos", "type": "topic"}, {"id": "genética", "label": "genética", "type": "topic"}, {"id": "vehículos", "label": "vehículos", "type": "topic"}, {"id": "almacenamiento", "label": "almacenamiento", "type": "topic"}, {"id": "algoritmos", "label": "algoritmos", "type": "topic"}, {"id": "satélites", "label": "satélites", "type": "topic"}, {"id": "capacitación", "label": "capacitación", "type": "topic"}, {"id": "prototipos", "label": "prototipos", "type": "topic"}, {"id": "sistemas de información", "label": "sistemas de información", "type": "topic"}, {"id": "producción", "label": "producción", "type": "topic"}, {"id": "productividad", "label": "productividad", "type": "topic"}, {"id": "negocio", "label": "negocio", "type": "topic"}, {"id": "arquitectura", "label": "arquitectura", "type": "topic"}, {"id": "reguladores", "label": "reguladores", "type": "topic"}, {"id": "dinámica", "label": "dinámica", "type": "topic"}, {"id": "modelado", "label": "modelado", "type": "topic"}, {"id": "transporte terrestre", "label": "transporte terrestre", "type": "topic"}, {"id": "vigilancia", "label": "vigilancia", "type": "topic"}, {"id": "simulación", "label": "simulación", "type": "topic"}, {"id": "generadores", "label": "generadores", "type": "topic"}, {"id": "matemáticas", "label": "matemáticas", "type": "topic"}, {"id": 1285, "label": "Arango Arango Monica Andrea", "type": "author"}, {"id": "electricidad", "label": "electricidad", "type": "topic"}, {"id": "aplicadores", "label": "aplicadores", "type": "topic"}, {"id": "energía", "label": "energía", "type": "topic"}, {"id": "estimacion", "label": "estimacion", "type": "topic"}, {"id": "incertidumbre", "label": "incertidumbre", "type": "topic"}, {"id": "econometría", "label": "econometría", "type": "topic"}, {"id": "pronóstico", "label": "pronóstico", "type": "topic"}, {"id": "contexto", "label": "contexto", "type": "topic"}, {"id": "aditivos", "label": "aditivos", "type": "topic"}, {"id": "combustibles", "label": "combustibles", "type": "topic"}, {"id": "herramientas", "label": "herramientas", "type": "topic"}, {"id": "mejoramiento", "label": "mejoramiento", "type": "topic"}, {"id": "rentabilidad", "label": "rentabilidad", "type": "topic"}, {"id": "portafolios", "label": "portafolios", "type": "topic"}, {"id": "oro", "label": "oro", "type": "topic"}, {"id": "costos", "label": "costos", "type": "topic"}, {"id": "aceites", "label": "aceites", "type": "topic"}, {"id": "generación de energía", "label": "generación de energía", "type": "topic"}, {"id": "transformaciones", "label": "transformaciones", "type": "topic"}, {"id": "transformadores", "label": "transformadores", "type": "topic"}, {"id": "medios de comunicación", "label": "medios de comunicación", "type": "topic"}, {"id": "globalización", "label": "globalización", "type": "topic"}, {"id": "precio de precios de electricidad", "label": "precio de precios de electricidad", "type": "topic"}, {"id": "modelos econométricos", "label": "modelos econométricos", "type": "topic"}, {"id": 1286, "label": "Arango Muñoz Diego German", "type": "author"}, {"id": "industrias", "label": "industrias", "type": "topic"}, {"id": "sólidos", "label": "sólidos", "type": "topic"}, {"id": "etanol", "label": "etanol", "type": "topic"}, {"id": "contenedores", "label": "contenedores", "type": "topic"}, {"id": "manipuladores", "label": "manipuladores", "type": "topic"}, {"id": 1287, "label": "Arango Serna Martin Dario", "type": "author"}, {"id": "administración", "label": "administración", "type": "topic"}, {"id": "compañías", "label": "compañías", "type": "topic"}, {"id": "tecnología", "label": "tecnología", "type": "topic"}, {"id": "medición", "label": "medición", "type": "topic"}, {"id": "momento", "label": "momento", "type": "topic"}, {"id": "planificación", "label": "planificación", "type": "topic"}, {"id": "software", "label": "software", "type": "topic"}, {"id": "organismos", "label": "organismos", "type": "topic"}, {"id": "organizaciones", "label": "organizaciones", "type": "topic"}, {"id": "colaboración", "label": "colaboración", "type": "topic"}, {"id": "actual", "label": "actual", "type": "topic"}, {"id": "programación", "label": "programación", "type": "topic"}, {"id": "comentarios", "label": "comentarios", "type": "topic"}, {"id": 1296, "label": "Bermudez Saldarriaga Nestor Raul", "type": "author"}, {"id": 1302, "label": "Botero Botero Sergio", "type": "author"}, {"id": "privatización", "label": "privatización", "type": "topic"}, {"id": "disponibilidad", "label": "disponibilidad", "type": "topic"}, {"id": "ciencias económicas", "label": "ciencias económicas", "type": "topic"}, {"id": "calculadoras", "label": "calculadoras", "type": "topic"}, {"id": "instrumentos", "label": "instrumentos", "type": "topic"}, {"id": "motores", "label": "motores", "type": "topic"}, {"id": "autorización", "label": "autorización", "type": "topic"}, {"id": 1319, "label": "Correa Espinal Alexander Alberto", "type": "author"}, {"id": "materiales", "label": "materiales", "type": "topic"}, {"id": "tecnología de las comunicaciones", "label": "tecnología de las comunicaciones", "type": "topic"}, {"id": "tecnología de la información y la comunicación", "label": "tecnología de la información y la comunicación", "type": "topic"}, {"id": "secuencias", "label": "secuencias", "type": "topic"}, {"id": "minimización", "label": "minimización", "type": "topic"}, {"id": "arte", "label": "arte", "type": "topic"}, {"id": "diseño para experimentos", "label": "diseño para experimentos", "type": "topic"}, {"id": 1337, "label": "Garcia Montoya Carlos Andres", "type": "author"}, {"id": "pruebas", "label": "pruebas", "type": "topic"}, {"id": "distribución de poder", "label": "distribución de poder", "type": "topic"}, {"id": "ordenadores", "label": "ordenadores", "type": "topic"}, {"id": "calidad de servicio", "label": "calidad de servicio", "type": "topic"}, {"id": "interruptores", "label": "interruptores", "type": "topic"}, {"id": "frecuencia", "label": "frecuencia", "type": "topic"}, {"id": "optimización de pareto", "label": "optimización de pareto", "type": "topic"}, {"id": "alternadores", "label": "alternadores", "type": "topic"}, {"id": "mantenimiento", "label": "mantenimiento", "type": "topic"}, {"id": "índices", "label": "índices", "type": "topic"}, {"id": "indexación", "label": "indexación", "type": "topic"}, {"id": "sistemas de poder", "label": "sistemas de poder", "type": "topic"}, {"id": 1352, "label": "Guerra Zapata Ledy Cristina", "type": "author"}, {"id": "economías de escala", "label": "economías de escala", "type": "topic"}, {"id": "gobierno", "label": "gobierno", "type": "topic"}, {"id": "ley", "label": "ley", "type": "topic"}, {"id": "dosimetría", "label": "dosimetría", "type": "topic"}, {"id": 1355, "label": "Henao Patiño Beatriz Elena", "type": "author"}, {"id": 1360, "label": "Higuita Lopez Daimer", "type": "author"}, {"id": "construcción", "label": "construcción", "type": "topic"}, {"id": "entrevista", "label": "entrevista", "type": "topic"}, {"id": "conductividad", "label": "conductividad", "type": "topic"}, {"id": "gestión de la cultura", "label": "gestión de la cultura", "type": "topic"}, {"id": "bienes inmateriales", "label": "bienes inmateriales", "type": "topic"}, {"id": "cultura organizacional", "label": "cultura organizacional", "type": "topic"}, {"id": "bienes sociales", "label": "bienes sociales", "type": "topic"}, {"id": "proceso de investigación", "label": "proceso de investigación", "type": "topic"}, {"id": "habilidades", "label": "habilidades", "type": "topic"}, {"id": "grupo de investigacion", "label": "grupo de investigacion", "type": "topic"}, {"id": "base tecnológica", "label": "base tecnológica", "type": "topic"}, {"id": "liderazgo", "label": "liderazgo", "type": "topic"}, {"id": "diálogo", "label": "diálogo", "type": "topic"}, {"id": "gestión de recursos humanos", "label": "gestión de recursos humanos", "type": "topic"}, {"id": "gerencia humana", "label": "gerencia humana", "type": "topic"}, {"id": "administracion de recursos", "label": "administracion de recursos", "type": "topic"}, {"id": 1365, "label": "Jimenez Gomez Luis Miguel", "type": "author"}, {"id": "parques eólicos", "label": "parques eólicos", "type": "topic"}, {"id": "bibliometría", "label": "bibliometría", "type": "topic"}, {"id": "sistemas dinámicos", "label": "sistemas dinámicos", "type": "topic"}, {"id": "movimiento browniano", "label": "movimiento browniano", "type": "topic"}, {"id": "países en desarrollo", "label": "países en desarrollo", "type": "topic"}, {"id": "energía eólica", "label": "energía eólica", "type": "topic"}, {"id": "contratos", "label": "contratos", "type": "topic"}, {"id": 1377, "label": "Manotas Rodriguez Eva Cristina", "type": "author"}, {"id": "fiabilidad", "label": "fiabilidad", "type": "topic"}, {"id": "textiles", "label": "textiles", "type": "topic"}, {"id": "emprendimiento", "label": "emprendimiento", "type": "topic"}, {"id": "cambia", "label": "cambia", "type": "topic"}, {"id": "estadísticas", "label": "estadísticas", "type": "topic"}, {"id": "ruido", "label": "ruido", "type": "topic"}, {"id": "fabricación", "label": "fabricación", "type": "topic"}, {"id": "correladores", "label": "correladores", "type": "topic"}, {"id": "metodología de diseño", "label": "metodología de diseño", "type": "topic"}, {"id": "envejecimiento", "label": "envejecimiento", "type": "topic"}, {"id": "análisis de los datos", "label": "análisis de los datos", "type": "topic"}, {"id": "ganar", "label": "ganar", "type": "topic"}, {"id": "distribución de weibull", "label": "distribución de weibull", "type": "topic"}, {"id": "contaminación", "label": "contaminación", "type": "topic"}, {"id": "controlabilidad", "label": "controlabilidad", "type": "topic"}, {"id": 1379, "label": "Marquez Godoy Jose Ignacio", "type": "author"}, {"id": "observatorios", "label": "observatorios", "type": "topic"}, {"id": "hormigón", "label": "hormigón", "type": "topic"}, {"id": "reflectividad", "label": "reflectividad", "type": "topic"}, {"id": "educación", "label": "educación", "type": "topic"}, {"id": "la personalización en masa", "label": "la personalización en masa", "type": "topic"}, {"id": "prensado", "label": "prensado", "type": "topic"}, {"id": "conferencias", "label": "conferencias", "type": "topic"}, {"id": 1382, "label": "Marulanda Valencia Flor Angela", "type": "author"}, {"id": "historia", "label": "historia", "type": "topic"}, {"id": "periodismo", "label": "periodismo", "type": "topic"}, {"id": "psicología", "label": "psicología", "type": "topic"}, {"id": "bancario", "label": "bancario", "type": "topic"}, {"id": "dirigir", "label": "dirigir", "type": "topic"}, {"id": "historia de la educación", "label": "historia de la educación", "type": "topic"}, {"id": "historia de gestión", "label": "historia de gestión", "type": "topic"}, {"id": "gestión de la ingeniería", "label": "gestión de la ingeniería", "type": "topic"}, {"id": "pautas", "label": "pautas", "type": "topic"}, {"id": "hospitales", "label": "hospitales", "type": "topic"}, {"id": 1383, "label": "Maya Guerra Jose Ignacio", "type": "author"}, {"id": "electrones", "label": "electrones", "type": "topic"}, {"id": "instituciones educacionales", "label": "instituciones educacionales", "type": "topic"}, {"id": "programas educativos", "label": "programas educativos", "type": "topic"}, {"id": "sistemático", "label": "sistemático", "type": "topic"}, {"id": "reuniones", "label": "reuniones", "type": "topic"}, {"id": "física", "label": "física", "type": "topic"}, {"id": "fuerza", "label": "fuerza", "type": "topic"}, {"id": "escritura", "label": "escritura", "type": "topic"}, {"id": 1384, "label": "Medina Hurtado Santiago", "type": "author"}, {"id": "lógica", "label": "lógica", "type": "topic"}, {"id": "probabilidad", "label": "probabilidad", "type": "topic"}, {"id": "robustez", "label": "robustez", "type": "topic"}, {"id": "lógica difusa", "label": "lógica difusa", "type": "topic"}, {"id": "agregados", "label": "agregados", "type": "topic"}, {"id": "funciones de distribución", "label": "funciones de distribución", "type": "topic"}, {"id": 1396, "label": "Montoya Restrepo Luz Alexandra", "type": "author"}, {"id": "biología", "label": "biología", "type": "topic"}, {"id": "seguridad", "label": "seguridad", "type": "topic"}, {"id": "observadores", "label": "observadores", "type": "topic"}, {"id": "observabilidad", "label": "observabilidad", "type": "topic"}, {"id": 1416, "label": "Perez Ortega Giovanni", "type": "author"}, {"id": 1433, "label": "Rodriguez Velasquez Elkin", "type": "author"}, {"id": "horarios", "label": "horarios", "type": "topic"}, {"id": "mecanizado", "label": "mecanizado", "type": "topic"}, {"id": "la investigación de operaciones", "label": "la investigación de operaciones", "type": "topic"}, {"id": "trabajo crítico", "label": "trabajo crítico", "type": "topic"}, {"id": "dos fluido de la máquina", "label": "dos fluido de la máquina", "type": "topic"}, {"id": "maquinista", "label": "maquinista", "type": "topic"}, {"id": "eficiencia energética", "label": "eficiencia energética", "type": "topic"}, {"id": "tienda de flujo", "label": "tienda de flujo", "type": "topic"}, {"id": "optimización de objetivos multi", "label": "optimización de objetivos multi", "type": "topic"}, {"id": "ingeniería de sistemas", "label": "ingeniería de sistemas", "type": "topic"}, {"id": "programación de producción", "label": "programación de producción", "type": "topic"}, {"id": "ingeniería de economía", "label": "ingeniería de economía", "type": "topic"}, {"id": "gestión de la operación estratégica", "label": "gestión de la operación estratégica", "type": "topic"}, {"id": "taller de trabajo", "label": "taller de trabajo", "type": "topic"}, {"id": 1434, "label": "Rojas Lopez Miguel David", "type": "author"}, {"id": 1438, "label": "Ruiz Castañeda Walter Lugo", "type": "author"}, {"id": "limitante", "label": "limitante", "type": "topic"}, {"id": "modelado basado en agentes", "label": "modelado basado en agentes", "type": "topic"}, {"id": "edificios", "label": "edificios", "type": "topic"}, {"id": "publicación", "label": "publicación", "type": "topic"}, {"id": "agricultura", "label": "agricultura", "type": "topic"}, {"id": "transferencia tecnológica", "label": "transferencia tecnológica", "type": "topic"}, {"id": "aprendiendo", "label": "aprendiendo", "type": "topic"}, {"id": "modelado de sistemas", "label": "modelado de sistemas", "type": "topic"}, {"id": "fotografía", "label": "fotografía", "type": "topic"}, {"id": "innovación tecnológica", "label": "innovación tecnológica", "type": "topic"}, {"id": 1457, "label": "Uribe Estrada Jorge Hernan", "type": "author"}, {"id": 1465, "label": "Velez Gomez Luis Diego", "type": "author"}, {"id": "carbón", "label": "carbón", "type": "topic"}, {"id": "cambio climático", "label": "cambio climático", "type": "topic"}, {"id": "limpieza", "label": "limpieza", "type": "topic"}, {"id": "minerales", "label": "minerales", "type": "topic"}, {"id": "receptores", "label": "receptores", "type": "topic"}, {"id": "desarrollo sostenible", "label": "desarrollo sostenible", "type": "topic"}, {"id": "recursos hídricos", "label": "recursos hídricos", "type": "topic"}, {"id": "pequeño poder hidroeléctrico shp", "label": "pequeño poder hidroeléctrico shp", "type": "topic"}, {"id": 1468, "label": "Vera Acevedo Luz Dinora", "type": "author"}, {"id": "creatividad", "label": "creatividad", "type": "topic"}, {"id": "ecuaciones", "label": "ecuaciones", "type": "topic"}, {"id": "calentamiento global", "label": "calentamiento global", "type": "topic"}, {"id": "irresponsabilidad social corporativa", "label": "irresponsabilidad social corporativa", "type": "topic"}, {"id": "los consumidores perciben valores", "label": "los consumidores perciben valores", "type": "topic"}, {"id": "consumo responsable", "label": "consumo responsable", "type": "topic"}, {"id": "indignación moral", "label": "indignación moral", "type": "topic"}, {"id": "ecuaciones estructurales modelado sem", "label": "ecuaciones estructurales modelado sem", "type": "topic"}, {"id": "acceso abierto", "label": "acceso abierto", "type": "topic"}, {"id": "web 20", "label": "web 20", "type": "topic"}, {"id": 2918, "label": "Lotero Botero Jorge Enrique", "type": "author"}, {"id": 2934, "label": "Alvarez Bermudez William De Jesus", "type": "author"}, {"id": 2936, "label": "Puerta Restrepo Fernando Ernesto", "type": "author"}, {"id": 2951, "label": "Pulgarin Zapata Bernardo Antonio", "type": "author"}, {"id": 2955, "label": "Marin Marin Henry", "type": "author"}, {"id": 2989, "label": "Bedoya Valencia Leonardo", "type": "author"}, {"id": 3078, "label": "Peña Zapata Gloria Elena", "type": "author"}, {"id": 3095, "label": "Paris Angel Salome", "type": "author"}, {"id": 3096, "label": "Saldarriaga Klinkert Amparo", "type": "author"}, {"id": 3098, "label": "Castro Saldarriaga Clara Beatriz Judith", "type": "author"}, {"id": 3099, "label": "Villegas De Velez Luz Angela", "type": "author"}, {"id": 3100, "label": "Lalinde Cardona Angela Sofia", "type": "author"}, {"id": 3128, "label": "Jimenez Gutierrez Gloria Ines", "type": "author"}, {"id": 3162, "label": "Betancur Velasquez Jose Vidal", "type": "author"}, {"id": 3165, "label": "Robledo Velasquez Jorge", "type": "author"}, {"id": 3269, "label": "Jimenez Zapata Maritza", "type": "author"}, {"id": 3274, "label": "Gomez Gomez Pablo Edgar", "type": "author"}, {"id": 3309, "label": "Pardo Uribe Juan Guillermo", "type": "author"}, {"id": 3311, "label": "Gomez Scalaberni Vladimir Ilich De Jesus", "type": "author"}, {"id": 3315, "label": "Osuna Alfredo Hernando", "type": "author"}, {"id": 3318, "label": "Bedoya Velasquez Julian De Jesus", "type": "author"}, {"id": 3342, "label": "Taborda Bolivar Jorge Ivan", "type": "author"}, {"id": 3389, "label": "Botero Muñoz Norma Lucia", "type": "author"}, {"id": 3390, "label": "Ruiz Suarez Guillermina", "type": "author"}, {"id": 3409, "label": "Mesa Herrera Carolina", "type": "author"}, {"id": 3410, "label": "Ortiz Rendon Paola Andrea", "type": "author"}, {"id": 3424, "label": "Rendon Castaño Hernan Dario", "type": "author"}, {"id": 3444, "label": "Montoya Restrepo Ivan Alonso", "type": "author"}, {"id": 3452, "label": "Carmona Duque Diego Alejandro", "type": "author"}], "links": [{"source": "105371f4-bff0-45cb-8444-fc98b81875d4", "target": 1279, "value": 1}, {"source": 1279, "target": "transporte", "value": 17}, {"source": 1279, "target": "documentación", "value": 17}, {"source": 1279, "target": "logística", "value": 13}, {"source": 1279, "target": "manuales", "value": 2}, {"source": 1279, "target": "enrutamiento", "value": 1}, {"source": 1279, "target": "algoritmos genéticos", "value": 1}, {"source": 1279, "target": "enrutamiento de vehículos", "value": 1}, {"source": 1279, "target": "meméficos", "value": 1}, {"source": 1279, "target": "genética", "value": 1}, {"source": 1279, "target": "vehículos", "value": 1}, {"source": 1279, "target": "almacenamiento", "value": 1}, {"source": 1279, "target": "algoritmos", "value": 1}, {"source": 1279, "target": "satélites", "value": 1}, {"source": 1279, "target": "capacitación", "value": 1}, {"source": 1279, "target": "prototipos", "value": 1}, {"source": 1279, "target": "sistemas de información", "value": 1}, {"source": 1279, "target": "producción", "value": 1}, {"source": 1279, "target": "productividad", "value": 1}, {"source": 1279, "target": "negocio", "value": 1}, {"source": 1279, "target": "arquitectura", "value": 1}, {"source": 1279, "target": "reguladores", "value": 1}, {"source": 1279, "target": "dinámica", "value": 1}, {"source": 1279, "target": "modelado", "value": 1}, {"source": 1279, "target": "transporte terrestre", "value": 1}, {"source": 1279, "target": "vigilancia", "value": 1}, {"source": 1279, "target": "simulación", "value": 1}, {"source": 1279, "target": "generadores", "value": 1}, {"source": 1279, "target": "matemáticas", "value": 1}, {"source": "105371f4-bff0-45cb-8444-fc98b81875d4", "target": 1285, "value": 1}, {"source": 1285, "target": "modelado", "value": 17}, {"source": 1285, "target": "generadores", "value": 14}, {"source": 1285, "target": "electricidad", "value": 11}, {"source": 1285, "target": "aplicadores", "value": 10}, {"source": 1285, "target": "energía", "value": 9}, {"source": 1285, "target": "estimacion", "value": 9}, {"source": 1285, "target": "incertidumbre", "value": 8}, {"source": 1285, "target": "econometría", "value": 7}, {"source": 1285, "target": "pronóstico", "value": 6}, {"source": 1285, "target": "contexto", "value": 6}, {"source": 1285, "target": "aditivos", "value": 6}, {"source": 1285, "target": "simulación", "value": 5}, {"source": 1285, "target": "combustibles", "value": 5}, {"source": 1285, "target": "herramientas", "value": 5}, {"source": 1285, "target": "mejoramiento", "value": 5}, {"source": 1285, "target": "rentabilidad", "value": 5}, {"source": 1285, "target": "portafolios", "value": 4}, {"source": 1285, "target": "oro", "value": 4}, {"source": 1285, "target": "costos", "value": 4}, {"source": 1285, "target": "aceites", "value": 4}, {"source": 1285, "target": "generación de energía", "value": 4}, {"source": 1285, "target": "producción", "value": 3}, {"source": 1285, "target": "productividad", "value": 3}, {"source": 1285, "target": "transformaciones", "value": 3}, {"source": 1285, "target": "transformadores", "value": 3}, {"source": 1285, "target": "medios de comunicación", "value": 3}, {"source": 1285, "target": "globalización", "value": 3}, {"source": 1285, "target": "precio de precios de electricidad", "value": 2}, {"source": 1285, "target": "modelos econométricos", "value": 2}, {"source": 1285, "target": "reguladores", "value": 2}, {"source": "105371f4-bff0-45cb-8444-fc98b81875d4", "target": 1286, "value": 1}, {"source": 1286, "target": "costos", "value": 2}, {"source": 1286, "target": "industrias", "value": 2}, {"source": 1286, "target": "producción", "value": 2}, {"source": 1286, "target": "productividad", "value": 2}, {"source": 1286, "target": "sólidos", "value": 2}, {"source": 1286, "target": "energía", "value": 2}, {"source": 1286, "target": "etanol", "value": 2}, {"source": 1286, "target": "contenedores", "value": 1}, {"source": 1286, "target": "manipuladores", "value": 1}, {"source": "105371f4-bff0-45cb-8444-fc98b81875d4", "target": 1287, "value": 1}, {"source": 1287, "target": "modelado", "value": 85}, {"source": 1287, "target": "administración", "value": 61}, {"source": 1287, "target": "compañías", "value": 50}, {"source": 1287, "target": "logística", "value": 43}, {"source": 1287, "target": "transporte", "value": 38}, {"source": 1287, "target": "costos", "value": 35}, {"source": 1287, "target": "producción", "value": 35}, {"source": 1287, "target": "productividad", "value": 35}, {"source": 1287, "target": "aplicadores", "value": 33}, {"source": 1287, "target": "mejoramiento", "value": 32}, {"source": 1287, "target": "generadores", "value": 29}, {"source": 1287, "target": "tecnología", "value": 26}, {"source": 1287, "target": "herramientas", "value": 24}, {"source": 1287, "target": "negocio", "value": 23}, {"source": 1287, "target": "medición", "value": 22}, {"source": 1287, "target": "momento", "value": 22}, {"source": 1287, "target": "planificación", "value": 21}, {"source": 1287, "target": "industrias", "value": 21}, {"source": 1287, "target": "software", "value": 20}, {"source": 1287, "target": "organismos", "value": 20}, {"source": 1287, "target": "organizaciones", "value": 20}, {"source": 1287, "target": "algoritmos", "value": 20}, {"source": 1287, "target": "colaboración", "value": 20}, {"source": 1287, "target": "actual", "value": 20}, {"source": 1287, "target": "programación", "value": 18}, {"source": 1287, "target": "enrutamiento", "value": 18}, {"source": 1287, "target": "dinámica", "value": 18}, {"source": 1287, "target": "comentarios", "value": 18}, {"source": 1287, "target": "incertidumbre", "value": 14}, {"source": 1287, "target": "genética", "value": 13}, {"source": "105371f4-bff0-45cb-8444-fc98b81875d4", "target": 1296, "value": 1}, {"source": "105371f4-bff0-45cb-8444-fc98b81875d4", "target": 1302, "value": 1}, {"source": 1302, "target": "energía", "value": 54}, {"source": 1302, "target": "modelado", "value": 38}, {"source": 1302, "target": "electricidad", "value": 32}, {"source": 1302, "target": "generadores", "value": 30}, {"source": 1302, "target": "tecnología", "value": 29}, {"source": 1302, "target": "aplicadores", "value": 27}, {"source": 1302, "target": "compañías", "value": 25}, {"source": 1302, "target": "administración", "value": 22}, {"source": 1302, "target": "herramientas", "value": 20}, {"source": 1302, "target": "aditivos", "value": 20}, {"source": 1302, "target": "negocio", "value": 17}, {"source": 1302, "target": "privatización", "value": 16}, {"source": 1302, "target": "planificación", "value": 16}, {"source": 1302, "target": "momento", "value": 15}, {"source": 1302, "target": "actual", "value": 15}, {"source": 1302, "target": "industrias", "value": 15}, {"source": 1302, "target": "reguladores", "value": 15}, {"source": 1302, "target": "disponibilidad", "value": 13}, {"source": 1302, "target": "ciencias económicas", "value": 13}, {"source": 1302, "target": "calculadoras", "value": 12}, {"source": 1302, "target": "comentarios", "value": 12}, {"source": 1302, "target": "medición", "value": 12}, {"source": 1302, "target": "programación", "value": 12}, {"source": 1302, "target": "producción", "value": 10}, {"source": 1302, "target": "productividad", "value": 10}, {"source": 1302, "target": "costos", "value": 10}, {"source": 1302, "target": "instrumentos", "value": 10}, {"source": 1302, "target": "motores", "value": 9}, {"source": 1302, "target": "mejoramiento", "value": 9}, {"source": 1302, "target": "autorización", "value": 9}, {"source": "105371f4-bff0-45cb-8444-fc98b81875d4", "target": 1319, "value": 1}, {"source": 1319, "target": "producción", "value": 41}, {"source": 1319, "target": "productividad", "value": 41}, {"source": 1319, "target": "administración", "value": 38}, {"source": 1319, "target": "momento", "value": 37}, {"source": 1319, "target": "modelado", "value": 35}, {"source": 1319, "target": "compañías", "value": 34}, {"source": 1319, "target": "aplicadores", "value": 28}, {"source": 1319, "target": "generadores", "value": 26}, {"source": 1319, "target": "enrutamiento", "value": 25}, {"source": 1319, "target": "comentarios", "value": 25}, {"source": 1319, "target": "almacenamiento", "value": 24}, {"source": 1319, "target": "algoritmos", "value": 22}, {"source": 1319, "target": "simulación", "value": 20}, {"source": 1319, "target": "tecnología", "value": 19}, {"source": 1319, "target": "genética", "value": 18}, {"source": 1319, "target": "materiales", "value": 18}, {"source": 1319, "target": "algoritmos genéticos", "value": 17}, {"source": 1319, "target": "logística", "value": 17}, {"source": 1319, "target": "tecnología de las comunicaciones", "value": 15}, {"source": 1319, "target": "tecnología de la información y la comunicación", "value": 15}, {"source": 1319, "target": "secuencias", "value": 14}, {"source": 1319, "target": "minimización", "value": 14}, {"source": 1319, "target": "herramientas", "value": 14}, {"source": 1319, "target": "arte", "value": 14}, {"source": 1319, "target": "industrias", "value": 14}, {"source": 1319, "target": "planificación", "value": 13}, {"source": 1319, "target": "diseño para experimentos", "value": 13}, {"source": 1319, "target": "costos", "value": 13}, {"source": 1319, "target": "transporte", "value": 12}, {"source": 1319, "target": "mejoramiento", "value": 11}, {"source": "105371f4-bff0-45cb-8444-fc98b81875d4", "target": 1337, "value": 1}, {"source": 1337, "target": "compañías", "value": 10}, {"source": 1337, "target": "costos", "value": 10}, {"source": 1337, "target": "electricidad", "value": 8}, {"source": 1337, "target": "herramientas", "value": 7}, {"source": 1337, "target": "estimacion", "value": 7}, {"source": 1337, "target": "modelado", "value": 7}, {"source": 1337, "target": "planificación", "value": 7}, {"source": 1337, "target": "energía", "value": 6}, {"source": 1337, "target": "pruebas", "value": 6}, {"source": 1337, "target": "mejoramiento", "value": 6}, {"source": 1337, "target": "algoritmos", "value": 5}, {"source": 1337, "target": "generadores", "value": 4}, {"source": 1337, "target": "distribución de poder", "value": 4}, {"source": 1337, "target": "ordenadores", "value": 4}, {"source": 1337, "target": "aditivos", "value": 3}, {"source": 1337, "target": "tecnología", "value": 3}, {"source": 1337, "target": "ciencias económicas", "value": 3}, {"source": 1337, "target": "calidad de servicio", "value": 3}, {"source": 1337, "target": "interruptores", "value": 3}, {"source": 1337, "target": "frecuencia", "value": 3}, {"source": 1337, "target": "optimización de pareto", "value": 3}, {"source": 1337, "target": "industrias", "value": 2}, {"source": 1337, "target": "producción", "value": 2}, {"source": 1337, "target": "productividad", "value": 2}, {"source": 1337, "target": "alternadores", "value": 2}, {"source": 1337, "target": "mantenimiento", "value": 2}, {"source": 1337, "target": "dinámica", "value": 2}, {"source": 1337, "target": "índices", "value": 2}, {"source": 1337, "target": "indexación", "value": 2}, {"source": 1337, "target": "sistemas de poder", "value": 2}, {"source": "105371f4-bff0-45cb-8444-fc98b81875d4", "target": 1352, "value": 1}, {"source": 1352, "target": "calculadoras", "value": 2}, {"source": 1352, "target": "reguladores", "value": 2}, {"source": 1352, "target": "economías de escala", "value": 1}, {"source": 1352, "target": "gobierno", "value": 1}, {"source": 1352, "target": "ley", "value": 1}, {"source": 1352, "target": "dosimetría", "value": 1}, {"source": 1352, "target": "manuales", "value": 1}, {"source": "105371f4-bff0-45cb-8444-fc98b81875d4", "target": 1355, "value": 1}, {"source": "105371f4-bff0-45cb-8444-fc98b81875d4", "target": 1360, "value": 1}, {"source": 1360, "target": "organismos", "value": 8}, {"source": 1360, "target": "administración", "value": 8}, {"source": 1360, "target": "organizaciones", "value": 8}, {"source": 1360, "target": "documentación", "value": 5}, {"source": 1360, "target": "construcción", "value": 3}, {"source": 1360, "target": "generadores", "value": 3}, {"source": 1360, "target": "compañías", "value": 3}, {"source": 1360, "target": "producción", "value": 3}, {"source": 1360, "target": "productividad", "value": 3}, {"source": 1360, "target": "energía", "value": 3}, {"source": 1360, "target": "transformaciones", "value": 3}, {"source": 1360, "target": "transformadores", "value": 3}, {"source": 1360, "target": "entrevista", "value": 3}, {"source": 1360, "target": "tecnología", "value": 2}, {"source": 1360, "target": "conductividad", "value": 2}, {"source": 1360, "target": "gestión de la cultura", "value": 1}, {"source": 1360, "target": "bienes inmateriales", "value": 1}, {"source": 1360, "target": "cultura organizacional", "value": 1}, {"source": 1360, "target": "bienes sociales", "value": 1}, {"source": 1360, "target": "industrias", "value": 1}, {"source": 1360, "target": "proceso de investigación", "value": 1}, {"source": 1360, "target": "habilidades", "value": 1}, {"source": 1360, "target": "grupo de investigacion", "value": 1}, {"source": 1360, "target": "base tecnológica", "value": 1}, {"source": 1360, "target": "actual", "value": 1}, {"source": 1360, "target": "liderazgo", "value": 1}, {"source": 1360, "target": "diálogo", "value": 1}, {"source": 1360, "target": "gestión de recursos humanos", "value": 1}, {"source": 1360, "target": "gerencia humana", "value": 1}, {"source": 1360, "target": "administracion de recursos", "value": 1}, {"source": "105371f4-bff0-45cb-8444-fc98b81875d4", "target": 1365, "value": 1}, {"source": 1365, "target": "generadores", "value": 16}, {"source": 1365, "target": "simulación", "value": 14}, {"source": 1365, "target": "modelado", "value": 12}, {"source": 1365, "target": "energía", "value": 11}, {"source": 1365, "target": "parques eólicos", "value": 10}, {"source": 1365, "target": "rentabilidad", "value": 10}, {"source": 1365, "target": "documentación", "value": 9}, {"source": 1365, "target": "actual", "value": 9}, {"source": 1365, "target": "producción", "value": 9}, {"source": 1365, "target": "productividad", "value": 9}, {"source": 1365, "target": "índices", "value": 9}, {"source": 1365, "target": "indexación", "value": 9}, {"source": 1365, "target": "compañías", "value": 8}, {"source": 1365, "target": "generación de energía", "value": 7}, {"source": 1365, "target": "bibliometría", "value": 7}, {"source": 1365, "target": "medición", "value": 7}, {"source": 1365, "target": "portafolios", "value": 7}, {"source": 1365, "target": "sistemas dinámicos", "value": 6}, {"source": 1365, "target": "dinámica", "value": 6}, {"source": 1365, "target": "autorización", "value": 6}, {"source": 1365, "target": "tecnología", "value": 6}, {"source": 1365, "target": "gobierno", "value": 6}, {"source": 1365, "target": "movimiento browniano", "value": 6}, {"source": 1365, "target": "países en desarrollo", "value": 5}, {"source": 1365, "target": "electricidad", "value": 5}, {"source": 1365, "target": "ciencias económicas", "value": 5}, {"source": 1365, "target": "administración", "value": 5}, {"source": 1365, "target": "energía eólica", "value": 4}, {"source": 1365, "target": "contratos", "value": 4}, {"source": 1365, "target": "instrumentos", "value": 4}, {"source": "105371f4-bff0-45cb-8444-fc98b81875d4", "target": 1377, "value": 1}, {"source": 1377, "target": "fiabilidad", "value": 14}, {"source": 1377, "target": "momento", "value": 10}, {"source": 1377, "target": "aplicadores", "value": 9}, {"source": 1377, "target": "estimacion", "value": 9}, {"source": 1377, "target": "compañías", "value": 8}, {"source": 1377, "target": "industrias", "value": 7}, {"source": 1377, "target": "textiles", "value": 7}, {"source": 1377, "target": "generadores", "value": 7}, {"source": 1377, "target": "negocio", "value": 5}, {"source": 1377, "target": "emprendimiento", "value": 5}, {"source": 1377, "target": "cambia", "value": 5}, {"source": 1377, "target": "estadísticas", "value": 5}, {"source": 1377, "target": "modelado", "value": 5}, {"source": 1377, "target": "ruido", "value": 5}, {"source": 1377, "target": "fabricación", "value": 4}, {"source": 1377, "target": "correladores", "value": 3}, {"source": 1377, "target": "metodología de diseño", "value": 3}, {"source": 1377, "target": "administración", "value": 3}, {"source": 1377, "target": "medición", "value": 3}, {"source": 1377, "target": "envejecimiento", "value": 3}, {"source": 1377, "target": "análisis de los datos", "value": 3}, {"source": 1377, "target": "producción", "value": 3}, {"source": 1377, "target": "productividad", "value": 3}, {"source": 1377, "target": "electricidad", "value": 3}, {"source": 1377, "target": "ganar", "value": 3}, {"source": 1377, "target": "algoritmos", "value": 3}, {"source": 1377, "target": "distribución de weibull", "value": 3}, {"source": 1377, "target": "simulación", "value": 3}, {"source": 1377, "target": "contaminación", "value": 3}, {"source": 1377, "target": "controlabilidad", "value": 3}, {"source": "105371f4-bff0-45cb-8444-fc98b81875d4", "target": 1379, "value": 1}, {"source": 1379, "target": "producción", "value": 5}, {"source": 1379, "target": "productividad", "value": 5}, {"source": 1379, "target": "administración", "value": 5}, {"source": 1379, "target": "negocio", "value": 5}, {"source": 1379, "target": "observatorios", "value": 4}, {"source": 1379, "target": "ciencias económicas", "value": 4}, {"source": 1379, "target": "compañías", "value": 3}, {"source": 1379, "target": "entrevista", "value": 3}, {"source": 1379, "target": "hormigón", "value": 3}, {"source": 1379, "target": "modelado", "value": 3}, {"source": 1379, "target": "organismos", "value": 3}, {"source": 1379, "target": "organizaciones", "value": 3}, {"source": 1379, "target": "privatización", "value": 3}, {"source": 1379, "target": "contexto", "value": 3}, {"source": 1379, "target": "generadores", "value": 3}, {"source": 1379, "target": "documentación", "value": 2}, {"source": 1379, "target": "comentarios", "value": 2}, {"source": 1379, "target": "tecnología", "value": 2}, {"source": 1379, "target": "construcción", "value": 2}, {"source": 1379, "target": "países en desarrollo", "value": 2}, {"source": 1379, "target": "reflectividad", "value": 2}, {"source": 1379, "target": "educación", "value": 1}, {"source": 1379, "target": "fabricación", "value": 1}, {"source": 1379, "target": "la personalización en masa", "value": 1}, {"source": 1379, "target": "prensado", "value": 1}, {"source": 1379, "target": "materiales", "value": 1}, {"source": 1379, "target": "aditivos", "value": 1}, {"source": 1379, "target": "textiles", "value": 1}, {"source": 1379, "target": "colaboración", "value": 1}, {"source": 1379, "target": "conferencias", "value": 1}, {"source": "105371f4-bff0-45cb-8444-fc98b81875d4", "target": 1382, "value": 1}, {"source": 1382, "target": "emprendimiento", "value": 9}, {"source": 1382, "target": "administración", "value": 7}, {"source": 1382, "target": "historia", "value": 7}, {"source": 1382, "target": "negocio", "value": 6}, {"source": 1382, "target": "entrevista", "value": 6}, {"source": 1382, "target": "compañías", "value": 6}, {"source": 1382, "target": "comentarios", "value": 5}, {"source": 1382, "target": "generadores", "value": 4}, {"source": 1382, "target": "ciencias económicas", "value": 4}, {"source": 1382, "target": "programación", "value": 3}, {"source": 1382, "target": "motores", "value": 3}, {"source": 1382, "target": "producción", "value": 3}, {"source": 1382, "target": "productividad", "value": 3}, {"source": 1382, "target": "organismos", "value": 2}, {"source": 1382, "target": "organizaciones", "value": 2}, {"source": 1382, "target": "construcción", "value": 2}, {"source": 1382, "target": "periodismo", "value": 2}, {"source": 1382, "target": "psicología", "value": 2}, {"source": 1382, "target": "documentación", "value": 2}, {"source": 1382, "target": "bancario", "value": 2}, {"source": 1382, "target": "dirigir", "value": 2}, {"source": 1382, "target": "globalización", "value": 2}, {"source": 1382, "target": "privatización", "value": 2}, {"source": 1382, "target": "historia de la educación", "value": 1}, {"source": 1382, "target": "historia de gestión", "value": 1}, {"source": 1382, "target": "gestión de la ingeniería", "value": 1}, {"source": 1382, "target": "pautas", "value": 1}, {"source": 1382, "target": "rentabilidad", "value": 1}, {"source": 1382, "target": "herramientas", "value": 1}, {"source": 1382, "target": "hospitales", "value": 1}, {"source": "105371f4-bff0-45cb-8444-fc98b81875d4", "target": 1383, "value": 1}, {"source": 1383, "target": "educación", "value": 5}, {"source": 1383, "target": "programación", "value": 3}, {"source": 1383, "target": "documentación", "value": 2}, {"source": 1383, "target": "arte", "value": 2}, {"source": 1383, "target": "electrones", "value": 2}, {"source": 1383, "target": "administración", "value": 1}, {"source": 1383, "target": "gobierno", "value": 1}, {"source": 1383, "target": "industrias", "value": 1}, {"source": 1383, "target": "vigilancia", "value": 1}, {"source": 1383, "target": "dinámica", "value": 1}, {"source": 1383, "target": "reflectividad", "value": 1}, {"source": 1383, "target": "instituciones educacionales", "value": 1}, {"source": 1383, "target": "programas educativos", "value": 1}, {"source": 1383, "target": "sistemático", "value": 1}, {"source": 1383, "target": "medios de comunicación", "value": 1}, {"source": 1383, "target": "reuniones", "value": 1}, {"source": 1383, "target": "disponibilidad", "value": 1}, {"source": 1383, "target": "física", "value": 1}, {"source": 1383, "target": "fuerza", "value": 1}, {"source": 1383, "target": "estadísticas", "value": 1}, {"source": 1383, "target": "contexto", "value": 1}, {"source": 1383, "target": "capacitación", "value": 1}, {"source": 1383, "target": "ley", "value": 1}, {"source": 1383, "target": "dirigir", "value": 1}, {"source": 1383, "target": "escritura", "value": 1}, {"source": 1383, "target": "tecnología", "value": 1}, {"source": "105371f4-bff0-45cb-8444-fc98b81875d4", "target": 1384, "value": 1}, {"source": 1384, "target": "modelado", "value": 34}, {"source": 1384, "target": "compañías", "value": 16}, {"source": 1384, "target": "estimacion", "value": 14}, {"source": 1384, "target": "aplicadores", "value": 11}, {"source": 1384, "target": "generadores", "value": 11}, {"source": 1384, "target": "medición", "value": 11}, {"source": 1384, "target": "electricidad", "value": 10}, {"source": 1384, "target": "administración", "value": 9}, {"source": 1384, "target": "lógica", "value": 9}, {"source": 1384, "target": "ciencias económicas", "value": 9}, {"source": 1384, "target": "mejoramiento", "value": 8}, {"source": 1384, "target": "probabilidad", "value": 8}, {"source": 1384, "target": "energía", "value": 8}, {"source": 1384, "target": "estadísticas", "value": 7}, {"source": 1384, "target": "índices", "value": 6}, {"source": 1384, "target": "indexación", "value": 6}, {"source": 1384, "target": "simulación", "value": 6}, {"source": 1384, "target": "controlabilidad", "value": 5}, {"source": 1384, "target": "costos", "value": 5}, {"source": 1384, "target": "herramientas", "value": 5}, {"source": 1384, "target": "incertidumbre", "value": 5}, {"source": 1384, "target": "portafolios", "value": 5}, {"source": 1384, "target": "robustez", "value": 5}, {"source": 1384, "target": "industrias", "value": 5}, {"source": 1384, "target": "lógica difusa", "value": 5}, {"source": 1384, "target": "minimización", "value": 4}, {"source": 1384, "target": "agregados", "value": 4}, {"source": 1384, "target": "momento", "value": 4}, {"source": 1384, "target": "funciones de distribución", "value": 4}, {"source": 1384, "target": "calculadoras", "value": 4}, {"source": "105371f4-bff0-45cb-8444-fc98b81875d4", "target": 1396, "value": 1}, {"source": 1396, "target": "administración", "value": 53}, {"source": 1396, "target": "producción", "value": 44}, {"source": 1396, "target": "productividad", "value": 44}, {"source": 1396, "target": "generadores", "value": 41}, {"source": 1396, "target": "modelado", "value": 37}, {"source": 1396, "target": "aplicadores", "value": 31}, {"source": 1396, "target": "compañías", "value": 31}, {"source": 1396, "target": "organismos", "value": 31}, {"source": 1396, "target": "organizaciones", "value": 31}, {"source": 1396, "target": "negocio", "value": 28}, {"source": 1396, "target": "comentarios", "value": 25}, {"source": 1396, "target": "ciencias económicas", "value": 22}, {"source": 1396, "target": "documentación", "value": 22}, {"source": 1396, "target": "tecnología", "value": 20}, {"source": 1396, "target": "medición", "value": 19}, {"source": 1396, "target": "herramientas", "value": 19}, {"source": 1396, "target": "biología", "value": 17}, {"source": 1396, "target": "planificación", "value": 17}, {"source": 1396, "target": "programación", "value": 15}, {"source": 1396, "target": "alternadores", "value": 14}, {"source": 1396, "target": "contexto", "value": 14}, {"source": 1396, "target": "sistemático", "value": 13}, {"source": 1396, "target": "construcción", "value": 13}, {"source": 1396, "target": "educación", "value": 13}, {"source": 1396, "target": "seguridad", "value": 13}, {"source": 1396, "target": "observadores", "value": 13}, {"source": 1396, "target": "observabilidad", "value": 13}, {"source": 1396, "target": "industrias", "value": 12}, {"source": 1396, "target": "conductividad", "value": 12}, {"source": 1396, "target": "emprendimiento", "value": 11}, {"source": "105371f4-bff0-45cb-8444-fc98b81875d4", "target": 1416, "value": 1}, {"source": 1416, "target": "administración", "value": 23}, {"source": 1416, "target": "modelado", "value": 18}, {"source": 1416, "target": "compañías", "value": 14}, {"source": 1416, "target": "organismos", "value": 14}, {"source": 1416, "target": "organizaciones", "value": 14}, {"source": 1416, "target": "aplicadores", "value": 13}, {"source": 1416, "target": "transformaciones", "value": 11}, {"source": 1416, "target": "transformadores", "value": 11}, {"source": 1416, "target": "producción", "value": 9}, {"source": 1416, "target": "productividad", "value": 9}, {"source": 1416, "target": "tecnología", "value": 9}, {"source": 1416, "target": "negocio", "value": 7}, {"source": 1416, "target": "medición", "value": 6}, {"source": 1416, "target": "educación", "value": 6}, {"source": 1416, "target": "industrias", "value": 6}, {"source": 1416, "target": "planificación", "value": 6}, {"source": 1416, "target": "globalización", "value": 5}, {"source": 1416, "target": "generadores", "value": 5}, {"source": 1416, "target": "dinámica", "value": 4}, {"source": 1416, "target": "actual", "value": 4}, {"source": 1416, "target": "incertidumbre", "value": 4}, {"source": 1416, "target": "construcción", "value": 4}, {"source": 1416, "target": "momento", "value": 4}, {"source": 1416, "target": "textiles", "value": 3}, {"source": 1416, "target": "calculadoras", "value": 3}, {"source": 1416, "target": "lógica", "value": 3}, {"source": 1416, "target": "programación", "value": 3}, {"source": 1416, "target": "motores", "value": 3}, {"source": 1416, "target": "herramientas", "value": 3}, {"source": 1416, "target": "pruebas", "value": 3}, {"source": "105371f4-bff0-45cb-8444-fc98b81875d4", "target": 1433, "value": 1}, {"source": 1433, "target": "producción", "value": 7}, {"source": 1433, "target": "productividad", "value": 7}, {"source": 1433, "target": "planificación", "value": 7}, {"source": 1433, "target": "algoritmos", "value": 7}, {"source": 1433, "target": "modelado", "value": 6}, {"source": 1433, "target": "horarios", "value": 5}, {"source": 1433, "target": "programación", "value": 4}, {"source": 1433, "target": "enrutamiento", "value": 3}, {"source": 1433, "target": "momento", "value": 3}, {"source": 1433, "target": "secuencias", "value": 3}, {"source": 1433, "target": "diseño para experimentos", "value": 3}, {"source": 1433, "target": "genética", "value": 3}, {"source": 1433, "target": "simulación", "value": 3}, {"source": 1433, "target": "mecanizado", "value": 2}, {"source": 1433, "target": "algoritmos genéticos", "value": 2}, {"source": 1433, "target": "la investigación de operaciones", "value": 2}, {"source": 1433, "target": "mejoramiento", "value": 2}, {"source": 1433, "target": "arte", "value": 1}, {"source": 1433, "target": "trabajo crítico", "value": 1}, {"source": 1433, "target": "dos fluido de la máquina", "value": 1}, {"source": 1433, "target": "maquinista", "value": 1}, {"source": 1433, "target": "energía", "value": 1}, {"source": 1433, "target": "eficiencia energética", "value": 1}, {"source": 1433, "target": "tienda de flujo", "value": 1}, {"source": 1433, "target": "optimización de objetivos multi", "value": 1}, {"source": 1433, "target": "ingeniería de sistemas", "value": 1}, {"source": 1433, "target": "programación de producción", "value": 1}, {"source": 1433, "target": "ingeniería de economía", "value": 1}, {"source": 1433, "target": "gestión de la operación estratégica", "value": 1}, {"source": 1433, "target": "taller de trabajo", "value": 1}, {"source": "105371f4-bff0-45cb-8444-fc98b81875d4", "target": 1434, "value": 1}, {"source": 1434, "target": "administración", "value": 51}, {"source": 1434, "target": "modelado", "value": 40}, {"source": 1434, "target": "generadores", "value": 40}, {"source": 1434, "target": "organismos", "value": 39}, {"source": 1434, "target": "organizaciones", "value": 38}, {"source": 1434, "target": "compañías", "value": 34}, {"source": 1434, "target": "motores", "value": 30}, {"source": 1434, "target": "herramientas", "value": 29}, {"source": 1434, "target": "producción", "value": 26}, {"source": 1434, "target": "productividad", "value": 26}, {"source": 1434, "target": "construcción", "value": 22}, {"source": 1434, "target": "medición", "value": 21}, {"source": 1434, "target": "aplicadores", "value": 20}, {"source": 1434, "target": "comentarios", "value": 20}, {"source": 1434, "target": "ciencias económicas", "value": 18}, {"source": 1434, "target": "actual", "value": 16}, {"source": 1434, "target": "tecnología", "value": 16}, {"source": 1434, "target": "educación", "value": 15}, {"source": 1434, "target": "simulación", "value": 15}, {"source": 1434, "target": "planificación", "value": 15}, {"source": 1434, "target": "calculadoras", "value": 13}, {"source": 1434, "target": "industrias", "value": 13}, {"source": 1434, "target": "momento", "value": 13}, {"source": 1434, "target": "autorización", "value": 12}, {"source": 1434, "target": "documentación", "value": 12}, {"source": 1434, "target": "alternadores", "value": 12}, {"source": 1434, "target": "índices", "value": 11}, {"source": 1434, "target": "energía", "value": 11}, {"source": 1434, "target": "dinámica", "value": 10}, {"source": 1434, "target": "indexación", "value": 10}, {"source": "105371f4-bff0-45cb-8444-fc98b81875d4", "target": 1438, "value": 1}, {"source": 1438, "target": "modelado", "value": 14}, {"source": 1438, "target": "dinámica", "value": 13}, {"source": 1438, "target": "generadores", "value": 11}, {"source": 1438, "target": "simulación", "value": 10}, {"source": 1438, "target": "tecnología", "value": 9}, {"source": 1438, "target": "limitante", "value": 8}, {"source": 1438, "target": "modelado basado en agentes", "value": 6}, {"source": 1438, "target": "ciencias económicas", "value": 5}, {"source": 1438, "target": "producción", "value": 5}, {"source": 1438, "target": "productividad", "value": 5}, {"source": 1438, "target": "construcción", "value": 5}, {"source": 1438, "target": "aditivos", "value": 4}, {"source": 1438, "target": "colaboración", "value": 4}, {"source": 1438, "target": "edificios", "value": 4}, {"source": 1438, "target": "medición", "value": 4}, {"source": 1438, "target": "momento", "value": 4}, {"source": 1438, "target": "publicación", "value": 3}, {"source": 1438, "target": "agricultura", "value": 3}, {"source": 1438, "target": "transferencia tecnológica", "value": 3}, {"source": 1438, "target": "administración", "value": 3}, {"source": 1438, "target": "aprendiendo", "value": 2}, {"source": 1438, "target": "fuerza", "value": 2}, {"source": 1438, "target": "modelado de sistemas", "value": 2}, {"source": 1438, "target": "fotografía", "value": 2}, {"source": 1438, "target": "actual", "value": 2}, {"source": 1438, "target": "innovación tecnológica", "value": 2}, {"source": 1438, "target": "transformaciones", "value": 2}, {"source": 1438, "target": "transformadores", "value": 2}, {"source": 1438, "target": "contexto", "value": 2}, {"source": 1438, "target": "comentarios", "value": 2}, {"source": "105371f4-bff0-45cb-8444-fc98b81875d4", "target": 1457, "value": 1}, {"source": 1457, "target": "pruebas", "value": 1}, {"source": "105371f4-bff0-45cb-8444-fc98b81875d4", "target": 1465, "value": 1}, {"source": 1465, "target": "compañías", "value": 6}, {"source": 1465, "target": "alternadores", "value": 5}, {"source": 1465, "target": "carbón", "value": 5}, {"source": 1465, "target": "ciencias económicas", "value": 5}, {"source": 1465, "target": "modelado", "value": 5}, {"source": 1465, "target": "motores", "value": 4}, {"source": 1465, "target": "administración", "value": 4}, {"source": 1465, "target": "cambio climático", "value": 4}, {"source": 1465, "target": "limpieza", "value": 4}, {"source": 1465, "target": "calculadoras", "value": 4}, {"source": 1465, "target": "comentarios", "value": 4}, {"source": 1465, "target": "generadores", "value": 4}, {"source": 1465, "target": "electricidad", "value": 4}, {"source": 1465, "target": "organismos", "value": 3}, {"source": 1465, "target": "organizaciones", "value": 3}, {"source": 1465, "target": "actual", "value": 3}, {"source": 1465, "target": "reguladores", "value": 3}, {"source": 1465, "target": "dirigir", "value": 2}, {"source": 1465, "target": "estimacion", "value": 2}, {"source": 1465, "target": "globalización", "value": 2}, {"source": 1465, "target": "gobierno", "value": 2}, {"source": 1465, "target": "minerales", "value": 2}, {"source": 1465, "target": "ganar", "value": 2}, {"source": 1465, "target": "receptores", "value": 2}, {"source": 1465, "target": "desarrollo sostenible", "value": 2}, {"source": 1465, "target": "aplicadores", "value": 2}, {"source": 1465, "target": "energía", "value": 2}, {"source": 1465, "target": "administracion de recursos", "value": 1}, {"source": 1465, "target": "recursos hídricos", "value": 1}, {"source": 1465, "target": "pequeño poder hidroeléctrico shp", "value": 1}, {"source": "105371f4-bff0-45cb-8444-fc98b81875d4", "target": 1468, "value": 1}, {"source": 1468, "target": "producción", "value": 4}, {"source": 1468, "target": "productividad", "value": 4}, {"source": 1468, "target": "creatividad", "value": 3}, {"source": 1468, "target": "modelado", "value": 3}, {"source": 1468, "target": "compañías", "value": 2}, {"source": 1468, "target": "controlabilidad", "value": 2}, {"source": 1468, "target": "construcción", "value": 2}, {"source": 1468, "target": "autorización", "value": 2}, {"source": 1468, "target": "conductividad", "value": 2}, {"source": 1468, "target": "ecuaciones", "value": 2}, {"source": 1468, "target": "emprendimiento", "value": 2}, {"source": 1468, "target": "actual", "value": 2}, {"source": 1468, "target": "administración", "value": 2}, {"source": 1468, "target": "calentamiento global", "value": 1}, {"source": 1468, "target": "irresponsabilidad social corporativa", "value": 1}, {"source": 1468, "target": "los consumidores perciben valores", "value": 1}, {"source": 1468, "target": "consumo responsable", "value": 1}, {"source": 1468, "target": "indignación moral", "value": 1}, {"source": 1468, "target": "ecuaciones estructurales modelado sem", "value": 1}, {"source": 1468, "target": "acceso abierto", "value": 1}, {"source": 1468, "target": "ciencias económicas", "value": 1}, {"source": 1468, "target": "costos", "value": 1}, {"source": 1468, "target": "contexto", "value": 1}, {"source": 1468, "target": "web 20", "value": 1}, {"source": 1468, "target": "bibliometría", "value": 1}, {"source": 1468, "target": "software", "value": 1}, {"source": 1468, "target": "colaboración", "value": 1}, {"source": 1468, "target": "índices", "value": 1}, {"source": 1468, "target": "indexación", "value": 1}, {"source": 1468, "target": "comentarios", "value": 1}, {"source": "105371f4-bff0-45cb-8444-fc98b81875d4", "target": 2918, "value": 1}, {"source": "105371f4-bff0-45cb-8444-fc98b81875d4", "target": 2934, "value": 1}, {"source": "105371f4-bff0-45cb-8444-fc98b81875d4", "target": 2936, "value": 1}, {"source": "105371f4-bff0-45cb-8444-fc98b81875d4", "target": 2951, "value": 1}, {"source": "105371f4-bff0-45cb-8444-fc98b81875d4", "target": 2955, "value": 1}, {"source": "105371f4-bff0-45cb-8444-fc98b81875d4", "target": 2989, "value": 1}, {"source": "105371f4-bff0-45cb-8444-fc98b81875d4", "target": 3078, "value": 1}, {"source": "105371f4-bff0-45cb-8444-fc98b81875d4", "target": 3095, "value": 1}, {"source": "105371f4-bff0-45cb-8444-fc98b81875d4", "target": 3096, "value": 1}, {"source": "105371f4-bff0-45cb-8444-fc98b81875d4", "target": 3098, "value": 1}, {"source": "105371f4-bff0-45cb-8444-fc98b81875d4", "target": 3099, "value": 1}, {"source": "105371f4-bff0-45cb-8444-fc98b81875d4", "target": 3100, "value": 1}, {"source": "105371f4-bff0-45cb-8444-fc98b81875d4", "target": 3128, "value": 1}, {"source": "105371f4-bff0-45cb-8444-fc98b81875d4", "target": 3162, "value": 1}, {"source": "105371f4-bff0-45cb-8444-fc98b81875d4", "target": 3165, "value": 1}, {"source": "105371f4-bff0-45cb-8444-fc98b81875d4", "target": 3269, "value": 1}, {"source": "105371f4-bff0-45cb-8444-fc98b81875d4", "target": 3274, "value": 1}, {"source": "105371f4-bff0-45cb-8444-fc98b81875d4", "target": 3309, "value": 1}, {"source": "105371f4-bff0-45cb-8444-fc98b81875d4", "target": 3311, "value": 1}, {"source": "105371f4-bff0-45cb-8444-fc98b81875d4", "target": 3315, "value": 1}, {"source": "105371f4-bff0-45cb-8444-fc98b81875d4", "target": 3318, "value": 1}, {"source": "105371f4-bff0-45cb-8444-fc98b81875d4", "target": 3342, "value": 1}, {"source": "105371f4-bff0-45cb-8444-fc98b81875d4", "target": 3389, "value": 1}, {"source": "105371f4-bff0-45cb-8444-fc98b81875d4", "target": 3390, "value": 1}, {"source": "105371f4-bff0-45cb-8444-fc98b81875d4", "target": 3409, "value": 1}, {"source": "105371f4-bff0-45cb-8444-fc98b81875d4", "target": 3410, "value": 1}, {"source": "105371f4-bff0-45cb-8444-fc98b81875d4", "target": 3424, "value": 1}, {"source": "105371f4-bff0-45cb-8444-fc98b81875d4", "target": 3444, "value": 1}, {"source": "105371f4-bff0-45cb-8444-fc98b81875d4", "target": 3452, "value": 1}], "options": [{"label": "Estado inicial", "value": "Departamento de Ingeniería de la Organización", "group": "00. Opciones predeterminadas"}, {"label": "Alvarez Benitez Andres Felipe", "value": "Alvarez Benitez Andres Felipe", "group": "02. Opciones de autor"}, {"label": "Alvarez Bermudez William De Jesus", "value": "Alvarez Bermudez William De Jesus", "group": "02. Opciones de autor"}, {"label": "Arango Arango Monica Andrea", "value": "Arango Arango Monica Andrea", "group": "02. Opciones de autor"}, {"label": "Arango Muñoz Diego German", "value": "Arango Muñoz Diego German", "group": "02. Opciones de autor"}, {"label": "Arango Serna Martin Dario", "value": "Arango Serna Martin Dario", "group": "02. Opciones de autor"}, {"label": "Bedoya Valencia Leonardo", "value": "Bedoya Valencia Leonardo", "group": "02. Opciones de autor"}, {"label": "Bedoya Velasquez Julian De Jesus", "value": "Bedoya Velasquez Julian De Jesus", "group": "02. Opciones de autor"}, {"label": "Bermudez Saldarriaga Nestor Raul", "value": "Bermudez Saldarriaga Nestor Raul", "group": "02. Opciones de autor"}, {"label": "Betancur Velasquez Jose Vidal", "value": "Betancur Velasquez Jose Vidal", "group": "02. Opciones de autor"}, {"label": "Botero Botero Sergio", "value": "Botero Botero Sergio", "group": "02. Opciones de autor"}, {"label": "Botero Muñoz Norma Lucia", "value": "Botero Muñoz Norma Lucia", "group": "02. Opciones de autor"}, {"label": "Carmona Duque Diego Alejandro", "value": "Carmona Duque Diego Alejandro", "group": "02. Opciones de autor"}, {"label": "Castro Saldarriaga Clara Beatriz Judith", "value": "Castro Saldarriaga Clara Beatriz Judith", "group": "02. Opciones de autor"}, {"label": "Correa Espinal Alexander Alberto", "value": "Correa Espinal Alexander Alberto", "group": "02. Opciones de autor"}, {"label": "Garcia Montoya Carlos Andres", "value": "Garcia Montoya Carlos Andres", "group": "02. Opciones de autor"}, {"label": "Gomez Gomez Pablo Edgar", "value": "Gomez Gomez Pablo Edgar", "group": "02. Opciones de autor"}, {"label": "Gomez Scalaberni Vladimir Ilich De Jesus", "value": "Gomez Scalaberni Vladimir Ilich De Jesus", "group": "02. Opciones de autor"}, {"label": "Guerra Zapata Ledy Cristina", "value": "Guerra Zapata Ledy Cristina", "group": "02. Opciones de autor"}, {"label": "Henao Patiño Beatriz Elena", "value": "Henao Patiño Beatriz Elena", "group": "02. Opciones de autor"}, {"label": "Higuita Lopez Daimer", "value": "Higuita Lopez Daimer", "group": "02. Opciones de autor"}, {"label": "Jimenez Gomez Luis Miguel", "value": "Jimenez Gomez Luis Miguel", "group": "02. Opciones de autor"}, {"label": "Jimenez Gutierrez Gloria Ines", "value": "Jimenez Gutierrez Gloria Ines", "group": "02. Opciones de autor"}, {"label": "Jimenez Zapata Maritza", "value": "Jimenez Zapata Maritza", "group": "02. Opciones de autor"}, {"label": "Lalinde Cardona Angela Sofia", "value": "Lalinde Cardona Angela Sofia", "group": "02. Opciones de autor"}, {"label": "Lotero Botero Jorge Enrique", "value": "Lotero Botero Jorge Enrique", "group": "02. Opciones de autor"}, {"label": "Manotas Rodriguez Eva Cristina", "value": "Manotas Rodriguez Eva Cristina", "group": "02. Opciones de autor"}, {"label": "Marin Marin Henry", "value": "Marin Marin Henry", "group": "02. Opciones de autor"}, {"label": "Marquez Godoy Jose Ignacio", "value": "Marquez Godoy Jose Ignacio", "group": "02. Opciones de autor"}, {"label": "Marulanda Valencia Flor Angela", "value": "Marulanda Valencia Flor Angela", "group": "02. Opciones de autor"}, {"label": "Maya Guerra Jose Ignacio", "value": "Maya Guerra Jose Ignacio", "group": "02. Opciones de autor"}, {"label": "Medina Hurtado Santiago", "value": "Medina Hurtado Santiago", "group": "02. Opciones de autor"}, {"label": "Mesa Herrera Carolina", "value": "Mesa Herrera Carolina", "group": "02. Opciones de autor"}, {"label": "Montoya Restrepo Ivan Alonso", "value": "Montoya Restrepo Ivan Alonso", "group": "02. Opciones de autor"}, {"label": "Montoya Restrepo Luz Alexandra", "value": "Montoya Restrepo Luz Alexandra", "group": "02. Opciones de autor"}, {"label": "Ortiz Rendon Paola Andrea", "value": "Ortiz Rendon Paola Andrea", "group": "02. Opciones de autor"}, {"label": "Osuna Alfredo Hernando", "value": "Osuna Alfredo Hernando", "group": "02. Opciones de autor"}, {"label": "Pardo Uribe Juan Guillermo", "value": "Pardo Uribe Juan Guillermo", "group": "02. Opciones de autor"}, {"label": "Paris Angel Salome", "value": "Paris Angel Salome", "group": "02. Opciones de autor"}, {"label": "Perez Ortega Giovanni", "value": "Perez Ortega Giovanni", "group": "02. Opciones de autor"}, {"label": "Peña Zapata Gloria Elena", "value": "Peña Zapata Gloria Elena", "group": "02. Opciones de autor"}, {"label": "Puerta Restrepo Fernando Ernesto", "value": "Puerta Restrepo Fernando Ernesto", "group": "02. Opciones de autor"}, {"label": "Pulgarin Zapata Bernardo Antonio", "value": "Pulgarin Zapata Bernardo Antonio", "group": "02. Opciones de autor"}, {"label": "Rendon Castaño Hernan Dario", "value": "Rendon Castaño Hernan Dario", "group": "02. Opciones de autor"}, {"label": "Robledo Velasquez Jorge", "value": "Robledo Velasquez Jorge", "group": "02. Opciones de autor"}, {"label": "Rodriguez Velasquez Elkin", "value": "Rodriguez Velasquez Elkin", "group": "02. Opciones de autor"}, {"label": "Rojas Lopez Miguel David", "value": "Rojas Lopez Miguel David", "group": "02. Opciones de autor"}, {"label": "Ruiz Castañeda Walter Lugo", "value": "Ruiz Castañeda Walter Lugo", "group": "02. Opciones de autor"}, {"label": "Ruiz Suarez Guillermina", "value": "Ruiz Suarez Guillermina", "group": "02. Opciones de autor"}, {"label": "Saldarriaga Klinkert Amparo", "value": "Saldarriaga Klinkert Amparo", "group": "02. Opciones de autor"}, {"label": "Taborda Bolivar Jorge Ivan", "value": "Taborda Bolivar Jorge Ivan", "group": "02. Opciones de autor"}, {"label": "Uribe Estrada Jorge Hernan", "value": "Uribe Estrada Jorge Hernan", "group": "02. Opciones de autor"}, {"label": "Velez Gomez Luis Diego", "value": "Velez Gomez Luis Diego", "group": "02. Opciones de autor"}, {"label": "Vera Acevedo Luz Dinora", "value": "Vera Acevedo Luz Dinora", "group": "02. Opciones de autor"}, {"label": "Villegas De Velez Luz Angela", "value": "Villegas De Velez Luz Angela", "group": "02. Opciones de autor"}, {"label": "Departamento de Ingeniería de la Organización", "value": "Departamento de Ingeniería de la Organización", "group": "02. Opciones de uab"}, {"label": "acceso abierto", "value": "acceso abierto", "group": "03. Opciones de temas"}, {"label": "aceites", "value": "aceites", "group": "03. Opciones de temas"}, {"label": "actual", "value": "actual", "group": "03. Opciones de temas"}, {"label": "aditivos", "value": "aditivos", "group": "03. Opciones de temas"}, {"label": "administracion de recursos", "value": "administracion de recursos", "group": "03. Opciones de temas"}, {"label": "administración", "value": "administración", "group": "03. Opciones de temas"}, {"label": "agregados", "value": "agregados", "group": "03. Opciones de temas"}, {"label": "agricultura", "value": "agricultura", "group": "03. Opciones de temas"}, {"label": "algoritmos", "value": "algoritmos", "group": "03. Opciones de temas"}, {"label": "algoritmos genéticos", "value": "algoritmos genéticos", "group": "03. Opciones de temas"}, {"label": "almacenamiento", "value": "almacenamiento", "group": "03. Opciones de temas"}, {"label": "alternadores", "value": "alternadores", "group": "03. Opciones de temas"}, {"label": "análisis de los datos", "value": "análisis de los datos", "group": "03. Opciones de temas"}, {"label": "aplicadores", "value": "aplicadores", "group": "03. Opciones de temas"}, {"label": "aprendiendo", "value": "aprendiendo", "group": "03. Opciones de temas"}, {"label": "arquitectura", "value": "arquitectura", "group": "03. Opciones de temas"}, {"label": "arte", "value": "arte", "group": "03. Opciones de temas"}, {"label": "autorización", "value": "autorización", "group": "03. Opciones de temas"}, {"label": "bancario", "value": "bancario", "group": "03. Opciones de temas"}, {"label": "base tecnológica", "value": "base tecnológica", "group": "03. Opciones de temas"}, {"label": "bibliometría", "value": "bibliometría", "group": "03. Opciones de temas"}, {"label": "bienes inmateriales", "value": "bienes inmateriales", "group": "03. Opciones de temas"}, {"label": "bienes sociales", "value": "bienes sociales", "group": "03. Opciones de temas"}, {"label": "biología", "value": "biología", "group": "03. Opciones de temas"}, {"label": "calculadoras", "value": "calculadoras", "group": "03. Opciones de temas"}, {"label": "calentamiento global", "value": "calentamiento global", "group": "03. Opciones de temas"}, {"label": "calidad de servicio", "value": "calidad de servicio", "group": "03. Opciones de temas"}, {"label": "cambia", "value": "cambia", "group": "03. Opciones de temas"}, {"label": "cambio climático", "value": "cambio climático", "group": "03. Opciones de temas"}, {"label": "capacitación", "value": "capacitación", "group": "03. Opciones de temas"}, {"label": "carbón", "value": "carbón", "group": "03. Opciones de temas"}, {"label": "ciencias económicas", "value": "ciencias económicas", "group": "03. Opciones de temas"}, {"label": "colaboración", "value": "colaboración", "group": "03. Opciones de temas"}, {"label": "combustibles", "value": "combustibles", "group": "03. Opciones de temas"}, {"label": "comentarios", "value": "comentarios", "group": "03. Opciones de temas"}, {"label": "compañías", "value": "compañías", "group": "03. Opciones de temas"}, {"label": "conductividad", "value": "conductividad", "group": "03. Opciones de temas"}, {"label": "conferencias", "value": "conferencias", "group": "03. Opciones de temas"}, {"label": "construcción", "value": "construcción", "group": "03. Opciones de temas"}, {"label": "consumo responsable", "value": "consumo responsable", "group": "03. Opciones de temas"}, {"label": "contaminación", "value": "contaminación", "group": "03. Opciones de temas"}, {"label": "contenedores", "value": "contenedores", "group": "03. Opciones de temas"}, {"label": "contexto", "value": "contexto", "group": "03. Opciones de temas"}, {"label": "contratos", "value": "contratos", "group": "03. Opciones de temas"}, {"label": "controlabilidad", "value": "controlabilidad", "group": "03. Opciones de temas"}, {"label": "correladores", "value": "correladores", "group": "03. Opciones de temas"}, {"label": "costos", "value": "costos", "group": "03. Opciones de temas"}, {"label": "creatividad", "value": "creatividad", "group": "03. Opciones de temas"}, {"label": "cultura organizacional", "value": "cultura organizacional", "group": "03. Opciones de temas"}, {"label": "desarrollo sostenible", "value": "desarrollo sostenible", "group": "03. Opciones de temas"}, {"label": "dinámica", "value": "dinámica", "group": "03. Opciones de temas"}, {"label": "dirigir", "value": "dirigir", "group": "03. Opciones de temas"}, {"label": "diseño para experimentos", "value": "diseño para experimentos", "group": "03. Opciones de temas"}, {"label": "disponibilidad", "value": "disponibilidad", "group": "03. Opciones de temas"}, {"label": "distribución de poder", "value": "distribución de poder", "group": "03. Opciones de temas"}, {"label": "distribución de weibull", "value": "distribución de weibull", "group": "03. Opciones de temas"}, {"label": "diálogo", "value": "diálogo", "group": "03. Opciones de temas"}, {"label": "documentación", "value": "documentación", "group": "03. Opciones de temas"}, {"label": "dos fluido de la máquina", "value": "dos fluido de la máquina", "group": "03. Opciones de temas"}, {"label": "dosimetría", "value": "dosimetría", "group": "03. Opciones de temas"}, {"label": "econometría", "value": "econometría", "group": "03. Opciones de temas"}, {"label": "economías de escala", "value": "economías de escala", "group": "03. Opciones de temas"}, {"label": "ecuaciones", "value": "ecuaciones", "group": "03. Opciones de temas"}, {"label": "ecuaciones estructurales modelado sem", "value": "ecuaciones estructurales modelado sem", "group": "03. Opciones de temas"}, {"label": "edificios", "value": "edificios", "group": "03. Opciones de temas"}, {"label": "educación", "value": "educación", "group": "03. Opciones de temas"}, {"label": "eficiencia energética", "value": "eficiencia energética", "group": "03. Opciones de temas"}, {"label": "electricidad", "value": "electricidad", "group": "03. Opciones de temas"}, {"label": "electrones", "value": "electrones", "group": "03. Opciones de temas"}, {"label": "emprendimiento", "value": "emprendimiento", "group": "03. Opciones de temas"}, {"label": "energía", "value": "energía", "group": "03. Opciones de temas"}, {"label": "energía eólica", "value": "energía eólica", "group": "03. Opciones de temas"}, {"label": "enrutamiento", "value": "enrutamiento", "group": "03. Opciones de temas"}, {"label": "enrutamiento de vehículos", "value": "enrutamiento de vehículos", "group": "03. Opciones de temas"}, {"label": "entrevista", "value": "entrevista", "group": "03. Opciones de temas"}, {"label": "envejecimiento", "value": "envejecimiento", "group": "03. Opciones de temas"}, {"label": "escritura", "value": "escritura", "group": "03. Opciones de temas"}, {"label": "estadísticas", "value": "estadísticas", "group": "03. Opciones de temas"}, {"label": "estimacion", "value": "estimacion", "group": "03. Opciones de temas"}, {"label": "etanol", "value": "etanol", "group": "03. Opciones de temas"}, {"label": "fabricación", "value": "fabricación", "group": "03. Opciones de temas"}, {"label": "fiabilidad", "value": "fiabilidad", "group": "03. Opciones de temas"}, {"label": "fotografía", "value": "fotografía", "group": "03. Opciones de temas"}, {"label": "frecuencia", "value": "frecuencia", "group": "03. Opciones de temas"}, {"label": "fuerza", "value": "fuerza", "group": "03. Opciones de temas"}, {"label": "funciones de distribución", "value": "funciones de distribución", "group": "03. Opciones de temas"}, {"label": "física", "value": "física", "group": "03. Opciones de temas"}, {"label": "ganar", "value": "ganar", "group": "03. Opciones de temas"}, {"label": "generación de energía", "value": "generación de energía", "group": "03. Opciones de temas"}, {"label": "generadores", "value": "generadores", "group": "03. Opciones de temas"}, {"label": "genética", "value": "genética", "group": "03. Opciones de temas"}, {"label": "gerencia humana", "value": "gerencia humana", "group": "03. Opciones de temas"}, {"label": "gestión de la cultura", "value": "gestión de la cultura", "group": "03. Opciones de temas"}, {"label": "gestión de la ingeniería", "value": "gestión de la ingeniería", "group": "03. Opciones de temas"}, {"label": "gestión de la operación estratégica", "value": "gestión de la operación estratégica", "group": "03. Opciones de temas"}, {"label": "gestión de recursos humanos", "value": "gestión de recursos humanos", "group": "03. Opciones de temas"}, {"label": "globalización", "value": "globalización", "group": "03. Opciones de temas"}, {"label": "gobierno", "value": "gobierno", "group": "03. Opciones de temas"}, {"label": "grupo de investigacion", "value": "grupo de investigacion", "group": "03. Opciones de temas"}, {"label": "habilidades", "value": "habilidades", "group": "03. Opciones de temas"}, {"label": "herramientas", "value": "herramientas", "group": "03. Opciones de temas"}, {"label": "historia", "value": "historia", "group": "03. Opciones de temas"}, {"label": "historia de gestión", "value": "historia de gestión", "group": "03. Opciones de temas"}, {"label": "historia de la educación", "value": "historia de la educación", "group": "03. Opciones de temas"}, {"label": "horarios", "value": "horarios", "group": "03. Opciones de temas"}, {"label": "hormigón", "value": "hormigón", "group": "03. Opciones de temas"}, {"label": "hospitales", "value": "hospitales", "group": "03. Opciones de temas"}, {"label": "incertidumbre", "value": "incertidumbre", "group": "03. Opciones de temas"}, {"label": "indexación", "value": "indexación", "group": "03. Opciones de temas"}, {"label": "indignación moral", "value": "indignación moral", "group": "03. Opciones de temas"}, {"label": "industrias", "value": "industrias", "group": "03. Opciones de temas"}, {"label": "ingeniería de economía", "value": "ingeniería de economía", "group": "03. Opciones de temas"}, {"label": "ingeniería de sistemas", "value": "ingeniería de sistemas", "group": "03. Opciones de temas"}, {"label": "innovación tecnológica", "value": "innovación tecnológica", "group": "03. Opciones de temas"}, {"label": "instituciones educacionales", "value": "instituciones educacionales", "group": "03. Opciones de temas"}, {"label": "instrumentos", "value": "instrumentos", "group": "03. Opciones de temas"}, {"label": "interruptores", "value": "interruptores", "group": "03. Opciones de temas"}, {"label": "irresponsabilidad social corporativa", "value": "irresponsabilidad social corporativa", "group": "03. Opciones de temas"}, {"label": "la investigación de operaciones", "value": "la investigación de operaciones", "group": "03. Opciones de temas"}, {"label": "la personalización en masa", "value": "la personalización en masa", "group": "03. Opciones de temas"}, {"label": "ley", "value": "ley", "group": "03. Opciones de temas"}, {"label": "liderazgo", "value": "liderazgo", "group": "03. Opciones de temas"}, {"label": "limitante", "value": "limitante", "group": "03. Opciones de temas"}, {"label": "limpieza", "value": "limpieza", "group": "03. Opciones de temas"}, {"label": "logística", "value": "logística", "group": "03. Opciones de temas"}, {"label": "los consumidores perciben valores", "value": "los consumidores perciben valores", "group": "03. Opciones de temas"}, {"label": "lógica", "value": "lógica", "group": "03. Opciones de temas"}, {"label": "lógica difusa", "value": "lógica difusa", "group": "03. Opciones de temas"}, {"label": "manipuladores", "value": "manipuladores", "group": "03. Opciones de temas"}, {"label": "mantenimiento", "value": "mantenimiento", "group": "03. Opciones de temas"}, {"label": "manuales", "value": "manuales", "group": "03. Opciones de temas"}, {"label": "maquinista", "value": "maquinista", "group": "03. Opciones de temas"}, {"label": "matemáticas", "value": "matemáticas", "group": "03. Opciones de temas"}, {"label": "materiales", "value": "materiales", "group": "03. Opciones de temas"}, {"label": "mecanizado", "value": "mecanizado", "group": "03. Opciones de temas"}, {"label": "medición", "value": "medición", "group": "03. Opciones de temas"}, {"label": "medios de comunicación", "value": "medios de comunicación", "group": "03. Opciones de temas"}, {"label": "mejoramiento", "value": "mejoramiento", "group": "03. Opciones de temas"}, {"label": "meméficos", "value": "meméficos", "group": "03. Opciones de temas"}, {"label": "metodología de diseño", "value": "metodología de diseño", "group": "03. Opciones de temas"}, {"label": "minerales", "value": "minerales", "group": "03. Opciones de temas"}, {"label": "minimización", "value": "minimización", "group": "03. Opciones de temas"}, {"label": "modelado", "value": "modelado", "group": "03. Opciones de temas"}, {"label": "modelado basado en agentes", "value": "modelado basado en agentes", "group": "03. Opciones de temas"}, {"label": "modelado de sistemas", "value": "modelado de sistemas", "group": "03. Opciones de temas"}, {"label": "modelos econométricos", "value": "modelos econométricos", "group": "03. Opciones de temas"}, {"label": "momento", "value": "momento", "group": "03. Opciones de temas"}, {"label": "motores", "value": "motores", "group": "03. Opciones de temas"}, {"label": "movimiento browniano", "value": "movimiento browniano", "group": "03. Opciones de temas"}, {"label": "negocio", "value": "negocio", "group": "03. Opciones de temas"}, {"label": "observabilidad", "value": "observabilidad", "group": "03. Opciones de temas"}, {"label": "observadores", "value": "observadores", "group": "03. Opciones de temas"}, {"label": "observatorios", "value": "observatorios", "group": "03. Opciones de temas"}, {"label": "optimización de objetivos multi", "value": "optimización de objetivos multi", "group": "03. Opciones de temas"}, {"label": "optimización de pareto", "value": "optimización de pareto", "group": "03. Opciones de temas"}, {"label": "ordenadores", "value": "ordenadores", "group": "03. Opciones de temas"}, {"label": "organismos", "value": "organismos", "group": "03. Opciones de temas"}, {"label": "organizaciones", "value": "organizaciones", "group": "03. Opciones de temas"}, {"label": "oro", "value": "oro", "group": "03. Opciones de temas"}, {"label": "parques eólicos", "value": "parques eólicos", "group": "03. Opciones de temas"}, {"label": "pautas", "value": "pautas", "group": "03. Opciones de temas"}, {"label": "países en desarrollo", "value": "países en desarrollo", "group": "03. Opciones de temas"}, {"label": "pequeño poder hidroeléctrico shp", "value": "pequeño poder hidroeléctrico shp", "group": "03. Opciones de temas"}, {"label": "periodismo", "value": "periodismo", "group": "03. Opciones de temas"}, {"label": "planificación", "value": "planificación", "group": "03. Opciones de temas"}, {"label": "portafolios", "value": "portafolios", "group": "03. Opciones de temas"}, {"label": "precio de precios de electricidad", "value": "precio de precios de electricidad", "group": "03. Opciones de temas"}, {"label": "prensado", "value": "prensado", "group": "03. Opciones de temas"}, {"label": "privatización", "value": "privatización", "group": "03. Opciones de temas"}, {"label": "probabilidad", "value": "probabilidad", "group": "03. Opciones de temas"}, {"label": "proceso de investigación", "value": "proceso de investigación", "group": "03. Opciones de temas"}, {"label": "producción", "value": "producción", "group": "03. Opciones de temas"}, {"label": "productividad", "value": "productividad", "group": "03. Opciones de temas"}, {"label": "programación", "value": "programación", "group": "03. Opciones de temas"}, {"label": "programación de producción", "value": "programación de producción", "group": "03. Opciones de temas"}, {"label": "programas educativos", "value": "programas educativos", "group": "03. Opciones de temas"}, {"label": "pronóstico", "value": "pronóstico", "group": "03. Opciones de temas"}, {"label": "prototipos", "value": "prototipos", "group": "03. Opciones de temas"}, {"label": "pruebas", "value": "pruebas", "group": "03. Opciones de temas"}, {"label": "psicología", "value": "psicología", "group": "03. Opciones de temas"}, {"label": "publicación", "value": "publicación", "group": "03. Opciones de temas"}, {"label": "receptores", "value": "receptores", "group": "03. Opciones de temas"}, {"label": "recursos hídricos", "value": "recursos hídricos", "group": "03. Opciones de temas"}, {"label": "reflectividad", "value": "reflectividad", "group": "03. Opciones de temas"}, {"label": "reguladores", "value": "reguladores", "group": "03. Opciones de temas"}, {"label": "rentabilidad", "value": "rentabilidad", "group": "03. Opciones de temas"}, {"label": "reuniones", "value": "reuniones", "group": "03. Opciones de temas"}, {"label": "robustez", "value": "robustez", "group": "03. Opciones de temas"}, {"label": "ruido", "value": "ruido", "group": "03. Opciones de temas"}, {"label": "satélites", "value": "satélites", "group": "03. Opciones de temas"}, {"label": "secuencias", "value": "secuencias", "group": "03. Opciones de temas"}, {"label": "seguridad", "value": "seguridad", "group": "03. Opciones de temas"}, {"label": "simulación", "value": "simulación", "group": "03. Opciones de temas"}, {"label": "sistemas de información", "value": "sistemas de información", "group": "03. Opciones de temas"}, {"label": "sistemas de poder", "value": "sistemas de poder", "group": "03. Opciones de temas"}, {"label": "sistemas dinámicos", "value": "sistemas dinámicos", "group": "03. Opciones de temas"}, {"label": "sistemático", "value": "sistemático", "group": "03. Opciones de temas"}, {"label": "software", "value": "software", "group": "03. Opciones de temas"}, {"label": "sólidos", "value": "sólidos", "group": "03. Opciones de temas"}, {"label": "taller de trabajo", "value": "taller de trabajo", "group": "03. Opciones de temas"}, {"label": "tecnología", "value": "tecnología", "group": "03. Opciones de temas"}, {"label": "tecnología de la información y la comunicación", "value": "tecnología de la información y la comunicación", "group": "03. Opciones de temas"}, {"label": "tecnología de las comunicaciones", "value": "tecnología de las comunicaciones", "group": "03. Opciones de temas"}, {"label": "textiles", "value": "textiles", "group": "03. Opciones de temas"}, {"label": "tienda de flujo", "value": "tienda de flujo", "group": "03. Opciones de temas"}, {"label": "trabajo crítico", "value": "trabajo crítico", "group": "03. Opciones de temas"}, {"label": "transferencia tecnológica", "value": "transferencia tecnológica", "group": "03. Opciones de temas"}, {"label": "transformaciones", "value": "transformaciones", "group": "03. Opciones de temas"}, {"label": "transformadores", "value": "transformadores", "group": "03. Opciones de temas"}, {"label": "transporte", "value": "transporte", "group": "03. Opciones de temas"}, {"label": "transporte terrestre", "value": "transporte terrestre", "group": "03. Opciones de temas"}, {"label": "vehículos", "value": "vehículos", "group": "03. Opciones de temas"}, {"label": "vigilancia", "value": "vigilancia", "group": "03. Opciones de temas"}, {"label": "web 20", "value": "web 20", "group": "03. Opciones de temas"}, {"label": "índices", "value": "índices", "group": "03. Opciones de temas"}]}