{"nodes": [{"id": "23701f44-5540-4623-86c4-f7aa219b8755", "label": "VICERRECTORÍA DE SEDE", "type": "faculty"}, {"id": "8e4c0081-55fb-472b-b8d8-701b41599e0e", "label": "Instituto de Biotecnología - Ibun", "type": "uab"}, {"id": 2785, "label": "Ceron Salamanca Jairo Alonso", "type": "author"}, {"id": 2786, "label": "Uribe Velez Daniel", "type": "author"}, {"id": 2787, "label": "Barreto Hernandez Emiliano", "type": "author"}, {"id": 2788, "label": "Serrano Bermúdez Luis Miguel", "type": "author"}, {"id": 2789, "label": "Buitrago Hurtado Gustavo", "type": "author"}, {"id": 2790, "label": "Guzman Barney Maria Monica", "type": "author"}, {"id": 2791, "label": "Montoya Castaño Dolly", "type": "author"}, {"id": 2792, "label": "Reguero Reza Maria Teresa Jesus", "type": "author"}, {"id": 2793, "label": "Diaz Tatis Paula Alejandra", "type": "author"}, {"id": 3265, "label": "Muñoz Diaz Claudia Marina", "type": "author"}], "links": [{"source": "23701f44-5540-4623-86c4-f7aa219b8755", "target": "8e4c0081-55fb-472b-b8d8-701b41599e0e", "value": 1}, {"source": "8e4c0081-55fb-472b-b8d8-701b41599e0e", "target": 2785, "value": 1}, {"source": "8e4c0081-55fb-472b-b8d8-701b41599e0e", "target": 2786, "value": 1}, {"source": "8e4c0081-55fb-472b-b8d8-701b41599e0e", "target": 2787, "value": 1}, {"source": "8e4c0081-55fb-472b-b8d8-701b41599e0e", "target": 2788, "value": 1}, {"source": "8e4c0081-55fb-472b-b8d8-701b41599e0e", "target": 2789, "value": 1}, {"source": "8e4c0081-55fb-472b-b8d8-701b41599e0e", "target": 2790, "value": 1}, {"source": "8e4c0081-55fb-472b-b8d8-701b41599e0e", "target": 2791, "value": 1}, {"source": "8e4c0081-55fb-472b-b8d8-701b41599e0e", "target": 2792, "value": 1}, {"source": "8e4c0081-55fb-472b-b8d8-701b41599e0e", "target": 2793, "value": 1}, {"source": "8e4c0081-55fb-472b-b8d8-701b41599e0e", "target": 3265, "value": 1}], "options": [{"label": "Estado inicial", "value": "VICERRECTORÍA DE SEDE", "group": "00. Opciones predeterminadas"}, {"label": "VICERRECTORÍA DE SEDE", "value": "VICERRECTORÍA DE SEDE", "group": "01. Opciones de facultad"}, {"label": "Instituto de Biotecnología - Ibun", "value": "Instituto de Biotecnología - Ibun", "group": "02. Opciones de uab"}, {"label": "Barreto Hernandez Emiliano", "value": "Barreto Hernandez Emiliano", "group": "03. Opciones de autor"}, {"label": "Buitrago Hurtado Gustavo", "value": "Buitrago Hurtado Gustavo", "group": "03. Opciones de autor"}, {"label": "Ceron Salamanca Jairo Alonso", "value": "Ceron Salamanca Jairo Alonso", "group": "03. Opciones de autor"}, {"label": "Diaz Tatis Paula Alejandra", "value": "Diaz Tatis Paula Alejandra", "group": "03. Opciones de autor"}, {"label": "Guzman Barney Maria Monica", "value": "Guzman Barney Maria Monica", "group": "03. Opciones de autor"}, {"label": "Montoya Castaño Dolly", "value": "Montoya Castaño Dolly", "group": "03. Opciones de autor"}, {"label": "Muñoz Diaz Claudia Marina", "value": "Muñoz Diaz Claudia Marina", "group": "03. Opciones de autor"}, {"label": "Reguero Reza Maria Teresa Jesus", "value": "Reguero Reza Maria Teresa Jesus", "group": "03. Opciones de autor"}, {"label": "Serrano Bermúdez Luis Miguel", "value": "Serrano Bermúdez Luis Miguel", "group": "03. Opciones de autor"}, {"label": "Uribe Velez Daniel", "value": "Uribe Velez Daniel", "group": "03. Opciones de autor"}]}