{"nodes": [{"id": "7da3b6de-f40c-4b0b-9235-7430718a0da4", "label": "Departamento de Ciencias Agrícolas", "type": "uab"}, {"id": 2580, "label": "Pelaez Pelaez Manuel Jose", "type": "author"}, {"id": 2582, "label": "Muñoz Perea Carlos German", "type": "author"}, {"id": 2586, "label": "Vasquez Amariles Herney Dario", "type": "author"}, {"id": 2587, "label": "Zarate Reyes Ruben Dario", "type": "author"}, {"id": 2590, "label": "Hidalgo Hidalgo Rigoberto", "type": "author"}, {"id": 2591, "label": "Manzano Martinez Maria Del Rosario", "type": "author"}, {"id": 2592, "label": "Cardozo Conde Carlos Ivan", "type": "author"}, {"id": 2593, "label": "Estrada Salazar Edgar Ivan", "type": "author"}, {"id": 2595, "label": "Menjivar Flores Juan Carlos", "type": "author"}, {"id": "geohazard", "label": "geohazard", "type": "topic"}, {"id": "cultivo de café", "label": "cultivo de café", "type": "topic"}, {"id": "susceptibilidad de deslizamiento de tierra", "label": "susceptibilidad de deslizamiento de tierra", "type": "topic"}, {"id": "frecuencia", "label": "frecuencia", "type": "topic"}, {"id": "geología", "label": "geología", "type": "topic"}, {"id": "tierra", "label": "tierra", "type": "topic"}, {"id": "ceniza volcánica", "label": "ceniza volcánica", "type": "topic"}, {"id": "logística", "label": "logística", "type": "topic"}, {"id": "autorización", "label": "autorización", "type": "topic"}, {"id": "conductividad", "label": "conductividad", "type": "topic"}, {"id": "encendiendo", "label": "encendiendo", "type": "topic"}, {"id": "compuestos", "label": "compuestos", "type": "topic"}, {"id": "probabilidad", "label": "probabilidad", "type": "topic"}, {"id": "índices", "label": "índices", "type": "topic"}, {"id": "indexación", "label": "indexación", "type": "topic"}, {"id": "modelado", "label": "modelado", "type": "topic"}, {"id": 2596, "label": "Ramos Rodriguez Hector Fabio", "type": "author"}, {"id": 2598, "label": "Ceballos Lascano Hernan", "type": "author"}, {"id": 2602, "label": "Rivera Posada Jose Horacio", "type": "author"}, {"id": 2605, "label": "Mejia De Tafur Maria Sara", "type": "author"}, {"id": 2612, "label": "Mesa Cobo Nora Cristina", "type": "author"}, {"id": 2615, "label": "Vaca Vaca Juan Carlos", "type": "author"}, {"id": 2633, "label": "Vallejo Cabrera Franco Alirio", "type": "author"}, {"id": "métodos de agrupamiento", "label": "métodos de agrupamiento", "type": "topic"}, {"id": "genética", "label": "genética", "type": "topic"}, {"id": "transformaciones", "label": "transformaciones", "type": "topic"}, {"id": "transformadores", "label": "transformadores", "type": "topic"}, {"id": 2638, "label": "Garcia Davila Mario Augusto", "type": "author"}, {"id": 2642, "label": "Velasquez Ibañez Elena", "type": "author"}, {"id": 3088, "label": "Morillo Coronado Yacenia", "type": "author"}], "links": [{"source": "7da3b6de-f40c-4b0b-9235-7430718a0da4", "target": 2580, "value": 1}, {"source": "7da3b6de-f40c-4b0b-9235-7430718a0da4", "target": 2582, "value": 1}, {"source": "7da3b6de-f40c-4b0b-9235-7430718a0da4", "target": 2586, "value": 1}, {"source": "7da3b6de-f40c-4b0b-9235-7430718a0da4", "target": 2587, "value": 1}, {"source": "7da3b6de-f40c-4b0b-9235-7430718a0da4", "target": 2590, "value": 1}, {"source": "7da3b6de-f40c-4b0b-9235-7430718a0da4", "target": 2591, "value": 1}, {"source": "7da3b6de-f40c-4b0b-9235-7430718a0da4", "target": 2592, "value": 1}, {"source": "7da3b6de-f40c-4b0b-9235-7430718a0da4", "target": 2593, "value": 1}, {"source": "7da3b6de-f40c-4b0b-9235-7430718a0da4", "target": 2595, "value": 1}, {"source": 2595, "target": "geohazard", "value": 1}, {"source": 2595, "target": "cultivo de café", "value": 1}, {"source": 2595, "target": "susceptibilidad de deslizamiento de tierra", "value": 1}, {"source": 2595, "target": "frecuencia", "value": 1}, {"source": 2595, "target": "geología", "value": 1}, {"source": 2595, "target": "tierra", "value": 1}, {"source": 2595, "target": "ceniza volcánica", "value": 1}, {"source": 2595, "target": "logística", "value": 1}, {"source": 2595, "target": "autorización", "value": 1}, {"source": 2595, "target": "conductividad", "value": 1}, {"source": 2595, "target": "encendiendo", "value": 1}, {"source": 2595, "target": "compuestos", "value": 1}, {"source": 2595, "target": "probabilidad", "value": 1}, {"source": 2595, "target": "índices", "value": 1}, {"source": 2595, "target": "indexación", "value": 1}, {"source": 2595, "target": "modelado", "value": 1}, {"source": "7da3b6de-f40c-4b0b-9235-7430718a0da4", "target": 2596, "value": 1}, {"source": "7da3b6de-f40c-4b0b-9235-7430718a0da4", "target": 2598, "value": 1}, {"source": "7da3b6de-f40c-4b0b-9235-7430718a0da4", "target": 2602, "value": 1}, {"source": "7da3b6de-f40c-4b0b-9235-7430718a0da4", "target": 2605, "value": 1}, {"source": "7da3b6de-f40c-4b0b-9235-7430718a0da4", "target": 2612, "value": 1}, {"source": "7da3b6de-f40c-4b0b-9235-7430718a0da4", "target": 2615, "value": 1}, {"source": "7da3b6de-f40c-4b0b-9235-7430718a0da4", "target": 2633, "value": 1}, {"source": 2633, "target": "métodos de agrupamiento", "value": 2}, {"source": 2633, "target": "genética", "value": 2}, {"source": 2633, "target": "conductividad", "value": 2}, {"source": 2633, "target": "transformaciones", "value": 2}, {"source": 2633, "target": "transformadores", "value": 2}, {"source": 2633, "target": "índices", "value": 2}, {"source": 2633, "target": "indexación", "value": 2}, {"source": "7da3b6de-f40c-4b0b-9235-7430718a0da4", "target": 2638, "value": 1}, {"source": "7da3b6de-f40c-4b0b-9235-7430718a0da4", "target": 2642, "value": 1}, {"source": "7da3b6de-f40c-4b0b-9235-7430718a0da4", "target": 3088, "value": 1}], "options": [{"label": "Estado inicial", "value": "Departamento de Ciencias Agrícolas", "group": "00. Opciones predeterminadas"}, {"label": "Cardozo Conde Carlos Ivan", "value": "Cardozo Conde Carlos Ivan", "group": "02. Opciones de autor"}, {"label": "Ceballos Lascano Hernan", "value": "Ceballos Lascano Hernan", "group": "02. Opciones de autor"}, {"label": "Estrada Salazar Edgar Ivan", "value": "Estrada Salazar Edgar Ivan", "group": "02. Opciones de autor"}, {"label": "Garcia Davila Mario Augusto", "value": "Garcia Davila Mario Augusto", "group": "02. Opciones de autor"}, {"label": "Hidalgo Hidalgo Rigoberto", "value": "Hidalgo Hidalgo Rigoberto", "group": "02. Opciones de autor"}, {"label": "Manzano Martinez Maria Del Rosario", "value": "Manzano Martinez Maria Del Rosario", "group": "02. Opciones de autor"}, {"label": "Mejia De Tafur Maria Sara", "value": "Mejia De Tafur Maria Sara", "group": "02. Opciones de autor"}, {"label": "Menjivar Flores Juan Carlos", "value": "Menjivar Flores Juan Carlos", "group": "02. Opciones de autor"}, {"label": "Mesa Cobo Nora Cristina", "value": "Mesa Cobo Nora Cristina", "group": "02. Opciones de autor"}, {"label": "Morillo Coronado Yacenia", "value": "Morillo Coronado Yacenia", "group": "02. Opciones de autor"}, {"label": "Muñoz Perea Carlos German", "value": "Muñoz Perea Carlos German", "group": "02. Opciones de autor"}, {"label": "Pelaez Pelaez Manuel Jose", "value": "Pelaez Pelaez Manuel Jose", "group": "02. Opciones de autor"}, {"label": "Ramos Rodriguez Hector Fabio", "value": "Ramos Rodriguez Hector Fabio", "group": "02. Opciones de autor"}, {"label": "Rivera Posada Jose Horacio", "value": "Rivera Posada Jose Horacio", "group": "02. Opciones de autor"}, {"label": "Vaca Vaca Juan Carlos", "value": "Vaca Vaca Juan Carlos", "group": "02. Opciones de autor"}, {"label": "Vallejo Cabrera Franco Alirio", "value": "Vallejo Cabrera Franco Alirio", "group": "02. Opciones de autor"}, {"label": "Vasquez Amariles Herney Dario", "value": "Vasquez Amariles Herney Dario", "group": "02. Opciones de autor"}, {"label": "Velasquez Ibañez Elena", "value": "Velasquez Ibañez Elena", "group": "02. Opciones de autor"}, {"label": "Zarate Reyes Ruben Dario", "value": "Zarate Reyes Ruben Dario", "group": "02. Opciones de autor"}, {"label": "Departamento de Ciencias Agrícolas", "value": "Departamento de Ciencias Agrícolas", "group": "02. Opciones de uab"}, {"label": "autorización", "value": "autorización", "group": "03. Opciones de temas"}, {"label": "ceniza volcánica", "value": "ceniza volcánica", "group": "03. Opciones de temas"}, {"label": "compuestos", "value": "compuestos", "group": "03. Opciones de temas"}, {"label": "conductividad", "value": "conductividad", "group": "03. Opciones de temas"}, {"label": "cultivo de café", "value": "cultivo de café", "group": "03. Opciones de temas"}, {"label": "encendiendo", "value": "encendiendo", "group": "03. Opciones de temas"}, {"label": "frecuencia", "value": "frecuencia", "group": "03. Opciones de temas"}, {"label": "genética", "value": "genética", "group": "03. Opciones de temas"}, {"label": "geohazard", "value": "geohazard", "group": "03. Opciones de temas"}, {"label": "geología", "value": "geología", "group": "03. Opciones de temas"}, {"label": "indexación", "value": "indexación", "group": "03. Opciones de temas"}, {"label": "logística", "value": "logística", "group": "03. Opciones de temas"}, {"label": "modelado", "value": "modelado", "group": "03. Opciones de temas"}, {"label": "métodos de agrupamiento", "value": "métodos de agrupamiento", "group": "03. Opciones de temas"}, {"label": "probabilidad", "value": "probabilidad", "group": "03. Opciones de temas"}, {"label": "susceptibilidad de deslizamiento de tierra", "value": "susceptibilidad de deslizamiento de tierra", "group": "03. Opciones de temas"}, {"label": "tierra", "value": "tierra", "group": "03. Opciones de temas"}, {"label": "transformaciones", "value": "transformaciones", "group": "03. Opciones de temas"}, {"label": "transformadores", "value": "transformadores", "group": "03. Opciones de temas"}, {"label": "índices", "value": "índices", "group": "03. Opciones de temas"}]}