{"nodes": [{"id": "fc4c9b7e-50e4-4881-8f25-c8da85237c66", "label": "Departamento de Comunicación Humana", "type": "uab"}, {"id": 0, "label": "Acero Niño Gloria Amparo", "type": "author"}, {"id": 15, "label": "Akli Serpa Liliana", "type": "author"}, {"id": "calibración", "label": "calibración", "type": "topic"}, {"id": "electrones", "label": "electrones", "type": "topic"}, {"id": "biología", "label": "biología", "type": "topic"}, {"id": "acústica", "label": "acústica", "type": "topic"}, {"id": "electrónica", "label": "electrónica", "type": "topic"}, {"id": "habla", "label": "habla", "type": "topic"}, {"id": "patólogos", "label": "patólogos", "type": "topic"}, {"id": "pseudomonas", "label": "pseudomonas", "type": "topic"}, {"id": "pseudomonas aeruginosa", "label": "pseudomonas aeruginosa", "type": "topic"}, {"id": "endocarditis", "label": "endocarditis", "type": "topic"}, {"id": "medicalización", "label": "medicalización", "type": "topic"}, {"id": "bradicardia", "label": "bradicardia", "type": "topic"}, {"id": "urgencias médicas", "label": "urgencias médicas", "type": "topic"}, {"id": 39, "label": "Angel Gordillo Luisa Fernanda", "type": "author"}, {"id": "voz", "label": "voz", "type": "topic"}, {"id": "conducta", "label": "conducta", "type": "topic"}, {"id": "behaviorismo", "label": "behaviorismo", "type": "topic"}, {"id": "diagnóstico", "label": "diagnóstico", "type": "topic"}, {"id": "educación", "label": "educación", "type": "topic"}, {"id": "trastornos de la voz", "label": "trastornos de la voz", "type": "topic"}, {"id": "logoterapia", "label": "logoterapia", "type": "topic"}, {"id": "individualidad", "label": "individualidad", "type": "topic"}, {"id": "individualismo", "label": "individualismo", "type": "topic"}, {"id": "socialismo", "label": "socialismo", "type": "topic"}, {"id": "socialización", "label": "socialización", "type": "topic"}, {"id": "críticas", "label": "críticas", "type": "topic"}, {"id": "revisión", "label": "revisión", "type": "topic"}, {"id": "literatura", "label": "literatura", "type": "topic"}, {"id": "grupos ocupacionales", "label": "grupos ocupacionales", "type": "topic"}, {"id": "malla de voz", "label": "malla de voz", "type": "topic"}, {"id": "amplificadores", "label": "amplificadores", "type": "topic"}, {"id": "prevención primaria", "label": "prevención primaria", "type": "topic"}, {"id": "grupos profesionales", "label": "grupos profesionales", "type": "topic"}, {"id": "ocupaciones", "label": "ocupaciones", "type": "topic"}, {"id": "herramientas", "label": "herramientas", "type": "topic"}, {"id": "frecuencia", "label": "frecuencia", "type": "topic"}, {"id": "materiales", "label": "materiales", "type": "topic"}, {"id": "terapéutica", "label": "terapéutica", "type": "topic"}, {"id": "objetivos", "label": "objetivos", "type": "topic"}, {"id": "personalidad", "label": "personalidad", "type": "topic"}, {"id": "asertividad", "label": "asertividad", "type": "topic"}, {"id": 141, "label": "Camargo Mendoza Maryluz", "type": "author"}, {"id": "lenguaje", "label": "lenguaje", "type": "topic"}, {"id": "trabajo", "label": "trabajo", "type": "topic"}, {"id": "carácter", "label": "carácter", "type": "topic"}, {"id": "colombia", "label": "colombia", "type": "topic"}, {"id": "envejecimiento", "label": "envejecimiento", "type": "topic"}, {"id": "registros", "label": "registros", "type": "topic"}, {"id": "anciano", "label": "anciano", "type": "topic"}, {"id": "enfermedades", "label": "enfermedades", "type": "topic"}, {"id": "enfermedad", "label": "enfermedad", "type": "topic"}, {"id": "producción", "label": "producción", "type": "topic"}, {"id": "productividad", "label": "productividad", "type": "topic"}, {"id": "salud", "label": "salud", "type": "topic"}, {"id": "observadores", "label": "observadores", "type": "topic"}, {"id": "golondrinas", "label": "golondrinas", "type": "topic"}, {"id": "enfermedad de huntington", "label": "enfermedad de huntington", "type": "topic"}, {"id": "sincronización", "label": "sincronización", "type": "topic"}, {"id": "generadores", "label": "generadores", "type": "topic"}, {"id": "miastenia gravis", "label": "miastenia gravis", "type": "topic"}, {"id": "métodos", "label": "métodos", "type": "topic"}, {"id": 227, "label": "Cuervo Echeverri Clemencia Lucia", "type": "author"}, {"id": "audiología", "label": "audiología", "type": "topic"}, {"id": "terapia del lenguaje", "label": "terapia del lenguaje", "type": "topic"}, {"id": "rehabilitación", "label": "rehabilitación", "type": "topic"}, {"id": "comprensión", "label": "comprensión", "type": "topic"}, {"id": "audición", "label": "audición", "type": "topic"}, {"id": "nombres", "label": "nombres", "type": "topic"}, {"id": "boston", "label": "boston", "type": "topic"}, {"id": "actitud", "label": "actitud", "type": "topic"}, {"id": "comunicación", "label": "comunicación", "type": "topic"}, {"id": "comunismo", "label": "comunismo", "type": "topic"}, {"id": "física", "label": "física", "type": "topic"}, {"id": "conocimiento", "label": "conocimiento", "type": "topic"}, {"id": "patología", "label": "patología", "type": "topic"}, {"id": "afasia", "label": "afasia", "type": "topic"}, {"id": "eficiencia", "label": "eficiencia", "type": "topic"}, {"id": "ética", "label": "ética", "type": "topic"}, {"id": "profesionalismo", "label": "profesionalismo", "type": "topic"}, {"id": "pediatría", "label": "pediatría", "type": "topic"}, {"id": "publicaciones", "label": "publicaciones", "type": "topic"}, {"id": "tecnología", "label": "tecnología", "type": "topic"}, {"id": "laringitis", "label": "laringitis", "type": "topic"}, {"id": "fatiga", "label": "fatiga", "type": "topic"}, {"id": 287, "label": "Flórez Romero Rita", "type": "author"}, {"id": "escritura", "label": "escritura", "type": "topic"}, {"id": "investigación", "label": "investigación", "type": "topic"}, {"id": "lectura", "label": "lectura", "type": "topic"}, {"id": "aprendizaje", "label": "aprendizaje", "type": "topic"}, {"id": "instituciones académicas", "label": "instituciones académicas", "type": "topic"}, {"id": "estudiantes", "label": "estudiantes", "type": "topic"}, {"id": "enseñanza", "label": "enseñanza", "type": "topic"}, {"id": "cognición", "label": "cognición", "type": "topic"}, {"id": "alfabetización", "label": "alfabetización", "type": "topic"}, {"id": "observación", "label": "observación", "type": "topic"}, {"id": "lingüística", "label": "lingüística", "type": "topic"}, {"id": "anciano de 80 o más años", "label": "anciano de 80 o más años", "type": "topic"}, {"id": "proyección", "label": "proyección", "type": "topic"}, {"id": "universidades", "label": "universidades", "type": "topic"}, {"id": "pruebas", "label": "pruebas", "type": "topic"}, {"id": "concienciación", "label": "concienciación", "type": "topic"}, {"id": "programa", "label": "programa", "type": "topic"}, {"id": "logro", "label": "logro", "type": "topic"}, {"id": "organismos", "label": "organismos", "type": "topic"}, {"id": 338, "label": "Gómez Gómez Olga", "type": "author"}, {"id": "pérdida auditiva", "label": "pérdida auditiva", "type": "topic"}, {"id": "adaptabilidad", "label": "adaptabilidad", "type": "topic"}, {"id": "regulación hacia abajo", "label": "regulación hacia abajo", "type": "topic"}, {"id": "regulación hacia arriba", "label": "regulación hacia arriba", "type": "topic"}, {"id": "current", "label": "current", "type": "topic"}, {"id": "estandarización", "label": "estandarización", "type": "topic"}, {"id": "normas", "label": "normas", "type": "topic"}, {"id": "pérdida de la audición", "label": "pérdida de la audición", "type": "topic"}, {"id": "fuente de políticas públicas de salud malla nlm", "label": "fuente de políticas públicas de salud malla nlm", "type": "topic"}, {"id": "cribado neonatal", "label": "cribado neonatal", "type": "topic"}, {"id": "reguladores", "label": "reguladores", "type": "topic"}, {"id": "salud política pública fuente malla nlm", "label": "salud política pública fuente malla nlm", "type": "topic"}, {"id": "tamizaje neonatal", "label": "tamizaje neonatal", "type": "topic"}, {"id": "grabación", "label": "grabación", "type": "topic"}, {"id": "retinitis pigmentosa", "label": "retinitis pigmentosa", "type": "topic"}, {"id": "retinitis", "label": "retinitis", "type": "topic"}, {"id": "riesgo", "label": "riesgo", "type": "topic"}, {"id": "ciudades", "label": "ciudades", "type": "topic"}, {"id": "detección temprana", "label": "detección temprana", "type": "topic"}, {"id": 428, "label": "Lara Díaz María Fernanda", "type": "author"}, {"id": "memoria", "label": "memoria", "type": "topic"}, {"id": "enfermedad de alzheimer", "label": "enfermedad de alzheimer", "type": "topic"}, {"id": "observabilidad", "label": "observabilidad", "type": "topic"}, {"id": "semántica", "label": "semántica", "type": "topic"}, {"id": "pacientes", "label": "pacientes", "type": "topic"}, {"id": "medición", "label": "medición", "type": "topic"}, {"id": "sugestión", "label": "sugestión", "type": "topic"}, {"id": "tiempo", "label": "tiempo", "type": "topic"}, {"id": "estadísticas", "label": "estadísticas", "type": "topic"}, {"id": "instrumentos", "label": "instrumentos", "type": "topic"}, {"id": 546, "label": "Moreno Angarita Marisol", "type": "author"}, {"id": "políticas", "label": "políticas", "type": "topic"}, {"id": "población", "label": "población", "type": "topic"}, {"id": "fase s", "label": "fase s", "type": "topic"}, {"id": "programación", "label": "programación", "type": "topic"}, {"id": "contexto", "label": "contexto", "type": "topic"}, {"id": "humanos", "label": "humanos", "type": "topic"}, {"id": 555, "label": "Múnevar Múnevar Dora Inés", "type": "author"}, {"id": "mujeres", "label": "mujeres", "type": "topic"}, {"id": "política", "label": "política", "type": "topic"}, {"id": "vida", "label": "vida", "type": "topic"}, {"id": "humanidades", "label": "humanidades", "type": "topic"}, {"id": "humanismo", "label": "humanismo", "type": "topic"}, {"id": "hombres", "label": "hombres", "type": "topic"}, {"id": "ciencia", "label": "ciencia", "type": "topic"}, {"id": "violencia", "label": "violencia", "type": "topic"}, {"id": "cultura", "label": "cultura", "type": "topic"}, {"id": "maine", "label": "maine", "type": "topic"}, {"id": "pensamiento", "label": "pensamiento", "type": "topic"}, {"id": "periodismo", "label": "periodismo", "type": "topic"}, {"id": "territorialidad", "label": "territorialidad", "type": "topic"}, {"id": "sociedades", "label": "sociedades", "type": "topic"}, {"id": 568, "label": "Neira Torres Liliana Isabel", "type": "author"}, {"id": "prevalencia", "label": "prevalencia", "type": "topic"}, {"id": "emociones", "label": "emociones", "type": "topic"}, {"id": "oralidad", "label": "oralidad", "type": "topic"}, {"id": "malla de salud infantil", "label": "malla de salud infantil", "type": "topic"}, {"id": "predominio", "label": "predominio", "type": "topic"}, {"id": "conductividad", "label": "conductividad", "type": "topic"}, {"id": 601, "label": "Páez Pinilla Amanda Teresa", "type": "author"}, {"id": "vértigo", "label": "vértigo", "type": "topic"}, {"id": "resúmenes", "label": "resúmenes", "type": "topic"}, {"id": "acúfeno", "label": "acúfeno", "type": "topic"}, {"id": "consultores", "label": "consultores", "type": "topic"}, {"id": "pilas", "label": "pilas", "type": "topic"}, {"id": "asociación", "label": "asociación", "type": "topic"}, {"id": "conducción ósea", "label": "conducción ósea", "type": "topic"}, {"id": "audífonos", "label": "audífonos", "type": "topic"}, {"id": "accidentes", "label": "accidentes", "type": "topic"}, {"id": "adulto", "label": "adulto", "type": "topic"}, {"id": "oído", "label": "oído", "type": "topic"}, {"id": 691, "label": "Restrepo Arias Clemencia", "type": "author"}, {"id": 704, "label": "Rincón Bustos Martha Lucia", "type": "author"}, {"id": "sordera", "label": "sordera", "type": "topic"}, {"id": "ambiente", "label": "ambiente", "type": "topic"}, {"id": "lengua de signos", "label": "lengua de signos", "type": "topic"}, {"id": "personas", "label": "personas", "type": "topic"}, {"id": "rol", "label": "rol", "type": "topic"}, {"id": 731, "label": "Rodríguez López Martha Lucrecia", "type": "author"}, {"id": "inequidad de la salud", "label": "inequidad de la salud", "type": "topic"}, {"id": "índice compuesto", "label": "índice compuesto", "type": "topic"}, {"id": "índice de concentración", "label": "índice de concentración", "type": "topic"}, {"id": "plomo", "label": "plomo", "type": "topic"}, {"id": "morbilidad", "label": "morbilidad", "type": "topic"}, {"id": "mortalidad", "label": "mortalidad", "type": "topic"}, {"id": "atención de salud", "label": "atención de salud", "type": "topic"}, {"id": "índice", "label": "índice", "type": "topic"}, {"id": 736, "label": "Rodríguez Montoya Silvia Raquel", "type": "author"}, {"id": "percepción", "label": "percepción", "type": "topic"}, {"id": "respeto", "label": "respeto", "type": "topic"}, {"id": "consejo", "label": "consejo", "type": "topic"}, {"id": "seguridad", "label": "seguridad", "type": "topic"}, {"id": "infecciones", "label": "infecciones", "type": "topic"}, {"id": "estudios de cohortes", "label": "estudios de cohortes", "type": "topic"}, {"id": "responsabilidad parental", "label": "responsabilidad parental", "type": "topic"}, {"id": "padres", "label": "padres", "type": "topic"}, {"id": "afecto", "label": "afecto", "type": "topic"}, {"id": "implantación coclear", "label": "implantación coclear", "type": "topic"}, {"id": 786, "label": "Sampallo Pedroza Rosa Mercedes", "type": "author"}, {"id": "cuidados paliativos", "label": "cuidados paliativos", "type": "topic"}, {"id": "organizaciones", "label": "organizaciones", "type": "topic"}, {"id": "lactatos", "label": "lactatos", "type": "topic"}, {"id": "alimentos", "label": "alimentos", "type": "topic"}, {"id": "lactante", "label": "lactante", "type": "topic"}, {"id": "motores", "label": "motores", "type": "topic"}, {"id": "comportamiento de succión", "label": "comportamiento de succión", "type": "topic"}, {"id": "conducta en la lactancia", "label": "conducta en la lactancia", "type": "topic"}, {"id": "calidad de vida", "label": "calidad de vida", "type": "topic"}, {"id": "dolor", "label": "dolor", "type": "topic"}, {"id": "patología del habla y lenguaje", "label": "patología del habla y lenguaje", "type": "topic"}, {"id": "lactancia", "label": "lactancia", "type": "topic"}, {"id": 831, "label": "Suárez Brand Janneth", "type": "author"}, {"id": "fisiología", "label": "fisiología", "type": "topic"}, {"id": "resonancia", "label": "resonancia", "type": "topic"}, {"id": "paladar (hueso)", "label": "paladar (hueso)", "type": "topic"}, {"id": "ciencias sociales", "label": "ciencias sociales", "type": "topic"}, {"id": "instrumentación y medición", "label": "instrumentación y medición", "type": "topic"}, {"id": 2889, "label": "Mendez Castillo Jaime Alberto", "type": "author"}, {"id": 3117, "label": "Orozco De Sarria Silvia Maria Del Pilar", "type": "author"}, {"id": 3123, "label": "Acero Suarez Ethel Lilia", "type": "author"}, {"id": 3209, "label": "Guerrero Yeison", "type": "author"}], "links": [{"source": "fc4c9b7e-50e4-4881-8f25-c8da85237c66", "target": 0, "value": 1}, {"source": "fc4c9b7e-50e4-4881-8f25-c8da85237c66", "target": 15, "value": 1}, {"source": 15, "target": "calibración", "value": 1}, {"source": 15, "target": "electrones", "value": 1}, {"source": 15, "target": "biología", "value": 1}, {"source": 15, "target": "acústica", "value": 1}, {"source": 15, "target": "electrónica", "value": 1}, {"source": 15, "target": "habla", "value": 1}, {"source": 15, "target": "patólogos", "value": 1}, {"source": 15, "target": "pseudomonas", "value": 1}, {"source": 15, "target": "pseudomonas aeruginosa", "value": 1}, {"source": 15, "target": "endocarditis", "value": 1}, {"source": 15, "target": "medicalización", "value": 1}, {"source": 15, "target": "bradicardia", "value": 1}, {"source": 15, "target": "urgencias médicas", "value": 1}, {"source": "fc4c9b7e-50e4-4881-8f25-c8da85237c66", "target": 39, "value": 1}, {"source": 39, "target": "voz", "value": 4}, {"source": 39, "target": "conducta", "value": 4}, {"source": 39, "target": "behaviorismo", "value": 4}, {"source": 39, "target": "habla", "value": 3}, {"source": 39, "target": "diagnóstico", "value": 3}, {"source": 39, "target": "educación", "value": 2}, {"source": 39, "target": "trastornos de la voz", "value": 2}, {"source": 39, "target": "logoterapia", "value": 2}, {"source": 39, "target": "individualidad", "value": 2}, {"source": 39, "target": "individualismo", "value": 2}, {"source": 39, "target": "socialismo", "value": 2}, {"source": 39, "target": "socialización", "value": 2}, {"source": 39, "target": "críticas", "value": 1}, {"source": 39, "target": "revisión", "value": 1}, {"source": 39, "target": "literatura", "value": 1}, {"source": 39, "target": "grupos ocupacionales", "value": 1}, {"source": 39, "target": "malla de voz", "value": 1}, {"source": 39, "target": "electrones", "value": 1}, {"source": 39, "target": "amplificadores", "value": 1}, {"source": 39, "target": "prevención primaria", "value": 1}, {"source": 39, "target": "grupos profesionales", "value": 1}, {"source": 39, "target": "ocupaciones", "value": 1}, {"source": 39, "target": "herramientas", "value": 1}, {"source": 39, "target": "frecuencia", "value": 1}, {"source": 39, "target": "materiales", "value": 1}, {"source": 39, "target": "acústica", "value": 1}, {"source": 39, "target": "terapéutica", "value": 1}, {"source": 39, "target": "objetivos", "value": 1}, {"source": 39, "target": "personalidad", "value": 1}, {"source": 39, "target": "asertividad", "value": 1}, {"source": "fc4c9b7e-50e4-4881-8f25-c8da85237c66", "target": 141, "value": 1}, {"source": 141, "target": "habla", "value": 21}, {"source": 141, "target": "lenguaje", "value": 13}, {"source": 141, "target": "voz", "value": 9}, {"source": 141, "target": "trabajo", "value": 8}, {"source": 141, "target": "críticas", "value": 7}, {"source": 141, "target": "revisión", "value": 7}, {"source": 141, "target": "carácter", "value": 7}, {"source": 141, "target": "colombia", "value": 7}, {"source": 141, "target": "envejecimiento", "value": 6}, {"source": 141, "target": "registros", "value": 6}, {"source": 141, "target": "anciano", "value": 6}, {"source": 141, "target": "herramientas", "value": 6}, {"source": 141, "target": "enfermedades", "value": 6}, {"source": 141, "target": "enfermedad", "value": 6}, {"source": 141, "target": "producción", "value": 6}, {"source": 141, "target": "productividad", "value": 6}, {"source": 141, "target": "socialismo", "value": 6}, {"source": 141, "target": "socialización", "value": 6}, {"source": 141, "target": "salud", "value": 6}, {"source": 141, "target": "logoterapia", "value": 6}, {"source": 141, "target": "trastornos de la voz", "value": 5}, {"source": 141, "target": "frecuencia", "value": 5}, {"source": 141, "target": "observadores", "value": 5}, {"source": 141, "target": "acústica", "value": 5}, {"source": 141, "target": "golondrinas", "value": 5}, {"source": 141, "target": "enfermedad de huntington", "value": 5}, {"source": 141, "target": "sincronización", "value": 5}, {"source": 141, "target": "generadores", "value": 5}, {"source": 141, "target": "miastenia gravis", "value": 5}, {"source": 141, "target": "métodos", "value": 5}, {"source": "fc4c9b7e-50e4-4881-8f25-c8da85237c66", "target": 227, "value": 1}, {"source": 227, "target": "habla", "value": 11}, {"source": 227, "target": "lenguaje", "value": 9}, {"source": 227, "target": "audiología", "value": 5}, {"source": 227, "target": "logoterapia", "value": 4}, {"source": 227, "target": "terapia del lenguaje", "value": 3}, {"source": 227, "target": "rehabilitación", "value": 3}, {"source": 227, "target": "ocupaciones", "value": 3}, {"source": 227, "target": "voz", "value": 2}, {"source": 227, "target": "comprensión", "value": 2}, {"source": 227, "target": "audición", "value": 2}, {"source": 227, "target": "nombres", "value": 2}, {"source": 227, "target": "boston", "value": 2}, {"source": 227, "target": "actitud", "value": 2}, {"source": 227, "target": "educación", "value": 2}, {"source": 227, "target": "diagnóstico", "value": 1}, {"source": 227, "target": "comunicación", "value": 1}, {"source": 227, "target": "comunismo", "value": 1}, {"source": 227, "target": "física", "value": 1}, {"source": 227, "target": "conocimiento", "value": 1}, {"source": 227, "target": "patología", "value": 1}, {"source": 227, "target": "afasia", "value": 1}, {"source": 227, "target": "eficiencia", "value": 1}, {"source": 227, "target": "ética", "value": 1}, {"source": 227, "target": "profesionalismo", "value": 1}, {"source": 227, "target": "pediatría", "value": 1}, {"source": 227, "target": "publicaciones", "value": 1}, {"source": 227, "target": "tecnología", "value": 1}, {"source": 227, "target": "laringitis", "value": 1}, {"source": 227, "target": "fatiga", "value": 1}, {"source": 227, "target": "colombia", "value": 1}, {"source": "fc4c9b7e-50e4-4881-8f25-c8da85237c66", "target": 287, "value": 1}, {"source": 287, "target": "educación", "value": 54}, {"source": 287, "target": "escritura", "value": 49}, {"source": 287, "target": "investigación", "value": 49}, {"source": 287, "target": "lectura", "value": 45}, {"source": 287, "target": "aprendizaje", "value": 41}, {"source": 287, "target": "lenguaje", "value": 39}, {"source": 287, "target": "instituciones académicas", "value": 33}, {"source": 287, "target": "estudiantes", "value": 30}, {"source": 287, "target": "conocimiento", "value": 29}, {"source": 287, "target": "comunicación", "value": 27}, {"source": 287, "target": "envejecimiento", "value": 26}, {"source": 287, "target": "comunismo", "value": 26}, {"source": 287, "target": "enseñanza", "value": 25}, {"source": 287, "target": "urgencias médicas", "value": 22}, {"source": 287, "target": "cognición", "value": 21}, {"source": 287, "target": "alfabetización", "value": 18}, {"source": 287, "target": "observación", "value": 18}, {"source": 287, "target": "anciano", "value": 17}, {"source": 287, "target": "lingüística", "value": 15}, {"source": 287, "target": "anciano de 80 o más años", "value": 15}, {"source": 287, "target": "carácter", "value": 15}, {"source": 287, "target": "proyección", "value": 15}, {"source": 287, "target": "trabajo", "value": 15}, {"source": 287, "target": "métodos", "value": 14}, {"source": 287, "target": "universidades", "value": 13}, {"source": 287, "target": "pruebas", "value": 12}, {"source": 287, "target": "concienciación", "value": 11}, {"source": 287, "target": "programa", "value": 11}, {"source": 287, "target": "logro", "value": 11}, {"source": 287, "target": "organismos", "value": 11}, {"source": "fc4c9b7e-50e4-4881-8f25-c8da85237c66", "target": 338, "value": 1}, {"source": 338, "target": "pérdida auditiva", "value": 3}, {"source": 338, "target": "audición", "value": 2}, {"source": 338, "target": "adaptabilidad", "value": 2}, {"source": 338, "target": "regulación hacia abajo", "value": 2}, {"source": 338, "target": "regulación hacia arriba", "value": 2}, {"source": 338, "target": "registros", "value": 2}, {"source": 338, "target": "current", "value": 1}, {"source": 338, "target": "pruebas", "value": 1}, {"source": 338, "target": "estandarización", "value": 1}, {"source": 338, "target": "normas", "value": 1}, {"source": 338, "target": "pérdida de la audición", "value": 1}, {"source": 338, "target": "fuente de políticas públicas de salud malla nlm", "value": 1}, {"source": 338, "target": "cribado neonatal", "value": 1}, {"source": 338, "target": "reguladores", "value": 1}, {"source": 338, "target": "salud política pública fuente malla nlm", "value": 1}, {"source": 338, "target": "tamizaje neonatal", "value": 1}, {"source": 338, "target": "envejecimiento", "value": 1}, {"source": 338, "target": "grabación", "value": 1}, {"source": 338, "target": "anciano", "value": 1}, {"source": 338, "target": "anciano de 80 o más años", "value": 1}, {"source": 338, "target": "retinitis pigmentosa", "value": 1}, {"source": 338, "target": "retinitis", "value": 1}, {"source": 338, "target": "comunicación", "value": 1}, {"source": 338, "target": "biología", "value": 1}, {"source": 338, "target": "comunismo", "value": 1}, {"source": 338, "target": "socialismo", "value": 1}, {"source": 338, "target": "socialización", "value": 1}, {"source": 338, "target": "riesgo", "value": 1}, {"source": 338, "target": "ciudades", "value": 1}, {"source": 338, "target": "detección temprana", "value": 1}, {"source": "fc4c9b7e-50e4-4881-8f25-c8da85237c66", "target": 428, "value": 1}, {"source": 428, "target": "lenguaje", "value": 18}, {"source": 428, "target": "envejecimiento", "value": 18}, {"source": 428, "target": "cognición", "value": 14}, {"source": 428, "target": "anciano", "value": 11}, {"source": 428, "target": "lectura", "value": 11}, {"source": 428, "target": "comunicación", "value": 10}, {"source": 428, "target": "comunismo", "value": 10}, {"source": 428, "target": "memoria", "value": 10}, {"source": 428, "target": "observación", "value": 9}, {"source": 428, "target": "educación", "value": 9}, {"source": 428, "target": "aprendizaje", "value": 9}, {"source": 428, "target": "anciano de 80 o más años", "value": 9}, {"source": 428, "target": "enfermedad de alzheimer", "value": 7}, {"source": 428, "target": "enfermedades", "value": 7}, {"source": 428, "target": "enfermedad", "value": 7}, {"source": 428, "target": "observadores", "value": 7}, {"source": 428, "target": "observabilidad", "value": 7}, {"source": 428, "target": "colombia", "value": 7}, {"source": 428, "target": "semántica", "value": 7}, {"source": 428, "target": "pacientes", "value": 6}, {"source": 428, "target": "lingüística", "value": 6}, {"source": 428, "target": "medición", "value": 6}, {"source": 428, "target": "sugestión", "value": 6}, {"source": 428, "target": "métodos", "value": 6}, {"source": 428, "target": "tiempo", "value": 6}, {"source": 428, "target": "pruebas", "value": 5}, {"source": 428, "target": "estadísticas", "value": 5}, {"source": 428, "target": "habla", "value": 5}, {"source": 428, "target": "instrumentos", "value": 5}, {"source": 428, "target": "carácter", "value": 5}, {"source": "fc4c9b7e-50e4-4881-8f25-c8da85237c66", "target": 546, "value": 1}, {"source": 546, "target": "educación", "value": 45}, {"source": 546, "target": "colombia", "value": 42}, {"source": 546, "target": "instituciones académicas", "value": 30}, {"source": 546, "target": "ocupaciones", "value": 28}, {"source": 546, "target": "comunicación", "value": 28}, {"source": 546, "target": "socialismo", "value": 28}, {"source": 546, "target": "comunismo", "value": 27}, {"source": 546, "target": "socialización", "value": 26}, {"source": 546, "target": "trabajo", "value": 23}, {"source": 546, "target": "métodos", "value": 23}, {"source": 546, "target": "aprendizaje", "value": 23}, {"source": 546, "target": "salud", "value": 19}, {"source": 546, "target": "lenguaje", "value": 19}, {"source": 546, "target": "políticas", "value": 18}, {"source": 546, "target": "escritura", "value": 17}, {"source": 546, "target": "investigación", "value": 17}, {"source": 546, "target": "personalidad", "value": 16}, {"source": 546, "target": "población", "value": 14}, {"source": 546, "target": "universidades", "value": 13}, {"source": 546, "target": "estudiantes", "value": 13}, {"source": 546, "target": "fase s", "value": 12}, {"source": 546, "target": "lectura", "value": 12}, {"source": 546, "target": "publicaciones", "value": 12}, {"source": 546, "target": "riesgo", "value": 12}, {"source": 546, "target": "programación", "value": 11}, {"source": 546, "target": "herramientas", "value": 11}, {"source": 546, "target": "rehabilitación", "value": 11}, {"source": 546, "target": "contexto", "value": 11}, {"source": 546, "target": "humanos", "value": 10}, {"source": 546, "target": "generadores", "value": 10}, {"source": "fc4c9b7e-50e4-4881-8f25-c8da85237c66", "target": 555, "value": 1}, {"source": 555, "target": "socialismo", "value": 26}, {"source": 555, "target": "socialización", "value": 25}, {"source": 555, "target": "mujeres", "value": 22}, {"source": 555, "target": "investigación", "value": 20}, {"source": 555, "target": "conocimiento", "value": 18}, {"source": 555, "target": "trabajo", "value": 14}, {"source": 555, "target": "educación", "value": 13}, {"source": 555, "target": "política", "value": 12}, {"source": 555, "target": "comunicación", "value": 10}, {"source": 555, "target": "comunismo", "value": 8}, {"source": 555, "target": "vida", "value": 8}, {"source": 555, "target": "humanos", "value": 7}, {"source": 555, "target": "humanidades", "value": 7}, {"source": 555, "target": "humanismo", "value": 7}, {"source": 555, "target": "colombia", "value": 7}, {"source": 555, "target": "hombres", "value": 7}, {"source": 555, "target": "tecnología", "value": 6}, {"source": 555, "target": "urgencias médicas", "value": 6}, {"source": 555, "target": "instituciones académicas", "value": 6}, {"source": 555, "target": "ciencia", "value": 6}, {"source": 555, "target": "violencia", "value": 5}, {"source": 555, "target": "cultura", "value": 5}, {"source": 555, "target": "maine", "value": 5}, {"source": 555, "target": "pensamiento", "value": 5}, {"source": 555, "target": "estudiantes", "value": 5}, {"source": 555, "target": "periodismo", "value": 5}, {"source": 555, "target": "territorialidad", "value": 5}, {"source": 555, "target": "sociedades", "value": 4}, {"source": 555, "target": "individualidad", "value": 4}, {"source": 555, "target": "proyección", "value": 4}, {"source": "fc4c9b7e-50e4-4881-8f25-c8da85237c66", "target": 568, "value": 1}, {"source": 568, "target": "audición", "value": 4}, {"source": 568, "target": "pérdida auditiva", "value": 3}, {"source": 568, "target": "observación", "value": 3}, {"source": 568, "target": "investigación", "value": 3}, {"source": 568, "target": "lenguaje", "value": 3}, {"source": 568, "target": "lectura", "value": 3}, {"source": 568, "target": "aprendizaje", "value": 3}, {"source": 568, "target": "comunicación", "value": 3}, {"source": 568, "target": "prevalencia", "value": 2}, {"source": 568, "target": "colombia", "value": 2}, {"source": 568, "target": "envejecimiento", "value": 2}, {"source": 568, "target": "población", "value": 2}, {"source": 568, "target": "conocimiento", "value": 2}, {"source": 568, "target": "habla", "value": 2}, {"source": 568, "target": "sugestión", "value": 2}, {"source": 568, "target": "emociones", "value": 2}, {"source": 568, "target": "instituciones académicas", "value": 2}, {"source": 568, "target": "enseñanza", "value": 2}, {"source": 568, "target": "carácter", "value": 2}, {"source": 568, "target": "oralidad", "value": 2}, {"source": 568, "target": "comunismo", "value": 2}, {"source": 568, "target": "socialismo", "value": 2}, {"source": 568, "target": "anciano", "value": 1}, {"source": 568, "target": "anciano de 80 o más años", "value": 1}, {"source": 568, "target": "pérdida de la audición", "value": 1}, {"source": 568, "target": "malla de salud infantil", "value": 1}, {"source": 568, "target": "predominio", "value": 1}, {"source": 568, "target": "conductividad", "value": 1}, {"source": 568, "target": "observadores", "value": 1}, {"source": 568, "target": "observabilidad", "value": 1}, {"source": "fc4c9b7e-50e4-4881-8f25-c8da85237c66", "target": 601, "value": 1}, {"source": 601, "target": "audición", "value": 23}, {"source": 601, "target": "pacientes", "value": 19}, {"source": 601, "target": "audiología", "value": 15}, {"source": 601, "target": "pérdida auditiva", "value": 13}, {"source": 601, "target": "vértigo", "value": 11}, {"source": 601, "target": "críticas", "value": 10}, {"source": 601, "target": "diagnóstico", "value": 8}, {"source": 601, "target": "pruebas", "value": 8}, {"source": 601, "target": "envejecimiento", "value": 7}, {"source": 601, "target": "revisión", "value": 7}, {"source": 601, "target": "resúmenes", "value": 6}, {"source": 601, "target": "acúfeno", "value": 6}, {"source": 601, "target": "consultores", "value": 6}, {"source": 601, "target": "programación", "value": 6}, {"source": 601, "target": "pilas", "value": 6}, {"source": 601, "target": "universidades", "value": 5}, {"source": 601, "target": "colombia", "value": 5}, {"source": 601, "target": "asociación", "value": 5}, {"source": 601, "target": "población", "value": 5}, {"source": 601, "target": "habla", "value": 5}, {"source": 601, "target": "conducción ósea", "value": 5}, {"source": 601, "target": "audífonos", "value": 5}, {"source": 601, "target": "grabación", "value": 4}, {"source": 601, "target": "registros", "value": 4}, {"source": 601, "target": "accidentes", "value": 4}, {"source": 601, "target": "trabajo", "value": 4}, {"source": 601, "target": "ocupaciones", "value": 4}, {"source": 601, "target": "adulto", "value": 4}, {"source": 601, "target": "medicalización", "value": 4}, {"source": 601, "target": "oído", "value": 4}, {"source": "fc4c9b7e-50e4-4881-8f25-c8da85237c66", "target": 691, "value": 1}, {"source": 691, "target": "pérdida auditiva", "value": 1}, {"source": 691, "target": "audición", "value": 1}, {"source": 691, "target": "voz", "value": 1}, {"source": "fc4c9b7e-50e4-4881-8f25-c8da85237c66", "target": 704, "value": 1}, {"source": 704, "target": "sordera", "value": 7}, {"source": 704, "target": "comunicación", "value": 7}, {"source": 704, "target": "comunismo", "value": 7}, {"source": 704, "target": "investigación", "value": 6}, {"source": 704, "target": "educación", "value": 6}, {"source": 704, "target": "lenguaje", "value": 5}, {"source": 704, "target": "habla", "value": 5}, {"source": 704, "target": "estudiantes", "value": 4}, {"source": 704, "target": "carácter", "value": 4}, {"source": 704, "target": "humanos", "value": 4}, {"source": 704, "target": "aprendizaje", "value": 4}, {"source": 704, "target": "ambiente", "value": 4}, {"source": 704, "target": "lectura", "value": 3}, {"source": 704, "target": "cognición", "value": 3}, {"source": 704, "target": "lengua de signos", "value": 3}, {"source": 704, "target": "personalidad", "value": 3}, {"source": 704, "target": "personas", "value": 3}, {"source": 704, "target": "conocimiento", "value": 3}, {"source": 704, "target": "logoterapia", "value": 3}, {"source": 704, "target": "socialismo", "value": 3}, {"source": 704, "target": "socialización", "value": 3}, {"source": 704, "target": "política", "value": 3}, {"source": 704, "target": "tecnología", "value": 2}, {"source": 704, "target": "población", "value": 2}, {"source": 704, "target": "programa", "value": 2}, {"source": 704, "target": "trabajo", "value": 2}, {"source": 704, "target": "instituciones académicas", "value": 2}, {"source": 704, "target": "rol", "value": 2}, {"source": 704, "target": "organismos", "value": 2}, {"source": 704, "target": "individualidad", "value": 2}, {"source": "fc4c9b7e-50e4-4881-8f25-c8da85237c66", "target": 731, "value": 1}, {"source": 731, "target": "inequidad de la salud", "value": 1}, {"source": 731, "target": "índice compuesto", "value": 1}, {"source": 731, "target": "índice de concentración", "value": 1}, {"source": 731, "target": "plomo", "value": 1}, {"source": 731, "target": "morbilidad", "value": 1}, {"source": 731, "target": "mortalidad", "value": 1}, {"source": 731, "target": "políticas", "value": 1}, {"source": 731, "target": "nombres", "value": 1}, {"source": 731, "target": "atención de salud", "value": 1}, {"source": 731, "target": "salud", "value": 1}, {"source": 731, "target": "índice", "value": 1}, {"source": "fc4c9b7e-50e4-4881-8f25-c8da85237c66", "target": 736, "value": 1}, {"source": 736, "target": "lenguaje", "value": 6}, {"source": 736, "target": "pacientes", "value": 6}, {"source": 736, "target": "audición", "value": 4}, {"source": 736, "target": "pérdida auditiva", "value": 4}, {"source": 736, "target": "habla", "value": 4}, {"source": 736, "target": "sordera", "value": 4}, {"source": 736, "target": "percepción", "value": 3}, {"source": 736, "target": "respeto", "value": 3}, {"source": 736, "target": "métodos", "value": 3}, {"source": 736, "target": "consejo", "value": 3}, {"source": 736, "target": "programa", "value": 3}, {"source": 736, "target": "envejecimiento", "value": 3}, {"source": 736, "target": "anciano", "value": 3}, {"source": 736, "target": "anciano de 80 o más años", "value": 3}, {"source": 736, "target": "enfermedad de alzheimer", "value": 2}, {"source": 736, "target": "enfermedades", "value": 2}, {"source": 736, "target": "enfermedad", "value": 2}, {"source": 736, "target": "lingüística", "value": 2}, {"source": 736, "target": "observación", "value": 2}, {"source": 736, "target": "seguridad", "value": 2}, {"source": 736, "target": "infecciones", "value": 2}, {"source": 736, "target": "estudios de cohortes", "value": 2}, {"source": 736, "target": "responsabilidad parental", "value": 2}, {"source": 736, "target": "padres", "value": 2}, {"source": 736, "target": "instituciones académicas", "value": 2}, {"source": 736, "target": "comunicación", "value": 2}, {"source": 736, "target": "cognición", "value": 2}, {"source": 736, "target": "lectura", "value": 2}, {"source": 736, "target": "afecto", "value": 2}, {"source": 736, "target": "implantación coclear", "value": 2}, {"source": "fc4c9b7e-50e4-4881-8f25-c8da85237c66", "target": 786, "value": 1}, {"source": 786, "target": "habla", "value": 8}, {"source": 786, "target": "lenguaje", "value": 5}, {"source": 786, "target": "logoterapia", "value": 5}, {"source": 786, "target": "comunicación", "value": 4}, {"source": 786, "target": "organismos", "value": 3}, {"source": 786, "target": "cuidados paliativos", "value": 3}, {"source": 786, "target": "organizaciones", "value": 3}, {"source": 786, "target": "consejo", "value": 3}, {"source": 786, "target": "comunismo", "value": 3}, {"source": 786, "target": "lactatos", "value": 3}, {"source": 786, "target": "alimentos", "value": 3}, {"source": 786, "target": "humanos", "value": 3}, {"source": 786, "target": "humanidades", "value": 3}, {"source": 786, "target": "humanismo", "value": 3}, {"source": 786, "target": "lactante", "value": 3}, {"source": 786, "target": "motores", "value": 2}, {"source": 786, "target": "comportamiento de succión", "value": 2}, {"source": 786, "target": "conducta en la lactancia", "value": 2}, {"source": 786, "target": "patólogos", "value": 2}, {"source": 786, "target": "vida", "value": 2}, {"source": 786, "target": "calidad de vida", "value": 2}, {"source": 786, "target": "dolor", "value": 2}, {"source": 786, "target": "pacientes", "value": 2}, {"source": 786, "target": "colombia", "value": 2}, {"source": 786, "target": "patología", "value": 2}, {"source": 786, "target": "patología del habla y lenguaje", "value": 2}, {"source": 786, "target": "audiología", "value": 2}, {"source": 786, "target": "lactancia", "value": 2}, {"source": 786, "target": "métodos", "value": 2}, {"source": 786, "target": "envejecimiento", "value": 1}, {"source": "fc4c9b7e-50e4-4881-8f25-c8da85237c66", "target": 831, "value": 1}, {"source": 831, "target": "educación", "value": 6}, {"source": 831, "target": "lactante", "value": 5}, {"source": 831, "target": "habla", "value": 5}, {"source": 831, "target": "aprendizaje", "value": 5}, {"source": 831, "target": "envejecimiento", "value": 4}, {"source": 831, "target": "cognición", "value": 4}, {"source": 831, "target": "cultura", "value": 4}, {"source": 831, "target": "enseñanza", "value": 4}, {"source": 831, "target": "ciencia", "value": 4}, {"source": 831, "target": "investigación", "value": 4}, {"source": 831, "target": "fisiología", "value": 3}, {"source": 831, "target": "instrumentos", "value": 3}, {"source": 831, "target": "materiales", "value": 3}, {"source": 831, "target": "resonancia", "value": 3}, {"source": 831, "target": "comunicación", "value": 3}, {"source": 831, "target": "comunismo", "value": 3}, {"source": 831, "target": "universidades", "value": 3}, {"source": 831, "target": "paladar (hueso)", "value": 3}, {"source": 831, "target": "observación", "value": 3}, {"source": 831, "target": "socialismo", "value": 3}, {"source": 831, "target": "humanos", "value": 3}, {"source": 831, "target": "humanidades", "value": 3}, {"source": 831, "target": "humanismo", "value": 3}, {"source": 831, "target": "ciencias sociales", "value": 3}, {"source": 831, "target": "afecto", "value": 3}, {"source": 831, "target": "medición", "value": 2}, {"source": 831, "target": "pruebas", "value": 2}, {"source": 831, "target": "estandarización", "value": 2}, {"source": 831, "target": "normas", "value": 2}, {"source": 831, "target": "instrumentación y medición", "value": 2}, {"source": "fc4c9b7e-50e4-4881-8f25-c8da85237c66", "target": 2889, "value": 1}, {"source": "fc4c9b7e-50e4-4881-8f25-c8da85237c66", "target": 3117, "value": 1}, {"source": "fc4c9b7e-50e4-4881-8f25-c8da85237c66", "target": 3123, "value": 1}, {"source": "fc4c9b7e-50e4-4881-8f25-c8da85237c66", "target": 3209, "value": 1}], "options": [{"label": "Estado inicial", "value": "Departamento de Comunicación Humana", "group": "00. Opciones predeterminadas"}, {"label": "Acero Niño Gloria Amparo", "value": "Acero Niño Gloria Amparo", "group": "02. Opciones de autor"}, {"label": "Acero Suarez Ethel Lilia", "value": "Acero Suarez Ethel Lilia", "group": "02. Opciones de autor"}, {"label": "Akli Serpa Liliana", "value": "Akli Serpa Liliana", "group": "02. Opciones de autor"}, {"label": "Angel Gordillo Luisa Fernanda", "value": "Angel Gordillo Luisa Fernanda", "group": "02. Opciones de autor"}, {"label": "Camargo Mendoza Maryluz", "value": "Camargo Mendoza Maryluz", "group": "02. Opciones de autor"}, {"label": "Cuervo Echeverri Clemencia Lucia", "value": "Cuervo Echeverri Clemencia Lucia", "group": "02. Opciones de autor"}, {"label": "Flórez Romero Rita", "value": "Flórez Romero Rita", "group": "02. Opciones de autor"}, {"label": "Guerrero Yeison", "value": "Guerrero Yeison", "group": "02. Opciones de autor"}, {"label": "Gómez Gómez Olga", "value": "Gómez Gómez Olga", "group": "02. Opciones de autor"}, {"label": "Lara Díaz María Fernanda", "value": "Lara Díaz María Fernanda", "group": "02. Opciones de autor"}, {"label": "Mendez Castillo Jaime Alberto", "value": "Mendez Castillo Jaime Alberto", "group": "02. Opciones de autor"}, {"label": "Moreno Angarita Marisol", "value": "Moreno Angarita Marisol", "group": "02. Opciones de autor"}, {"label": "Múnevar Múnevar Dora Inés", "value": "Múnevar Múnevar Dora Inés", "group": "02. Opciones de autor"}, {"label": "Neira Torres Liliana Isabel", "value": "Neira Torres Liliana Isabel", "group": "02. Opciones de autor"}, {"label": "Orozco De Sarria Silvia Maria Del Pilar", "value": "Orozco De Sarria Silvia Maria Del Pilar", "group": "02. Opciones de autor"}, {"label": "Páez Pinilla Amanda Teresa", "value": "Páez Pinilla Amanda Teresa", "group": "02. Opciones de autor"}, {"label": "Restrepo Arias Clemencia", "value": "Restrepo Arias Clemencia", "group": "02. Opciones de autor"}, {"label": "Rincón Bustos Martha Lucia", "value": "Rincón Bustos Martha Lucia", "group": "02. Opciones de autor"}, {"label": "Rodríguez López Martha Lucrecia", "value": "Rodríguez López Martha Lucrecia", "group": "02. Opciones de autor"}, {"label": "Rodríguez Montoya Silvia Raquel", "value": "Rodríguez Montoya Silvia Raquel", "group": "02. Opciones de autor"}, {"label": "Sampallo Pedroza Rosa Mercedes", "value": "Sampallo Pedroza Rosa Mercedes", "group": "02. Opciones de autor"}, {"label": "Suárez Brand Janneth", "value": "Suárez Brand Janneth", "group": "02. Opciones de autor"}, {"label": "Departamento de Comunicación Humana", "value": "Departamento de Comunicación Humana", "group": "02. Opciones de uab"}, {"label": "accidentes", "value": "accidentes", "group": "03. Opciones de temas"}, {"label": "actitud", "value": "actitud", "group": "03. Opciones de temas"}, {"label": "acúfeno", "value": "acúfeno", "group": "03. Opciones de temas"}, {"label": "acústica", "value": "acústica", "group": "03. Opciones de temas"}, {"label": "adaptabilidad", "value": "adaptabilidad", "group": "03. Opciones de temas"}, {"label": "adulto", "value": "adulto", "group": "03. Opciones de temas"}, {"label": "afasia", "value": "afasia", "group": "03. Opciones de temas"}, {"label": "afecto", "value": "afecto", "group": "03. Opciones de temas"}, {"label": "alfabetización", "value": "alfabetización", "group": "03. Opciones de temas"}, {"label": "alimentos", "value": "alimentos", "group": "03. Opciones de temas"}, {"label": "ambiente", "value": "ambiente", "group": "03. Opciones de temas"}, {"label": "amplificadores", "value": "amplificadores", "group": "03. Opciones de temas"}, {"label": "anciano", "value": "anciano", "group": "03. Opciones de temas"}, {"label": "anciano de 80 o más años", "value": "anciano de 80 o más años", "group": "03. Opciones de temas"}, {"label": "aprendizaje", "value": "aprendizaje", "group": "03. Opciones de temas"}, {"label": "asertividad", "value": "asertividad", "group": "03. Opciones de temas"}, {"label": "asociación", "value": "asociación", "group": "03. Opciones de temas"}, {"label": "atención de salud", "value": "atención de salud", "group": "03. Opciones de temas"}, {"label": "audición", "value": "audición", "group": "03. Opciones de temas"}, {"label": "audiología", "value": "audiología", "group": "03. Opciones de temas"}, {"label": "audífonos", "value": "audífonos", "group": "03. Opciones de temas"}, {"label": "behaviorismo", "value": "behaviorismo", "group": "03. Opciones de temas"}, {"label": "biología", "value": "biología", "group": "03. Opciones de temas"}, {"label": "boston", "value": "boston", "group": "03. Opciones de temas"}, {"label": "bradicardia", "value": "bradicardia", "group": "03. Opciones de temas"}, {"label": "calibración", "value": "calibración", "group": "03. Opciones de temas"}, {"label": "calidad de vida", "value": "calidad de vida", "group": "03. Opciones de temas"}, {"label": "carácter", "value": "carácter", "group": "03. Opciones de temas"}, {"label": "ciencia", "value": "ciencia", "group": "03. Opciones de temas"}, {"label": "ciencias sociales", "value": "ciencias sociales", "group": "03. Opciones de temas"}, {"label": "ciudades", "value": "ciudades", "group": "03. Opciones de temas"}, {"label": "cognición", "value": "cognición", "group": "03. Opciones de temas"}, {"label": "colombia", "value": "colombia", "group": "03. Opciones de temas"}, {"label": "comportamiento de succión", "value": "comportamiento de succión", "group": "03. Opciones de temas"}, {"label": "comprensión", "value": "comprensión", "group": "03. Opciones de temas"}, {"label": "comunicación", "value": "comunicación", "group": "03. Opciones de temas"}, {"label": "comunismo", "value": "comunismo", "group": "03. Opciones de temas"}, {"label": "concienciación", "value": "concienciación", "group": "03. Opciones de temas"}, {"label": "conducción ósea", "value": "conducción ósea", "group": "03. Opciones de temas"}, {"label": "conducta", "value": "conducta", "group": "03. Opciones de temas"}, {"label": "conducta en la lactancia", "value": "conducta en la lactancia", "group": "03. Opciones de temas"}, {"label": "conductividad", "value": "conductividad", "group": "03. Opciones de temas"}, {"label": "conocimiento", "value": "conocimiento", "group": "03. Opciones de temas"}, {"label": "consejo", "value": "consejo", "group": "03. Opciones de temas"}, {"label": "consultores", "value": "consultores", "group": "03. Opciones de temas"}, {"label": "contexto", "value": "contexto", "group": "03. Opciones de temas"}, {"label": "cribado neonatal", "value": "cribado neonatal", "group": "03. Opciones de temas"}, {"label": "críticas", "value": "críticas", "group": "03. Opciones de temas"}, {"label": "cuidados paliativos", "value": "cuidados paliativos", "group": "03. Opciones de temas"}, {"label": "cultura", "value": "cultura", "group": "03. Opciones de temas"}, {"label": "current", "value": "current", "group": "03. Opciones de temas"}, {"label": "detección temprana", "value": "detección temprana", "group": "03. Opciones de temas"}, {"label": "diagnóstico", "value": "diagnóstico", "group": "03. Opciones de temas"}, {"label": "dolor", "value": "dolor", "group": "03. Opciones de temas"}, {"label": "educación", "value": "educación", "group": "03. Opciones de temas"}, {"label": "eficiencia", "value": "eficiencia", "group": "03. Opciones de temas"}, {"label": "electrones", "value": "electrones", "group": "03. Opciones de temas"}, {"label": "electrónica", "value": "electrónica", "group": "03. Opciones de temas"}, {"label": "emociones", "value": "emociones", "group": "03. Opciones de temas"}, {"label": "endocarditis", "value": "endocarditis", "group": "03. Opciones de temas"}, {"label": "enfermedad", "value": "enfermedad", "group": "03. Opciones de temas"}, {"label": "enfermedad de alzheimer", "value": "enfermedad de alzheimer", "group": "03. Opciones de temas"}, {"label": "enfermedad de huntington", "value": "enfermedad de huntington", "group": "03. Opciones de temas"}, {"label": "enfermedades", "value": "enfermedades", "group": "03. Opciones de temas"}, {"label": "enseñanza", "value": "enseñanza", "group": "03. Opciones de temas"}, {"label": "envejecimiento", "value": "envejecimiento", "group": "03. Opciones de temas"}, {"label": "escritura", "value": "escritura", "group": "03. Opciones de temas"}, {"label": "estadísticas", "value": "estadísticas", "group": "03. Opciones de temas"}, {"label": "estandarización", "value": "estandarización", "group": "03. Opciones de temas"}, {"label": "estudiantes", "value": "estudiantes", "group": "03. Opciones de temas"}, {"label": "estudios de cohortes", "value": "estudios de cohortes", "group": "03. Opciones de temas"}, {"label": "fase s", "value": "fase s", "group": "03. Opciones de temas"}, {"label": "fatiga", "value": "fatiga", "group": "03. Opciones de temas"}, {"label": "fisiología", "value": "fisiología", "group": "03. Opciones de temas"}, {"label": "frecuencia", "value": "frecuencia", "group": "03. Opciones de temas"}, {"label": "fuente de políticas públicas de salud malla nlm", "value": "fuente de políticas públicas de salud malla nlm", "group": "03. Opciones de temas"}, {"label": "física", "value": "física", "group": "03. Opciones de temas"}, {"label": "generadores", "value": "generadores", "group": "03. Opciones de temas"}, {"label": "golondrinas", "value": "golondrinas", "group": "03. Opciones de temas"}, {"label": "grabación", "value": "grabación", "group": "03. Opciones de temas"}, {"label": "grupos ocupacionales", "value": "grupos ocupacionales", "group": "03. Opciones de temas"}, {"label": "grupos profesionales", "value": "grupos profesionales", "group": "03. Opciones de temas"}, {"label": "habla", "value": "habla", "group": "03. Opciones de temas"}, {"label": "herramientas", "value": "herramientas", "group": "03. Opciones de temas"}, {"label": "hombres", "value": "hombres", "group": "03. Opciones de temas"}, {"label": "humanidades", "value": "humanidades", "group": "03. Opciones de temas"}, {"label": "humanismo", "value": "humanismo", "group": "03. Opciones de temas"}, {"label": "humanos", "value": "humanos", "group": "03. Opciones de temas"}, {"label": "implantación coclear", "value": "implantación coclear", "group": "03. Opciones de temas"}, {"label": "individualidad", "value": "individualidad", "group": "03. Opciones de temas"}, {"label": "individualismo", "value": "individualismo", "group": "03. Opciones de temas"}, {"label": "inequidad de la salud", "value": "inequidad de la salud", "group": "03. Opciones de temas"}, {"label": "infecciones", "value": "infecciones", "group": "03. Opciones de temas"}, {"label": "instituciones académicas", "value": "instituciones académicas", "group": "03. Opciones de temas"}, {"label": "instrumentación y medición", "value": "instrumentación y medición", "group": "03. Opciones de temas"}, {"label": "instrumentos", "value": "instrumentos", "group": "03. Opciones de temas"}, {"label": "investigación", "value": "investigación", "group": "03. Opciones de temas"}, {"label": "lactancia", "value": "lactancia", "group": "03. Opciones de temas"}, {"label": "lactante", "value": "lactante", "group": "03. Opciones de temas"}, {"label": "lactatos", "value": "lactatos", "group": "03. Opciones de temas"}, {"label": "laringitis", "value": "laringitis", "group": "03. Opciones de temas"}, {"label": "lectura", "value": "lectura", "group": "03. Opciones de temas"}, {"label": "lengua de signos", "value": "lengua de signos", "group": "03. Opciones de temas"}, {"label": "lenguaje", "value": "lenguaje", "group": "03. Opciones de temas"}, {"label": "lingüística", "value": "lingüística", "group": "03. Opciones de temas"}, {"label": "literatura", "value": "literatura", "group": "03. Opciones de temas"}, {"label": "logoterapia", "value": "logoterapia", "group": "03. Opciones de temas"}, {"label": "logro", "value": "logro", "group": "03. Opciones de temas"}, {"label": "maine", "value": "maine", "group": "03. Opciones de temas"}, {"label": "malla de salud infantil", "value": "malla de salud infantil", "group": "03. Opciones de temas"}, {"label": "malla de voz", "value": "malla de voz", "group": "03. Opciones de temas"}, {"label": "materiales", "value": "materiales", "group": "03. Opciones de temas"}, {"label": "medicalización", "value": "medicalización", "group": "03. Opciones de temas"}, {"label": "medición", "value": "medición", "group": "03. Opciones de temas"}, {"label": "memoria", "value": "memoria", "group": "03. Opciones de temas"}, {"label": "miastenia gravis", "value": "miastenia gravis", "group": "03. Opciones de temas"}, {"label": "morbilidad", "value": "morbilidad", "group": "03. Opciones de temas"}, {"label": "mortalidad", "value": "mortalidad", "group": "03. Opciones de temas"}, {"label": "motores", "value": "motores", "group": "03. Opciones de temas"}, {"label": "mujeres", "value": "mujeres", "group": "03. Opciones de temas"}, {"label": "métodos", "value": "métodos", "group": "03. Opciones de temas"}, {"label": "nombres", "value": "nombres", "group": "03. Opciones de temas"}, {"label": "normas", "value": "normas", "group": "03. Opciones de temas"}, {"label": "objetivos", "value": "objetivos", "group": "03. Opciones de temas"}, {"label": "observabilidad", "value": "observabilidad", "group": "03. Opciones de temas"}, {"label": "observación", "value": "observación", "group": "03. Opciones de temas"}, {"label": "observadores", "value": "observadores", "group": "03. Opciones de temas"}, {"label": "ocupaciones", "value": "ocupaciones", "group": "03. Opciones de temas"}, {"label": "oralidad", "value": "oralidad", "group": "03. Opciones de temas"}, {"label": "organismos", "value": "organismos", "group": "03. Opciones de temas"}, {"label": "organizaciones", "value": "organizaciones", "group": "03. Opciones de temas"}, {"label": "oído", "value": "oído", "group": "03. Opciones de temas"}, {"label": "pacientes", "value": "pacientes", "group": "03. Opciones de temas"}, {"label": "padres", "value": "padres", "group": "03. Opciones de temas"}, {"label": "paladar (hueso)", "value": "paladar (hueso)", "group": "03. Opciones de temas"}, {"label": "patología", "value": "patología", "group": "03. Opciones de temas"}, {"label": "patología del habla y lenguaje", "value": "patología del habla y lenguaje", "group": "03. Opciones de temas"}, {"label": "patólogos", "value": "patólogos", "group": "03. Opciones de temas"}, {"label": "pediatría", "value": "pediatría", "group": "03. Opciones de temas"}, {"label": "pensamiento", "value": "pensamiento", "group": "03. Opciones de temas"}, {"label": "percepción", "value": "percepción", "group": "03. Opciones de temas"}, {"label": "periodismo", "value": "periodismo", "group": "03. Opciones de temas"}, {"label": "personalidad", "value": "personalidad", "group": "03. Opciones de temas"}, {"label": "personas", "value": "personas", "group": "03. Opciones de temas"}, {"label": "pilas", "value": "pilas", "group": "03. Opciones de temas"}, {"label": "plomo", "value": "plomo", "group": "03. Opciones de temas"}, {"label": "población", "value": "población", "group": "03. Opciones de temas"}, {"label": "política", "value": "política", "group": "03. Opciones de temas"}, {"label": "políticas", "value": "políticas", "group": "03. Opciones de temas"}, {"label": "predominio", "value": "predominio", "group": "03. Opciones de temas"}, {"label": "prevalencia", "value": "prevalencia", "group": "03. Opciones de temas"}, {"label": "prevención primaria", "value": "prevención primaria", "group": "03. Opciones de temas"}, {"label": "producción", "value": "producción", "group": "03. Opciones de temas"}, {"label": "productividad", "value": "productividad", "group": "03. Opciones de temas"}, {"label": "profesionalismo", "value": "profesionalismo", "group": "03. Opciones de temas"}, {"label": "programa", "value": "programa", "group": "03. Opciones de temas"}, {"label": "programación", "value": "programación", "group": "03. Opciones de temas"}, {"label": "proyección", "value": "proyección", "group": "03. Opciones de temas"}, {"label": "pruebas", "value": "pruebas", "group": "03. Opciones de temas"}, {"label": "pseudomonas", "value": "pseudomonas", "group": "03. Opciones de temas"}, {"label": "pseudomonas aeruginosa", "value": "pseudomonas aeruginosa", "group": "03. Opciones de temas"}, {"label": "publicaciones", "value": "publicaciones", "group": "03. Opciones de temas"}, {"label": "pérdida auditiva", "value": "pérdida auditiva", "group": "03. Opciones de temas"}, {"label": "pérdida de la audición", "value": "pérdida de la audición", "group": "03. Opciones de temas"}, {"label": "registros", "value": "registros", "group": "03. Opciones de temas"}, {"label": "regulación hacia abajo", "value": "regulación hacia abajo", "group": "03. Opciones de temas"}, {"label": "regulación hacia arriba", "value": "regulación hacia arriba", "group": "03. Opciones de temas"}, {"label": "reguladores", "value": "reguladores", "group": "03. Opciones de temas"}, {"label": "rehabilitación", "value": "rehabilitación", "group": "03. Opciones de temas"}, {"label": "resonancia", "value": "resonancia", "group": "03. Opciones de temas"}, {"label": "respeto", "value": "respeto", "group": "03. Opciones de temas"}, {"label": "responsabilidad parental", "value": "responsabilidad parental", "group": "03. Opciones de temas"}, {"label": "resúmenes", "value": "resúmenes", "group": "03. Opciones de temas"}, {"label": "retinitis", "value": "retinitis", "group": "03. Opciones de temas"}, {"label": "retinitis pigmentosa", "value": "retinitis pigmentosa", "group": "03. Opciones de temas"}, {"label": "revisión", "value": "revisión", "group": "03. Opciones de temas"}, {"label": "riesgo", "value": "riesgo", "group": "03. Opciones de temas"}, {"label": "rol", "value": "rol", "group": "03. Opciones de temas"}, {"label": "salud", "value": "salud", "group": "03. Opciones de temas"}, {"label": "salud política pública fuente malla nlm", "value": "salud política pública fuente malla nlm", "group": "03. Opciones de temas"}, {"label": "seguridad", "value": "seguridad", "group": "03. Opciones de temas"}, {"label": "semántica", "value": "semántica", "group": "03. Opciones de temas"}, {"label": "sincronización", "value": "sincronización", "group": "03. Opciones de temas"}, {"label": "socialismo", "value": "socialismo", "group": "03. Opciones de temas"}, {"label": "socialización", "value": "socialización", "group": "03. Opciones de temas"}, {"label": "sociedades", "value": "sociedades", "group": "03. Opciones de temas"}, {"label": "sordera", "value": "sordera", "group": "03. Opciones de temas"}, {"label": "sugestión", "value": "sugestión", "group": "03. Opciones de temas"}, {"label": "tamizaje neonatal", "value": "tamizaje neonatal", "group": "03. Opciones de temas"}, {"label": "tecnología", "value": "tecnología", "group": "03. Opciones de temas"}, {"label": "terapia del lenguaje", "value": "terapia del lenguaje", "group": "03. Opciones de temas"}, {"label": "terapéutica", "value": "terapéutica", "group": "03. Opciones de temas"}, {"label": "territorialidad", "value": "territorialidad", "group": "03. Opciones de temas"}, {"label": "tiempo", "value": "tiempo", "group": "03. Opciones de temas"}, {"label": "trabajo", "value": "trabajo", "group": "03. Opciones de temas"}, {"label": "trastornos de la voz", "value": "trastornos de la voz", "group": "03. Opciones de temas"}, {"label": "universidades", "value": "universidades", "group": "03. Opciones de temas"}, {"label": "urgencias médicas", "value": "urgencias médicas", "group": "03. Opciones de temas"}, {"label": "vida", "value": "vida", "group": "03. Opciones de temas"}, {"label": "violencia", "value": "violencia", "group": "03. Opciones de temas"}, {"label": "voz", "value": "voz", "group": "03. Opciones de temas"}, {"label": "vértigo", "value": "vértigo", "group": "03. Opciones de temas"}, {"label": "ética", "value": "ética", "group": "03. Opciones de temas"}, {"label": "índice", "value": "índice", "group": "03. Opciones de temas"}, {"label": "índice compuesto", "value": "índice compuesto", "group": "03. Opciones de temas"}, {"label": "índice de concentración", "value": "índice de concentración", "group": "03. Opciones de temas"}]}