{"nodes": [{"id": "ca010250-64b9-4a4b-a973-7cd82171f5c8", "label": "Departamento de Microbiología", "type": "uab"}, {"id": 102, "label": "Bernal Rivera Maye Mariela Magdalena", "type": "author"}, {"id": "carbonatos", "label": "carbonatos", "type": "topic"}, {"id": "carbono", "label": "carbono", "type": "topic"}, {"id": "antígenos o", "label": "antígenos o", "type": "topic"}, {"id": "antígenos", "label": "antígenos", "type": "topic"}, {"id": "esputo", "label": "esputo", "type": "topic"}, {"id": "diagnóstico", "label": "diagnóstico", "type": "topic"}, {"id": "cultura", "label": "cultura", "type": "topic"}, {"id": "salud", "label": "salud", "type": "topic"}, {"id": "pruebas intradérmicas", "label": "pruebas intradérmicas", "type": "topic"}, {"id": "chancroide", "label": "chancroide", "type": "topic"}, {"id": "tos", "label": "tos", "type": "topic"}, {"id": "serología", "label": "serología", "type": "topic"}, {"id": "microbiología", "label": "microbiología", "type": "topic"}, {"id": "laboratorios", "label": "laboratorios", "type": "topic"}, {"id": 111, "label": "Buendía Vásquez Santiago De Chiquinquirá", "type": "author"}, {"id": "hijo único", "label": "hijo único", "type": "topic"}, {"id": "niño", "label": "niño", "type": "topic"}, {"id": "medicina", "label": "medicina", "type": "topic"}, {"id": "docentes", "label": "docentes", "type": "topic"}, {"id": "estudiantes", "label": "estudiantes", "type": "topic"}, {"id": "trabajo", "label": "trabajo", "type": "topic"}, {"id": "personal de salud", "label": "personal de salud", "type": "topic"}, {"id": "personalidad", "label": "personalidad", "type": "topic"}, {"id": "familia", "label": "familia", "type": "topic"}, {"id": "personas", "label": "personas", "type": "topic"}, {"id": "comprensión", "label": "comprensión", "type": "topic"}, {"id": "conducta", "label": "conducta", "type": "topic"}, {"id": "behaviorismo", "label": "behaviorismo", "type": "topic"}, {"id": "genética", "label": "genética", "type": "topic"}, {"id": "servicios de salud", "label": "servicios de salud", "type": "topic"}, {"id": "organismos", "label": "organismos", "type": "topic"}, {"id": "plomo", "label": "plomo", "type": "topic"}, {"id": "riesgo", "label": "riesgo", "type": "topic"}, {"id": "antecedentes genéticos", "label": "antecedentes genéticos", "type": "topic"}, {"id": "ambiente", "label": "ambiente", "type": "topic"}, {"id": "conocimiento", "label": "conocimiento", "type": "topic"}, {"id": "lugar de trabajo", "label": "lugar de trabajo", "type": "topic"}, {"id": "humanos", "label": "humanos", "type": "topic"}, {"id": "muerte", "label": "muerte", "type": "topic"}, {"id": "hospitalización", "label": "hospitalización", "type": "topic"}, {"id": "respeto", "label": "respeto", "type": "topic"}, {"id": "esperanza", "label": "esperanza", "type": "topic"}, {"id": "madres", "label": "madres", "type": "topic"}, {"id": 198, "label": "Combita Rojas Alba Lucia", "type": "author"}, {"id": "humanidades", "label": "humanidades", "type": "topic"}, {"id": "humanismo", "label": "humanismo", "type": "topic"}, {"id": "proteínas 14-3-3", "label": "proteínas 14-3-3", "type": "topic"}, {"id": "proteínas", "label": "proteínas", "type": "topic"}, {"id": "proteína s", "label": "proteína s", "type": "topic"}, {"id": "células", "label": "células", "type": "topic"}, {"id": "células 3t3", "label": "células 3t3", "type": "topic"}, {"id": "células a549", "label": "células a549", "type": "topic"}, {"id": "gota", "label": "gota", "type": "topic"}, {"id": "proteínas s100", "label": "proteínas s100", "type": "topic"}, {"id": "proteína s100a12", "label": "proteína s100a12", "type": "topic"}, {"id": "papillomavirus humano 6", "label": "papillomavirus humano 6", "type": "topic"}, {"id": "papillomavirus humano 11", "label": "papillomavirus humano 11", "type": "topic"}, {"id": "papillomavirus humano 16", "label": "papillomavirus humano 16", "type": "topic"}, {"id": "pacientes", "label": "pacientes", "type": "topic"}, {"id": "papillomavirus humano 31", "label": "papillomavirus humano 31", "type": "topic"}, {"id": "papillomavirus humano 18", "label": "papillomavirus humano 18", "type": "topic"}, {"id": "mujeres", "label": "mujeres", "type": "topic"}, {"id": "proteinas", "label": "proteinas", "type": "topic"}, {"id": "genes", "label": "genes", "type": "topic"}, {"id": "adn", "label": "adn", "type": "topic"}, {"id": "infecciones", "label": "infecciones", "type": "topic"}, {"id": "anticuerpos", "label": "anticuerpos", "type": "topic"}, {"id": "inmunización", "label": "inmunización", "type": "topic"}, {"id": "inmunidad", "label": "inmunidad", "type": "topic"}, {"id": "observadores", "label": "observadores", "type": "topic"}, {"id": "asociación", "label": "asociación", "type": "topic"}, {"id": "biología", "label": "biología", "type": "topic"}, {"id": 211, "label": "Cortes Cantin Gladys Thalía", "type": "author"}, {"id": "plasmodium", "label": "plasmodium", "type": "topic"}, {"id": "eritrocitos", "label": "eritrocitos", "type": "topic"}, {"id": "parásitos", "label": "parásitos", "type": "topic"}, {"id": "merozoítos", "label": "merozoítos", "type": "topic"}, {"id": "malaria", "label": "malaria", "type": "topic"}, {"id": "plasmodium falciparum", "label": "plasmodium falciparum", "type": "topic"}, {"id": "membranas", "label": "membranas", "type": "topic"}, {"id": "membrana celular", "label": "membrana celular", "type": "topic"}, {"id": "membrana eritrocítica", "label": "membrana eritrocítica", "type": "topic"}, {"id": "containers", "label": "containers", "type": "topic"}, {"id": "in vitro", "label": "in vitro", "type": "topic"}, {"id": "retículo endoplásmico", "label": "retículo endoplásmico", "type": "topic"}, {"id": "reticulum", "label": "reticulum", "type": "topic"}, {"id": "células (biología)", "label": "células (biología)", "type": "topic"}, {"id": "biología molecular", "label": "biología molecular", "type": "topic"}, {"id": "biología celular", "label": "biología celular", "type": "topic"}, {"id": "pruebas", "label": "pruebas", "type": "topic"}, {"id": 390, "label": "Henao Riveros Sandra Consuelo", "type": "author"}, {"id": "helicobacter", "label": "helicobacter", "type": "topic"}, {"id": "helicobacter pylori", "label": "helicobacter pylori", "type": "topic"}, {"id": "adulto", "label": "adulto", "type": "topic"}, {"id": "gastritis", "label": "gastritis", "type": "topic"}, {"id": "aisladores", "label": "aisladores", "type": "topic"}, {"id": "métodos", "label": "métodos", "type": "topic"}, {"id": "tuberculosis", "label": "tuberculosis", "type": "topic"}, {"id": "mycobacterium", "label": "mycobacterium", "type": "topic"}, {"id": "envejecimiento", "label": "envejecimiento", "type": "topic"}, {"id": "resistencia", "label": "resistencia", "type": "topic"}, {"id": "resiste", "label": "resiste", "type": "topic"}, {"id": "colombia", "label": "colombia", "type": "topic"}, {"id": "mycobacterium tuberculosis", "label": "mycobacterium tuberculosis", "type": "topic"}, {"id": "úlcera", "label": "úlcera", "type": "topic"}, {"id": "observación", "label": "observación", "type": "topic"}, {"id": "músculos", "label": "músculos", "type": "topic"}, {"id": "hospitales", "label": "hospitales", "type": "topic"}, {"id": "controlabilidad", "label": "controlabilidad", "type": "topic"}, {"id": "materiales", "label": "materiales", "type": "topic"}, {"id": "endoscopía", "label": "endoscopía", "type": "topic"}, {"id": "tejidos", "label": "tejidos", "type": "topic"}, {"id": "crecimiento", "label": "crecimiento", "type": "topic"}, {"id": "sensibilidad", "label": "sensibilidad", "type": "topic"}, {"id": 423, "label": "Knudson Ospina Rubiela Angélica", "type": "author"}, {"id": "frecuencia", "label": "frecuencia", "type": "topic"}, {"id": "suelo", "label": "suelo", "type": "topic"}, {"id": "helmintos", "label": "helmintos", "type": "topic"}, {"id": "población", "label": "población", "type": "topic"}, {"id": "sulfadoxina", "label": "sulfadoxina", "type": "topic"}, {"id": "pirimetamina", "label": "pirimetamina", "type": "topic"}, {"id": "circuladores", "label": "circuladores", "type": "topic"}, {"id": "epidemiología", "label": "epidemiología", "type": "topic"}, {"id": "prevalencia", "label": "prevalencia", "type": "topic"}, {"id": "análisis multivariante", "label": "análisis multivariante", "type": "topic"}, {"id": 433, "label": "Leal Baquero Héctor Ricardo", "type": "author"}, {"id": "medicalización", "label": "medicalización", "type": "topic"}, {"id": 434, "label": "Leal Castro Aura Lucia", "type": "author"}, {"id": "hospitals", "label": "hospitals", "type": "topic"}, {"id": "neumonía", "label": "neumonía", "type": "topic"}, {"id": "staphylococcus", "label": "staphylococcus", "type": "topic"}, {"id": "unidades de cuidados intensivos", "label": "unidades de cuidados intensivos", "type": "topic"}, {"id": "staphylococcus aureus", "label": "staphylococcus aureus", "type": "topic"}, {"id": "meticilina", "label": "meticilina", "type": "topic"}, {"id": "klebsiella", "label": "klebsiella", "type": "topic"}, {"id": "comunicación", "label": "comunicación", "type": "topic"}, {"id": "comunismo", "label": "comunismo", "type": "topic"}, {"id": "resistencia a la meticilina", "label": "resistencia a la meticilina", "type": "topic"}, {"id": "staphylococcus aureus resistente a meticilina", "label": "staphylococcus aureus resistente a meticilina", "type": "topic"}, {"id": "carbapenémicos", "label": "carbapenémicos", "type": "topic"}, {"id": "klebsiella pneumoniae", "label": "klebsiella pneumoniae", "type": "topic"}, {"id": "vigilancia", "label": "vigilancia", "type": "topic"}, {"id": "mortalidad", "label": "mortalidad", "type": "topic"}, {"id": "bacteriemia", "label": "bacteriemia", "type": "topic"}, {"id": "acinetobacter", "label": "acinetobacter", "type": "topic"}, {"id": "acinetobacter baumannii", "label": "acinetobacter baumannii", "type": "topic"}, {"id": 559, "label": "Murcia Aranguren Martha Isabel", "type": "author"}, {"id": "vih-1", "label": "vih-1", "type": "topic"}, {"id": "vih", "label": "vih", "type": "topic"}, {"id": "vih-2", "label": "vih-2", "type": "topic"}, {"id": "genotipo", "label": "genotipo", "type": "topic"}, {"id": "tuberculosis micobacteriana", "label": "tuberculosis micobacteriana", "type": "topic"}, {"id": "mycobacterium avium", "label": "mycobacterium avium", "type": "topic"}, {"id": "complejo mycobacterium avium", "label": "complejo mycobacterium avium", "type": "topic"}, {"id": "presion", "label": "presion", "type": "topic"}, {"id": 564, "label": "Navarrete Jiménez Myriam Lucia", "type": "author"}, {"id": "mecánica", "label": "mecánica", "type": "topic"}, {"id": "pseudomonas", "label": "pseudomonas", "type": "topic"}, {"id": "pseudomonas aeruginosa", "label": "pseudomonas aeruginosa", "type": "topic"}, {"id": "patología", "label": "patología", "type": "topic"}, {"id": "asma", "label": "asma", "type": "topic"}, {"id": "infecciones por vih", "label": "infecciones por vih", "type": "topic"}, {"id": "factores de riesgo", "label": "factores de riesgo", "type": "topic"}, {"id": "infecciones por micobacterias", "label": "infecciones por micobacterias", "type": "topic"}, {"id": "predominio", "label": "predominio", "type": "topic"}, {"id": "síndrome de inmunodeficiencia adquirida", "label": "síndrome de inmunodeficiencia adquirida", "type": "topic"}, {"id": "estadísticas", "label": "estadísticas", "type": "topic"}, {"id": "infecciones por mycobacterium", "label": "infecciones por mycobacterium", "type": "topic"}, {"id": "estadística", "label": "estadística", "type": "topic"}, {"id": "índices", "label": "índices", "type": "topic"}, {"id": 615, "label": "Parra López Carlos Alberto", "type": "author"}, {"id": "péptidos", "label": "péptidos", "type": "topic"}, {"id": "péptido t", "label": "péptido t", "type": "topic"}, {"id": "dc-i", "label": "dc-i", "type": "topic"}, {"id": "aminoácidos", "label": "aminoácidos", "type": "topic"}, {"id": "vacunas", "label": "vacunas", "type": "topic"}, {"id": "células dendríticas", "label": "células dendríticas", "type": "topic"}, {"id": "leishmania", "label": "leishmania", "type": "topic"}, {"id": "virulencia", "label": "virulencia", "type": "topic"}, {"id": 619, "label": "Patarroyo Gutiérrez Manuel Alfonso", "type": "author"}, {"id": "plasmodium vivax", "label": "plasmodium vivax", "type": "topic"}, {"id": "vacunación", "label": "vacunación", "type": "topic"}, {"id": "secuencias", "label": "secuencias", "type": "topic"}, {"id": "proteccion", "label": "proteccion", "type": "topic"}, {"id": 634, "label": "Pérez De González María De Jesús", "type": "author"}, {"id": "cara", "label": "cara", "type": "topic"}, {"id": "pronóstico", "label": "pronóstico", "type": "topic"}, {"id": "morbilidad", "label": "morbilidad", "type": "topic"}, {"id": "presión", "label": "presión", "type": "topic"}, {"id": "fermentación", "label": "fermentación", "type": "topic"}, {"id": "lectura", "label": "lectura", "type": "topic"}, {"id": "exposición", "label": "exposición", "type": "topic"}, {"id": "formulario", "label": "formulario", "type": "topic"}, {"id": "penetrancia", "label": "penetrancia", "type": "topic"}, {"id": "glaucoma", "label": "glaucoma", "type": "topic"}, {"id": "hipertensión ocular", "label": "hipertensión ocular", "type": "topic"}, {"id": "ceguera", "label": "ceguera", "type": "topic"}, {"id": "queratoplastia penetrante", "label": "queratoplastia penetrante", "type": "topic"}, {"id": "presión intraocular", "label": "presión intraocular", "type": "topic"}, {"id": "ojo", "label": "ojo", "type": "topic"}, {"id": "hipertensión", "label": "hipertensión", "type": "topic"}, {"id": 713, "label": "Rivas Pinedo Julia Del Pilar", "type": "author"}, {"id": "candida", "label": "candida", "type": "topic"}, {"id": "fluconazol", "label": "fluconazol", "type": "topic"}, {"id": "voriconazol", "label": "voriconazol", "type": "topic"}, {"id": "candidemia", "label": "candidemia", "type": "topic"}, {"id": "denominaciones geográficas", "label": "denominaciones geográficas", "type": "topic"}, {"id": "programa", "label": "programa", "type": "topic"}, {"id": "programación", "label": "programación", "type": "topic"}, {"id": "anfotericina b", "label": "anfotericina b", "type": "topic"}, {"id": "levaduras", "label": "levaduras", "type": "topic"}, {"id": "estandarización", "label": "estandarización", "type": "topic"}, {"id": "normas", "label": "normas", "type": "topic"}, {"id": "hongos", "label": "hongos", "type": "topic"}, {"id": "antifúngicos", "label": "antifúngicos", "type": "topic"}, {"id": "enfermedades", "label": "enfermedades", "type": "topic"}, {"id": 886, "label": "Vargas Córdoba Manuel Antonio", "type": "author"}, {"id": "virología", "label": "virología", "type": "topic"}, {"id": "sensibilidad y especificidad", "label": "sensibilidad y especificidad", "type": "topic"}, {"id": "virus de la influenza a", "label": "virus de la influenza a", "type": "topic"}, {"id": "porcinos", "label": "porcinos", "type": "topic"}, {"id": "availability", "label": "availability", "type": "topic"}, {"id": "humano", "label": "humano", "type": "topic"}, {"id": "subtipo h n", "label": "subtipo h n", "type": "topic"}, {"id": "infección", "label": "infección", "type": "topic"}, {"id": "virus de la gripe", "label": "virus de la gripe", "type": "topic"}, {"id": "influenza", "label": "influenza", "type": "topic"}, {"id": "h n subtipo", "label": "h n subtipo", "type": "topic"}, {"id": "relés", "label": "relés", "type": "topic"}, {"id": "comercialización", "label": "comercialización", "type": "topic"}, {"id": "limiting", "label": "limiting", "type": "topic"}, {"id": "eficiencia", "label": "eficiencia", "type": "topic"}, {"id": "mercadotecnía", "label": "mercadotecnía", "type": "topic"}, {"id": "diagnóstico precoz", "label": "diagnóstico precoz", "type": "topic"}, {"id": "citomegalovirus", "label": "citomegalovirus", "type": "topic"}, {"id": 2847, "label": "Botelho C De Contreras Maria Margarida", "type": "author"}, {"id": 2883, "label": "Guzman Urrego Miguel Antonio", "type": "author"}, {"id": 2956, "label": "Moreno Davila Herman William", "type": "author"}, {"id": 2986, "label": "Campo Vera Harvey", "type": "author"}, {"id": 3071, "label": "Mendez De Castro Cecilia", "type": "author"}, {"id": 3107, "label": "Mejia Arango Luz Eugenia", "type": "author"}, {"id": 3108, "label": "Gallo De Bravo Ana Lilia", "type": "author"}, {"id": 3110, "label": "Viveros Astudillo Hilda Teresa", "type": "author"}, {"id": 3111, "label": "Lapides De Duplat Raquel", "type": "author"}, {"id": 3281, "label": "Vasquez Franco Luis Guillermo", "type": "author"}, {"id": 3345, "label": "Cifuentes Bernal Hector", "type": "author"}, {"id": 3359, "label": "Palencia Mejia Carlos Arturo", "type": "author"}, {"id": 3397, "label": "Guarin Umaña Eva Felisa", "type": "author"}], "links": [{"source": "ca010250-64b9-4a4b-a973-7cd82171f5c8", "target": 102, "value": 1}, {"source": 102, "target": "carbonatos", "value": 1}, {"source": 102, "target": "carbono", "value": 1}, {"source": 102, "target": "antígenos o", "value": 1}, {"source": 102, "target": "antígenos", "value": 1}, {"source": 102, "target": "esputo", "value": 1}, {"source": 102, "target": "diagnóstico", "value": 1}, {"source": 102, "target": "cultura", "value": 1}, {"source": 102, "target": "salud", "value": 1}, {"source": 102, "target": "pruebas intradérmicas", "value": 1}, {"source": 102, "target": "chancroide", "value": 1}, {"source": 102, "target": "tos", "value": 1}, {"source": 102, "target": "serología", "value": 1}, {"source": 102, "target": "microbiología", "value": 1}, {"source": 102, "target": "laboratorios", "value": 1}, {"source": "ca010250-64b9-4a4b-a973-7cd82171f5c8", "target": 111, "value": 1}, {"source": 111, "target": "hijo único", "value": 3}, {"source": 111, "target": "niño", "value": 3}, {"source": 111, "target": "medicina", "value": 2}, {"source": 111, "target": "docentes", "value": 2}, {"source": 111, "target": "estudiantes", "value": 2}, {"source": 111, "target": "trabajo", "value": 2}, {"source": 111, "target": "personal de salud", "value": 2}, {"source": 111, "target": "salud", "value": 2}, {"source": 111, "target": "personalidad", "value": 2}, {"source": 111, "target": "familia", "value": 2}, {"source": 111, "target": "personas", "value": 2}, {"source": 111, "target": "comprensión", "value": 1}, {"source": 111, "target": "conducta", "value": 1}, {"source": 111, "target": "behaviorismo", "value": 1}, {"source": 111, "target": "genética", "value": 1}, {"source": 111, "target": "servicios de salud", "value": 1}, {"source": 111, "target": "organismos", "value": 1}, {"source": 111, "target": "plomo", "value": 1}, {"source": 111, "target": "riesgo", "value": 1}, {"source": 111, "target": "antecedentes genéticos", "value": 1}, {"source": 111, "target": "ambiente", "value": 1}, {"source": 111, "target": "conocimiento", "value": 1}, {"source": 111, "target": "lugar de trabajo", "value": 1}, {"source": 111, "target": "humanos", "value": 1}, {"source": 111, "target": "muerte", "value": 1}, {"source": 111, "target": "hospitalización", "value": 1}, {"source": 111, "target": "respeto", "value": 1}, {"source": 111, "target": "esperanza", "value": 1}, {"source": 111, "target": "madres", "value": 1}, {"source": 111, "target": "cultura", "value": 1}, {"source": "ca010250-64b9-4a4b-a973-7cd82171f5c8", "target": 198, "value": 1}, {"source": 198, "target": "humanos", "value": 23}, {"source": 198, "target": "humanidades", "value": 21}, {"source": 198, "target": "humanismo", "value": 19}, {"source": 198, "target": "proteínas 14-3-3", "value": 17}, {"source": 198, "target": "proteínas", "value": 17}, {"source": 198, "target": "proteína s", "value": 17}, {"source": 198, "target": "células", "value": 16}, {"source": 198, "target": "células 3t3", "value": 16}, {"source": 198, "target": "células a549", "value": 16}, {"source": 198, "target": "gota", "value": 16}, {"source": 198, "target": "proteínas s100", "value": 16}, {"source": 198, "target": "proteína s100a12", "value": 16}, {"source": 198, "target": "papillomavirus humano 6", "value": 15}, {"source": 198, "target": "papillomavirus humano 11", "value": 15}, {"source": 198, "target": "papillomavirus humano 16", "value": 15}, {"source": 198, "target": "pacientes", "value": 14}, {"source": 198, "target": "papillomavirus humano 31", "value": 14}, {"source": 198, "target": "papillomavirus humano 18", "value": 14}, {"source": 198, "target": "mujeres", "value": 14}, {"source": 198, "target": "proteinas", "value": 14}, {"source": 198, "target": "genes", "value": 13}, {"source": 198, "target": "adn", "value": 12}, {"source": 198, "target": "riesgo", "value": 11}, {"source": 198, "target": "infecciones", "value": 11}, {"source": 198, "target": "anticuerpos", "value": 11}, {"source": 198, "target": "inmunización", "value": 8}, {"source": 198, "target": "inmunidad", "value": 8}, {"source": 198, "target": "observadores", "value": 8}, {"source": 198, "target": "asociación", "value": 7}, {"source": 198, "target": "biología", "value": 7}, {"source": "ca010250-64b9-4a4b-a973-7cd82171f5c8", "target": 211, "value": 1}, {"source": 211, "target": "plasmodium", "value": 10}, {"source": 211, "target": "eritrocitos", "value": 9}, {"source": 211, "target": "parásitos", "value": 7}, {"source": 211, "target": "infecciones", "value": 6}, {"source": 211, "target": "merozoítos", "value": 6}, {"source": 211, "target": "malaria", "value": 6}, {"source": 211, "target": "plasmodium falciparum", "value": 6}, {"source": 211, "target": "células", "value": 5}, {"source": 211, "target": "células 3t3", "value": 5}, {"source": 211, "target": "células a549", "value": 5}, {"source": 211, "target": "anticuerpos", "value": 5}, {"source": 211, "target": "membranas", "value": 4}, {"source": 211, "target": "proteinas", "value": 4}, {"source": 211, "target": "biología", "value": 4}, {"source": 211, "target": "proteínas 14-3-3", "value": 3}, {"source": 211, "target": "proteínas", "value": 3}, {"source": 211, "target": "proteína s", "value": 3}, {"source": 211, "target": "proteínas s100", "value": 3}, {"source": 211, "target": "proteína s100a12", "value": 3}, {"source": 211, "target": "membrana celular", "value": 3}, {"source": 211, "target": "membrana eritrocítica", "value": 2}, {"source": 211, "target": "containers", "value": 2}, {"source": 211, "target": "in vitro", "value": 2}, {"source": 211, "target": "retículo endoplásmico", "value": 2}, {"source": 211, "target": "reticulum", "value": 2}, {"source": 211, "target": "células (biología)", "value": 2}, {"source": 211, "target": "biología molecular", "value": 2}, {"source": 211, "target": "biología celular", "value": 2}, {"source": 211, "target": "pruebas", "value": 2}, {"source": 211, "target": "antígenos o", "value": 2}, {"source": "ca010250-64b9-4a4b-a973-7cd82171f5c8", "target": 390, "value": 1}, {"source": 390, "target": "pacientes", "value": 16}, {"source": 390, "target": "helicobacter", "value": 14}, {"source": 390, "target": "helicobacter pylori", "value": 13}, {"source": 390, "target": "adulto", "value": 8}, {"source": 390, "target": "gastritis", "value": 7}, {"source": 390, "target": "aisladores", "value": 6}, {"source": 390, "target": "métodos", "value": 6}, {"source": 390, "target": "tuberculosis", "value": 5}, {"source": 390, "target": "mycobacterium", "value": 5}, {"source": 390, "target": "pruebas", "value": 5}, {"source": 390, "target": "anticuerpos", "value": 5}, {"source": 390, "target": "infecciones", "value": 5}, {"source": 390, "target": "envejecimiento", "value": 5}, {"source": 390, "target": "hospitalización", "value": 4}, {"source": 390, "target": "cultura", "value": 4}, {"source": 390, "target": "resistencia", "value": 4}, {"source": 390, "target": "resiste", "value": 4}, {"source": 390, "target": "colombia", "value": 4}, {"source": 390, "target": "mycobacterium tuberculosis", "value": 4}, {"source": 390, "target": "úlcera", "value": 4}, {"source": 390, "target": "observación", "value": 4}, {"source": 390, "target": "riesgo", "value": 4}, {"source": 390, "target": "músculos", "value": 4}, {"source": 390, "target": "hospitales", "value": 3}, {"source": 390, "target": "controlabilidad", "value": 3}, {"source": 390, "target": "materiales", "value": 3}, {"source": 390, "target": "endoscopía", "value": 3}, {"source": 390, "target": "tejidos", "value": 3}, {"source": 390, "target": "crecimiento", "value": 3}, {"source": 390, "target": "sensibilidad", "value": 3}, {"source": "ca010250-64b9-4a4b-a973-7cd82171f5c8", "target": 423, "value": 1}, {"source": 423, "target": "colombia", "value": 22}, {"source": 423, "target": "malaria", "value": 14}, {"source": 423, "target": "plasmodium falciparum", "value": 12}, {"source": 423, "target": "plasmodium", "value": 11}, {"source": 423, "target": "parásitos", "value": 10}, {"source": 423, "target": "diagnóstico", "value": 10}, {"source": 423, "target": "infecciones", "value": 7}, {"source": 423, "target": "frecuencia", "value": 6}, {"source": 423, "target": "genes", "value": 6}, {"source": 423, "target": "suelo", "value": 5}, {"source": 423, "target": "helmintos", "value": 5}, {"source": 423, "target": "población", "value": 5}, {"source": 423, "target": "métodos", "value": 5}, {"source": 423, "target": "envejecimiento", "value": 5}, {"source": 423, "target": "pacientes", "value": 5}, {"source": 423, "target": "controlabilidad", "value": 4}, {"source": 423, "target": "genética", "value": 4}, {"source": 423, "target": "asociación", "value": 4}, {"source": 423, "target": "resistencia", "value": 4}, {"source": 423, "target": "materiales", "value": 4}, {"source": 423, "target": "sulfadoxina", "value": 4}, {"source": 423, "target": "pirimetamina", "value": 4}, {"source": 423, "target": "laboratorios", "value": 4}, {"source": 423, "target": "salud", "value": 3}, {"source": 423, "target": "circuladores", "value": 3}, {"source": 423, "target": "epidemiología", "value": 3}, {"source": 423, "target": "resiste", "value": 3}, {"source": 423, "target": "pruebas", "value": 3}, {"source": 423, "target": "prevalencia", "value": 3}, {"source": 423, "target": "análisis multivariante", "value": 3}, {"source": "ca010250-64b9-4a4b-a973-7cd82171f5c8", "target": 433, "value": 1}, {"source": 433, "target": "microbiología", "value": 1}, {"source": 433, "target": "medicalización", "value": 1}, {"source": 433, "target": "laboratorios", "value": 1}, {"source": "ca010250-64b9-4a4b-a973-7cd82171f5c8", "target": 434, "value": 1}, {"source": 434, "target": "colombia", "value": 106}, {"source": 434, "target": "hospitalización", "value": 94}, {"source": 434, "target": "hospitales", "value": 92}, {"source": 434, "target": "infecciones", "value": 77}, {"source": 434, "target": "hospitals", "value": 66}, {"source": 434, "target": "resistencia", "value": 63}, {"source": 434, "target": "resiste", "value": 62}, {"source": 434, "target": "pacientes", "value": 61}, {"source": 434, "target": "aisladores", "value": 57}, {"source": 434, "target": "neumonía", "value": 46}, {"source": 434, "target": "staphylococcus", "value": 39}, {"source": 434, "target": "unidades de cuidados intensivos", "value": 37}, {"source": 434, "target": "staphylococcus aureus", "value": 36}, {"source": 434, "target": "microbiología", "value": 27}, {"source": 434, "target": "asociación", "value": 27}, {"source": 434, "target": "meticilina", "value": 27}, {"source": 434, "target": "klebsiella", "value": 27}, {"source": 434, "target": "comunicación", "value": 26}, {"source": 434, "target": "comunismo", "value": 26}, {"source": 434, "target": "resistencia a la meticilina", "value": 26}, {"source": 434, "target": "staphylococcus aureus resistente a meticilina", "value": 24}, {"source": 434, "target": "carbapenémicos", "value": 24}, {"source": 434, "target": "klebsiella pneumoniae", "value": 23}, {"source": 434, "target": "pruebas", "value": 22}, {"source": 434, "target": "vigilancia", "value": 22}, {"source": 434, "target": "mortalidad", "value": 21}, {"source": 434, "target": "laboratorios", "value": 20}, {"source": 434, "target": "bacteriemia", "value": 20}, {"source": 434, "target": "acinetobacter", "value": 20}, {"source": 434, "target": "acinetobacter baumannii", "value": 17}, {"source": "ca010250-64b9-4a4b-a973-7cd82171f5c8", "target": 559, "value": 1}, {"source": 559, "target": "tuberculosis", "value": 55}, {"source": 559, "target": "pacientes", "value": 49}, {"source": 559, "target": "colombia", "value": 43}, {"source": 559, "target": "mycobacterium", "value": 43}, {"source": 559, "target": "infecciones", "value": 37}, {"source": 559, "target": "mycobacterium tuberculosis", "value": 32}, {"source": 559, "target": "aisladores", "value": 30}, {"source": 559, "target": "vih-1", "value": 30}, {"source": 559, "target": "vih", "value": 30}, {"source": 559, "target": "vih-2", "value": 29}, {"source": 559, "target": "genotipo", "value": 22}, {"source": 559, "target": "pruebas", "value": 19}, {"source": 559, "target": "diagnóstico", "value": 16}, {"source": 559, "target": "asociación", "value": 16}, {"source": 559, "target": "hospitalización", "value": 16}, {"source": 559, "target": "hospitales", "value": 15}, {"source": 559, "target": "hospitals", "value": 14}, {"source": 559, "target": "prevalencia", "value": 13}, {"source": 559, "target": "cultura", "value": 12}, {"source": 559, "target": "métodos", "value": 12}, {"source": 559, "target": "tuberculosis micobacteriana", "value": 11}, {"source": 559, "target": "resistencia", "value": 11}, {"source": 559, "target": "resiste", "value": 11}, {"source": 559, "target": "mycobacterium avium", "value": 11}, {"source": 559, "target": "complejo mycobacterium avium", "value": 11}, {"source": 559, "target": "presion", "value": 10}, {"source": 559, "target": "salud", "value": 10}, {"source": 559, "target": "gota", "value": 10}, {"source": 559, "target": "humanos", "value": 10}, {"source": 559, "target": "genética", "value": 9}, {"source": "ca010250-64b9-4a4b-a973-7cd82171f5c8", "target": 564, "value": 1}, {"source": 564, "target": "infecciones", "value": 5}, {"source": 564, "target": "colombia", "value": 5}, {"source": 564, "target": "tuberculosis", "value": 4}, {"source": 564, "target": "mecánica", "value": 4}, {"source": 564, "target": "pacientes", "value": 3}, {"source": 564, "target": "vih", "value": 3}, {"source": 564, "target": "vih-1", "value": 3}, {"source": 564, "target": "vih-2", "value": 3}, {"source": 564, "target": "pseudomonas", "value": 3}, {"source": 564, "target": "pseudomonas aeruginosa", "value": 3}, {"source": 564, "target": "patología", "value": 2}, {"source": 564, "target": "asma", "value": 2}, {"source": 564, "target": "staphylococcus", "value": 2}, {"source": 564, "target": "staphylococcus aureus", "value": 2}, {"source": 564, "target": "infecciones por vih", "value": 2}, {"source": 564, "target": "hospitalización", "value": 2}, {"source": 564, "target": "hospitales", "value": 2}, {"source": 564, "target": "prevalencia", "value": 1}, {"source": 564, "target": "asociación", "value": 1}, {"source": 564, "target": "riesgo", "value": 1}, {"source": 564, "target": "factores de riesgo", "value": 1}, {"source": 564, "target": "infecciones por micobacterias", "value": 1}, {"source": 564, "target": "predominio", "value": 1}, {"source": 564, "target": "síndrome de inmunodeficiencia adquirida", "value": 1}, {"source": 564, "target": "estadísticas", "value": 1}, {"source": 564, "target": "infecciones por mycobacterium", "value": 1}, {"source": 564, "target": "estadística", "value": 1}, {"source": 564, "target": "frecuencia", "value": 1}, {"source": 564, "target": "hospitals", "value": 1}, {"source": 564, "target": "índices", "value": 1}, {"source": "ca010250-64b9-4a4b-a973-7cd82171f5c8", "target": 615, "value": 1}, {"source": 615, "target": "células", "value": 39}, {"source": 615, "target": "células 3t3", "value": 38}, {"source": 615, "target": "células a549", "value": 38}, {"source": 615, "target": "péptidos", "value": 33}, {"source": 615, "target": "péptido t", "value": 26}, {"source": 615, "target": "proteínas 14-3-3", "value": 26}, {"source": 615, "target": "proteínas", "value": 26}, {"source": 615, "target": "proteína s", "value": 26}, {"source": 615, "target": "proteínas s100", "value": 26}, {"source": 615, "target": "proteína s100a12", "value": 24}, {"source": 615, "target": "proteinas", "value": 21}, {"source": 615, "target": "inmunización", "value": 20}, {"source": 615, "target": "dc-i", "value": 19}, {"source": 615, "target": "tuberculosis", "value": 16}, {"source": 615, "target": "antígenos o", "value": 16}, {"source": 615, "target": "infecciones", "value": 16}, {"source": 615, "target": "inmunidad", "value": 16}, {"source": 615, "target": "aminoácidos", "value": 15}, {"source": 615, "target": "antígenos", "value": 13}, {"source": 615, "target": "mycobacterium", "value": 12}, {"source": 615, "target": "humanos", "value": 12}, {"source": 615, "target": "pacientes", "value": 12}, {"source": 615, "target": "malaria", "value": 12}, {"source": 615, "target": "resistencia", "value": 11}, {"source": 615, "target": "resiste", "value": 11}, {"source": 615, "target": "vacunas", "value": 11}, {"source": 615, "target": "células dendríticas", "value": 10}, {"source": 615, "target": "leishmania", "value": 10}, {"source": 615, "target": "mycobacterium tuberculosis", "value": 9}, {"source": 615, "target": "virulencia", "value": 8}, {"source": "ca010250-64b9-4a4b-a973-7cd82171f5c8", "target": 619, "value": 1}, {"source": 619, "target": "proteinas", "value": 164}, {"source": 619, "target": "proteínas 14-3-3", "value": 142}, {"source": 619, "target": "proteínas", "value": 142}, {"source": 619, "target": "proteína s", "value": 136}, {"source": 619, "target": "proteínas s100", "value": 133}, {"source": 619, "target": "proteína s100a12", "value": 131}, {"source": 619, "target": "péptidos", "value": 119}, {"source": 619, "target": "plasmodium", "value": 109}, {"source": 619, "target": "células", "value": 88}, {"source": 619, "target": "péptido t", "value": 87}, {"source": 619, "target": "vacunas", "value": 81}, {"source": 619, "target": "células 3t3", "value": 81}, {"source": 619, "target": "células a549", "value": 80}, {"source": 619, "target": "malaria", "value": 69}, {"source": 619, "target": "plasmodium vivax", "value": 68}, {"source": 619, "target": "infecciones", "value": 61}, {"source": 619, "target": "pruebas", "value": 51}, {"source": 619, "target": "vacunación", "value": 50}, {"source": 619, "target": "parásitos", "value": 49}, {"source": 619, "target": "humanos", "value": 46}, {"source": 619, "target": "secuencias", "value": 42}, {"source": 619, "target": "aminoácidos", "value": 41}, {"source": 619, "target": "tuberculosis", "value": 40}, {"source": 619, "target": "humanidades", "value": 38}, {"source": 619, "target": "humanismo", "value": 38}, {"source": 619, "target": "plasmodium falciparum", "value": 38}, {"source": 619, "target": "proteccion", "value": 37}, {"source": 619, "target": "antígenos o", "value": 37}, {"source": 619, "target": "genética", "value": 37}, {"source": 619, "target": "antígenos", "value": 35}, {"source": "ca010250-64b9-4a4b-a973-7cd82171f5c8", "target": 634, "value": 1}, {"source": 634, "target": "pseudomonas", "value": 3}, {"source": 634, "target": "pseudomonas aeruginosa", "value": 3}, {"source": 634, "target": "mecánica", "value": 3}, {"source": 634, "target": "pacientes", "value": 2}, {"source": 634, "target": "microbiología", "value": 1}, {"source": 634, "target": "medicalización", "value": 1}, {"source": 634, "target": "laboratorios", "value": 1}, {"source": 634, "target": "cara", "value": 1}, {"source": 634, "target": "infecciones", "value": 1}, {"source": 634, "target": "pronóstico", "value": 1}, {"source": 634, "target": "hospitalización", "value": 1}, {"source": 634, "target": "morbilidad", "value": 1}, {"source": 634, "target": "mortalidad", "value": 1}, {"source": 634, "target": "presión", "value": 1}, {"source": 634, "target": "fermentación", "value": 1}, {"source": 634, "target": "lectura", "value": 1}, {"source": 634, "target": "hospitales", "value": 1}, {"source": 634, "target": "exposición", "value": 1}, {"source": 634, "target": "formulario", "value": 1}, {"source": 634, "target": "penetrancia", "value": 1}, {"source": 634, "target": "glaucoma", "value": 1}, {"source": 634, "target": "prevalencia", "value": 1}, {"source": 634, "target": "hipertensión ocular", "value": 1}, {"source": 634, "target": "asociación", "value": 1}, {"source": 634, "target": "ceguera", "value": 1}, {"source": 634, "target": "queratoplastia penetrante", "value": 1}, {"source": 634, "target": "presión intraocular", "value": 1}, {"source": 634, "target": "ojo", "value": 1}, {"source": 634, "target": "hipertensión", "value": 1}, {"source": 634, "target": "riesgo", "value": 1}, {"source": "ca010250-64b9-4a4b-a973-7cd82171f5c8", "target": 713, "value": 1}, {"source": 713, "target": "pacientes", "value": 17}, {"source": 713, "target": "candida", "value": 15}, {"source": 713, "target": "aisladores", "value": 11}, {"source": 713, "target": "fluconazol", "value": 11}, {"source": 713, "target": "pruebas", "value": 9}, {"source": 713, "target": "voriconazol", "value": 8}, {"source": 713, "target": "in vitro", "value": 8}, {"source": 713, "target": "resistencia", "value": 7}, {"source": 713, "target": "resiste", "value": 7}, {"source": 713, "target": "diagnóstico", "value": 6}, {"source": 713, "target": "vigilancia", "value": 6}, {"source": 713, "target": "microbiología", "value": 6}, {"source": 713, "target": "mortalidad", "value": 5}, {"source": 713, "target": "hospitals", "value": 5}, {"source": 713, "target": "candidemia", "value": 5}, {"source": 713, "target": "denominaciones geográficas", "value": 5}, {"source": 713, "target": "programa", "value": 5}, {"source": 713, "target": "epidemiología", "value": 4}, {"source": 713, "target": "colombia", "value": 4}, {"source": 713, "target": "riesgo", "value": 4}, {"source": 713, "target": "programación", "value": 4}, {"source": 713, "target": "anfotericina b", "value": 4}, {"source": 713, "target": "levaduras", "value": 4}, {"source": 713, "target": "estandarización", "value": 4}, {"source": 713, "target": "normas", "value": 4}, {"source": 713, "target": "métodos", "value": 4}, {"source": 713, "target": "hongos", "value": 4}, {"source": 713, "target": "antifúngicos", "value": 4}, {"source": 713, "target": "infecciones", "value": 3}, {"source": 713, "target": "enfermedades", "value": 3}, {"source": "ca010250-64b9-4a4b-a973-7cd82171f5c8", "target": 886, "value": 1}, {"source": 886, "target": "infecciones", "value": 5}, {"source": 886, "target": "virología", "value": 4}, {"source": 886, "target": "métodos", "value": 3}, {"source": 886, "target": "pruebas", "value": 2}, {"source": 886, "target": "sensibilidad y especificidad", "value": 2}, {"source": 886, "target": "virus de la influenza a", "value": 2}, {"source": 886, "target": "porcinos", "value": 2}, {"source": 886, "target": "genética", "value": 2}, {"source": 886, "target": "sensibilidad", "value": 2}, {"source": 886, "target": "circuladores", "value": 2}, {"source": 886, "target": "availability", "value": 2}, {"source": 886, "target": "diagnóstico", "value": 2}, {"source": 886, "target": "medicalización", "value": 2}, {"source": 886, "target": "humano", "value": 1}, {"source": 886, "target": "subtipo h n", "value": 1}, {"source": 886, "target": "infección", "value": 1}, {"source": 886, "target": "virus de la gripe", "value": 1}, {"source": 886, "target": "influenza", "value": 1}, {"source": 886, "target": "humanos", "value": 1}, {"source": 886, "target": "h n subtipo", "value": 1}, {"source": 886, "target": "relés", "value": 1}, {"source": 886, "target": "comercialización", "value": 1}, {"source": 886, "target": "limiting", "value": 1}, {"source": 886, "target": "antígenos o", "value": 1}, {"source": 886, "target": "antígenos", "value": 1}, {"source": 886, "target": "eficiencia", "value": 1}, {"source": 886, "target": "mercadotecnía", "value": 1}, {"source": 886, "target": "diagnóstico precoz", "value": 1}, {"source": 886, "target": "citomegalovirus", "value": 1}, {"source": 886, "target": "microbiología", "value": 1}, {"source": "ca010250-64b9-4a4b-a973-7cd82171f5c8", "target": 2847, "value": 1}, {"source": "ca010250-64b9-4a4b-a973-7cd82171f5c8", "target": 2883, "value": 1}, {"source": "ca010250-64b9-4a4b-a973-7cd82171f5c8", "target": 2956, "value": 1}, {"source": "ca010250-64b9-4a4b-a973-7cd82171f5c8", "target": 2986, "value": 1}, {"source": "ca010250-64b9-4a4b-a973-7cd82171f5c8", "target": 3071, "value": 1}, {"source": "ca010250-64b9-4a4b-a973-7cd82171f5c8", "target": 3107, "value": 1}, {"source": "ca010250-64b9-4a4b-a973-7cd82171f5c8", "target": 3108, "value": 1}, {"source": "ca010250-64b9-4a4b-a973-7cd82171f5c8", "target": 3110, "value": 1}, {"source": "ca010250-64b9-4a4b-a973-7cd82171f5c8", "target": 3111, "value": 1}, {"source": "ca010250-64b9-4a4b-a973-7cd82171f5c8", "target": 3281, "value": 1}, {"source": "ca010250-64b9-4a4b-a973-7cd82171f5c8", "target": 3345, "value": 1}, {"source": "ca010250-64b9-4a4b-a973-7cd82171f5c8", "target": 3359, "value": 1}, {"source": "ca010250-64b9-4a4b-a973-7cd82171f5c8", "target": 3397, "value": 1}], "options": [{"label": "Estado inicial", "value": "Departamento de Microbiología", "group": "00. Opciones predeterminadas"}, {"label": "Bernal Rivera Maye Mariela Magdalena", "value": "Bernal Rivera Maye Mariela Magdalena", "group": "02. Opciones de autor"}, {"label": "Botelho C De Contreras Maria Margarida", "value": "Botelho C De Contreras Maria Margarida", "group": "02. Opciones de autor"}, {"label": "Buendía Vásquez Santiago De Chiquinquirá", "value": "Buendía Vásquez Santiago De Chiquinquirá", "group": "02. Opciones de autor"}, {"label": "Campo Vera Harvey", "value": "Campo Vera Harvey", "group": "02. Opciones de autor"}, {"label": "Cifuentes Bernal Hector", "value": "Cifuentes Bernal Hector", "group": "02. Opciones de autor"}, {"label": "Combita Rojas Alba Lucia", "value": "Combita Rojas Alba Lucia", "group": "02. Opciones de autor"}, {"label": "Cortes Cantin Gladys Thalía", "value": "Cortes Cantin Gladys Thalía", "group": "02. Opciones de autor"}, {"label": "Gallo De Bravo Ana Lilia", "value": "Gallo De Bravo Ana Lilia", "group": "02. Opciones de autor"}, {"label": "Guarin Umaña Eva Felisa", "value": "Guarin Umaña Eva Felisa", "group": "02. Opciones de autor"}, {"label": "Guzman Urrego Miguel Antonio", "value": "Guzman Urrego Miguel Antonio", "group": "02. Opciones de autor"}, {"label": "Henao Riveros Sandra Consuelo", "value": "Henao Riveros Sandra Consuelo", "group": "02. Opciones de autor"}, {"label": "Knudson Ospina Rubiela Angélica", "value": "Knudson Ospina Rubiela Angélica", "group": "02. Opciones de autor"}, {"label": "Lapides De Duplat Raquel", "value": "Lapides De Duplat Raquel", "group": "02. Opciones de autor"}, {"label": "Leal Baquero Héctor Ricardo", "value": "Leal Baquero Héctor Ricardo", "group": "02. Opciones de autor"}, {"label": "Leal Castro Aura Lucia", "value": "Leal Castro Aura Lucia", "group": "02. Opciones de autor"}, {"label": "Mejia Arango Luz Eugenia", "value": "Mejia Arango Luz Eugenia", "group": "02. Opciones de autor"}, {"label": "Mendez De Castro Cecilia", "value": "Mendez De Castro Cecilia", "group": "02. Opciones de autor"}, {"label": "Moreno Davila Herman William", "value": "Moreno Davila Herman William", "group": "02. Opciones de autor"}, {"label": "Murcia Aranguren Martha Isabel", "value": "Murcia Aranguren Martha Isabel", "group": "02. Opciones de autor"}, {"label": "Navarrete Jiménez Myriam Lucia", "value": "Navarrete Jiménez Myriam Lucia", "group": "02. Opciones de autor"}, {"label": "Palencia Mejia Carlos Arturo", "value": "Palencia Mejia Carlos Arturo", "group": "02. Opciones de autor"}, {"label": "Parra López Carlos Alberto", "value": "Parra López Carlos Alberto", "group": "02. Opciones de autor"}, {"label": "Patarroyo Gutiérrez Manuel Alfonso", "value": "Patarroyo Gutiérrez Manuel Alfonso", "group": "02. Opciones de autor"}, {"label": "Pérez De González María De Jesús", "value": "Pérez De González María De Jesús", "group": "02. Opciones de autor"}, {"label": "Rivas Pinedo Julia Del Pilar", "value": "Rivas Pinedo Julia Del Pilar", "group": "02. Opciones de autor"}, {"label": "Vargas Córdoba Manuel Antonio", "value": "Vargas Córdoba Manuel Antonio", "group": "02. Opciones de autor"}, {"label": "Vasquez Franco Luis Guillermo", "value": "Vasquez Franco Luis Guillermo", "group": "02. Opciones de autor"}, {"label": "Viveros Astudillo Hilda Teresa", "value": "Viveros Astudillo Hilda Teresa", "group": "02. Opciones de autor"}, {"label": "Departamento de Microbiología", "value": "Departamento de Microbiología", "group": "02. Opciones de uab"}, {"label": "acinetobacter", "value": "acinetobacter", "group": "03. Opciones de temas"}, {"label": "acinetobacter baumannii", "value": "acinetobacter baumannii", "group": "03. Opciones de temas"}, {"label": "adn", "value": "adn", "group": "03. Opciones de temas"}, {"label": "adulto", "value": "adulto", "group": "03. Opciones de temas"}, {"label": "aisladores", "value": "aisladores", "group": "03. Opciones de temas"}, {"label": "ambiente", "value": "ambiente", "group": "03. Opciones de temas"}, {"label": "aminoácidos", "value": "aminoácidos", "group": "03. Opciones de temas"}, {"label": "anfotericina b", "value": "anfotericina b", "group": "03. Opciones de temas"}, {"label": "antecedentes genéticos", "value": "antecedentes genéticos", "group": "03. Opciones de temas"}, {"label": "anticuerpos", "value": "anticuerpos", "group": "03. Opciones de temas"}, {"label": "antifúngicos", "value": "antifúngicos", "group": "03. Opciones de temas"}, {"label": "antígenos", "value": "antígenos", "group": "03. Opciones de temas"}, {"label": "antígenos o", "value": "antígenos o", "group": "03. Opciones de temas"}, {"label": "análisis multivariante", "value": "análisis multivariante", "group": "03. Opciones de temas"}, {"label": "asma", "value": "asma", "group": "03. Opciones de temas"}, {"label": "asociación", "value": "asociación", "group": "03. Opciones de temas"}, {"label": "availability", "value": "availability", "group": "03. Opciones de temas"}, {"label": "bacteriemia", "value": "bacteriemia", "group": "03. Opciones de temas"}, {"label": "behaviorismo", "value": "behaviorismo", "group": "03. Opciones de temas"}, {"label": "biología", "value": "biología", "group": "03. Opciones de temas"}, {"label": "biología celular", "value": "biología celular", "group": "03. Opciones de temas"}, {"label": "biología molecular", "value": "biología molecular", "group": "03. Opciones de temas"}, {"label": "candida", "value": "candida", "group": "03. Opciones de temas"}, {"label": "candidemia", "value": "candidemia", "group": "03. Opciones de temas"}, {"label": "cara", "value": "cara", "group": "03. Opciones de temas"}, {"label": "carbapenémicos", "value": "carbapenémicos", "group": "03. Opciones de temas"}, {"label": "carbonatos", "value": "carbonatos", "group": "03. Opciones de temas"}, {"label": "carbono", "value": "carbono", "group": "03. Opciones de temas"}, {"label": "ceguera", "value": "ceguera", "group": "03. Opciones de temas"}, {"label": "chancroide", "value": "chancroide", "group": "03. Opciones de temas"}, {"label": "circuladores", "value": "circuladores", "group": "03. Opciones de temas"}, {"label": "citomegalovirus", "value": "citomegalovirus", "group": "03. Opciones de temas"}, {"label": "colombia", "value": "colombia", "group": "03. Opciones de temas"}, {"label": "comercialización", "value": "comercialización", "group": "03. Opciones de temas"}, {"label": "complejo mycobacterium avium", "value": "complejo mycobacterium avium", "group": "03. Opciones de temas"}, {"label": "comprensión", "value": "comprensión", "group": "03. Opciones de temas"}, {"label": "comunicación", "value": "comunicación", "group": "03. Opciones de temas"}, {"label": "comunismo", "value": "comunismo", "group": "03. Opciones de temas"}, {"label": "conducta", "value": "conducta", "group": "03. Opciones de temas"}, {"label": "conocimiento", "value": "conocimiento", "group": "03. Opciones de temas"}, {"label": "containers", "value": "containers", "group": "03. Opciones de temas"}, {"label": "controlabilidad", "value": "controlabilidad", "group": "03. Opciones de temas"}, {"label": "crecimiento", "value": "crecimiento", "group": "03. Opciones de temas"}, {"label": "cultura", "value": "cultura", "group": "03. Opciones de temas"}, {"label": "células", "value": "células", "group": "03. Opciones de temas"}, {"label": "células (biología)", "value": "células (biología)", "group": "03. Opciones de temas"}, {"label": "células 3t3", "value": "células 3t3", "group": "03. Opciones de temas"}, {"label": "células a549", "value": "células a549", "group": "03. Opciones de temas"}, {"label": "células dendríticas", "value": "células dendríticas", "group": "03. Opciones de temas"}, {"label": "dc-i", "value": "dc-i", "group": "03. Opciones de temas"}, {"label": "denominaciones geográficas", "value": "denominaciones geográficas", "group": "03. Opciones de temas"}, {"label": "diagnóstico", "value": "diagnóstico", "group": "03. Opciones de temas"}, {"label": "diagnóstico precoz", "value": "diagnóstico precoz", "group": "03. Opciones de temas"}, {"label": "docentes", "value": "docentes", "group": "03. Opciones de temas"}, {"label": "eficiencia", "value": "eficiencia", "group": "03. Opciones de temas"}, {"label": "endoscopía", "value": "endoscopía", "group": "03. Opciones de temas"}, {"label": "enfermedades", "value": "enfermedades", "group": "03. Opciones de temas"}, {"label": "envejecimiento", "value": "envejecimiento", "group": "03. Opciones de temas"}, {"label": "epidemiología", "value": "epidemiología", "group": "03. Opciones de temas"}, {"label": "eritrocitos", "value": "eritrocitos", "group": "03. Opciones de temas"}, {"label": "esperanza", "value": "esperanza", "group": "03. Opciones de temas"}, {"label": "esputo", "value": "esputo", "group": "03. Opciones de temas"}, {"label": "estadística", "value": "estadística", "group": "03. Opciones de temas"}, {"label": "estadísticas", "value": "estadísticas", "group": "03. Opciones de temas"}, {"label": "estandarización", "value": "estandarización", "group": "03. Opciones de temas"}, {"label": "estudiantes", "value": "estudiantes", "group": "03. Opciones de temas"}, {"label": "exposición", "value": "exposición", "group": "03. Opciones de temas"}, {"label": "factores de riesgo", "value": "factores de riesgo", "group": "03. Opciones de temas"}, {"label": "familia", "value": "familia", "group": "03. Opciones de temas"}, {"label": "fermentación", "value": "fermentación", "group": "03. Opciones de temas"}, {"label": "fluconazol", "value": "fluconazol", "group": "03. Opciones de temas"}, {"label": "formulario", "value": "formulario", "group": "03. Opciones de temas"}, {"label": "frecuencia", "value": "frecuencia", "group": "03. Opciones de temas"}, {"label": "gastritis", "value": "gastritis", "group": "03. Opciones de temas"}, {"label": "genes", "value": "genes", "group": "03. Opciones de temas"}, {"label": "genotipo", "value": "genotipo", "group": "03. Opciones de temas"}, {"label": "genética", "value": "genética", "group": "03. Opciones de temas"}, {"label": "glaucoma", "value": "glaucoma", "group": "03. Opciones de temas"}, {"label": "gota", "value": "gota", "group": "03. Opciones de temas"}, {"label": "h n subtipo", "value": "h n subtipo", "group": "03. Opciones de temas"}, {"label": "helicobacter", "value": "helicobacter", "group": "03. Opciones de temas"}, {"label": "helicobacter pylori", "value": "helicobacter pylori", "group": "03. Opciones de temas"}, {"label": "helmintos", "value": "helmintos", "group": "03. Opciones de temas"}, {"label": "hijo único", "value": "hijo único", "group": "03. Opciones de temas"}, {"label": "hipertensión", "value": "hipertensión", "group": "03. Opciones de temas"}, {"label": "hipertensión ocular", "value": "hipertensión ocular", "group": "03. Opciones de temas"}, {"label": "hongos", "value": "hongos", "group": "03. Opciones de temas"}, {"label": "hospitales", "value": "hospitales", "group": "03. Opciones de temas"}, {"label": "hospitalización", "value": "hospitalización", "group": "03. Opciones de temas"}, {"label": "hospitals", "value": "hospitals", "group": "03. Opciones de temas"}, {"label": "humanidades", "value": "humanidades", "group": "03. Opciones de temas"}, {"label": "humanismo", "value": "humanismo", "group": "03. Opciones de temas"}, {"label": "humano", "value": "humano", "group": "03. Opciones de temas"}, {"label": "humanos", "value": "humanos", "group": "03. Opciones de temas"}, {"label": "in vitro", "value": "in vitro", "group": "03. Opciones de temas"}, {"label": "infecciones", "value": "infecciones", "group": "03. Opciones de temas"}, {"label": "infecciones por micobacterias", "value": "infecciones por micobacterias", "group": "03. Opciones de temas"}, {"label": "infecciones por mycobacterium", "value": "infecciones por mycobacterium", "group": "03. Opciones de temas"}, {"label": "infecciones por vih", "value": "infecciones por vih", "group": "03. Opciones de temas"}, {"label": "infección", "value": "infección", "group": "03. Opciones de temas"}, {"label": "influenza", "value": "influenza", "group": "03. Opciones de temas"}, {"label": "inmunidad", "value": "inmunidad", "group": "03. Opciones de temas"}, {"label": "inmunización", "value": "inmunización", "group": "03. Opciones de temas"}, {"label": "klebsiella", "value": "klebsiella", "group": "03. Opciones de temas"}, {"label": "klebsiella pneumoniae", "value": "klebsiella pneumoniae", "group": "03. Opciones de temas"}, {"label": "laboratorios", "value": "laboratorios", "group": "03. Opciones de temas"}, {"label": "lectura", "value": "lectura", "group": "03. Opciones de temas"}, {"label": "leishmania", "value": "leishmania", "group": "03. Opciones de temas"}, {"label": "levaduras", "value": "levaduras", "group": "03. Opciones de temas"}, {"label": "limiting", "value": "limiting", "group": "03. Opciones de temas"}, {"label": "lugar de trabajo", "value": "lugar de trabajo", "group": "03. Opciones de temas"}, {"label": "madres", "value": "madres", "group": "03. Opciones de temas"}, {"label": "malaria", "value": "malaria", "group": "03. Opciones de temas"}, {"label": "materiales", "value": "materiales", "group": "03. Opciones de temas"}, {"label": "mecánica", "value": "mecánica", "group": "03. Opciones de temas"}, {"label": "medicalización", "value": "medicalización", "group": "03. Opciones de temas"}, {"label": "medicina", "value": "medicina", "group": "03. Opciones de temas"}, {"label": "membrana celular", "value": "membrana celular", "group": "03. Opciones de temas"}, {"label": "membrana eritrocítica", "value": "membrana eritrocítica", "group": "03. Opciones de temas"}, {"label": "membranas", "value": "membranas", "group": "03. Opciones de temas"}, {"label": "mercadotecnía", "value": "mercadotecnía", "group": "03. Opciones de temas"}, {"label": "merozoítos", "value": "merozoítos", "group": "03. Opciones de temas"}, {"label": "meticilina", "value": "meticilina", "group": "03. Opciones de temas"}, {"label": "microbiología", "value": "microbiología", "group": "03. Opciones de temas"}, {"label": "morbilidad", "value": "morbilidad", "group": "03. Opciones de temas"}, {"label": "mortalidad", "value": "mortalidad", "group": "03. Opciones de temas"}, {"label": "muerte", "value": "muerte", "group": "03. Opciones de temas"}, {"label": "mujeres", "value": "mujeres", "group": "03. Opciones de temas"}, {"label": "mycobacterium", "value": "mycobacterium", "group": "03. Opciones de temas"}, {"label": "mycobacterium avium", "value": "mycobacterium avium", "group": "03. Opciones de temas"}, {"label": "mycobacterium tuberculosis", "value": "mycobacterium tuberculosis", "group": "03. Opciones de temas"}, {"label": "métodos", "value": "métodos", "group": "03. Opciones de temas"}, {"label": "músculos", "value": "músculos", "group": "03. Opciones de temas"}, {"label": "neumonía", "value": "neumonía", "group": "03. Opciones de temas"}, {"label": "niño", "value": "niño", "group": "03. Opciones de temas"}, {"label": "normas", "value": "normas", "group": "03. Opciones de temas"}, {"label": "observación", "value": "observación", "group": "03. Opciones de temas"}, {"label": "observadores", "value": "observadores", "group": "03. Opciones de temas"}, {"label": "ojo", "value": "ojo", "group": "03. Opciones de temas"}, {"label": "organismos", "value": "organismos", "group": "03. Opciones de temas"}, {"label": "pacientes", "value": "pacientes", "group": "03. Opciones de temas"}, {"label": "papillomavirus humano 11", "value": "papillomavirus humano 11", "group": "03. Opciones de temas"}, {"label": "papillomavirus humano 16", "value": "papillomavirus humano 16", "group": "03. Opciones de temas"}, {"label": "papillomavirus humano 18", "value": "papillomavirus humano 18", "group": "03. Opciones de temas"}, {"label": "papillomavirus humano 31", "value": "papillomavirus humano 31", "group": "03. Opciones de temas"}, {"label": "papillomavirus humano 6", "value": "papillomavirus humano 6", "group": "03. Opciones de temas"}, {"label": "parásitos", "value": "parásitos", "group": "03. Opciones de temas"}, {"label": "patología", "value": "patología", "group": "03. Opciones de temas"}, {"label": "penetrancia", "value": "penetrancia", "group": "03. Opciones de temas"}, {"label": "personal de salud", "value": "personal de salud", "group": "03. Opciones de temas"}, {"label": "personalidad", "value": "personalidad", "group": "03. Opciones de temas"}, {"label": "personas", "value": "personas", "group": "03. Opciones de temas"}, {"label": "pirimetamina", "value": "pirimetamina", "group": "03. Opciones de temas"}, {"label": "plasmodium", "value": "plasmodium", "group": "03. Opciones de temas"}, {"label": "plasmodium falciparum", "value": "plasmodium falciparum", "group": "03. Opciones de temas"}, {"label": "plasmodium vivax", "value": "plasmodium vivax", "group": "03. Opciones de temas"}, {"label": "plomo", "value": "plomo", "group": "03. Opciones de temas"}, {"label": "población", "value": "población", "group": "03. Opciones de temas"}, {"label": "porcinos", "value": "porcinos", "group": "03. Opciones de temas"}, {"label": "predominio", "value": "predominio", "group": "03. Opciones de temas"}, {"label": "presion", "value": "presion", "group": "03. Opciones de temas"}, {"label": "presión", "value": "presión", "group": "03. Opciones de temas"}, {"label": "presión intraocular", "value": "presión intraocular", "group": "03. Opciones de temas"}, {"label": "prevalencia", "value": "prevalencia", "group": "03. Opciones de temas"}, {"label": "programa", "value": "programa", "group": "03. Opciones de temas"}, {"label": "programación", "value": "programación", "group": "03. Opciones de temas"}, {"label": "pronóstico", "value": "pronóstico", "group": "03. Opciones de temas"}, {"label": "proteccion", "value": "proteccion", "group": "03. Opciones de temas"}, {"label": "proteinas", "value": "proteinas", "group": "03. Opciones de temas"}, {"label": "proteína s", "value": "proteína s", "group": "03. Opciones de temas"}, {"label": "proteína s100a12", "value": "proteína s100a12", "group": "03. Opciones de temas"}, {"label": "proteínas", "value": "proteínas", "group": "03. Opciones de temas"}, {"label": "proteínas 14-3-3", "value": "proteínas 14-3-3", "group": "03. Opciones de temas"}, {"label": "proteínas s100", "value": "proteínas s100", "group": "03. Opciones de temas"}, {"label": "pruebas", "value": "pruebas", "group": "03. Opciones de temas"}, {"label": "pruebas intradérmicas", "value": "pruebas intradérmicas", "group": "03. Opciones de temas"}, {"label": "pseudomonas", "value": "pseudomonas", "group": "03. Opciones de temas"}, {"label": "pseudomonas aeruginosa", "value": "pseudomonas aeruginosa", "group": "03. Opciones de temas"}, {"label": "péptido t", "value": "péptido t", "group": "03. Opciones de temas"}, {"label": "péptidos", "value": "péptidos", "group": "03. Opciones de temas"}, {"label": "queratoplastia penetrante", "value": "queratoplastia penetrante", "group": "03. Opciones de temas"}, {"label": "relés", "value": "relés", "group": "03. Opciones de temas"}, {"label": "resiste", "value": "resiste", "group": "03. Opciones de temas"}, {"label": "resistencia", "value": "resistencia", "group": "03. Opciones de temas"}, {"label": "resistencia a la meticilina", "value": "resistencia a la meticilina", "group": "03. Opciones de temas"}, {"label": "respeto", "value": "respeto", "group": "03. Opciones de temas"}, {"label": "reticulum", "value": "reticulum", "group": "03. Opciones de temas"}, {"label": "retículo endoplásmico", "value": "retículo endoplásmico", "group": "03. Opciones de temas"}, {"label": "riesgo", "value": "riesgo", "group": "03. Opciones de temas"}, {"label": "salud", "value": "salud", "group": "03. Opciones de temas"}, {"label": "secuencias", "value": "secuencias", "group": "03. Opciones de temas"}, {"label": "sensibilidad", "value": "sensibilidad", "group": "03. Opciones de temas"}, {"label": "sensibilidad y especificidad", "value": "sensibilidad y especificidad", "group": "03. Opciones de temas"}, {"label": "serología", "value": "serología", "group": "03. Opciones de temas"}, {"label": "servicios de salud", "value": "servicios de salud", "group": "03. Opciones de temas"}, {"label": "staphylococcus", "value": "staphylococcus", "group": "03. Opciones de temas"}, {"label": "staphylococcus aureus", "value": "staphylococcus aureus", "group": "03. Opciones de temas"}, {"label": "staphylococcus aureus resistente a meticilina", "value": "staphylococcus aureus resistente a meticilina", "group": "03. Opciones de temas"}, {"label": "subtipo h n", "value": "subtipo h n", "group": "03. Opciones de temas"}, {"label": "suelo", "value": "suelo", "group": "03. Opciones de temas"}, {"label": "sulfadoxina", "value": "sulfadoxina", "group": "03. Opciones de temas"}, {"label": "síndrome de inmunodeficiencia adquirida", "value": "síndrome de inmunodeficiencia adquirida", "group": "03. Opciones de temas"}, {"label": "tejidos", "value": "tejidos", "group": "03. Opciones de temas"}, {"label": "tos", "value": "tos", "group": "03. Opciones de temas"}, {"label": "trabajo", "value": "trabajo", "group": "03. Opciones de temas"}, {"label": "tuberculosis", "value": "tuberculosis", "group": "03. Opciones de temas"}, {"label": "tuberculosis micobacteriana", "value": "tuberculosis micobacteriana", "group": "03. Opciones de temas"}, {"label": "unidades de cuidados intensivos", "value": "unidades de cuidados intensivos", "group": "03. Opciones de temas"}, {"label": "vacunación", "value": "vacunación", "group": "03. Opciones de temas"}, {"label": "vacunas", "value": "vacunas", "group": "03. Opciones de temas"}, {"label": "vigilancia", "value": "vigilancia", "group": "03. Opciones de temas"}, {"label": "vih", "value": "vih", "group": "03. Opciones de temas"}, {"label": "vih-1", "value": "vih-1", "group": "03. Opciones de temas"}, {"label": "vih-2", "value": "vih-2", "group": "03. Opciones de temas"}, {"label": "virología", "value": "virología", "group": "03. Opciones de temas"}, {"label": "virulencia", "value": "virulencia", "group": "03. Opciones de temas"}, {"label": "virus de la gripe", "value": "virus de la gripe", "group": "03. Opciones de temas"}, {"label": "virus de la influenza a", "value": "virus de la influenza a", "group": "03. Opciones de temas"}, {"label": "voriconazol", "value": "voriconazol", "group": "03. Opciones de temas"}, {"label": "índices", "value": "índices", "group": "03. Opciones de temas"}, {"label": "úlcera", "value": "úlcera", "group": "03. Opciones de temas"}]}