{"nodes": [{"id": "7490bc9b-d82d-452f-b958-cd5cfc52a278", "label": "Departamento de Toxicología", "type": "uab"}, {"id": 187, "label": "Chaves Silva Diana Carolina", "type": "author"}, {"id": "ocratoxinas", "label": "ocratoxinas", "type": "topic"}, {"id": "animales", "label": "animales", "type": "topic"}, {"id": "animación", "label": "animación", "type": "topic"}, {"id": "toxicología", "label": "toxicología", "type": "topic"}, {"id": "documentación", "label": "documentación", "type": "topic"}, {"id": "síndrome de down", "label": "síndrome de down", "type": "topic"}, {"id": "nefropatía de los balcanes", "label": "nefropatía de los balcanes", "type": "topic"}, {"id": "síndrome", "label": "síndrome", "type": "topic"}, {"id": "necrosis", "label": "necrosis", "type": "topic"}, {"id": "regulación hacia abajo", "label": "regulación hacia abajo", "type": "topic"}, {"id": "regulación hacia arriba", "label": "regulación hacia arriba", "type": "topic"}, {"id": "alimentos", "label": "alimentos", "type": "topic"}, {"id": "salud", "label": "salud", "type": "topic"}, {"id": "humanos", "label": "humanos", "type": "topic"}, {"id": "nefrotoxicidad", "label": "nefrotoxicidad", "type": "topic"}, {"id": "fisiología renal", "label": "fisiología renal", "type": "topic"}, {"id": "reguladores", "label": "reguladores", "type": "topic"}, {"id": "in vitro", "label": "in vitro", "type": "topic"}, {"id": "current", "label": "current", "type": "topic"}, {"id": "trasplantes", "label": "trasplantes", "type": "topic"}, {"id": "trasplante", "label": "trasplante", "type": "topic"}, {"id": "aire", "label": "aire", "type": "topic"}, {"id": "mecánica", "label": "mecánica", "type": "topic"}, {"id": "informes de casos", "label": "informes de casos", "type": "topic"}, {"id": "maine", "label": "maine", "type": "topic"}, {"id": "músculos", "label": "músculos", "type": "topic"}, {"id": "lincomicina", "label": "lincomicina", "type": "topic"}, {"id": "hígado", "label": "hígado", "type": "topic"}, {"id": "pollos", "label": "pollos", "type": "topic"}, {"id": "macrólidos", "label": "macrólidos", "type": "topic"}, {"id": 196, "label": "Combariza Bayona David Andrés", "type": "author"}, {"id": "ocupaciones", "label": "ocupaciones", "type": "topic"}, {"id": "colombia", "label": "colombia", "type": "topic"}, {"id": "plaguicidas", "label": "plaguicidas", "type": "topic"}, {"id": "riesgo", "label": "riesgo", "type": "topic"}, {"id": "exposición profesional", "label": "exposición profesional", "type": "topic"}, {"id": "asociación", "label": "asociación", "type": "topic"}, {"id": "espirometría", "label": "espirometría", "type": "topic"}, {"id": "pruebas", "label": "pruebas", "type": "topic"}, {"id": "trabajo", "label": "trabajo", "type": "topic"}, {"id": "producción", "label": "producción", "type": "topic"}, {"id": "productividad", "label": "productividad", "type": "topic"}, {"id": "estudios transversales", "label": "estudios transversales", "type": "topic"}, {"id": "bifenilos policlorados", "label": "bifenilos policlorados", "type": "topic"}, {"id": "biología", "label": "biología", "type": "topic"}, {"id": "conductividad", "label": "conductividad", "type": "topic"}, {"id": "sangre", "label": "sangre", "type": "topic"}, {"id": "carbón mineral", "label": "carbón mineral", "type": "topic"}, {"id": "minería", "label": "minería", "type": "topic"}, {"id": "polvo", "label": "polvo", "type": "topic"}, {"id": "neumoconiosis", "label": "neumoconiosis", "type": "topic"}, {"id": "minerales", "label": "minerales", "type": "topic"}, {"id": "tuberculina", "label": "tuberculina", "type": "topic"}, {"id": "prueba de tuberculina", "label": "prueba de tuberculina", "type": "topic"}, {"id": "biomarcadores", "label": "biomarcadores", "type": "topic"}, {"id": "salud ocupacional", "label": "salud ocupacional", "type": "topic"}, {"id": "colinesterasas", "label": "colinesterasas", "type": "topic"}, {"id": "salud laboral", "label": "salud laboral", "type": "topic"}, {"id": 375, "label": "Gutiérrez Myriam Del Carmen", "type": "author"}, {"id": "envenenamiento", "label": "envenenamiento", "type": "topic"}, {"id": "venenos", "label": "venenos", "type": "topic"}, {"id": "pilas", "label": "pilas", "type": "topic"}, {"id": "dirigir", "label": "dirigir", "type": "topic"}, {"id": "plomo", "label": "plomo", "type": "topic"}, {"id": "reciclaje", "label": "reciclaje", "type": "topic"}, {"id": "automóviles", "label": "automóviles", "type": "topic"}, {"id": "generadores", "label": "generadores", "type": "topic"}, {"id": "envejecimiento", "label": "envejecimiento", "type": "topic"}, {"id": "medición", "label": "medición", "type": "topic"}, {"id": "índices", "label": "índices", "type": "topic"}, {"id": "hematología", "label": "hematología", "type": "topic"}, {"id": "frecuencia", "label": "frecuencia", "type": "topic"}, {"id": "government", "label": "government", "type": "topic"}, {"id": "industrias", "label": "industrias", "type": "topic"}, {"id": "autorización", "label": "autorización", "type": "topic"}, {"id": "organofosfatos", "label": "organofosfatos", "type": "topic"}, {"id": "quimicos", "label": "quimicos", "type": "topic"}, {"id": "acetilcolina", "label": "acetilcolina", "type": "topic"}, {"id": "neurotransmisores", "label": "neurotransmisores", "type": "topic"}, {"id": "accidentes", "label": "accidentes", "type": "topic"}, {"id": "encéfalo", "label": "encéfalo", "type": "topic"}, {"id": "neumonía", "label": "neumonía", "type": "topic"}, {"id": 621, "label": "Patiño Reyes Nancy", "type": "author"}, {"id": "métodos", "label": "métodos", "type": "topic"}, {"id": "laboratorios", "label": "laboratorios", "type": "topic"}, {"id": "ciudades", "label": "ciudades", "type": "topic"}, {"id": "población", "label": "población", "type": "topic"}, {"id": "metales", "label": "metales", "type": "topic"}, {"id": "espectrofotometría", "label": "espectrofotometría", "type": "topic"}, {"id": "orina", "label": "orina", "type": "topic"}, {"id": "micción", "label": "micción", "type": "topic"}, {"id": "mercurio", "label": "mercurio", "type": "topic"}, {"id": "cabello", "label": "cabello", "type": "topic"}, {"id": "tiempo", "label": "tiempo", "type": "topic"}, {"id": "investigación", "label": "investigación", "type": "topic"}, {"id": "urgencias médicas", "label": "urgencias médicas", "type": "topic"}, {"id": "espectrometría de masas", "label": "espectrometría de masas", "type": "topic"}, {"id": "medicina", "label": "medicina", "type": "topic"}, {"id": "grafito", "label": "grafito", "type": "topic"}, {"id": "metamidofos", "label": "metamidofos", "type": "topic"}, {"id": "toxicología forense", "label": "toxicología forense", "type": "topic"}, {"id": "proteinas", "label": "proteinas", "type": "topic"}, {"id": 670, "label": "Quevedo Buitrago William Giovanni", "type": "author"}, {"id": "revisión", "label": "revisión", "type": "topic"}, {"id": "socialismo", "label": "socialismo", "type": "topic"}, {"id": "socialización", "label": "socialización", "type": "topic"}, {"id": "docentes", "label": "docentes", "type": "topic"}, {"id": "epidemiología", "label": "epidemiología", "type": "topic"}, {"id": "prevalencia", "label": "prevalencia", "type": "topic"}, {"id": "periodicidad", "label": "periodicidad", "type": "topic"}, {"id": "críticas", "label": "críticas", "type": "topic"}, {"id": "química", "label": "química", "type": "topic"}, {"id": "mercadotecnía", "label": "mercadotecnía", "type": "topic"}, {"id": "colección", "label": "colección", "type": "topic"}, {"id": "cannabis", "label": "cannabis", "type": "topic"}, {"id": "usos terapéuticos", "label": "usos terapéuticos", "type": "topic"}, {"id": "terapéutica", "label": "terapéutica", "type": "topic"}, {"id": "proyección", "label": "proyección", "type": "topic"}, {"id": "medicalización", "label": "medicalización", "type": "topic"}, {"id": "conocimiento", "label": "conocimiento", "type": "topic"}, {"id": "libros", "label": "libros", "type": "topic"}, {"id": "edición", "label": "edición", "type": "topic"}, {"id": "farmacocinética", "label": "farmacocinética", "type": "topic"}, {"id": "literatura", "label": "literatura", "type": "topic"}, {"id": "seguridad", "label": "seguridad", "type": "topic"}, {"id": 741, "label": "Rodríguez Pulido Alba Isabel", "type": "author"}, {"id": "contaminación", "label": "contaminación", "type": "topic"}, {"id": "ambiente", "label": "ambiente", "type": "topic"}, {"id": "policia", "label": "policia", "type": "topic"}, {"id": "exposición ocupacional", "label": "exposición ocupacional", "type": "topic"}, {"id": "contaminantes atmosféricos", "label": "contaminantes atmosféricos", "type": "topic"}, {"id": "eritrocitos", "label": "eritrocitos", "type": "topic"}, {"id": "sugestión", "label": "sugestión", "type": "topic"}, {"id": "individualidad", "label": "individualidad", "type": "topic"}, {"id": "individualismo", "label": "individualismo", "type": "topic"}, {"id": "la contaminación del aire", "label": "la contaminación del aire", "type": "topic"}, {"id": "material particulado", "label": "material particulado", "type": "topic"}, {"id": 843, "label": "Téllez Mosquera Jairo Alfonso", "type": "author"}, {"id": "carbonatos", "label": "carbonatos", "type": "topic"}, {"id": "carbono", "label": "carbono", "type": "topic"}, {"id": "monóxido de carbono", "label": "monóxido de carbono", "type": "topic"}, {"id": "alcoholismo", "label": "alcoholismo", "type": "topic"}, {"id": "alcoholes", "label": "alcoholes", "type": "topic"}, {"id": "salud pública", "label": "salud pública", "type": "topic"}, {"id": "pacientes", "label": "pacientes", "type": "topic"}, {"id": "publicaciones", "label": "publicaciones", "type": "topic"}, {"id": "alcohólicos", "label": "alcohólicos", "type": "topic"}, {"id": "guía", "label": "guía", "type": "topic"}, {"id": "humanidades", "label": "humanidades", "type": "topic"}, {"id": "humanismo", "label": "humanismo", "type": "topic"}, {"id": "trastornos relacionados con sustancias", "label": "trastornos relacionados con sustancias", "type": "topic"}, {"id": "enfermería", "label": "enfermería", "type": "topic"}, {"id": "enfermeras y enfermeros", "label": "enfermeras y enfermeros", "type": "topic"}, {"id": "benzodiazepinas", "label": "benzodiazepinas", "type": "topic"}, {"id": "sociedades", "label": "sociedades", "type": "topic"}, {"id": "hospitalización", "label": "hospitalización", "type": "topic"}, {"id": "universidades", "label": "universidades", "type": "topic"}, {"id": "cocaína", "label": "cocaína", "type": "topic"}, {"id": 3196, "label": "Rodriguez Buitrago Javier Roberto", "type": "author"}, {"id": 3398, "label": "Cepeda De Romero Beatriz", "type": "author"}], "links": [{"source": "7490bc9b-d82d-452f-b958-cd5cfc52a278", "target": 187, "value": 1}, {"source": 187, "target": "ocratoxinas", "value": 3}, {"source": 187, "target": "animales", "value": 3}, {"source": 187, "target": "animación", "value": 3}, {"source": 187, "target": "toxicología", "value": 2}, {"source": 187, "target": "documentación", "value": 2}, {"source": 187, "target": "síndrome de down", "value": 2}, {"source": 187, "target": "nefropatía de los balcanes", "value": 2}, {"source": 187, "target": "síndrome", "value": 2}, {"source": 187, "target": "necrosis", "value": 2}, {"source": 187, "target": "regulación hacia abajo", "value": 2}, {"source": 187, "target": "regulación hacia arriba", "value": 2}, {"source": 187, "target": "alimentos", "value": 2}, {"source": 187, "target": "salud", "value": 2}, {"source": 187, "target": "humanos", "value": 2}, {"source": 187, "target": "nefrotoxicidad", "value": 1}, {"source": 187, "target": "fisiología renal", "value": 1}, {"source": 187, "target": "reguladores", "value": 1}, {"source": 187, "target": "in vitro", "value": 1}, {"source": 187, "target": "current", "value": 1}, {"source": 187, "target": "trasplantes", "value": 1}, {"source": 187, "target": "trasplante", "value": 1}, {"source": 187, "target": "aire", "value": 1}, {"source": 187, "target": "mecánica", "value": 1}, {"source": 187, "target": "informes de casos", "value": 1}, {"source": 187, "target": "maine", "value": 1}, {"source": 187, "target": "músculos", "value": 1}, {"source": 187, "target": "lincomicina", "value": 1}, {"source": 187, "target": "hígado", "value": 1}, {"source": 187, "target": "pollos", "value": 1}, {"source": 187, "target": "macrólidos", "value": 1}, {"source": "7490bc9b-d82d-452f-b958-cd5cfc52a278", "target": 196, "value": 1}, {"source": 196, "target": "ocupaciones", "value": 10}, {"source": 196, "target": "salud", "value": 7}, {"source": 196, "target": "colombia", "value": 5}, {"source": 196, "target": "plaguicidas", "value": 5}, {"source": 196, "target": "humanos", "value": 4}, {"source": 196, "target": "riesgo", "value": 4}, {"source": 196, "target": "exposición profesional", "value": 3}, {"source": 196, "target": "asociación", "value": 3}, {"source": 196, "target": "espirometría", "value": 3}, {"source": 196, "target": "pruebas", "value": 3}, {"source": 196, "target": "trabajo", "value": 3}, {"source": 196, "target": "producción", "value": 3}, {"source": 196, "target": "productividad", "value": 3}, {"source": 196, "target": "estudios transversales", "value": 3}, {"source": 196, "target": "bifenilos policlorados", "value": 2}, {"source": 196, "target": "biología", "value": 2}, {"source": 196, "target": "conductividad", "value": 2}, {"source": 196, "target": "toxicología", "value": 2}, {"source": 196, "target": "sangre", "value": 2}, {"source": 196, "target": "carbón mineral", "value": 2}, {"source": 196, "target": "minería", "value": 2}, {"source": 196, "target": "polvo", "value": 2}, {"source": 196, "target": "neumoconiosis", "value": 2}, {"source": 196, "target": "minerales", "value": 2}, {"source": 196, "target": "tuberculina", "value": 2}, {"source": 196, "target": "prueba de tuberculina", "value": 2}, {"source": 196, "target": "biomarcadores", "value": 2}, {"source": 196, "target": "salud ocupacional", "value": 2}, {"source": 196, "target": "colinesterasas", "value": 2}, {"source": 196, "target": "salud laboral", "value": 2}, {"source": "7490bc9b-d82d-452f-b958-cd5cfc52a278", "target": 375, "value": 1}, {"source": 375, "target": "envenenamiento", "value": 5}, {"source": 375, "target": "venenos", "value": 5}, {"source": 375, "target": "pilas", "value": 4}, {"source": 375, "target": "dirigir", "value": 4}, {"source": 375, "target": "plomo", "value": 4}, {"source": 375, "target": "reciclaje", "value": 4}, {"source": 375, "target": "ocupaciones", "value": 4}, {"source": 375, "target": "automóviles", "value": 3}, {"source": 375, "target": "exposición profesional", "value": 3}, {"source": 375, "target": "colombia", "value": 3}, {"source": 375, "target": "generadores", "value": 3}, {"source": 375, "target": "envejecimiento", "value": 2}, {"source": 375, "target": "medición", "value": 2}, {"source": 375, "target": "índices", "value": 2}, {"source": 375, "target": "hematología", "value": 2}, {"source": 375, "target": "frecuencia", "value": 2}, {"source": 375, "target": "government", "value": 2}, {"source": 375, "target": "industrias", "value": 2}, {"source": 375, "target": "autorización", "value": 2}, {"source": 375, "target": "organofosfatos", "value": 2}, {"source": 375, "target": "quimicos", "value": 2}, {"source": 375, "target": "síndrome de down", "value": 2}, {"source": 375, "target": "síndrome", "value": 2}, {"source": 375, "target": "acetilcolina", "value": 2}, {"source": 375, "target": "neurotransmisores", "value": 2}, {"source": 375, "target": "accidentes", "value": 2}, {"source": 375, "target": "producción", "value": 2}, {"source": 375, "target": "productividad", "value": 2}, {"source": 375, "target": "encéfalo", "value": 2}, {"source": 375, "target": "neumonía", "value": 2}, {"source": "7490bc9b-d82d-452f-b958-cd5cfc52a278", "target": 621, "value": 1}, {"source": 621, "target": "toxicología", "value": 10}, {"source": 621, "target": "sangre", "value": 9}, {"source": 621, "target": "métodos", "value": 8}, {"source": 621, "target": "plomo", "value": 8}, {"source": 621, "target": "salud", "value": 7}, {"source": 621, "target": "laboratorios", "value": 5}, {"source": 621, "target": "ciudades", "value": 4}, {"source": 621, "target": "población", "value": 4}, {"source": 621, "target": "envejecimiento", "value": 4}, {"source": 621, "target": "metales", "value": 4}, {"source": 621, "target": "espectrofotometría", "value": 4}, {"source": 621, "target": "orina", "value": 3}, {"source": 621, "target": "envenenamiento", "value": 3}, {"source": 621, "target": "venenos", "value": 3}, {"source": 621, "target": "micción", "value": 3}, {"source": 621, "target": "biología", "value": 3}, {"source": 621, "target": "mercurio", "value": 3}, {"source": 621, "target": "colombia", "value": 3}, {"source": 621, "target": "plaguicidas", "value": 3}, {"source": 621, "target": "generadores", "value": 3}, {"source": 621, "target": "cabello", "value": 3}, {"source": 621, "target": "tiempo", "value": 3}, {"source": 621, "target": "investigación", "value": 3}, {"source": 621, "target": "urgencias médicas", "value": 3}, {"source": 621, "target": "espectrometría de masas", "value": 3}, {"source": 621, "target": "medicina", "value": 3}, {"source": 621, "target": "grafito", "value": 3}, {"source": 621, "target": "metamidofos", "value": 2}, {"source": 621, "target": "toxicología forense", "value": 2}, {"source": 621, "target": "proteinas", "value": 2}, {"source": "7490bc9b-d82d-452f-b958-cd5cfc52a278", "target": 670, "value": 1}, {"source": 670, "target": "toxicología", "value": 4}, {"source": 670, "target": "revisión", "value": 3}, {"source": 670, "target": "colombia", "value": 3}, {"source": 670, "target": "regulación hacia abajo", "value": 2}, {"source": 670, "target": "regulación hacia arriba", "value": 2}, {"source": 670, "target": "medicina", "value": 2}, {"source": 670, "target": "socialismo", "value": 2}, {"source": 670, "target": "socialización", "value": 2}, {"source": 670, "target": "docentes", "value": 2}, {"source": 670, "target": "epidemiología", "value": 2}, {"source": 670, "target": "prevalencia", "value": 2}, {"source": 670, "target": "periodicidad", "value": 2}, {"source": 670, "target": "reguladores", "value": 1}, {"source": 670, "target": "current", "value": 1}, {"source": 670, "target": "críticas", "value": 1}, {"source": 670, "target": "química", "value": 1}, {"source": 670, "target": "mercadotecnía", "value": 1}, {"source": 670, "target": "colección", "value": 1}, {"source": 670, "target": "cannabis", "value": 1}, {"source": 670, "target": "usos terapéuticos", "value": 1}, {"source": 670, "target": "terapéutica", "value": 1}, {"source": 670, "target": "proyección", "value": 1}, {"source": 670, "target": "investigación", "value": 1}, {"source": 670, "target": "medicalización", "value": 1}, {"source": 670, "target": "conocimiento", "value": 1}, {"source": 670, "target": "libros", "value": 1}, {"source": 670, "target": "edición", "value": 1}, {"source": 670, "target": "farmacocinética", "value": 1}, {"source": 670, "target": "literatura", "value": 1}, {"source": 670, "target": "seguridad", "value": 1}, {"source": "7490bc9b-d82d-452f-b958-cd5cfc52a278", "target": 741, "value": 1}, {"source": 741, "target": "sangre", "value": 10}, {"source": 741, "target": "toxicología", "value": 8}, {"source": 741, "target": "trabajo", "value": 8}, {"source": 741, "target": "población", "value": 7}, {"source": 741, "target": "riesgo", "value": 7}, {"source": 741, "target": "colombia", "value": 7}, {"source": 741, "target": "exposición profesional", "value": 6}, {"source": 741, "target": "salud", "value": 6}, {"source": 741, "target": "plaguicidas", "value": 6}, {"source": 741, "target": "plomo", "value": 6}, {"source": 741, "target": "orina", "value": 5}, {"source": 741, "target": "micción", "value": 5}, {"source": 741, "target": "contaminación", "value": 5}, {"source": 741, "target": "ocupaciones", "value": 5}, {"source": 741, "target": "prevalencia", "value": 5}, {"source": 741, "target": "ambiente", "value": 5}, {"source": 741, "target": "policia", "value": 4}, {"source": 741, "target": "asociación", "value": 4}, {"source": 741, "target": "exposición ocupacional", "value": 4}, {"source": 741, "target": "contaminantes atmosféricos", "value": 4}, {"source": 741, "target": "aire", "value": 4}, {"source": 741, "target": "biología", "value": 4}, {"source": 741, "target": "envejecimiento", "value": 4}, {"source": 741, "target": "eritrocitos", "value": 4}, {"source": 741, "target": "biomarcadores", "value": 4}, {"source": 741, "target": "sugestión", "value": 4}, {"source": 741, "target": "individualidad", "value": 3}, {"source": 741, "target": "individualismo", "value": 3}, {"source": 741, "target": "la contaminación del aire", "value": 3}, {"source": 741, "target": "material particulado", "value": 3}, {"source": "7490bc9b-d82d-452f-b958-cd5cfc52a278", "target": 843, "value": 1}, {"source": 843, "target": "salud", "value": 12}, {"source": 843, "target": "toxicología", "value": 9}, {"source": 843, "target": "urgencias médicas", "value": 8}, {"source": 843, "target": "envenenamiento", "value": 7}, {"source": 843, "target": "venenos", "value": 7}, {"source": 843, "target": "carbonatos", "value": 5}, {"source": 843, "target": "carbono", "value": 5}, {"source": 843, "target": "monóxido de carbono", "value": 5}, {"source": 843, "target": "riesgo", "value": 5}, {"source": 843, "target": "revisión", "value": 5}, {"source": 843, "target": "alcoholismo", "value": 5}, {"source": 843, "target": "alcoholes", "value": 5}, {"source": 843, "target": "población", "value": 4}, {"source": 843, "target": "salud pública", "value": 4}, {"source": 843, "target": "humanos", "value": 4}, {"source": 843, "target": "pacientes", "value": 4}, {"source": 843, "target": "publicaciones", "value": 4}, {"source": 843, "target": "alcohólicos", "value": 4}, {"source": 843, "target": "guía", "value": 4}, {"source": 843, "target": "colombia", "value": 4}, {"source": 843, "target": "humanidades", "value": 3}, {"source": 843, "target": "humanismo", "value": 3}, {"source": 843, "target": "trastornos relacionados con sustancias", "value": 3}, {"source": 843, "target": "enfermería", "value": 3}, {"source": 843, "target": "enfermeras y enfermeros", "value": 3}, {"source": 843, "target": "benzodiazepinas", "value": 3}, {"source": 843, "target": "sociedades", "value": 3}, {"source": 843, "target": "hospitalización", "value": 3}, {"source": 843, "target": "universidades", "value": 3}, {"source": 843, "target": "cocaína", "value": 3}, {"source": "7490bc9b-d82d-452f-b958-cd5cfc52a278", "target": 3196, "value": 1}, {"source": "7490bc9b-d82d-452f-b958-cd5cfc52a278", "target": 3398, "value": 1}], "options": [{"label": "Estado inicial", "value": "Departamento de Toxicología", "group": "00. Opciones predeterminadas"}, {"label": "Cepeda De Romero Beatriz", "value": "Cepeda De Romero Beatriz", "group": "02. Opciones de autor"}, {"label": "Chaves Silva Diana Carolina", "value": "Chaves Silva Diana Carolina", "group": "02. Opciones de autor"}, {"label": "Combariza Bayona David Andrés", "value": "Combariza Bayona David Andrés", "group": "02. Opciones de autor"}, {"label": "Gutiérrez Myriam Del Carmen", "value": "Gutiérrez Myriam Del Carmen", "group": "02. Opciones de autor"}, {"label": "Patiño Reyes Nancy", "value": "Patiño Reyes Nancy", "group": "02. Opciones de autor"}, {"label": "Quevedo Buitrago William Giovanni", "value": "Quevedo Buitrago William Giovanni", "group": "02. Opciones de autor"}, {"label": "Rodriguez Buitrago Javier Roberto", "value": "Rodriguez Buitrago Javier Roberto", "group": "02. Opciones de autor"}, {"label": "Rodríguez Pulido Alba Isabel", "value": "Rodríguez Pulido Alba Isabel", "group": "02. Opciones de autor"}, {"label": "Téllez Mosquera Jairo Alfonso", "value": "Téllez Mosquera Jairo Alfonso", "group": "02. Opciones de autor"}, {"label": "Departamento de Toxicología", "value": "Departamento de Toxicología", "group": "02. Opciones de uab"}, {"label": "accidentes", "value": "accidentes", "group": "03. Opciones de temas"}, {"label": "acetilcolina", "value": "acetilcolina", "group": "03. Opciones de temas"}, {"label": "aire", "value": "aire", "group": "03. Opciones de temas"}, {"label": "alcoholes", "value": "alcoholes", "group": "03. Opciones de temas"}, {"label": "alcoholismo", "value": "alcoholismo", "group": "03. Opciones de temas"}, {"label": "alcohólicos", "value": "alcohólicos", "group": "03. Opciones de temas"}, {"label": "alimentos", "value": "alimentos", "group": "03. Opciones de temas"}, {"label": "ambiente", "value": "ambiente", "group": "03. Opciones de temas"}, {"label": "animación", "value": "animación", "group": "03. Opciones de temas"}, {"label": "animales", "value": "animales", "group": "03. Opciones de temas"}, {"label": "asociación", "value": "asociación", "group": "03. Opciones de temas"}, {"label": "automóviles", "value": "automóviles", "group": "03. Opciones de temas"}, {"label": "autorización", "value": "autorización", "group": "03. Opciones de temas"}, {"label": "benzodiazepinas", "value": "benzodiazepinas", "group": "03. Opciones de temas"}, {"label": "bifenilos policlorados", "value": "bifenilos policlorados", "group": "03. Opciones de temas"}, {"label": "biología", "value": "biología", "group": "03. Opciones de temas"}, {"label": "biomarcadores", "value": "biomarcadores", "group": "03. Opciones de temas"}, {"label": "cabello", "value": "cabello", "group": "03. Opciones de temas"}, {"label": "cannabis", "value": "cannabis", "group": "03. Opciones de temas"}, {"label": "carbonatos", "value": "carbonatos", "group": "03. Opciones de temas"}, {"label": "carbono", "value": "carbono", "group": "03. Opciones de temas"}, {"label": "carbón mineral", "value": "carbón mineral", "group": "03. Opciones de temas"}, {"label": "ciudades", "value": "ciudades", "group": "03. Opciones de temas"}, {"label": "cocaína", "value": "cocaína", "group": "03. Opciones de temas"}, {"label": "colección", "value": "colección", "group": "03. Opciones de temas"}, {"label": "colinesterasas", "value": "colinesterasas", "group": "03. Opciones de temas"}, {"label": "colombia", "value": "colombia", "group": "03. Opciones de temas"}, {"label": "conductividad", "value": "conductividad", "group": "03. Opciones de temas"}, {"label": "conocimiento", "value": "conocimiento", "group": "03. Opciones de temas"}, {"label": "contaminación", "value": "contaminación", "group": "03. Opciones de temas"}, {"label": "contaminantes atmosféricos", "value": "contaminantes atmosféricos", "group": "03. Opciones de temas"}, {"label": "críticas", "value": "críticas", "group": "03. Opciones de temas"}, {"label": "current", "value": "current", "group": "03. Opciones de temas"}, {"label": "dirigir", "value": "dirigir", "group": "03. Opciones de temas"}, {"label": "docentes", "value": "docentes", "group": "03. Opciones de temas"}, {"label": "documentación", "value": "documentación", "group": "03. Opciones de temas"}, {"label": "edición", "value": "edición", "group": "03. Opciones de temas"}, {"label": "encéfalo", "value": "encéfalo", "group": "03. Opciones de temas"}, {"label": "enfermeras y enfermeros", "value": "enfermeras y enfermeros", "group": "03. Opciones de temas"}, {"label": "enfermería", "value": "enfermería", "group": "03. Opciones de temas"}, {"label": "envejecimiento", "value": "envejecimiento", "group": "03. Opciones de temas"}, {"label": "envenenamiento", "value": "envenenamiento", "group": "03. Opciones de temas"}, {"label": "epidemiología", "value": "epidemiología", "group": "03. Opciones de temas"}, {"label": "eritrocitos", "value": "eritrocitos", "group": "03. Opciones de temas"}, {"label": "espectrofotometría", "value": "espectrofotometría", "group": "03. Opciones de temas"}, {"label": "espectrometría de masas", "value": "espectrometría de masas", "group": "03. Opciones de temas"}, {"label": "espirometría", "value": "espirometría", "group": "03. Opciones de temas"}, {"label": "estudios transversales", "value": "estudios transversales", "group": "03. Opciones de temas"}, {"label": "exposición ocupacional", "value": "exposición ocupacional", "group": "03. Opciones de temas"}, {"label": "exposición profesional", "value": "exposición profesional", "group": "03. Opciones de temas"}, {"label": "farmacocinética", "value": "farmacocinética", "group": "03. Opciones de temas"}, {"label": "fisiología renal", "value": "fisiología renal", "group": "03. Opciones de temas"}, {"label": "frecuencia", "value": "frecuencia", "group": "03. Opciones de temas"}, {"label": "generadores", "value": "generadores", "group": "03. Opciones de temas"}, {"label": "government", "value": "government", "group": "03. Opciones de temas"}, {"label": "grafito", "value": "grafito", "group": "03. Opciones de temas"}, {"label": "guía", "value": "guía", "group": "03. Opciones de temas"}, {"label": "hematología", "value": "hematología", "group": "03. Opciones de temas"}, {"label": "hospitalización", "value": "hospitalización", "group": "03. Opciones de temas"}, {"label": "humanidades", "value": "humanidades", "group": "03. Opciones de temas"}, {"label": "humanismo", "value": "humanismo", "group": "03. Opciones de temas"}, {"label": "humanos", "value": "humanos", "group": "03. Opciones de temas"}, {"label": "hígado", "value": "hígado", "group": "03. Opciones de temas"}, {"label": "in vitro", "value": "in vitro", "group": "03. Opciones de temas"}, {"label": "individualidad", "value": "individualidad", "group": "03. Opciones de temas"}, {"label": "individualismo", "value": "individualismo", "group": "03. Opciones de temas"}, {"label": "industrias", "value": "industrias", "group": "03. Opciones de temas"}, {"label": "informes de casos", "value": "informes de casos", "group": "03. Opciones de temas"}, {"label": "investigación", "value": "investigación", "group": "03. Opciones de temas"}, {"label": "la contaminación del aire", "value": "la contaminación del aire", "group": "03. Opciones de temas"}, {"label": "laboratorios", "value": "laboratorios", "group": "03. Opciones de temas"}, {"label": "libros", "value": "libros", "group": "03. Opciones de temas"}, {"label": "lincomicina", "value": "lincomicina", "group": "03. Opciones de temas"}, {"label": "literatura", "value": "literatura", "group": "03. Opciones de temas"}, {"label": "macrólidos", "value": "macrólidos", "group": "03. Opciones de temas"}, {"label": "maine", "value": "maine", "group": "03. Opciones de temas"}, {"label": "material particulado", "value": "material particulado", "group": "03. Opciones de temas"}, {"label": "mecánica", "value": "mecánica", "group": "03. Opciones de temas"}, {"label": "medicalización", "value": "medicalización", "group": "03. Opciones de temas"}, {"label": "medicina", "value": "medicina", "group": "03. Opciones de temas"}, {"label": "medición", "value": "medición", "group": "03. Opciones de temas"}, {"label": "mercadotecnía", "value": "mercadotecnía", "group": "03. Opciones de temas"}, {"label": "mercurio", "value": "mercurio", "group": "03. Opciones de temas"}, {"label": "metales", "value": "metales", "group": "03. Opciones de temas"}, {"label": "metamidofos", "value": "metamidofos", "group": "03. Opciones de temas"}, {"label": "micción", "value": "micción", "group": "03. Opciones de temas"}, {"label": "minerales", "value": "minerales", "group": "03. Opciones de temas"}, {"label": "minería", "value": "minería", "group": "03. Opciones de temas"}, {"label": "monóxido de carbono", "value": "monóxido de carbono", "group": "03. Opciones de temas"}, {"label": "métodos", "value": "métodos", "group": "03. Opciones de temas"}, {"label": "músculos", "value": "músculos", "group": "03. Opciones de temas"}, {"label": "necrosis", "value": "necrosis", "group": "03. Opciones de temas"}, {"label": "nefropatía de los balcanes", "value": "nefropatía de los balcanes", "group": "03. Opciones de temas"}, {"label": "nefrotoxicidad", "value": "nefrotoxicidad", "group": "03. Opciones de temas"}, {"label": "neumoconiosis", "value": "neumoconiosis", "group": "03. Opciones de temas"}, {"label": "neumonía", "value": "neumonía", "group": "03. Opciones de temas"}, {"label": "neurotransmisores", "value": "neurotransmisores", "group": "03. Opciones de temas"}, {"label": "ocratoxinas", "value": "ocratoxinas", "group": "03. Opciones de temas"}, {"label": "ocupaciones", "value": "ocupaciones", "group": "03. Opciones de temas"}, {"label": "organofosfatos", "value": "organofosfatos", "group": "03. Opciones de temas"}, {"label": "orina", "value": "orina", "group": "03. Opciones de temas"}, {"label": "pacientes", "value": "pacientes", "group": "03. Opciones de temas"}, {"label": "periodicidad", "value": "periodicidad", "group": "03. Opciones de temas"}, {"label": "pilas", "value": "pilas", "group": "03. Opciones de temas"}, {"label": "plaguicidas", "value": "plaguicidas", "group": "03. Opciones de temas"}, {"label": "plomo", "value": "plomo", "group": "03. Opciones de temas"}, {"label": "población", "value": "población", "group": "03. Opciones de temas"}, {"label": "policia", "value": "policia", "group": "03. Opciones de temas"}, {"label": "pollos", "value": "pollos", "group": "03. Opciones de temas"}, {"label": "polvo", "value": "polvo", "group": "03. Opciones de temas"}, {"label": "prevalencia", "value": "prevalencia", "group": "03. Opciones de temas"}, {"label": "producción", "value": "producción", "group": "03. Opciones de temas"}, {"label": "productividad", "value": "productividad", "group": "03. Opciones de temas"}, {"label": "proteinas", "value": "proteinas", "group": "03. Opciones de temas"}, {"label": "proyección", "value": "proyección", "group": "03. Opciones de temas"}, {"label": "prueba de tuberculina", "value": "prueba de tuberculina", "group": "03. Opciones de temas"}, {"label": "pruebas", "value": "pruebas", "group": "03. Opciones de temas"}, {"label": "publicaciones", "value": "publicaciones", "group": "03. Opciones de temas"}, {"label": "quimicos", "value": "quimicos", "group": "03. Opciones de temas"}, {"label": "química", "value": "química", "group": "03. Opciones de temas"}, {"label": "reciclaje", "value": "reciclaje", "group": "03. Opciones de temas"}, {"label": "regulación hacia abajo", "value": "regulación hacia abajo", "group": "03. Opciones de temas"}, {"label": "regulación hacia arriba", "value": "regulación hacia arriba", "group": "03. Opciones de temas"}, {"label": "reguladores", "value": "reguladores", "group": "03. Opciones de temas"}, {"label": "revisión", "value": "revisión", "group": "03. Opciones de temas"}, {"label": "riesgo", "value": "riesgo", "group": "03. Opciones de temas"}, {"label": "salud", "value": "salud", "group": "03. Opciones de temas"}, {"label": "salud laboral", "value": "salud laboral", "group": "03. Opciones de temas"}, {"label": "salud ocupacional", "value": "salud ocupacional", "group": "03. Opciones de temas"}, {"label": "salud pública", "value": "salud pública", "group": "03. Opciones de temas"}, {"label": "sangre", "value": "sangre", "group": "03. Opciones de temas"}, {"label": "seguridad", "value": "seguridad", "group": "03. Opciones de temas"}, {"label": "socialismo", "value": "socialismo", "group": "03. Opciones de temas"}, {"label": "socialización", "value": "socialización", "group": "03. Opciones de temas"}, {"label": "sociedades", "value": "sociedades", "group": "03. Opciones de temas"}, {"label": "sugestión", "value": "sugestión", "group": "03. Opciones de temas"}, {"label": "síndrome", "value": "síndrome", "group": "03. Opciones de temas"}, {"label": "síndrome de down", "value": "síndrome de down", "group": "03. Opciones de temas"}, {"label": "terapéutica", "value": "terapéutica", "group": "03. Opciones de temas"}, {"label": "tiempo", "value": "tiempo", "group": "03. Opciones de temas"}, {"label": "toxicología", "value": "toxicología", "group": "03. Opciones de temas"}, {"label": "toxicología forense", "value": "toxicología forense", "group": "03. Opciones de temas"}, {"label": "trabajo", "value": "trabajo", "group": "03. Opciones de temas"}, {"label": "trasplante", "value": "trasplante", "group": "03. Opciones de temas"}, {"label": "trasplantes", "value": "trasplantes", "group": "03. Opciones de temas"}, {"label": "trastornos relacionados con sustancias", "value": "trastornos relacionados con sustancias", "group": "03. Opciones de temas"}, {"label": "tuberculina", "value": "tuberculina", "group": "03. Opciones de temas"}, {"label": "universidades", "value": "universidades", "group": "03. Opciones de temas"}, {"label": "urgencias médicas", "value": "urgencias médicas", "group": "03. Opciones de temas"}, {"label": "usos terapéuticos", "value": "usos terapéuticos", "group": "03. Opciones de temas"}, {"label": "venenos", "value": "venenos", "group": "03. Opciones de temas"}, {"label": "índices", "value": "índices", "group": "03. Opciones de temas"}]}