{"nodes": [{"id": "876fc121-00c9-4064-932a-23f36dbe75e1", "label": "Departamento de Informática y Computación", "type": "uab"}, {"id": 1547, "label": "Giraldo Osorio Adriana Maria", "type": "author"}, {"id": 1548, "label": "Cuesta Mesa Albeiro", "type": "author"}, {"id": 1550, "label": "Agudelo Salazar Alfonso Pio", "type": "author"}, {"id": 1551, "label": "Uribe Hurtado Ana Lorena", "type": "author"}, {"id": 1553, "label": "Ruiz Villa Carlos Alberto", "type": "author"}, {"id": 1555, "label": "Gomez Gomez Carlos Hernan", "type": "author"}, {"id": 1561, "label": "Lopez Cardona Diego", "type": "author"}, {"id": 1562, "label": "Villegas Jaramillo Eduardo Jose", "type": "author"}, {"id": 1564, "label": "Valencia Duque Francisco Javier", "type": "author"}, {"id": 1567, "label": "Osorio Zuluaga German Augusto", "type": "author"}, {"id": 1571, "label": "Jimenez Lozano Guillermo", "type": "author"}, {"id": 1588, "label": "Bermon Angarita Leonardo", "type": "author"}, {"id": 1592, "label": "Montes Lopez Luis Fernando", "type": "author"}, {"id": 1593, "label": "Motato Rojas Luis Fernando", "type": "author"}, {"id": 1595, "label": "Aristizabal Quintero Luz Angela", "type": "author"}, {"id": 1596, "label": "Ramirez Castañeda Luz Arabany", "type": "author"}, {"id": 1597, "label": "Guerrero Mendieta Luz Enith", "type": "author"}, {"id": 1598, "label": "Cardona Meza Luz Stella", "type": "author"}, {"id": 1599, "label": "López Trujillo Marcelo", "type": "author"}, {"id": 1600, "label": "Prieto Taborda Maria Amparo", "type": "author"}, {"id": 1601, "label": "Mejia Salazar Maria Helena", "type": "author"}, {"id": 1602, "label": "Rivero Carrillo Mariela", "type": "author"}, {"id": 1604, "label": "Orozco Alzate Mauricio", "type": "author"}, {"id": 1606, "label": "Lopez Guayasamin Monica Rosa", "type": "author"}, {"id": 1609, "label": "Duque Mendez Nestor Dario", "type": "author"}, {"id": "educación", "label": "educación", "type": "topic"}, {"id": "generadores", "label": "generadores", "type": "topic"}, {"id": "aplicadores", "label": "aplicadores", "type": "topic"}, {"id": "contexto", "label": "contexto", "type": "topic"}, {"id": "ordenadores", "label": "ordenadores", "type": "topic"}, {"id": "modelado", "label": "modelado", "type": "topic"}, {"id": "tecnología", "label": "tecnología", "type": "topic"}, {"id": "momento", "label": "momento", "type": "topic"}, {"id": "herramientas", "label": "herramientas", "type": "topic"}, {"id": "sistemas multi-agentes", "label": "sistemas multi-agentes", "type": "topic"}, {"id": "aditivos", "label": "aditivos", "type": "topic"}, {"id": "metadatos", "label": "metadatos", "type": "topic"}, {"id": "visualización", "label": "visualización", "type": "topic"}, {"id": "prototipos", "label": "prototipos", "type": "topic"}, {"id": "web 20", "label": "web 20", "type": "topic"}, {"id": "arte", "label": "arte", "type": "topic"}, {"id": "comentarios", "label": "comentarios", "type": "topic"}, {"id": "linealidad", "label": "linealidad", "type": "topic"}, {"id": "conocimiento del contexto", "label": "conocimiento del contexto", "type": "topic"}, {"id": "computación ubicua", "label": "computación ubicua", "type": "topic"}, {"id": "servicios de contexto", "label": "servicios de contexto", "type": "topic"}, {"id": "sistemas de recomendación", "label": "sistemas de recomendación", "type": "topic"}, {"id": "materiales", "label": "materiales", "type": "topic"}, {"id": "administración", "label": "administración", "type": "topic"}, {"id": "pruebas", "label": "pruebas", "type": "topic"}, {"id": "colaboración", "label": "colaboración", "type": "topic"}, {"id": "tecnología de las comunicaciones", "label": "tecnología de las comunicaciones", "type": "topic"}, {"id": "tecnología de la información y la comunicación", "label": "tecnología de la información y la comunicación", "type": "topic"}, {"id": "los dispositivos de entrada", "label": "los dispositivos de entrada", "type": "topic"}, {"id": "hardware", "label": "hardware", "type": "topic"}, {"id": 1614, "label": "Franco Bedoya Oscar Hernan", "type": "author"}, {"id": 1620, "label": "Tabares Morales Valentina", "type": "author"}, {"id": "disponibilidad", "label": "disponibilidad", "type": "topic"}, {"id": "sistemas inteligentes", "label": "sistemas inteligentes", "type": "topic"}, {"id": "calculadoras", "label": "calculadoras", "type": "topic"}, {"id": "globalización", "label": "globalización", "type": "topic"}, {"id": "modelado basado en agentes", "label": "modelado basado en agentes", "type": "topic"}, {"id": 2906, "label": "Sarasty Moncada German", "type": "author"}, {"id": 2967, "label": "Montes Trujillo Carlos Eugenio", "type": "author"}, {"id": 2970, "label": "Olarte Osorio Alberto", "type": "author"}, {"id": 3256, "label": "Sepulveda Lopez Jheimer Julian", "type": "author"}, {"id": 3335, "label": "Tamayo Alzate Alonso", "type": "author"}], "links": [{"source": "876fc121-00c9-4064-932a-23f36dbe75e1", "target": 1547, "value": 1}, {"source": "876fc121-00c9-4064-932a-23f36dbe75e1", "target": 1548, "value": 1}, {"source": "876fc121-00c9-4064-932a-23f36dbe75e1", "target": 1550, "value": 1}, {"source": "876fc121-00c9-4064-932a-23f36dbe75e1", "target": 1551, "value": 1}, {"source": "876fc121-00c9-4064-932a-23f36dbe75e1", "target": 1553, "value": 1}, {"source": "876fc121-00c9-4064-932a-23f36dbe75e1", "target": 1555, "value": 1}, {"source": "876fc121-00c9-4064-932a-23f36dbe75e1", "target": 1561, "value": 1}, {"source": "876fc121-00c9-4064-932a-23f36dbe75e1", "target": 1562, "value": 1}, {"source": "876fc121-00c9-4064-932a-23f36dbe75e1", "target": 1564, "value": 1}, {"source": "876fc121-00c9-4064-932a-23f36dbe75e1", "target": 1567, "value": 1}, {"source": "876fc121-00c9-4064-932a-23f36dbe75e1", "target": 1571, "value": 1}, {"source": "876fc121-00c9-4064-932a-23f36dbe75e1", "target": 1588, "value": 1}, {"source": "876fc121-00c9-4064-932a-23f36dbe75e1", "target": 1592, "value": 1}, {"source": "876fc121-00c9-4064-932a-23f36dbe75e1", "target": 1593, "value": 1}, {"source": "876fc121-00c9-4064-932a-23f36dbe75e1", "target": 1595, "value": 1}, {"source": "876fc121-00c9-4064-932a-23f36dbe75e1", "target": 1596, "value": 1}, {"source": "876fc121-00c9-4064-932a-23f36dbe75e1", "target": 1597, "value": 1}, {"source": "876fc121-00c9-4064-932a-23f36dbe75e1", "target": 1598, "value": 1}, {"source": "876fc121-00c9-4064-932a-23f36dbe75e1", "target": 1599, "value": 1}, {"source": "876fc121-00c9-4064-932a-23f36dbe75e1", "target": 1600, "value": 1}, {"source": "876fc121-00c9-4064-932a-23f36dbe75e1", "target": 1601, "value": 1}, {"source": "876fc121-00c9-4064-932a-23f36dbe75e1", "target": 1602, "value": 1}, {"source": "876fc121-00c9-4064-932a-23f36dbe75e1", "target": 1604, "value": 1}, {"source": "876fc121-00c9-4064-932a-23f36dbe75e1", "target": 1606, "value": 1}, {"source": "876fc121-00c9-4064-932a-23f36dbe75e1", "target": 1609, "value": 1}, {"source": 1609, "target": "educación", "value": 7}, {"source": 1609, "target": "generadores", "value": 5}, {"source": 1609, "target": "aplicadores", "value": 5}, {"source": 1609, "target": "contexto", "value": 5}, {"source": 1609, "target": "ordenadores", "value": 4}, {"source": 1609, "target": "modelado", "value": 4}, {"source": 1609, "target": "tecnología", "value": 3}, {"source": 1609, "target": "momento", "value": 3}, {"source": 1609, "target": "herramientas", "value": 3}, {"source": 1609, "target": "sistemas multi-agentes", "value": 3}, {"source": 1609, "target": "aditivos", "value": 3}, {"source": 1609, "target": "metadatos", "value": 3}, {"source": 1609, "target": "visualización", "value": 2}, {"source": 1609, "target": "prototipos", "value": 2}, {"source": 1609, "target": "web 20", "value": 2}, {"source": 1609, "target": "arte", "value": 2}, {"source": 1609, "target": "comentarios", "value": 2}, {"source": 1609, "target": "linealidad", "value": 2}, {"source": 1609, "target": "conocimiento del contexto", "value": 2}, {"source": 1609, "target": "computación ubicua", "value": 2}, {"source": 1609, "target": "servicios de contexto", "value": 2}, {"source": 1609, "target": "sistemas de recomendación", "value": 2}, {"source": 1609, "target": "materiales", "value": 2}, {"source": 1609, "target": "administración", "value": 2}, {"source": 1609, "target": "pruebas", "value": 2}, {"source": 1609, "target": "colaboración", "value": 2}, {"source": 1609, "target": "tecnología de las comunicaciones", "value": 1}, {"source": 1609, "target": "tecnología de la información y la comunicación", "value": 1}, {"source": 1609, "target": "los dispositivos de entrada", "value": 1}, {"source": 1609, "target": "hardware", "value": 1}, {"source": "876fc121-00c9-4064-932a-23f36dbe75e1", "target": 1614, "value": 1}, {"source": "876fc121-00c9-4064-932a-23f36dbe75e1", "target": 1620, "value": 1}, {"source": 1620, "target": "educación", "value": 3}, {"source": 1620, "target": "sistemas de recomendación", "value": 2}, {"source": 1620, "target": "metadatos", "value": 2}, {"source": 1620, "target": "disponibilidad", "value": 2}, {"source": 1620, "target": "modelado", "value": 2}, {"source": 1620, "target": "sistemas inteligentes", "value": 1}, {"source": 1620, "target": "momento", "value": 1}, {"source": 1620, "target": "calculadoras", "value": 1}, {"source": 1620, "target": "globalización", "value": 1}, {"source": 1620, "target": "web 20", "value": 1}, {"source": 1620, "target": "modelado basado en agentes", "value": 1}, {"source": 1620, "target": "prototipos", "value": 1}, {"source": 1620, "target": "aditivos", "value": 1}, {"source": "876fc121-00c9-4064-932a-23f36dbe75e1", "target": 2906, "value": 1}, {"source": "876fc121-00c9-4064-932a-23f36dbe75e1", "target": 2967, "value": 1}, {"source": "876fc121-00c9-4064-932a-23f36dbe75e1", "target": 2970, "value": 1}, {"source": "876fc121-00c9-4064-932a-23f36dbe75e1", "target": 3256, "value": 1}, {"source": "876fc121-00c9-4064-932a-23f36dbe75e1", "target": 3335, "value": 1}], "options": [{"label": "Estado inicial", "value": "Departamento de Informática y Computación", "group": "00. Opciones predeterminadas"}, {"label": "Agudelo Salazar Alfonso Pio", "value": "Agudelo Salazar Alfonso Pio", "group": "02. Opciones de autor"}, {"label": "Aristizabal Quintero Luz Angela", "value": "Aristizabal Quintero Luz Angela", "group": "02. Opciones de autor"}, {"label": "Bermon Angarita Leonardo", "value": "Bermon Angarita Leonardo", "group": "02. Opciones de autor"}, {"label": "Cardona Meza Luz Stella", "value": "Cardona Meza Luz Stella", "group": "02. Opciones de autor"}, {"label": "Cuesta Mesa Albeiro", "value": "Cuesta Mesa Albeiro", "group": "02. Opciones de autor"}, {"label": "Duque Mendez Nestor Dario", "value": "Duque Mendez Nestor Dario", "group": "02. Opciones de autor"}, {"label": "Franco Bedoya Oscar Hernan", "value": "Franco Bedoya Oscar Hernan", "group": "02. Opciones de autor"}, {"label": "Giraldo Osorio Adriana Maria", "value": "Giraldo Osorio Adriana Maria", "group": "02. Opciones de autor"}, {"label": "Gomez Gomez Carlos Hernan", "value": "Gomez Gomez Carlos Hernan", "group": "02. Opciones de autor"}, {"label": "Guerrero Mendieta Luz Enith", "value": "Guerrero Mendieta Luz Enith", "group": "02. Opciones de autor"}, {"label": "Jimenez Lozano Guillermo", "value": "Jimenez Lozano Guillermo", "group": "02. Opciones de autor"}, {"label": "Lopez Cardona Diego", "value": "Lopez Cardona Diego", "group": "02. Opciones de autor"}, {"label": "Lopez Guayasamin Monica Rosa", "value": "Lopez Guayasamin Monica Rosa", "group": "02. Opciones de autor"}, {"label": "López Trujillo Marcelo", "value": "López Trujillo Marcelo", "group": "02. Opciones de autor"}, {"label": "Mejia Salazar Maria Helena", "value": "Mejia Salazar Maria Helena", "group": "02. Opciones de autor"}, {"label": "Montes Lopez Luis Fernando", "value": "Montes Lopez Luis Fernando", "group": "02. Opciones de autor"}, {"label": "Montes Trujillo Carlos Eugenio", "value": "Montes Trujillo Carlos Eugenio", "group": "02. Opciones de autor"}, {"label": "Motato Rojas Luis Fernando", "value": "Motato Rojas Luis Fernando", "group": "02. Opciones de autor"}, {"label": "Olarte Osorio Alberto", "value": "Olarte Osorio Alberto", "group": "02. Opciones de autor"}, {"label": "Orozco Alzate Mauricio", "value": "Orozco Alzate Mauricio", "group": "02. Opciones de autor"}, {"label": "Osorio Zuluaga German Augusto", "value": "Osorio Zuluaga German Augusto", "group": "02. Opciones de autor"}, {"label": "Prieto Taborda Maria Amparo", "value": "Prieto Taborda Maria Amparo", "group": "02. Opciones de autor"}, {"label": "Ramirez Castañeda Luz Arabany", "value": "Ramirez Castañeda Luz Arabany", "group": "02. Opciones de autor"}, {"label": "Rivero Carrillo Mariela", "value": "Rivero Carrillo Mariela", "group": "02. Opciones de autor"}, {"label": "Ruiz Villa Carlos Alberto", "value": "Ruiz Villa Carlos Alberto", "group": "02. Opciones de autor"}, {"label": "Sarasty Moncada German", "value": "Sarasty Moncada German", "group": "02. Opciones de autor"}, {"label": "Sepulveda Lopez Jheimer Julian", "value": "Sepulveda Lopez Jheimer Julian", "group": "02. Opciones de autor"}, {"label": "Tabares Morales Valentina", "value": "Tabares Morales Valentina", "group": "02. Opciones de autor"}, {"label": "Tamayo Alzate Alonso", "value": "Tamayo Alzate Alonso", "group": "02. Opciones de autor"}, {"label": "Uribe Hurtado Ana Lorena", "value": "Uribe Hurtado Ana Lorena", "group": "02. Opciones de autor"}, {"label": "Valencia Duque Francisco Javier", "value": "Valencia Duque Francisco Javier", "group": "02. Opciones de autor"}, {"label": "Villegas Jaramillo Eduardo Jose", "value": "Villegas Jaramillo Eduardo Jose", "group": "02. Opciones de autor"}, {"label": "Departamento de Informática y Computación", "value": "Departamento de Informática y Computación", "group": "02. Opciones de uab"}, {"label": "aditivos", "value": "aditivos", "group": "03. Opciones de temas"}, {"label": "administración", "value": "administración", "group": "03. Opciones de temas"}, {"label": "aplicadores", "value": "aplicadores", "group": "03. Opciones de temas"}, {"label": "arte", "value": "arte", "group": "03. Opciones de temas"}, {"label": "calculadoras", "value": "calculadoras", "group": "03. Opciones de temas"}, {"label": "colaboración", "value": "colaboración", "group": "03. Opciones de temas"}, {"label": "comentarios", "value": "comentarios", "group": "03. Opciones de temas"}, {"label": "computación ubicua", "value": "computación ubicua", "group": "03. Opciones de temas"}, {"label": "conocimiento del contexto", "value": "conocimiento del contexto", "group": "03. Opciones de temas"}, {"label": "contexto", "value": "contexto", "group": "03. Opciones de temas"}, {"label": "disponibilidad", "value": "disponibilidad", "group": "03. Opciones de temas"}, {"label": "educación", "value": "educación", "group": "03. Opciones de temas"}, {"label": "generadores", "value": "generadores", "group": "03. Opciones de temas"}, {"label": "globalización", "value": "globalización", "group": "03. Opciones de temas"}, {"label": "hardware", "value": "hardware", "group": "03. Opciones de temas"}, {"label": "herramientas", "value": "herramientas", "group": "03. Opciones de temas"}, {"label": "linealidad", "value": "linealidad", "group": "03. Opciones de temas"}, {"label": "los dispositivos de entrada", "value": "los dispositivos de entrada", "group": "03. Opciones de temas"}, {"label": "materiales", "value": "materiales", "group": "03. Opciones de temas"}, {"label": "metadatos", "value": "metadatos", "group": "03. Opciones de temas"}, {"label": "modelado", "value": "modelado", "group": "03. Opciones de temas"}, {"label": "modelado basado en agentes", "value": "modelado basado en agentes", "group": "03. Opciones de temas"}, {"label": "momento", "value": "momento", "group": "03. Opciones de temas"}, {"label": "ordenadores", "value": "ordenadores", "group": "03. Opciones de temas"}, {"label": "prototipos", "value": "prototipos", "group": "03. Opciones de temas"}, {"label": "pruebas", "value": "pruebas", "group": "03. Opciones de temas"}, {"label": "servicios de contexto", "value": "servicios de contexto", "group": "03. Opciones de temas"}, {"label": "sistemas de recomendación", "value": "sistemas de recomendación", "group": "03. Opciones de temas"}, {"label": "sistemas inteligentes", "value": "sistemas inteligentes", "group": "03. Opciones de temas"}, {"label": "sistemas multi-agentes", "value": "sistemas multi-agentes", "group": "03. Opciones de temas"}, {"label": "tecnología", "value": "tecnología", "group": "03. Opciones de temas"}, {"label": "tecnología de la información y la comunicación", "value": "tecnología de la información y la comunicación", "group": "03. Opciones de temas"}, {"label": "tecnología de las comunicaciones", "value": "tecnología de las comunicaciones", "group": "03. Opciones de temas"}, {"label": "visualización", "value": "visualización", "group": "03. Opciones de temas"}, {"label": "web 20", "value": "web 20", "group": "03. Opciones de temas"}]}