{"nodes": [{"id": "aa0755a2-cf46-4eba-b8c8-3c001e6ff3db", "label": "Departamento de Diseño", "type": "uab"}, {"id": 2643, "label": "Rios Mendez David Artemio", "type": "author"}, {"id": 2652, "label": "Cardozo Vasquez John Jairo", "type": "author"}, {"id": 2662, "label": "Castro Silva Eliana", "type": "author"}, {"id": 2664, "label": "Castellanos Alvarado Ibeth Adriana", "type": "author"}, {"id": 2668, "label": "Ramirez Triana Nelida Yaneth", "type": "author"}, {"id": 2670, "label": "Diaz Carrero Victor Manuel", "type": "author"}, {"id": 2675, "label": "Naranjo Castillo Jose Eduardo", "type": "author"}, {"id": 2700, "label": "Herrera Saray Gloria Patricia", "type": "author"}, {"id": 2720, "label": "Ochoa Castro Leonardo Alberto", "type": "author"}, {"id": 2721, "label": "Rodriguez Hurtado Luis Arnoby", "type": "author"}, {"id": 2722, "label": "Barrero Tapias Gabriel Ernesto", "type": "author"}, {"id": 2734, "label": "Villamil Ramirez Boris Alejandro", "type": "author"}, {"id": 2736, "label": "Aguirre Delgado Roberto Luis", "type": "author"}], "links": [{"source": "aa0755a2-cf46-4eba-b8c8-3c001e6ff3db", "target": 2643, "value": 1}, {"source": "aa0755a2-cf46-4eba-b8c8-3c001e6ff3db", "target": 2652, "value": 1}, {"source": "aa0755a2-cf46-4eba-b8c8-3c001e6ff3db", "target": 2662, "value": 1}, {"source": "aa0755a2-cf46-4eba-b8c8-3c001e6ff3db", "target": 2664, "value": 1}, {"source": "aa0755a2-cf46-4eba-b8c8-3c001e6ff3db", "target": 2668, "value": 1}, {"source": "aa0755a2-cf46-4eba-b8c8-3c001e6ff3db", "target": 2670, "value": 1}, {"source": "aa0755a2-cf46-4eba-b8c8-3c001e6ff3db", "target": 2675, "value": 1}, {"source": "aa0755a2-cf46-4eba-b8c8-3c001e6ff3db", "target": 2700, "value": 1}, {"source": "aa0755a2-cf46-4eba-b8c8-3c001e6ff3db", "target": 2720, "value": 1}, {"source": "aa0755a2-cf46-4eba-b8c8-3c001e6ff3db", "target": 2721, "value": 1}, {"source": "aa0755a2-cf46-4eba-b8c8-3c001e6ff3db", "target": 2722, "value": 1}, {"source": "aa0755a2-cf46-4eba-b8c8-3c001e6ff3db", "target": 2734, "value": 1}, {"source": "aa0755a2-cf46-4eba-b8c8-3c001e6ff3db", "target": 2736, "value": 1}], "options": [{"label": "Estado inicial", "value": "Departamento de Diseño", "group": "00. Opciones predeterminadas"}, {"label": "Aguirre Delgado Roberto Luis", "value": "Aguirre Delgado Roberto Luis", "group": "02. Opciones de autor"}, {"label": "Barrero Tapias Gabriel Ernesto", "value": "Barrero Tapias Gabriel Ernesto", "group": "02. Opciones de autor"}, {"label": "Cardozo Vasquez John Jairo", "value": "Cardozo Vasquez John Jairo", "group": "02. Opciones de autor"}, {"label": "Castellanos Alvarado Ibeth Adriana", "value": "Castellanos Alvarado Ibeth Adriana", "group": "02. Opciones de autor"}, {"label": "Castro Silva Eliana", "value": "Castro Silva Eliana", "group": "02. Opciones de autor"}, {"label": "Diaz Carrero Victor Manuel", "value": "Diaz Carrero Victor Manuel", "group": "02. Opciones de autor"}, {"label": "Herrera Saray Gloria Patricia", "value": "Herrera Saray Gloria Patricia", "group": "02. Opciones de autor"}, {"label": "Naranjo Castillo Jose Eduardo", "value": "Naranjo Castillo Jose Eduardo", "group": "02. Opciones de autor"}, {"label": "Ochoa Castro Leonardo Alberto", "value": "Ochoa Castro Leonardo Alberto", "group": "02. Opciones de autor"}, {"label": "Ramirez Triana Nelida Yaneth", "value": "Ramirez Triana Nelida Yaneth", "group": "02. Opciones de autor"}, {"label": "Rios Mendez David Artemio", "value": "Rios Mendez David Artemio", "group": "02. Opciones de autor"}, {"label": "Rodriguez Hurtado Luis Arnoby", "value": "Rodriguez Hurtado Luis Arnoby", "group": "02. Opciones de autor"}, {"label": "Villamil Ramirez Boris Alejandro", "value": "Villamil Ramirez Boris Alejandro", "group": "02. Opciones de autor"}, {"label": "Departamento de Diseño", "value": "Departamento de Diseño", "group": "02. Opciones de uab"}]}