{"nodes": [{"id": "c993fb11-3e76-4e11-b789-64497c208d37", "label": "FACULTAD DE INGENIERÍA Y ADMINISTRACIÓN", "type": "faculty"}, {"id": "aa0755a2-cf46-4eba-b8c8-3c001e6ff3db", "label": "Departamento de Diseño", "type": "uab"}, {"id": 2643, "label": "Rios Mendez David Artemio", "type": "author"}, {"id": 2652, "label": "Cardozo Vasquez John Jairo", "type": "author"}, {"id": 2662, "label": "Castro Silva Eliana", "type": "author"}, {"id": 2664, "label": "Castellanos Alvarado Ibeth Adriana", "type": "author"}, {"id": 2668, "label": "Ramirez Triana Nelida Yaneth", "type": "author"}, {"id": 2670, "label": "Diaz Carrero Victor Manuel", "type": "author"}, {"id": 2675, "label": "Naranjo Castillo Jose Eduardo", "type": "author"}, {"id": 2700, "label": "Herrera Saray Gloria Patricia", "type": "author"}, {"id": 2720, "label": "Ochoa Castro Leonardo Alberto", "type": "author"}, {"id": 2721, "label": "Rodriguez Hurtado Luis Arnoby", "type": "author"}, {"id": 2722, "label": "Barrero Tapias Gabriel Ernesto", "type": "author"}, {"id": 2734, "label": "Villamil Ramirez Boris Alejandro", "type": "author"}, {"id": 2736, "label": "Aguirre Delgado Roberto Luis", "type": "author"}, {"id": "c34b10f1-a294-4bf2-8328-21ae49519588", "label": "Departamento de Ingeniería", "type": "uab"}, {"id": 2644, "label": "Madero Morales Edgar Enrique", "type": "author"}, {"id": 2646, "label": "Ipaz Cuastumal Sandro Nolan", "type": "author"}, {"id": 2649, "label": "Garcia Ocampo Alvaro", "type": "author"}, {"id": 2657, "label": "Herrera Londoño Maria Ligia", "type": "author"}, {"id": 2658, "label": "Rubiano Mejia Jorge Eliecer", "type": "author"}, {"id": 2660, "label": "Jaramillo Agudelo Alejandro", "type": "author"}, {"id": 2661, "label": "Rojas Palacios Hernan", "type": "author"}, {"id": 2669, "label": "Duque Nivia Guillermo", "type": "author"}, {"id": 2671, "label": "Restrepo Madrid Norton Jair", "type": "author"}, {"id": 2672, "label": "Gonzalez Salcedo Luis Octavio", "type": "author"}, {"id": 2678, "label": "Prato Garcia Dorian", "type": "author"}, {"id": 2679, "label": "Andrade Mahecha Margarita Maria", "type": "author"}, {"id": 2681, "label": "Dominguez Calle Efrain Antonio", "type": "author"}, {"id": 2682, "label": "Hernandez Reyes Rodrigo", "type": "author"}, {"id": 2686, "label": "Hleap Zapata Jose Igor", "type": "author"}, {"id": 2687, "label": "Cadavid Rodriguez Luz Stella", "type": "author"}, {"id": 2691, "label": "Otalvaro Tamayo Leon Felipe", "type": "author"}, {"id": 2692, "label": "Tafur Hermann Harold", "type": "author"}, {"id": 2693, "label": "Chaparro Anaya Oscar", "type": "author"}, {"id": 2696, "label": "Herrera Gutierrez Oscar Alonso", "type": "author"}, {"id": 2699, "label": "Pinzon Botero Maria Victoria", "type": "author"}, {"id": 2701, "label": "Madriñan Molina Raul", "type": "author"}, {"id": 2702, "label": "Serna Cock Liliana", "type": "author"}, {"id": "aplicadores", "label": "aplicadores", "type": "topic"}, {"id": "propiedades de la cepa probiótica", "label": "propiedades de la cepa probiótica", "type": "topic"}, {"id": "tejido mamario", "label": "tejido mamario", "type": "topic"}, {"id": "capacidad de adhesión", "label": "capacidad de adhesión", "type": "topic"}, {"id": "mastitis", "label": "mastitis", "type": "topic"}, {"id": "presion", "label": "presion", "type": "topic"}, {"id": "microscopía", "label": "microscopía", "type": "topic"}, {"id": "microscopio de electrones", "label": "microscopio de electrones", "type": "topic"}, {"id": "pruebas", "label": "pruebas", "type": "topic"}, {"id": "seguridad", "label": "seguridad", "type": "topic"}, {"id": "aditivos", "label": "aditivos", "type": "topic"}, {"id": "controlabilidad", "label": "controlabilidad", "type": "topic"}, {"id": "en vivo", "label": "en vivo", "type": "topic"}, {"id": "negocio", "label": "negocio", "type": "topic"}, {"id": "biomasa", "label": "biomasa", "type": "topic"}, {"id": "conductividad", "label": "conductividad", "type": "topic"}, {"id": "medios de comunicación", "label": "medios de comunicación", "type": "topic"}, {"id": "observadores", "label": "observadores", "type": "topic"}, {"id": "electrones", "label": "electrones", "type": "topic"}, {"id": "electricidad", "label": "electricidad", "type": "topic"}, {"id": 2708, "label": "Martinez Correa Hugo Alexander", "type": "author"}, {"id": 2712, "label": "Montealegre Leon Fernando Augusto", "type": "author"}, {"id": 2713, "label": "Molina Tabares Jose Manuel", "type": "author"}, {"id": 2714, "label": "Peña Rueda Aurora", "type": "author"}, {"id": 2716, "label": "Vanegas Mahecha Pedro", "type": "author"}, {"id": 2718, "label": "Penagos Luna Alvaro", "type": "author"}, {"id": 2723, "label": "Marulanda Valencia Edgar", "type": "author"}, {"id": 2724, "label": "Mejia Giraldo Luis Fernando", "type": "author"}, {"id": 2727, "label": "Leon Hernandez Juan Gabriel", "type": "author"}, {"id": 2728, "label": "Rueda Saa German Horacio", "type": "author"}, {"id": 2730, "label": "Cifuentes Poveda Ruben Dario", "type": "author"}, {"id": 2733, "label": "Ordoñez Santos Luis Eduardo", "type": "author"}, {"id": 2737, "label": "Escobar Chalarca Carlos Alberto", "type": "author"}, {"id": 2741, "label": "Flor Montoya Carlos Arturo", "type": "author"}, {"id": 2743, "label": "Rodriguez Salcedo Judith", "type": "author"}, {"id": 2744, "label": "Guzman Alvis Angela Ines", "type": "author"}, {"id": 2745, "label": "Mora Bejarano Carlos Humberto", "type": "author"}, {"id": 2747, "label": "Selvaraj John Josephraj", "type": "author"}, {"id": 2750, "label": "Torres Prieto Enrique Alejandro", "type": "author"}, {"id": 2751, "label": "Dussan Sarria Saul", "type": "author"}, {"id": "91ddd00c-e446-4222-a134-0265346aed47", "label": "Departamento de Ciencias Básicas", "type": "uab"}, {"id": 2645, "label": "Prado Garcia Jose Agustin", "type": "author"}, {"id": 2647, "label": "Pitre Andrade Carlos Segundo", "type": "author"}, {"id": 2650, "label": "Mejia Carmona Diego Fernando", "type": "author"}, {"id": 2651, "label": "Moreno Rodriguez Roosevelt", "type": "author"}, {"id": 2654, "label": "Torres Castañeda Harlen Gerardo", "type": "author"}, {"id": 2665, "label": "Diaz Escobar Jose Alfredo", "type": "author"}, {"id": 2666, "label": "Manrique Bastidas Cesar Augusto", "type": "author"}, {"id": 2673, "label": "Orozco Pimiento Yorgen", "type": "author"}, {"id": 2677, "label": "Duque Baracaldo Rodrigo", "type": "author"}, {"id": 2680, "label": "Leal Gomez John Jairo", "type": "author"}, {"id": 2683, "label": "Ponton Ladino Teresa", "type": "author"}, {"id": 2684, "label": "Medina Bejarano Lucy Janeth", "type": "author"}, {"id": 2689, "label": "Ospina Giraldo Blanca Lucia", "type": "author"}, {"id": 2694, "label": "Higuera Sandoval Jorge Alberto", "type": "author"}, {"id": 2697, "label": "Larrahondo Aguilar Helmer", "type": "author"}, {"id": 2703, "label": "Jimenez Chappotin Giraldo", "type": "author"}, {"id": 2705, "label": "Mendoza Marin Claudia Margarita", "type": "author"}, {"id": 2707, "label": "Cobo Alvaro", "type": "author"}, {"id": 2709, "label": "Plata Adarme Alirio", "type": "author"}, {"id": 2710, "label": "Mier Barona Carmen Elena", "type": "author"}, {"id": 2711, "label": "Tofiño Peña Jose Eduardo", "type": "author"}, {"id": 2715, "label": "Ruiz Durantez Eduardo", "type": "author"}, {"id": 2726, "label": "Agudelo Henao Ana Cecilia", "type": "author"}, {"id": 2731, "label": "Vargas Franco Viviana", "type": "author"}, {"id": 2732, "label": "Cortes Paez Luis Enrique", "type": "author"}, {"id": 2735, "label": "Cisneros Rojas Carlos Adolfo", "type": "author"}, {"id": 2738, "label": "Delgado Ospina Jairo Andres", "type": "author"}, {"id": 2739, "label": "Jurado Jesus Fabian", "type": "author"}, {"id": "calculadoras", "label": "calculadoras", "type": "topic"}, {"id": "dieléctricos", "label": "dieléctricos", "type": "topic"}, {"id": "acoplamientos", "label": "acoplamientos", "type": "topic"}, {"id": "modelado", "label": "modelado", "type": "topic"}, {"id": 2740, "label": "Uribe Ceballos Jose Reinel", "type": "author"}, {"id": 2746, "label": "Otero Ospina Joel Tupac", "type": "author"}, {"id": 2748, "label": "Checa Ceron Oscar Yovany", "type": "author"}, {"id": 2749, "label": "Baena Garcia Diosdado", "type": "author"}, {"id": "8daf90ee-94a5-452a-8917-8d6765a52533", "label": "Departamento de Ciencias Sociales", "type": "uab"}, {"id": 2648, "label": "Granados Camargo Ismael Nevardo", "type": "author"}, {"id": 2653, "label": "Prieto Parra Ramiro Antonio", "type": "author"}, {"id": 2655, "label": "Libreros Gonzalez Harold Humberto", "type": "author"}, {"id": 2656, "label": "Reina Barth Jose Otocar", "type": "author"}, {"id": 2659, "label": "Lozano Reyes Fanor", "type": "author"}, {"id": 2663, "label": "Cardenas Acevedo Rodrigo Enrique", "type": "author"}, {"id": 2667, "label": "Arellano Guerrero Alexandra Eugenia", "type": "author"}, {"id": 2674, "label": "Martinez Oropesa Ciro", "type": "author"}, {"id": 2676, "label": "Cajigas Romero Margot", "type": "author"}, {"id": 2685, "label": "Tello Castrillon Carlos Antonio", "type": "author"}, {"id": 2688, "label": "Lopez Pinillos Nubia Lucero", "type": "author"}, {"id": 2690, "label": "Salcedo Serna Marco Alexis", "type": "author"}, {"id": 2695, "label": "Alvarez Payan Camilo", "type": "author"}, {"id": 2698, "label": "Ávila Dávalos Hernán", "type": "author"}, {"id": 2704, "label": "Martinez Alberto", "type": "author"}, {"id": 2706, "label": "Perez Y Soto Dominguez Alejandro", "type": "author"}, {"id": 2717, "label": "Diaz Pacheco Raul Antonio", "type": "author"}, {"id": 2719, "label": "Ramirez Elbar", "type": "author"}, {"id": 2725, "label": "Sanchez Leon Nelly Beatriz", "type": "author"}, {"id": 2729, "label": "Sarria Escobar Pablo Humberto", "type": "author"}, {"id": 2742, "label": "Quintero Vargas Heimar", "type": "author"}], "links": [{"source": "c993fb11-3e76-4e11-b789-64497c208d37", "target": "aa0755a2-cf46-4eba-b8c8-3c001e6ff3db", "value": 1}, {"source": "aa0755a2-cf46-4eba-b8c8-3c001e6ff3db", "target": 2643, "value": 1}, {"source": "aa0755a2-cf46-4eba-b8c8-3c001e6ff3db", "target": 2652, "value": 1}, {"source": "aa0755a2-cf46-4eba-b8c8-3c001e6ff3db", "target": 2662, "value": 1}, {"source": "aa0755a2-cf46-4eba-b8c8-3c001e6ff3db", "target": 2664, "value": 1}, {"source": "aa0755a2-cf46-4eba-b8c8-3c001e6ff3db", "target": 2668, "value": 1}, {"source": "aa0755a2-cf46-4eba-b8c8-3c001e6ff3db", "target": 2670, "value": 1}, {"source": "aa0755a2-cf46-4eba-b8c8-3c001e6ff3db", "target": 2675, "value": 1}, {"source": "aa0755a2-cf46-4eba-b8c8-3c001e6ff3db", "target": 2700, "value": 1}, {"source": "aa0755a2-cf46-4eba-b8c8-3c001e6ff3db", "target": 2720, "value": 1}, {"source": "aa0755a2-cf46-4eba-b8c8-3c001e6ff3db", "target": 2721, "value": 1}, {"source": "aa0755a2-cf46-4eba-b8c8-3c001e6ff3db", "target": 2722, "value": 1}, {"source": "aa0755a2-cf46-4eba-b8c8-3c001e6ff3db", "target": 2734, "value": 1}, {"source": "aa0755a2-cf46-4eba-b8c8-3c001e6ff3db", "target": 2736, "value": 1}, {"source": "c993fb11-3e76-4e11-b789-64497c208d37", "target": "c34b10f1-a294-4bf2-8328-21ae49519588", "value": 1}, {"source": "c34b10f1-a294-4bf2-8328-21ae49519588", "target": 2644, "value": 1}, {"source": "c34b10f1-a294-4bf2-8328-21ae49519588", "target": 2646, "value": 1}, {"source": "c34b10f1-a294-4bf2-8328-21ae49519588", "target": 2649, "value": 1}, {"source": "c34b10f1-a294-4bf2-8328-21ae49519588", "target": 2657, "value": 1}, {"source": "c34b10f1-a294-4bf2-8328-21ae49519588", "target": 2658, "value": 1}, {"source": "c34b10f1-a294-4bf2-8328-21ae49519588", "target": 2660, "value": 1}, {"source": "c34b10f1-a294-4bf2-8328-21ae49519588", "target": 2661, "value": 1}, {"source": "c34b10f1-a294-4bf2-8328-21ae49519588", "target": 2669, "value": 1}, {"source": "c34b10f1-a294-4bf2-8328-21ae49519588", "target": 2671, "value": 1}, {"source": "c34b10f1-a294-4bf2-8328-21ae49519588", "target": 2672, "value": 1}, {"source": "c34b10f1-a294-4bf2-8328-21ae49519588", "target": 2678, "value": 1}, {"source": "c34b10f1-a294-4bf2-8328-21ae49519588", "target": 2679, "value": 1}, {"source": "c34b10f1-a294-4bf2-8328-21ae49519588", "target": 2681, "value": 1}, {"source": "c34b10f1-a294-4bf2-8328-21ae49519588", "target": 2682, "value": 1}, {"source": "c34b10f1-a294-4bf2-8328-21ae49519588", "target": 2686, "value": 1}, {"source": "c34b10f1-a294-4bf2-8328-21ae49519588", "target": 2687, "value": 1}, {"source": "c34b10f1-a294-4bf2-8328-21ae49519588", "target": 2691, "value": 1}, {"source": "c34b10f1-a294-4bf2-8328-21ae49519588", "target": 2692, "value": 1}, {"source": "c34b10f1-a294-4bf2-8328-21ae49519588", "target": 2693, "value": 1}, {"source": "c34b10f1-a294-4bf2-8328-21ae49519588", "target": 2696, "value": 1}, {"source": "c34b10f1-a294-4bf2-8328-21ae49519588", "target": 2699, "value": 1}, {"source": "c34b10f1-a294-4bf2-8328-21ae49519588", "target": 2701, "value": 1}, {"source": "c34b10f1-a294-4bf2-8328-21ae49519588", "target": 2702, "value": 1}, {"source": 2702, "target": "aplicadores", "value": 1}, {"source": 2702, "target": "propiedades de la cepa probiótica", "value": 1}, {"source": 2702, "target": "tejido mamario", "value": 1}, {"source": 2702, "target": "capacidad de adhesión", "value": 1}, {"source": 2702, "target": "mastitis", "value": 1}, {"source": 2702, "target": "presion", "value": 1}, {"source": 2702, "target": "microscopía", "value": 1}, {"source": 2702, "target": "microscopio de electrones", "value": 1}, {"source": 2702, "target": "pruebas", "value": 1}, {"source": 2702, "target": "seguridad", "value": 1}, {"source": 2702, "target": "aditivos", "value": 1}, {"source": 2702, "target": "controlabilidad", "value": 1}, {"source": 2702, "target": "en vivo", "value": 1}, {"source": 2702, "target": "negocio", "value": 1}, {"source": 2702, "target": "biomasa", "value": 1}, {"source": 2702, "target": "conductividad", "value": 1}, {"source": 2702, "target": "medios de comunicación", "value": 1}, {"source": 2702, "target": "observadores", "value": 1}, {"source": 2702, "target": "electrones", "value": 1}, {"source": 2702, "target": "electricidad", "value": 1}, {"source": "c34b10f1-a294-4bf2-8328-21ae49519588", "target": 2708, "value": 1}, {"source": "c34b10f1-a294-4bf2-8328-21ae49519588", "target": 2712, "value": 1}, {"source": "c34b10f1-a294-4bf2-8328-21ae49519588", "target": 2713, "value": 1}, {"source": "c34b10f1-a294-4bf2-8328-21ae49519588", "target": 2714, "value": 1}, {"source": "c34b10f1-a294-4bf2-8328-21ae49519588", "target": 2716, "value": 1}, {"source": "c34b10f1-a294-4bf2-8328-21ae49519588", "target": 2718, "value": 1}, {"source": "c34b10f1-a294-4bf2-8328-21ae49519588", "target": 2723, "value": 1}, {"source": "c34b10f1-a294-4bf2-8328-21ae49519588", "target": 2724, "value": 1}, {"source": "c34b10f1-a294-4bf2-8328-21ae49519588", "target": 2727, "value": 1}, {"source": "c34b10f1-a294-4bf2-8328-21ae49519588", "target": 2728, "value": 1}, {"source": "c34b10f1-a294-4bf2-8328-21ae49519588", "target": 2730, "value": 1}, {"source": "c34b10f1-a294-4bf2-8328-21ae49519588", "target": 2733, "value": 1}, {"source": "c34b10f1-a294-4bf2-8328-21ae49519588", "target": 2737, "value": 1}, {"source": "c34b10f1-a294-4bf2-8328-21ae49519588", "target": 2741, "value": 1}, {"source": "c34b10f1-a294-4bf2-8328-21ae49519588", "target": 2743, "value": 1}, {"source": "c34b10f1-a294-4bf2-8328-21ae49519588", "target": 2744, "value": 1}, {"source": "c34b10f1-a294-4bf2-8328-21ae49519588", "target": 2745, "value": 1}, {"source": "c34b10f1-a294-4bf2-8328-21ae49519588", "target": 2747, "value": 1}, {"source": "c34b10f1-a294-4bf2-8328-21ae49519588", "target": 2750, "value": 1}, {"source": "c34b10f1-a294-4bf2-8328-21ae49519588", "target": 2751, "value": 1}, {"source": "c993fb11-3e76-4e11-b789-64497c208d37", "target": "91ddd00c-e446-4222-a134-0265346aed47", "value": 1}, {"source": "91ddd00c-e446-4222-a134-0265346aed47", "target": 2645, "value": 1}, {"source": "91ddd00c-e446-4222-a134-0265346aed47", "target": 2647, "value": 1}, {"source": "91ddd00c-e446-4222-a134-0265346aed47", "target": 2650, "value": 1}, {"source": "91ddd00c-e446-4222-a134-0265346aed47", "target": 2651, "value": 1}, {"source": "91ddd00c-e446-4222-a134-0265346aed47", "target": 2654, "value": 1}, {"source": "91ddd00c-e446-4222-a134-0265346aed47", "target": 2665, "value": 1}, {"source": "91ddd00c-e446-4222-a134-0265346aed47", "target": 2666, "value": 1}, {"source": "91ddd00c-e446-4222-a134-0265346aed47", "target": 2673, "value": 1}, {"source": "91ddd00c-e446-4222-a134-0265346aed47", "target": 2677, "value": 1}, {"source": "91ddd00c-e446-4222-a134-0265346aed47", "target": 2680, "value": 1}, {"source": "91ddd00c-e446-4222-a134-0265346aed47", "target": 2683, "value": 1}, {"source": "91ddd00c-e446-4222-a134-0265346aed47", "target": 2684, "value": 1}, {"source": "91ddd00c-e446-4222-a134-0265346aed47", "target": 2689, "value": 1}, {"source": "91ddd00c-e446-4222-a134-0265346aed47", "target": 2694, "value": 1}, {"source": "91ddd00c-e446-4222-a134-0265346aed47", "target": 2697, "value": 1}, {"source": "91ddd00c-e446-4222-a134-0265346aed47", "target": 2703, "value": 1}, {"source": "91ddd00c-e446-4222-a134-0265346aed47", "target": 2705, "value": 1}, {"source": "91ddd00c-e446-4222-a134-0265346aed47", "target": 2707, "value": 1}, {"source": "91ddd00c-e446-4222-a134-0265346aed47", "target": 2709, "value": 1}, {"source": "91ddd00c-e446-4222-a134-0265346aed47", "target": 2710, "value": 1}, {"source": "91ddd00c-e446-4222-a134-0265346aed47", "target": 2711, "value": 1}, {"source": "91ddd00c-e446-4222-a134-0265346aed47", "target": 2715, "value": 1}, {"source": "91ddd00c-e446-4222-a134-0265346aed47", "target": 2726, "value": 1}, {"source": "91ddd00c-e446-4222-a134-0265346aed47", "target": 2731, "value": 1}, {"source": "91ddd00c-e446-4222-a134-0265346aed47", "target": 2732, "value": 1}, {"source": "91ddd00c-e446-4222-a134-0265346aed47", "target": 2735, "value": 1}, {"source": "91ddd00c-e446-4222-a134-0265346aed47", "target": 2738, "value": 1}, {"source": "91ddd00c-e446-4222-a134-0265346aed47", "target": 2739, "value": 1}, {"source": 2739, "target": "calculadoras", "value": 2}, {"source": 2739, "target": "dieléctricos", "value": 2}, {"source": 2739, "target": "acoplamientos", "value": 2}, {"source": 2739, "target": "electricidad", "value": 2}, {"source": 2739, "target": "modelado", "value": 2}, {"source": "91ddd00c-e446-4222-a134-0265346aed47", "target": 2740, "value": 1}, {"source": "91ddd00c-e446-4222-a134-0265346aed47", "target": 2746, "value": 1}, {"source": "91ddd00c-e446-4222-a134-0265346aed47", "target": 2748, "value": 1}, {"source": "91ddd00c-e446-4222-a134-0265346aed47", "target": 2749, "value": 1}, {"source": "c993fb11-3e76-4e11-b789-64497c208d37", "target": "8daf90ee-94a5-452a-8917-8d6765a52533", "value": 1}, {"source": "8daf90ee-94a5-452a-8917-8d6765a52533", "target": 2648, "value": 1}, {"source": "8daf90ee-94a5-452a-8917-8d6765a52533", "target": 2653, "value": 1}, {"source": "8daf90ee-94a5-452a-8917-8d6765a52533", "target": 2655, "value": 1}, {"source": "8daf90ee-94a5-452a-8917-8d6765a52533", "target": 2656, "value": 1}, {"source": "8daf90ee-94a5-452a-8917-8d6765a52533", "target": 2659, "value": 1}, {"source": "8daf90ee-94a5-452a-8917-8d6765a52533", "target": 2663, "value": 1}, {"source": "8daf90ee-94a5-452a-8917-8d6765a52533", "target": 2667, "value": 1}, {"source": "8daf90ee-94a5-452a-8917-8d6765a52533", "target": 2674, "value": 1}, {"source": "8daf90ee-94a5-452a-8917-8d6765a52533", "target": 2676, "value": 1}, {"source": "8daf90ee-94a5-452a-8917-8d6765a52533", "target": 2685, "value": 1}, {"source": "8daf90ee-94a5-452a-8917-8d6765a52533", "target": 2688, "value": 1}, {"source": "8daf90ee-94a5-452a-8917-8d6765a52533", "target": 2690, "value": 1}, {"source": "8daf90ee-94a5-452a-8917-8d6765a52533", "target": 2695, "value": 1}, {"source": "8daf90ee-94a5-452a-8917-8d6765a52533", "target": 2698, "value": 1}, {"source": "8daf90ee-94a5-452a-8917-8d6765a52533", "target": 2704, "value": 1}, {"source": "8daf90ee-94a5-452a-8917-8d6765a52533", "target": 2706, "value": 1}, {"source": "8daf90ee-94a5-452a-8917-8d6765a52533", "target": 2717, "value": 1}, {"source": "8daf90ee-94a5-452a-8917-8d6765a52533", "target": 2719, "value": 1}, {"source": "8daf90ee-94a5-452a-8917-8d6765a52533", "target": 2725, "value": 1}, {"source": "8daf90ee-94a5-452a-8917-8d6765a52533", "target": 2729, "value": 1}, {"source": "8daf90ee-94a5-452a-8917-8d6765a52533", "target": 2742, "value": 1}], "options": [{"label": "Estado inicial", "value": "FACULTAD DE INGENIERÍA Y ADMINISTRACIÓN", "group": "00. Opciones predeterminadas"}, {"label": "FACULTAD DE INGENIERÍA Y ADMINISTRACIÓN", "value": "FACULTAD DE INGENIERÍA Y ADMINISTRACIÓN", "group": "01. Opciones de facultad"}, {"label": "Departamento de Ciencias Básicas", "value": "Departamento de Ciencias Básicas", "group": "02. Opciones de uab"}, {"label": "Departamento de Ciencias Sociales", "value": "Departamento de Ciencias Sociales", "group": "02. Opciones de uab"}, {"label": "Departamento de Diseño", "value": "Departamento de Diseño", "group": "02. Opciones de uab"}, {"label": "Departamento de Ingeniería", "value": "Departamento de Ingeniería", "group": "02. Opciones de uab"}, {"label": "Agudelo Henao Ana Cecilia", "value": "Agudelo Henao Ana Cecilia", "group": "03. Opciones de autor"}, {"label": "Aguirre Delgado Roberto Luis", "value": "Aguirre Delgado Roberto Luis", "group": "03. Opciones de autor"}, {"label": "Alvarez Payan Camilo", "value": "Alvarez Payan Camilo", "group": "03. Opciones de autor"}, {"label": "Andrade Mahecha Margarita Maria", "value": "Andrade Mahecha Margarita Maria", "group": "03. Opciones de autor"}, {"label": "Arellano Guerrero Alexandra Eugenia", "value": "Arellano Guerrero Alexandra Eugenia", "group": "03. Opciones de autor"}, {"label": "Baena Garcia Diosdado", "value": "Baena Garcia Diosdado", "group": "03. Opciones de autor"}, {"label": "Barrero Tapias Gabriel Ernesto", "value": "Barrero Tapias Gabriel Ernesto", "group": "03. Opciones de autor"}, {"label": "Cadavid Rodriguez Luz Stella", "value": "Cadavid Rodriguez Luz Stella", "group": "03. Opciones de autor"}, {"label": "Cajigas Romero Margot", "value": "Cajigas Romero Margot", "group": "03. Opciones de autor"}, {"label": "Cardenas Acevedo Rodrigo Enrique", "value": "Cardenas Acevedo Rodrigo Enrique", "group": "03. Opciones de autor"}, {"label": "Cardozo Vasquez John Jairo", "value": "Cardozo Vasquez John Jairo", "group": "03. Opciones de autor"}, {"label": "Castellanos Alvarado Ibeth Adriana", "value": "Castellanos Alvarado Ibeth Adriana", "group": "03. Opciones de autor"}, {"label": "Castro Silva Eliana", "value": "Castro Silva Eliana", "group": "03. Opciones de autor"}, {"label": "Chaparro Anaya Oscar", "value": "Chaparro Anaya Oscar", "group": "03. Opciones de autor"}, {"label": "Checa Ceron Oscar Yovany", "value": "Checa Ceron Oscar Yovany", "group": "03. Opciones de autor"}, {"label": "Cifuentes Poveda Ruben Dario", "value": "Cifuentes Poveda Ruben Dario", "group": "03. Opciones de autor"}, {"label": "Cisneros Rojas Carlos Adolfo", "value": "Cisneros Rojas Carlos Adolfo", "group": "03. Opciones de autor"}, {"label": "Cobo Alvaro", "value": "Cobo Alvaro", "group": "03. Opciones de autor"}, {"label": "Cortes Paez Luis Enrique", "value": "Cortes Paez Luis Enrique", "group": "03. Opciones de autor"}, {"label": "Delgado Ospina Jairo Andres", "value": "Delgado Ospina Jairo Andres", "group": "03. Opciones de autor"}, {"label": "Diaz Carrero Victor Manuel", "value": "Diaz Carrero Victor Manuel", "group": "03. Opciones de autor"}, {"label": "Diaz Escobar Jose Alfredo", "value": "Diaz Escobar Jose Alfredo", "group": "03. Opciones de autor"}, {"label": "Diaz Pacheco Raul Antonio", "value": "Diaz Pacheco Raul Antonio", "group": "03. Opciones de autor"}, {"label": "Dominguez Calle Efrain Antonio", "value": "Dominguez Calle Efrain Antonio", "group": "03. Opciones de autor"}, {"label": "Duque Baracaldo Rodrigo", "value": "Duque Baracaldo Rodrigo", "group": "03. Opciones de autor"}, {"label": "Duque Nivia Guillermo", "value": "Duque Nivia Guillermo", "group": "03. Opciones de autor"}, {"label": "Dussan Sarria Saul", "value": "Dussan Sarria Saul", "group": "03. Opciones de autor"}, {"label": "Escobar Chalarca Carlos Alberto", "value": "Escobar Chalarca Carlos Alberto", "group": "03. Opciones de autor"}, {"label": "Flor Montoya Carlos Arturo", "value": "Flor Montoya Carlos Arturo", "group": "03. Opciones de autor"}, {"label": "Garcia Ocampo Alvaro", "value": "Garcia Ocampo Alvaro", "group": "03. Opciones de autor"}, {"label": "Gonzalez Salcedo Luis Octavio", "value": "Gonzalez Salcedo Luis Octavio", "group": "03. Opciones de autor"}, {"label": "Granados Camargo Ismael Nevardo", "value": "Granados Camargo Ismael Nevardo", "group": "03. Opciones de autor"}, {"label": "Guzman Alvis Angela Ines", "value": "Guzman Alvis Angela Ines", "group": "03. Opciones de autor"}, {"label": "Hernandez Reyes Rodrigo", "value": "Hernandez Reyes Rodrigo", "group": "03. Opciones de autor"}, {"label": "Herrera Gutierrez Oscar Alonso", "value": "Herrera Gutierrez Oscar Alonso", "group": "03. Opciones de autor"}, {"label": "Herrera Londoño Maria Ligia", "value": "Herrera Londoño Maria Ligia", "group": "03. Opciones de autor"}, {"label": "Herrera Saray Gloria Patricia", "value": "Herrera Saray Gloria Patricia", "group": "03. Opciones de autor"}, {"label": "Higuera Sandoval Jorge Alberto", "value": "Higuera Sandoval Jorge Alberto", "group": "03. Opciones de autor"}, {"label": "Hleap Zapata Jose Igor", "value": "Hleap Zapata Jose Igor", "group": "03. Opciones de autor"}, {"label": "Ipaz Cuastumal Sandro Nolan", "value": "Ipaz Cuastumal Sandro Nolan", "group": "03. Opciones de autor"}, {"label": "Jaramillo Agudelo Alejandro", "value": "Jaramillo Agudelo Alejandro", "group": "03. Opciones de autor"}, {"label": "Jimenez Chappotin Giraldo", "value": "Jimenez Chappotin Giraldo", "group": "03. Opciones de autor"}, {"label": "Jurado Jesus Fabian", "value": "Jurado Jesus Fabian", "group": "03. Opciones de autor"}, {"label": "Larrahondo Aguilar Helmer", "value": "Larrahondo Aguilar Helmer", "group": "03. Opciones de autor"}, {"label": "Leal Gomez John Jairo", "value": "Leal Gomez John Jairo", "group": "03. Opciones de autor"}, {"label": "Leon Hernandez Juan Gabriel", "value": "Leon Hernandez Juan Gabriel", "group": "03. Opciones de autor"}, {"label": "Libreros Gonzalez Harold Humberto", "value": "Libreros Gonzalez Harold Humberto", "group": "03. Opciones de autor"}, {"label": "Lopez Pinillos Nubia Lucero", "value": "Lopez Pinillos Nubia Lucero", "group": "03. Opciones de autor"}, {"label": "Lozano Reyes Fanor", "value": "Lozano Reyes Fanor", "group": "03. Opciones de autor"}, {"label": "Madero Morales Edgar Enrique", "value": "Madero Morales Edgar Enrique", "group": "03. Opciones de autor"}, {"label": "Madriñan Molina Raul", "value": "Madriñan Molina Raul", "group": "03. Opciones de autor"}, {"label": "Manrique Bastidas Cesar Augusto", "value": "Manrique Bastidas Cesar Augusto", "group": "03. Opciones de autor"}, {"label": "Martinez Alberto", "value": "Martinez Alberto", "group": "03. Opciones de autor"}, {"label": "Martinez Correa Hugo Alexander", "value": "Martinez Correa Hugo Alexander", "group": "03. Opciones de autor"}, {"label": "Martinez Oropesa Ciro", "value": "Martinez Oropesa Ciro", "group": "03. Opciones de autor"}, {"label": "Marulanda Valencia Edgar", "value": "Marulanda Valencia Edgar", "group": "03. Opciones de autor"}, {"label": "Medina Bejarano Lucy Janeth", "value": "Medina Bejarano Lucy Janeth", "group": "03. Opciones de autor"}, {"label": "Mejia Carmona Diego Fernando", "value": "Mejia Carmona Diego Fernando", "group": "03. Opciones de autor"}, {"label": "Mejia Giraldo Luis Fernando", "value": "Mejia Giraldo Luis Fernando", "group": "03. Opciones de autor"}, {"label": "Mendoza Marin Claudia Margarita", "value": "Mendoza Marin Claudia Margarita", "group": "03. Opciones de autor"}, {"label": "Mier Barona Carmen Elena", "value": "Mier Barona Carmen Elena", "group": "03. Opciones de autor"}, {"label": "Molina Tabares Jose Manuel", "value": "Molina Tabares Jose Manuel", "group": "03. Opciones de autor"}, {"label": "Montealegre Leon Fernando Augusto", "value": "Montealegre Leon Fernando Augusto", "group": "03. Opciones de autor"}, {"label": "Mora Bejarano Carlos Humberto", "value": "Mora Bejarano Carlos Humberto", "group": "03. Opciones de autor"}, {"label": "Moreno Rodriguez Roosevelt", "value": "Moreno Rodriguez Roosevelt", "group": "03. Opciones de autor"}, {"label": "Naranjo Castillo Jose Eduardo", "value": "Naranjo Castillo Jose Eduardo", "group": "03. Opciones de autor"}, {"label": "Ochoa Castro Leonardo Alberto", "value": "Ochoa Castro Leonardo Alberto", "group": "03. Opciones de autor"}, {"label": "Ordoñez Santos Luis Eduardo", "value": "Ordoñez Santos Luis Eduardo", "group": "03. Opciones de autor"}, {"label": "Orozco Pimiento Yorgen", "value": "Orozco Pimiento Yorgen", "group": "03. Opciones de autor"}, {"label": "Ospina Giraldo Blanca Lucia", "value": "Ospina Giraldo Blanca Lucia", "group": "03. Opciones de autor"}, {"label": "Otalvaro Tamayo Leon Felipe", "value": "Otalvaro Tamayo Leon Felipe", "group": "03. Opciones de autor"}, {"label": "Otero Ospina Joel Tupac", "value": "Otero Ospina Joel Tupac", "group": "03. Opciones de autor"}, {"label": "Penagos Luna Alvaro", "value": "Penagos Luna Alvaro", "group": "03. Opciones de autor"}, {"label": "Perez Y Soto Dominguez Alejandro", "value": "Perez Y Soto Dominguez Alejandro", "group": "03. Opciones de autor"}, {"label": "Peña Rueda Aurora", "value": "Peña Rueda Aurora", "group": "03. Opciones de autor"}, {"label": "Pinzon Botero Maria Victoria", "value": "Pinzon Botero Maria Victoria", "group": "03. Opciones de autor"}, {"label": "Pitre Andrade Carlos Segundo", "value": "Pitre Andrade Carlos Segundo", "group": "03. Opciones de autor"}, {"label": "Plata Adarme Alirio", "value": "Plata Adarme Alirio", "group": "03. Opciones de autor"}, {"label": "Ponton Ladino Teresa", "value": "Ponton Ladino Teresa", "group": "03. Opciones de autor"}, {"label": "Prado Garcia Jose Agustin", "value": "Prado Garcia Jose Agustin", "group": "03. Opciones de autor"}, {"label": "Prato Garcia Dorian", "value": "Prato Garcia Dorian", "group": "03. Opciones de autor"}, {"label": "Prieto Parra Ramiro Antonio", "value": "Prieto Parra Ramiro Antonio", "group": "03. Opciones de autor"}, {"label": "Quintero Vargas Heimar", "value": "Quintero Vargas Heimar", "group": "03. Opciones de autor"}, {"label": "Ramirez Elbar", "value": "Ramirez Elbar", "group": "03. Opciones de autor"}, {"label": "Ramirez Triana Nelida Yaneth", "value": "Ramirez Triana Nelida Yaneth", "group": "03. Opciones de autor"}, {"label": "Reina Barth Jose Otocar", "value": "Reina Barth Jose Otocar", "group": "03. Opciones de autor"}, {"label": "Restrepo Madrid Norton Jair", "value": "Restrepo Madrid Norton Jair", "group": "03. Opciones de autor"}, {"label": "Rios Mendez David Artemio", "value": "Rios Mendez David Artemio", "group": "03. Opciones de autor"}, {"label": "Rodriguez Hurtado Luis Arnoby", "value": "Rodriguez Hurtado Luis Arnoby", "group": "03. Opciones de autor"}, {"label": "Rodriguez Salcedo Judith", "value": "Rodriguez Salcedo Judith", "group": "03. Opciones de autor"}, {"label": "Rojas Palacios Hernan", "value": "Rojas Palacios Hernan", "group": "03. Opciones de autor"}, {"label": "Rubiano Mejia Jorge Eliecer", "value": "Rubiano Mejia Jorge Eliecer", "group": "03. Opciones de autor"}, {"label": "Rueda Saa German Horacio", "value": "Rueda Saa German Horacio", "group": "03. Opciones de autor"}, {"label": "Ruiz Durantez Eduardo", "value": "Ruiz Durantez Eduardo", "group": "03. Opciones de autor"}, {"label": "Salcedo Serna Marco Alexis", "value": "Salcedo Serna Marco Alexis", "group": "03. Opciones de autor"}, {"label": "Sanchez Leon Nelly Beatriz", "value": "Sanchez Leon Nelly Beatriz", "group": "03. Opciones de autor"}, {"label": "Sarria Escobar Pablo Humberto", "value": "Sarria Escobar Pablo Humberto", "group": "03. Opciones de autor"}, {"label": "Selvaraj John Josephraj", "value": "Selvaraj John Josephraj", "group": "03. Opciones de autor"}, {"label": "Serna Cock Liliana", "value": "Serna Cock Liliana", "group": "03. Opciones de autor"}, {"label": "Tafur Hermann Harold", "value": "Tafur Hermann Harold", "group": "03. Opciones de autor"}, {"label": "Tello Castrillon Carlos Antonio", "value": "Tello Castrillon Carlos Antonio", "group": "03. Opciones de autor"}, {"label": "Tofiño Peña Jose Eduardo", "value": "Tofiño Peña Jose Eduardo", "group": "03. Opciones de autor"}, {"label": "Torres Castañeda Harlen Gerardo", "value": "Torres Castañeda Harlen Gerardo", "group": "03. Opciones de autor"}, {"label": "Torres Prieto Enrique Alejandro", "value": "Torres Prieto Enrique Alejandro", "group": "03. Opciones de autor"}, {"label": "Uribe Ceballos Jose Reinel", "value": "Uribe Ceballos Jose Reinel", "group": "03. Opciones de autor"}, {"label": "Vanegas Mahecha Pedro", "value": "Vanegas Mahecha Pedro", "group": "03. Opciones de autor"}, {"label": "Vargas Franco Viviana", "value": "Vargas Franco Viviana", "group": "03. Opciones de autor"}, {"label": "Villamil Ramirez Boris Alejandro", "value": "Villamil Ramirez Boris Alejandro", "group": "03. Opciones de autor"}, {"label": "Ávila Dávalos Hernán", "value": "Ávila Dávalos Hernán", "group": "03. Opciones de autor"}, {"label": "acoplamientos", "value": "acoplamientos", "group": "04. Opciones de temas"}, {"label": "aditivos", "value": "aditivos", "group": "04. Opciones de temas"}, {"label": "aplicadores", "value": "aplicadores", "group": "04. Opciones de temas"}, {"label": "biomasa", "value": "biomasa", "group": "04. Opciones de temas"}, {"label": "calculadoras", "value": "calculadoras", "group": "04. Opciones de temas"}, {"label": "capacidad de adhesión", "value": "capacidad de adhesión", "group": "04. Opciones de temas"}, {"label": "conductividad", "value": "conductividad", "group": "04. Opciones de temas"}, {"label": "controlabilidad", "value": "controlabilidad", "group": "04. Opciones de temas"}, {"label": "dieléctricos", "value": "dieléctricos", "group": "04. Opciones de temas"}, {"label": "electricidad", "value": "electricidad", "group": "04. Opciones de temas"}, {"label": "electrones", "value": "electrones", "group": "04. Opciones de temas"}, {"label": "en vivo", "value": "en vivo", "group": "04. Opciones de temas"}, {"label": "mastitis", "value": "mastitis", "group": "04. Opciones de temas"}, {"label": "medios de comunicación", "value": "medios de comunicación", "group": "04. Opciones de temas"}, {"label": "microscopio de electrones", "value": "microscopio de electrones", "group": "04. Opciones de temas"}, {"label": "microscopía", "value": "microscopía", "group": "04. Opciones de temas"}, {"label": "modelado", "value": "modelado", "group": "04. Opciones de temas"}, {"label": "negocio", "value": "negocio", "group": "04. Opciones de temas"}, {"label": "observadores", "value": "observadores", "group": "04. Opciones de temas"}, {"label": "presion", "value": "presion", "group": "04. Opciones de temas"}, {"label": "propiedades de la cepa probiótica", "value": "propiedades de la cepa probiótica", "group": "04. Opciones de temas"}, {"label": "pruebas", "value": "pruebas", "group": "04. Opciones de temas"}, {"label": "seguridad", "value": "seguridad", "group": "04. Opciones de temas"}, {"label": "tejido mamario", "value": "tejido mamario", "group": "04. Opciones de temas"}]}