{"nodes": [{"id": "f1ea6a11-0f8b-4b02-bc4d-3088f2f1a2d5", "label": "Departamento de Energía Eléctrica y Automática", "type": "uab"}, {"id": 980, "label": "Ramos Paja Carlos Andrés", "type": "author"}, {"id": "controlabilidad", "label": "controlabilidad", "type": "topic"}, {"id": "modelado", "label": "modelado", "type": "topic"}, {"id": "voltaje", "label": "voltaje", "type": "topic"}, {"id": "simulación", "label": "simulación", "type": "topic"}, {"id": "generadores", "label": "generadores", "type": "topic"}, {"id": "convertidores", "label": "convertidores", "type": "topic"}, {"id": "modulación", "label": "modulación", "type": "topic"}, {"id": "algoritmos", "label": "algoritmos", "type": "topic"}, {"id": "aplicadores", "label": "aplicadores", "type": "topic"}, {"id": "sistemas fotovoltaicos", "label": "sistemas fotovoltaicos", "type": "topic"}, {"id": "energía", "label": "energía", "type": "topic"}, {"id": "calculadoras", "label": "calculadoras", "type": "topic"}, {"id": "linealidad", "label": "linealidad", "type": "topic"}, {"id": "current", "label": "current", "type": "topic"}, {"id": "reguladores", "label": "reguladores", "type": "topic"}, {"id": "matrices", "label": "matrices", "type": "topic"}, {"id": "electricidad", "label": "electricidad", "type": "topic"}, {"id": "diodos", "label": "diodos", "type": "topic"}, {"id": "matemáticas", "label": "matemáticas", "type": "topic"}, {"id": "mejoramiento", "label": "mejoramiento", "type": "topic"}, {"id": "momento", "label": "momento", "type": "topic"}, {"id": "sincronización", "label": "sincronización", "type": "topic"}, {"id": "actual", "label": "actual", "type": "topic"}, {"id": "combustibles", "label": "combustibles", "type": "topic"}, {"id": "estimacion", "label": "estimacion", "type": "topic"}, {"id": "producción", "label": "producción", "type": "topic"}, {"id": "ordenadores", "label": "ordenadores", "type": "topic"}, {"id": "pruebas", "label": "pruebas", "type": "topic"}, {"id": "productividad", "label": "productividad", "type": "topic"}, {"id": "celdas de combustible", "label": "celdas de combustible", "type": "topic"}, {"id": 982, "label": "Espinosa Oviedo Jairo José", "type": "author"}, {"id": "control predictivo", "label": "control predictivo", "type": "topic"}, {"id": "dinámica", "label": "dinámica", "type": "topic"}, {"id": "sistemas de poder", "label": "sistemas de poder", "type": "topic"}, {"id": "aditivos", "label": "aditivos", "type": "topic"}, {"id": "herramientas", "label": "herramientas", "type": "topic"}, {"id": "costos", "label": "costos", "type": "topic"}, {"id": "frecuencia", "label": "frecuencia", "type": "topic"}, {"id": "medición", "label": "medición", "type": "topic"}, {"id": "incertidumbre", "label": "incertidumbre", "type": "topic"}, {"id": "vehiculos", "label": "vehiculos", "type": "topic"}, {"id": "minimización", "label": "minimización", "type": "topic"}, {"id": "administración", "label": "administración", "type": "topic"}, {"id": "matlab", "label": "matlab", "type": "topic"}, {"id": 1288, "label": "Arango Zuluaga Eliana Isabel", "type": "author"}, {"id": "estimulante", "label": "estimulante", "type": "topic"}, {"id": "circuitos", "label": "circuitos", "type": "topic"}, {"id": "convertidores de conmutación", "label": "convertidores de conmutación", "type": "topic"}, {"id": "cambia", "label": "cambia", "type": "topic"}, {"id": "topología", "label": "topología", "type": "topic"}, {"id": "índices", "label": "índices", "type": "topic"}, {"id": "indexación", "label": "indexación", "type": "topic"}, {"id": "electrones", "label": "electrones", "type": "topic"}, {"id": "laboratorios", "label": "laboratorios", "type": "topic"}, {"id": "robots", "label": "robots", "type": "topic"}, {"id": 1289, "label": "Arcila Montoya Orlando De Jesus", "type": "author"}, {"id": "motores", "label": "motores", "type": "topic"}, {"id": "planificación", "label": "planificación", "type": "topic"}, {"id": "ingenieria eléctrica", "label": "ingenieria eléctrica", "type": "topic"}, {"id": "transformaciones", "label": "transformaciones", "type": "topic"}, {"id": "transformadores", "label": "transformadores", "type": "topic"}, {"id": "automatización", "label": "automatización", "type": "topic"}, {"id": "prototipos", "label": "prototipos", "type": "topic"}, {"id": "construcción", "label": "construcción", "type": "topic"}, {"id": "edificios", "label": "edificios", "type": "topic"}, {"id": "materiales", "label": "materiales", "type": "topic"}, {"id": "gestión de la energía", "label": "gestión de la energía", "type": "topic"}, {"id": "eficiencia energética", "label": "eficiencia energética", "type": "topic"}, {"id": "energía solar", "label": "energía solar", "type": "topic"}, {"id": "ley", "label": "ley", "type": "topic"}, {"id": "comentarios", "label": "comentarios", "type": "topic"}, {"id": 1298, "label": "Blandon Diaz Jaime Alberto", "type": "author"}, {"id": 1301, "label": "Bolaños Martinez Freddy", "type": "author"}, {"id": "arquitectura", "label": "arquitectura", "type": "topic"}, {"id": "redes inalámbricas", "label": "redes inalámbricas", "type": "topic"}, {"id": "alternadores", "label": "alternadores", "type": "topic"}, {"id": "sistema-on-chip", "label": "sistema-on-chip", "type": "topic"}, {"id": "hardware", "label": "hardware", "type": "topic"}, {"id": "circuitos integrados", "label": "circuitos integrados", "type": "topic"}, {"id": "degradación", "label": "degradación", "type": "topic"}, {"id": "convergencia", "label": "convergencia", "type": "topic"}, {"id": "limitante", "label": "limitante", "type": "topic"}, {"id": "horarios", "label": "horarios", "type": "topic"}, {"id": "función de costo", "label": "función de costo", "type": "topic"}, {"id": "genética", "label": "genética", "type": "topic"}, {"id": "algoritmos genéticos", "label": "algoritmos genéticos", "type": "topic"}, {"id": "alambrado", "label": "alambrado", "type": "topic"}, {"id": "cable", "label": "cable", "type": "topic"}, {"id": "autorización", "label": "autorización", "type": "topic"}, {"id": "enrutamiento", "label": "enrutamiento", "type": "topic"}, {"id": "diseño para la fabricación", "label": "diseño para la fabricación", "type": "topic"}, {"id": "fabricación", "label": "fabricación", "type": "topic"}, {"id": 1303, "label": "Botero Castro Hector Antonio", "type": "author"}, {"id": "observadores", "label": "observadores", "type": "topic"}, {"id": "observabilidad", "label": "observabilidad", "type": "topic"}, {"id": "estimación estatal", "label": "estimación estatal", "type": "topic"}, {"id": "biomasa", "label": "biomasa", "type": "topic"}, {"id": "robustez", "label": "robustez", "type": "topic"}, {"id": "filtros", "label": "filtros", "type": "topic"}, {"id": "filtración", "label": "filtración", "type": "topic"}, {"id": "sistemas no lineales", "label": "sistemas no lineales", "type": "topic"}, {"id": "procesos químicos", "label": "procesos químicos", "type": "topic"}, {"id": "químicos", "label": "químicos", "type": "topic"}, {"id": "filtros de kalman", "label": "filtros de kalman", "type": "topic"}, {"id": "sistemas dinámicos", "label": "sistemas dinámicos", "type": "topic"}, {"id": "sistemas lineales", "label": "sistemas lineales", "type": "topic"}, {"id": 1306, "label": "Candelo Becerra John Edwin", "type": "author"}, {"id": "poder reactivo", "label": "poder reactivo", "type": "topic"}, {"id": "tecnología", "label": "tecnología", "type": "topic"}, {"id": "programación", "label": "programación", "type": "topic"}, {"id": "estabilidad", "label": "estabilidad", "type": "topic"}, {"id": 1309, "label": "Cardona Correa Leonardo De Jesus", "type": "author"}, {"id": "transporte", "label": "transporte", "type": "topic"}, {"id": "distribución de poder", "label": "distribución de poder", "type": "topic"}, {"id": "mantenimiento", "label": "mantenimiento", "type": "topic"}, {"id": "calidad de energía", "label": "calidad de energía", "type": "topic"}, {"id": 1315, "label": "Castrillon Gutierrez Neby Jennyfer", "type": "author"}, {"id": "osciladores", "label": "osciladores", "type": "topic"}, {"id": "estabilidad del sistema de energía", "label": "estabilidad del sistema de energía", "type": "topic"}, {"id": "mojadura", "label": "mojadura", "type": "topic"}, {"id": "acoplamientos", "label": "acoplamientos", "type": "topic"}, {"id": "mecanizado", "label": "mecanizado", "type": "topic"}, {"id": "turbinas", "label": "turbinas", "type": "topic"}, {"id": "control robusto", "label": "control robusto", "type": "topic"}, {"id": "teoría de control", "label": "teoría de control", "type": "topic"}, {"id": "ecualizadores", "label": "ecualizadores", "type": "topic"}, {"id": "seguridad", "label": "seguridad", "type": "topic"}, {"id": "capacidad", "label": "capacidad", "type": "topic"}, {"id": "dirigir", "label": "dirigir", "type": "topic"}, {"id": "fuentes de alimentación", "label": "fuentes de alimentación", "type": "topic"}, {"id": "disponibilidad", "label": "disponibilidad", "type": "topic"}, {"id": 1320, "label": "Correa Gutierrez Rosa Elvira", "type": "author"}, {"id": "fiabilidad", "label": "fiabilidad", "type": "topic"}, {"id": "electrónica de potencia", "label": "electrónica de potencia", "type": "topic"}, {"id": 1358, "label": "Hernandez Riveros Jesus Antonio", "type": "author"}, {"id": "cálculo evolutivo", "label": "cálculo evolutivo", "type": "topic"}, {"id": "afinación", "label": "afinación", "type": "topic"}, {"id": "industrias", "label": "industrias", "type": "topic"}, {"id": "estandarización", "label": "estandarización", "type": "topic"}, {"id": "estándares", "label": "estándares", "type": "topic"}, {"id": "ecuaciones", "label": "ecuaciones", "type": "topic"}, {"id": "ecuaciones diferenciales", "label": "ecuaciones diferenciales", "type": "topic"}, {"id": "vigilancia", "label": "vigilancia", "type": "topic"}, {"id": "globalización", "label": "globalización", "type": "topic"}, {"id": "estimación de parámetros", "label": "estimación de parámetros", "type": "topic"}, {"id": 1359, "label": "Herrera Murcia Javier Gustavo", "type": "author"}, {"id": "toma de tierra", "label": "toma de tierra", "type": "topic"}, {"id": "electromagnético", "label": "electromagnético", "type": "topic"}, {"id": "electromagnés", "label": "electromagnés", "type": "topic"}, {"id": "campos electromagnéticos", "label": "campos electromagnéticos", "type": "topic"}, {"id": "nubes", "label": "nubes", "type": "topic"}, {"id": "proteccion", "label": "proteccion", "type": "topic"}, {"id": "publicación", "label": "publicación", "type": "topic"}, {"id": "sudamerica", "label": "sudamerica", "type": "topic"}, {"id": "conductividad", "label": "conductividad", "type": "topic"}, {"id": "surgir", "label": "surgir", "type": "topic"}, {"id": 1371, "label": "Londoño Parra Carlos Mario", "type": "author"}, {"id": 1373, "label": "Lopera Mazo Edwin Herlyt", "type": "author"}, {"id": "sistemas de control", "label": "sistemas de control", "type": "topic"}, {"id": "control de tensión", "label": "control de tensión", "type": "topic"}, {"id": "motores de inducción", "label": "motores de inducción", "type": "topic"}, {"id": "inductancia", "label": "inductancia", "type": "topic"}, {"id": "contexto", "label": "contexto", "type": "topic"}, {"id": "magnetics", "label": "magnetics", "type": "topic"}, {"id": "magnetización", "label": "magnetización", "type": "topic"}, {"id": "pérdidas magnéticas", "label": "pérdidas magnéticas", "type": "topic"}, {"id": "materiales ferromagnéticos", "label": "materiales ferromagnéticos", "type": "topic"}, {"id": "imanes", "label": "imanes", "type": "topic"}, {"id": 1415, "label": "Perez Gonzalez Ernesto", "type": "author"}, {"id": "estadísticas", "label": "estadísticas", "type": "topic"}, {"id": "relámpago", "label": "relámpago", "type": "topic"}, {"id": "voltajes inducidos por rayos", "label": "voltajes inducidos por rayos", "type": "topic"}, {"id": "forma", "label": "forma", "type": "topic"}, {"id": "emtp", "label": "emtp", "type": "topic"}, {"id": "ondas", "label": "ondas", "type": "topic"}, {"id": 1417, "label": "Perez Rojas Efrain Antonio", "type": "author"}, {"id": 1424, "label": "Ramirez Piedrahita Gustavo Adolfo", "type": "author"}, {"id": "colaboración", "label": "colaboración", "type": "topic"}, {"id": "soldadura", "label": "soldadura", "type": "topic"}, {"id": "control de procesos", "label": "control de procesos", "type": "topic"}, {"id": "lógica", "label": "lógica", "type": "topic"}, {"id": "memoria", "label": "memoria", "type": "topic"}, {"id": "osciloscopios", "label": "osciloscopios", "type": "topic"}, {"id": "hidrógeno", "label": "hidrógeno", "type": "topic"}, {"id": "control de iluminación", "label": "control de iluminación", "type": "topic"}, {"id": "encendiendo", "label": "encendiendo", "type": "topic"}, {"id": 1431, "label": "Rivadeneira Paz Pablo Santiago", "type": "author"}, {"id": "diabetes", "label": "diabetes", "type": "topic"}, {"id": "control óptimo", "label": "control óptimo", "type": "topic"}, {"id": "realimentación", "label": "realimentación", "type": "topic"}, {"id": "fisiología", "label": "fisiología", "type": "topic"}, {"id": 1436, "label": "Rojo Ceballos Clara Rosa", "type": "author"}, {"id": "aceites", "label": "aceites", "type": "topic"}, {"id": "generación de pulsos", "label": "generación de pulsos", "type": "topic"}, {"id": "bobinas", "label": "bobinas", "type": "topic"}, {"id": "arrestadores", "label": "arrestadores", "type": "topic"}, {"id": "rogowski boby", "label": "rogowski boby", "type": "topic"}, {"id": "pararrayos", "label": "pararrayos", "type": "topic"}, {"id": "derivación resistiva", "label": "derivación resistiva", "type": "topic"}, {"id": "resistores", "label": "resistores", "type": "topic"}, {"id": "resistencia", "label": "resistencia", "type": "topic"}, {"id": "resiste", "label": "resiste", "type": "topic"}, {"id": "organismos", "label": "organismos", "type": "topic"}, {"id": "varistores", "label": "varistores", "type": "topic"}, {"id": "comercialización", "label": "comercialización", "type": "topic"}, {"id": "corrientes de fuga", "label": "corrientes de fuga", "type": "topic"}, {"id": "oxígeno", "label": "oxígeno", "type": "topic"}, {"id": "los límites de grano", "label": "los límites de grano", "type": "topic"}, {"id": 1441, "label": "Saavedra Montes Andres Julian", "type": "author"}, {"id": "software", "label": "software", "type": "topic"}, {"id": "modelo matemático", "label": "modelo matemático", "type": "topic"}, {"id": 1461, "label": "Vallejo Velasquez Monica Ayde", "type": "author"}, {"id": "sensores", "label": "sensores", "type": "topic"}, {"id": "protocolos", "label": "protocolos", "type": "topic"}, {"id": "sensor de redes inalámbricas", "label": "sensor de redes inalámbricas", "type": "topic"}, {"id": "redes de sensores corporales", "label": "redes de sensores corporales", "type": "topic"}, {"id": "propagación", "label": "propagación", "type": "topic"}, {"id": "comunicación inalámbrica", "label": "comunicación inalámbrica", "type": "topic"}, {"id": "fotografías", "label": "fotografías", "type": "topic"}, {"id": "control de poder", "label": "control de poder", "type": "topic"}, {"id": "consumo de energía", "label": "consumo de energía", "type": "topic"}, {"id": "capacitación", "label": "capacitación", "type": "topic"}, {"id": 1475, "label": "Zapata Madrigal German Dario", "type": "author"}, {"id": "redes de petri", "label": "redes de petri", "type": "topic"}, {"id": "compañías", "label": "compañías", "type": "topic"}, {"id": "organizaciones", "label": "organizaciones", "type": "topic"}, {"id": 3220, "label": "Hoyos Velasco Fredy Edimer", "type": "author"}], "links": [{"source": "f1ea6a11-0f8b-4b02-bc4d-3088f2f1a2d5", "target": 980, "value": 1}, {"source": 980, "target": "controlabilidad", "value": 142}, {"source": 980, "target": "modelado", "value": 136}, {"source": 980, "target": "voltaje", "value": 130}, {"source": 980, "target": "simulación", "value": 128}, {"source": 980, "target": "generadores", "value": 120}, {"source": 980, "target": "convertidores", "value": 97}, {"source": 980, "target": "modulación", "value": 82}, {"source": 980, "target": "algoritmos", "value": 79}, {"source": 980, "target": "aplicadores", "value": 75}, {"source": 980, "target": "sistemas fotovoltaicos", "value": 70}, {"source": 980, "target": "energía", "value": 68}, {"source": 980, "target": "calculadoras", "value": 62}, {"source": 980, "target": "linealidad", "value": 61}, {"source": 980, "target": "current", "value": 58}, {"source": 980, "target": "reguladores", "value": 57}, {"source": 980, "target": "matrices", "value": 56}, {"source": 980, "target": "electricidad", "value": 55}, {"source": 980, "target": "diodos", "value": 53}, {"source": 980, "target": "matemáticas", "value": 52}, {"source": 980, "target": "mejoramiento", "value": 46}, {"source": 980, "target": "momento", "value": 45}, {"source": 980, "target": "sincronización", "value": 44}, {"source": 980, "target": "actual", "value": 43}, {"source": 980, "target": "combustibles", "value": 41}, {"source": 980, "target": "estimacion", "value": 40}, {"source": 980, "target": "producción", "value": 39}, {"source": 980, "target": "ordenadores", "value": 39}, {"source": 980, "target": "pruebas", "value": 38}, {"source": 980, "target": "productividad", "value": 38}, {"source": 980, "target": "celdas de combustible", "value": 38}, {"source": "f1ea6a11-0f8b-4b02-bc4d-3088f2f1a2d5", "target": 982, "value": 1}, {"source": 982, "target": "modelado", "value": 151}, {"source": 982, "target": "controlabilidad", "value": 134}, {"source": 982, "target": "simulación", "value": 79}, {"source": 982, "target": "mejoramiento", "value": 78}, {"source": 982, "target": "generadores", "value": 60}, {"source": 982, "target": "aplicadores", "value": 58}, {"source": 982, "target": "control predictivo", "value": 58}, {"source": 982, "target": "ordenadores", "value": 58}, {"source": 982, "target": "estimacion", "value": 56}, {"source": 982, "target": "pruebas", "value": 47}, {"source": 982, "target": "dinámica", "value": 47}, {"source": 982, "target": "energía", "value": 46}, {"source": 982, "target": "sincronización", "value": 45}, {"source": 982, "target": "sistemas de poder", "value": 44}, {"source": 982, "target": "linealidad", "value": 40}, {"source": 982, "target": "algoritmos", "value": 38}, {"source": 982, "target": "aditivos", "value": 33}, {"source": 982, "target": "herramientas", "value": 31}, {"source": 982, "target": "producción", "value": 29}, {"source": 982, "target": "productividad", "value": 29}, {"source": 982, "target": "costos", "value": 29}, {"source": 982, "target": "frecuencia", "value": 25}, {"source": 982, "target": "medición", "value": 25}, {"source": 982, "target": "incertidumbre", "value": 25}, {"source": 982, "target": "electricidad", "value": 24}, {"source": 982, "target": "reguladores", "value": 23}, {"source": 982, "target": "vehiculos", "value": 22}, {"source": 982, "target": "minimización", "value": 22}, {"source": 982, "target": "administración", "value": 22}, {"source": 982, "target": "matlab", "value": 22}, {"source": "f1ea6a11-0f8b-4b02-bc4d-3088f2f1a2d5", "target": 1288, "value": 1}, {"source": 1288, "target": "controlabilidad", "value": 16}, {"source": 1288, "target": "modelado", "value": 12}, {"source": 1288, "target": "convertidores", "value": 11}, {"source": 1288, "target": "generadores", "value": 10}, {"source": 1288, "target": "simulación", "value": 9}, {"source": 1288, "target": "aplicadores", "value": 8}, {"source": 1288, "target": "actual", "value": 8}, {"source": 1288, "target": "voltaje", "value": 7}, {"source": 1288, "target": "sistemas fotovoltaicos", "value": 6}, {"source": 1288, "target": "celdas de combustible", "value": 6}, {"source": 1288, "target": "combustibles", "value": 6}, {"source": 1288, "target": "estimulante", "value": 6}, {"source": 1288, "target": "frecuencia", "value": 5}, {"source": 1288, "target": "circuitos", "value": 5}, {"source": 1288, "target": "momento", "value": 4}, {"source": 1288, "target": "algoritmos", "value": 4}, {"source": 1288, "target": "convertidores de conmutación", "value": 4}, {"source": 1288, "target": "cambia", "value": 4}, {"source": 1288, "target": "reguladores", "value": 3}, {"source": 1288, "target": "topología", "value": 3}, {"source": 1288, "target": "dinámica", "value": 3}, {"source": 1288, "target": "índices", "value": 3}, {"source": 1288, "target": "indexación", "value": 3}, {"source": 1288, "target": "electricidad", "value": 3}, {"source": 1288, "target": "electrones", "value": 3}, {"source": 1288, "target": "laboratorios", "value": 3}, {"source": 1288, "target": "sistemas de poder", "value": 3}, {"source": 1288, "target": "robots", "value": 3}, {"source": 1288, "target": "producción", "value": 2}, {"source": 1288, "target": "productividad", "value": 2}, {"source": "f1ea6a11-0f8b-4b02-bc4d-3088f2f1a2d5", "target": 1289, "value": 1}, {"source": 1289, "target": "motores", "value": 2}, {"source": 1289, "target": "aplicadores", "value": 2}, {"source": 1289, "target": "planificación", "value": 2}, {"source": 1289, "target": "ingenieria eléctrica", "value": 1}, {"source": 1289, "target": "electricidad", "value": 1}, {"source": 1289, "target": "transformaciones", "value": 1}, {"source": 1289, "target": "transformadores", "value": 1}, {"source": 1289, "target": "automatización", "value": 1}, {"source": 1289, "target": "controlabilidad", "value": 1}, {"source": 1289, "target": "prototipos", "value": 1}, {"source": 1289, "target": "administración", "value": 1}, {"source": 1289, "target": "construcción", "value": 1}, {"source": 1289, "target": "edificios", "value": 1}, {"source": 1289, "target": "generadores", "value": 1}, {"source": 1289, "target": "materiales", "value": 1}, {"source": 1289, "target": "energía", "value": 1}, {"source": 1289, "target": "gestión de la energía", "value": 1}, {"source": 1289, "target": "eficiencia energética", "value": 1}, {"source": 1289, "target": "energía solar", "value": 1}, {"source": 1289, "target": "reguladores", "value": 1}, {"source": 1289, "target": "ley", "value": 1}, {"source": 1289, "target": "actual", "value": 1}, {"source": 1289, "target": "aditivos", "value": 1}, {"source": 1289, "target": "comentarios", "value": 1}, {"source": "f1ea6a11-0f8b-4b02-bc4d-3088f2f1a2d5", "target": 1298, "value": 1}, {"source": "f1ea6a11-0f8b-4b02-bc4d-3088f2f1a2d5", "target": 1301, "value": 1}, {"source": 1301, "target": "momento", "value": 14}, {"source": 1301, "target": "algoritmos", "value": 13}, {"source": 1301, "target": "mejoramiento", "value": 12}, {"source": 1301, "target": "aplicadores", "value": 8}, {"source": 1301, "target": "simulación", "value": 6}, {"source": 1301, "target": "arquitectura", "value": 5}, {"source": 1301, "target": "redes inalámbricas", "value": 5}, {"source": 1301, "target": "alternadores", "value": 5}, {"source": 1301, "target": "topología", "value": 4}, {"source": 1301, "target": "dinámica", "value": 4}, {"source": 1301, "target": "sistema-on-chip", "value": 4}, {"source": 1301, "target": "hardware", "value": 4}, {"source": 1301, "target": "circuitos", "value": 3}, {"source": 1301, "target": "circuitos integrados", "value": 3}, {"source": 1301, "target": "degradación", "value": 3}, {"source": 1301, "target": "convergencia", "value": 3}, {"source": 1301, "target": "pruebas", "value": 3}, {"source": 1301, "target": "limitante", "value": 3}, {"source": 1301, "target": "horarios", "value": 3}, {"source": 1301, "target": "planificación", "value": 3}, {"source": 1301, "target": "costos", "value": 3}, {"source": 1301, "target": "función de costo", "value": 3}, {"source": 1301, "target": "genética", "value": 2}, {"source": 1301, "target": "algoritmos genéticos", "value": 2}, {"source": 1301, "target": "alambrado", "value": 2}, {"source": 1301, "target": "cable", "value": 2}, {"source": 1301, "target": "autorización", "value": 2}, {"source": 1301, "target": "enrutamiento", "value": 2}, {"source": 1301, "target": "diseño para la fabricación", "value": 2}, {"source": 1301, "target": "fabricación", "value": 2}, {"source": "f1ea6a11-0f8b-4b02-bc4d-3088f2f1a2d5", "target": 1303, "value": 1}, {"source": 1303, "target": "estimacion", "value": 37}, {"source": 1303, "target": "observadores", "value": 34}, {"source": 1303, "target": "observabilidad", "value": 33}, {"source": 1303, "target": "simulación", "value": 25}, {"source": 1303, "target": "modelado", "value": 23}, {"source": 1303, "target": "controlabilidad", "value": 21}, {"source": 1303, "target": "momento", "value": 18}, {"source": 1303, "target": "medición", "value": 18}, {"source": 1303, "target": "linealidad", "value": 18}, {"source": 1303, "target": "estimación estatal", "value": 17}, {"source": 1303, "target": "aplicadores", "value": 14}, {"source": 1303, "target": "dinámica", "value": 10}, {"source": 1303, "target": "producción", "value": 10}, {"source": 1303, "target": "productividad", "value": 10}, {"source": 1303, "target": "biomasa", "value": 10}, {"source": 1303, "target": "convergencia", "value": 9}, {"source": 1303, "target": "aditivos", "value": 9}, {"source": 1303, "target": "matemáticas", "value": 9}, {"source": 1303, "target": "algoritmos", "value": 9}, {"source": 1303, "target": "robustez", "value": 8}, {"source": 1303, "target": "filtros", "value": 7}, {"source": 1303, "target": "filtración", "value": 7}, {"source": 1303, "target": "sistemas no lineales", "value": 7}, {"source": 1303, "target": "procesos químicos", "value": 6}, {"source": 1303, "target": "químicos", "value": 6}, {"source": 1303, "target": "filtros de kalman", "value": 6}, {"source": 1303, "target": "sistemas dinámicos", "value": 6}, {"source": 1303, "target": "sistemas lineales", "value": 6}, {"source": 1303, "target": "herramientas", "value": 5}, {"source": 1303, "target": "comentarios", "value": 5}, {"source": "f1ea6a11-0f8b-4b02-bc4d-3088f2f1a2d5", "target": 1306, "value": 1}, {"source": 1306, "target": "electricidad", "value": 67}, {"source": 1306, "target": "controlabilidad", "value": 59}, {"source": 1306, "target": "generadores", "value": 57}, {"source": 1306, "target": "modelado", "value": 57}, {"source": 1306, "target": "pruebas", "value": 54}, {"source": 1306, "target": "motores", "value": 45}, {"source": 1306, "target": "energía", "value": 43}, {"source": 1306, "target": "algoritmos", "value": 42}, {"source": 1306, "target": "momento", "value": 39}, {"source": 1306, "target": "voltaje", "value": 39}, {"source": 1306, "target": "simulación", "value": 35}, {"source": 1306, "target": "actual", "value": 33}, {"source": 1306, "target": "medición", "value": 31}, {"source": 1306, "target": "sistemas de poder", "value": 30}, {"source": 1306, "target": "aplicadores", "value": 30}, {"source": 1306, "target": "circuitos", "value": 25}, {"source": 1306, "target": "herramientas", "value": 24}, {"source": 1306, "target": "poder reactivo", "value": 24}, {"source": 1306, "target": "tecnología", "value": 24}, {"source": 1306, "target": "frecuencia", "value": 22}, {"source": 1306, "target": "costos", "value": 22}, {"source": 1306, "target": "mejoramiento", "value": 21}, {"source": 1306, "target": "aditivos", "value": 21}, {"source": 1306, "target": "convertidores", "value": 18}, {"source": 1306, "target": "ordenadores", "value": 18}, {"source": 1306, "target": "dinámica", "value": 18}, {"source": 1306, "target": "programación", "value": 18}, {"source": 1306, "target": "planificación", "value": 17}, {"source": 1306, "target": "estabilidad", "value": 17}, {"source": 1306, "target": "reguladores", "value": 17}, {"source": "f1ea6a11-0f8b-4b02-bc4d-3088f2f1a2d5", "target": 1309, "value": 1}, {"source": 1309, "target": "energía", "value": 2}, {"source": 1309, "target": "voltaje", "value": 2}, {"source": 1309, "target": "calculadoras", "value": 1}, {"source": 1309, "target": "transporte", "value": 1}, {"source": 1309, "target": "planificación", "value": 1}, {"source": 1309, "target": "distribución de poder", "value": 1}, {"source": 1309, "target": "electricidad", "value": 1}, {"source": 1309, "target": "circuitos", "value": 1}, {"source": 1309, "target": "construcción", "value": 1}, {"source": 1309, "target": "mantenimiento", "value": 1}, {"source": 1309, "target": "calidad de energía", "value": 1}, {"source": 1309, "target": "controlabilidad", "value": 1}, {"source": 1309, "target": "aplicadores", "value": 1}, {"source": "f1ea6a11-0f8b-4b02-bc4d-3088f2f1a2d5", "target": 1315, "value": 1}, {"source": 1315, "target": "sistemas de poder", "value": 4}, {"source": 1315, "target": "estabilidad", "value": 4}, {"source": 1315, "target": "osciladores", "value": 3}, {"source": 1315, "target": "dinámica", "value": 3}, {"source": 1315, "target": "algoritmos", "value": 2}, {"source": 1315, "target": "minimización", "value": 2}, {"source": 1315, "target": "estabilidad del sistema de energía", "value": 2}, {"source": 1315, "target": "mojadura", "value": 2}, {"source": 1315, "target": "controlabilidad", "value": 2}, {"source": 1315, "target": "generadores", "value": 2}, {"source": 1315, "target": "acoplamientos", "value": 2}, {"source": 1315, "target": "electricidad", "value": 2}, {"source": 1315, "target": "voltaje", "value": 2}, {"source": 1315, "target": "frecuencia", "value": 2}, {"source": 1315, "target": "mecanizado", "value": 1}, {"source": 1315, "target": "aplicadores", "value": 1}, {"source": 1315, "target": "matrices", "value": 1}, {"source": 1315, "target": "incertidumbre", "value": 1}, {"source": 1315, "target": "turbinas", "value": 1}, {"source": 1315, "target": "robustez", "value": 1}, {"source": 1315, "target": "control robusto", "value": 1}, {"source": 1315, "target": "teoría de control", "value": 1}, {"source": 1315, "target": "ecualizadores", "value": 1}, {"source": 1315, "target": "pruebas", "value": 1}, {"source": 1315, "target": "seguridad", "value": 1}, {"source": 1315, "target": "capacidad", "value": 1}, {"source": 1315, "target": "dirigir", "value": 1}, {"source": 1315, "target": "fuentes de alimentación", "value": 1}, {"source": 1315, "target": "poder reactivo", "value": 1}, {"source": 1315, "target": "disponibilidad", "value": 1}, {"source": "f1ea6a11-0f8b-4b02-bc4d-3088f2f1a2d5", "target": 1320, "value": 1}, {"source": 1320, "target": "sistemas de poder", "value": 41}, {"source": 1320, "target": "voltaje", "value": 38}, {"source": 1320, "target": "controlabilidad", "value": 24}, {"source": 1320, "target": "estabilidad", "value": 22}, {"source": 1320, "target": "modelado", "value": 19}, {"source": 1320, "target": "generadores", "value": 18}, {"source": 1320, "target": "dinámica", "value": 18}, {"source": 1320, "target": "mejoramiento", "value": 17}, {"source": 1320, "target": "simulación", "value": 15}, {"source": 1320, "target": "mecanizado", "value": 14}, {"source": 1320, "target": "pruebas", "value": 13}, {"source": 1320, "target": "aplicadores", "value": 13}, {"source": 1320, "target": "medición", "value": 12}, {"source": 1320, "target": "herramientas", "value": 11}, {"source": 1320, "target": "algoritmos", "value": 11}, {"source": 1320, "target": "motores", "value": 11}, {"source": 1320, "target": "electricidad", "value": 11}, {"source": 1320, "target": "calculadoras", "value": 10}, {"source": 1320, "target": "minimización", "value": 10}, {"source": 1320, "target": "estimacion", "value": 9}, {"source": 1320, "target": "estabilidad del sistema de energía", "value": 9}, {"source": 1320, "target": "transformaciones", "value": 8}, {"source": 1320, "target": "transformadores", "value": 8}, {"source": 1320, "target": "convertidores", "value": 8}, {"source": 1320, "target": "fiabilidad", "value": 7}, {"source": 1320, "target": "poder reactivo", "value": 7}, {"source": 1320, "target": "disponibilidad", "value": 7}, {"source": 1320, "target": "electrónica de potencia", "value": 7}, {"source": 1320, "target": "topología", "value": 7}, {"source": 1320, "target": "electrones", "value": 7}, {"source": "f1ea6a11-0f8b-4b02-bc4d-3088f2f1a2d5", "target": 1358, "value": 1}, {"source": 1358, "target": "modelado", "value": 43}, {"source": 1358, "target": "algoritmos", "value": 42}, {"source": 1358, "target": "controlabilidad", "value": 32}, {"source": 1358, "target": "mejoramiento", "value": 31}, {"source": 1358, "target": "ordenadores", "value": 30}, {"source": 1358, "target": "generadores", "value": 22}, {"source": 1358, "target": "cálculo evolutivo", "value": 19}, {"source": 1358, "target": "aplicadores", "value": 18}, {"source": 1358, "target": "afinación", "value": 18}, {"source": 1358, "target": "momento", "value": 18}, {"source": 1358, "target": "estimacion", "value": 14}, {"source": 1358, "target": "linealidad", "value": 13}, {"source": 1358, "target": "minimización", "value": 13}, {"source": 1358, "target": "genética", "value": 13}, {"source": 1358, "target": "industrias", "value": 12}, {"source": 1358, "target": "construcción", "value": 12}, {"source": 1358, "target": "robots", "value": 11}, {"source": 1358, "target": "reguladores", "value": 11}, {"source": 1358, "target": "estandarización", "value": 11}, {"source": 1358, "target": "estándares", "value": 11}, {"source": 1358, "target": "ecuaciones", "value": 10}, {"source": 1358, "target": "índices", "value": 10}, {"source": 1358, "target": "dinámica", "value": 10}, {"source": 1358, "target": "alternadores", "value": 10}, {"source": 1358, "target": "herramientas", "value": 10}, {"source": 1358, "target": "ecuaciones diferenciales", "value": 9}, {"source": 1358, "target": "vigilancia", "value": 9}, {"source": 1358, "target": "acoplamientos", "value": 8}, {"source": 1358, "target": "globalización", "value": 8}, {"source": 1358, "target": "estimación de parámetros", "value": 8}, {"source": "f1ea6a11-0f8b-4b02-bc4d-3088f2f1a2d5", "target": 1359, "value": 1}, {"source": 1359, "target": "toma de tierra", "value": 15}, {"source": 1359, "target": "electricidad", "value": 14}, {"source": 1359, "target": "momento", "value": 12}, {"source": 1359, "target": "medición", "value": 11}, {"source": 1359, "target": "calculadoras", "value": 10}, {"source": 1359, "target": "voltaje", "value": 10}, {"source": 1359, "target": "modelado", "value": 10}, {"source": 1359, "target": "simulación", "value": 10}, {"source": 1359, "target": "actual", "value": 10}, {"source": 1359, "target": "electromagnético", "value": 9}, {"source": 1359, "target": "electromagnés", "value": 8}, {"source": 1359, "target": "estimacion", "value": 7}, {"source": 1359, "target": "observadores", "value": 6}, {"source": 1359, "target": "observabilidad", "value": 6}, {"source": 1359, "target": "ecuaciones", "value": 6}, {"source": 1359, "target": "campos electromagnéticos", "value": 6}, {"source": 1359, "target": "nubes", "value": 5}, {"source": 1359, "target": "proteccion", "value": 5}, {"source": 1359, "target": "algoritmos", "value": 5}, {"source": 1359, "target": "ordenadores", "value": 5}, {"source": 1359, "target": "alambrado", "value": 5}, {"source": 1359, "target": "cable", "value": 5}, {"source": 1359, "target": "estimación de parámetros", "value": 4}, {"source": 1359, "target": "publicación", "value": 4}, {"source": 1359, "target": "sudamerica", "value": 4}, {"source": 1359, "target": "conductividad", "value": 4}, {"source": 1359, "target": "generadores", "value": 4}, {"source": 1359, "target": "aditivos", "value": 4}, {"source": 1359, "target": "surgir", "value": 4}, {"source": 1359, "target": "motores", "value": 3}, {"source": "f1ea6a11-0f8b-4b02-bc4d-3088f2f1a2d5", "target": 1371, "value": 1}, {"source": "f1ea6a11-0f8b-4b02-bc4d-3088f2f1a2d5", "target": 1373, "value": 1}, {"source": 1373, "target": "voltaje", "value": 3}, {"source": 1373, "target": "reguladores", "value": 2}, {"source": 1373, "target": "aplicadores", "value": 2}, {"source": 1373, "target": "sistemas de poder", "value": 2}, {"source": 1373, "target": "sistemas de control", "value": 2}, {"source": 1373, "target": "controlabilidad", "value": 2}, {"source": 1373, "target": "electricidad", "value": 2}, {"source": 1373, "target": "energía", "value": 2}, {"source": 1373, "target": "administración", "value": 1}, {"source": 1373, "target": "aditivos", "value": 1}, {"source": 1373, "target": "control de tensión", "value": 1}, {"source": 1373, "target": "poder reactivo", "value": 1}, {"source": 1373, "target": "control predictivo", "value": 1}, {"source": 1373, "target": "modelado", "value": 1}, {"source": 1373, "target": "estandarización", "value": 1}, {"source": 1373, "target": "estándares", "value": 1}, {"source": 1373, "target": "motores", "value": 1}, {"source": 1373, "target": "motores de inducción", "value": 1}, {"source": 1373, "target": "inductancia", "value": 1}, {"source": 1373, "target": "eficiencia energética", "value": 1}, {"source": 1373, "target": "contexto", "value": 1}, {"source": 1373, "target": "electromagnético", "value": 1}, {"source": 1373, "target": "pruebas", "value": 1}, {"source": 1373, "target": "actual", "value": 1}, {"source": 1373, "target": "momento", "value": 1}, {"source": 1373, "target": "magnetics", "value": 1}, {"source": 1373, "target": "magnetización", "value": 1}, {"source": 1373, "target": "pérdidas magnéticas", "value": 1}, {"source": 1373, "target": "materiales ferromagnéticos", "value": 1}, {"source": 1373, "target": "imanes", "value": 1}, {"source": "f1ea6a11-0f8b-4b02-bc4d-3088f2f1a2d5", "target": 1415, "value": 1}, {"source": 1415, "target": "calculadoras", "value": 22}, {"source": 1415, "target": "momento", "value": 21}, {"source": 1415, "target": "voltaje", "value": 20}, {"source": 1415, "target": "electricidad", "value": 18}, {"source": 1415, "target": "medición", "value": 14}, {"source": 1415, "target": "modelado", "value": 13}, {"source": 1415, "target": "electromagnético", "value": 13}, {"source": 1415, "target": "simulación", "value": 12}, {"source": 1415, "target": "electromagnés", "value": 12}, {"source": 1415, "target": "campos electromagnéticos", "value": 11}, {"source": 1415, "target": "observadores", "value": 8}, {"source": 1415, "target": "observabilidad", "value": 8}, {"source": 1415, "target": "estimacion", "value": 7}, {"source": 1415, "target": "toma de tierra", "value": 7}, {"source": 1415, "target": "estadísticas", "value": 6}, {"source": 1415, "target": "energía", "value": 6}, {"source": 1415, "target": "aplicadores", "value": 5}, {"source": 1415, "target": "conductividad", "value": 5}, {"source": 1415, "target": "programación", "value": 5}, {"source": 1415, "target": "pruebas", "value": 5}, {"source": 1415, "target": "sistemas de poder", "value": 5}, {"source": 1415, "target": "ordenadores", "value": 5}, {"source": 1415, "target": "generadores", "value": 5}, {"source": 1415, "target": "relámpago", "value": 4}, {"source": 1415, "target": "voltajes inducidos por rayos", "value": 4}, {"source": 1415, "target": "forma", "value": 4}, {"source": 1415, "target": "sudamerica", "value": 4}, {"source": 1415, "target": "emtp", "value": 4}, {"source": 1415, "target": "actual", "value": 4}, {"source": 1415, "target": "ondas", "value": 4}, {"source": "f1ea6a11-0f8b-4b02-bc4d-3088f2f1a2d5", "target": 1417, "value": 1}, {"source": "f1ea6a11-0f8b-4b02-bc4d-3088f2f1a2d5", "target": 1424, "value": 1}, {"source": 1424, "target": "controlabilidad", "value": 5}, {"source": 1424, "target": "acoplamientos", "value": 3}, {"source": 1424, "target": "colaboración", "value": 2}, {"source": 1424, "target": "soldadura", "value": 2}, {"source": 1424, "target": "producción", "value": 2}, {"source": 1424, "target": "productividad", "value": 2}, {"source": 1424, "target": "control de procesos", "value": 1}, {"source": 1424, "target": "algoritmos", "value": 1}, {"source": 1424, "target": "mejoramiento", "value": 1}, {"source": 1424, "target": "robustez", "value": 1}, {"source": 1424, "target": "estabilidad", "value": 1}, {"source": 1424, "target": "dinámica", "value": 1}, {"source": 1424, "target": "control robusto", "value": 1}, {"source": 1424, "target": "voltaje", "value": 1}, {"source": 1424, "target": "modelado", "value": 1}, {"source": 1424, "target": "lógica", "value": 1}, {"source": 1424, "target": "memoria", "value": 1}, {"source": 1424, "target": "osciloscopios", "value": 1}, {"source": 1424, "target": "medición", "value": 1}, {"source": 1424, "target": "electrones", "value": 1}, {"source": 1424, "target": "aplicadores", "value": 1}, {"source": 1424, "target": "afinación", "value": 1}, {"source": 1424, "target": "hidrógeno", "value": 1}, {"source": 1424, "target": "linealidad", "value": 1}, {"source": 1424, "target": "control de iluminación", "value": 1}, {"source": 1424, "target": "encendiendo", "value": 1}, {"source": "f1ea6a11-0f8b-4b02-bc4d-3088f2f1a2d5", "target": 1431, "value": 1}, {"source": 1431, "target": "controlabilidad", "value": 132}, {"source": 1431, "target": "modelado", "value": 89}, {"source": 1431, "target": "momento", "value": 83}, {"source": 1431, "target": "diabetes", "value": 63}, {"source": 1431, "target": "mejoramiento", "value": 53}, {"source": 1431, "target": "linealidad", "value": 52}, {"source": 1431, "target": "dinámica", "value": 47}, {"source": 1431, "target": "generadores", "value": 46}, {"source": 1431, "target": "simulación", "value": 43}, {"source": 1431, "target": "reguladores", "value": 40}, {"source": 1431, "target": "control óptimo", "value": 40}, {"source": 1431, "target": "costos", "value": 39}, {"source": 1431, "target": "realimentación", "value": 38}, {"source": 1431, "target": "control predictivo", "value": 36}, {"source": 1431, "target": "ecuaciones", "value": 33}, {"source": 1431, "target": "aplicadores", "value": 32}, {"source": 1431, "target": "pruebas", "value": 29}, {"source": 1431, "target": "estimacion", "value": 27}, {"source": 1431, "target": "sistemas de control", "value": 25}, {"source": 1431, "target": "matemáticas", "value": 22}, {"source": 1431, "target": "ordenadores", "value": 22}, {"source": 1431, "target": "fisiología", "value": 20}, {"source": 1431, "target": "calculadoras", "value": 20}, {"source": 1431, "target": "medición", "value": 19}, {"source": 1431, "target": "observadores", "value": 18}, {"source": 1431, "target": "algoritmos", "value": 17}, {"source": 1431, "target": "minimización", "value": 17}, {"source": 1431, "target": "actual", "value": 16}, {"source": 1431, "target": "estabilidad", "value": 16}, {"source": 1431, "target": "sistemas no lineales", "value": 16}, {"source": "f1ea6a11-0f8b-4b02-bc4d-3088f2f1a2d5", "target": 1436, "value": 1}, {"source": 1436, "target": "actual", "value": 5}, {"source": 1436, "target": "electricidad", "value": 5}, {"source": 1436, "target": "pruebas", "value": 4}, {"source": 1436, "target": "voltaje", "value": 4}, {"source": 1436, "target": "construcción", "value": 3}, {"source": 1436, "target": "generadores", "value": 3}, {"source": 1436, "target": "medición", "value": 2}, {"source": 1436, "target": "laboratorios", "value": 2}, {"source": 1436, "target": "circuitos", "value": 2}, {"source": 1436, "target": "cambia", "value": 2}, {"source": 1436, "target": "aceites", "value": 2}, {"source": 1436, "target": "transformaciones", "value": 2}, {"source": 1436, "target": "transformadores", "value": 2}, {"source": 1436, "target": "generación de pulsos", "value": 2}, {"source": 1436, "target": "proteccion", "value": 1}, {"source": 1436, "target": "bobinas", "value": 1}, {"source": 1436, "target": "surgir", "value": 1}, {"source": 1436, "target": "arrestadores", "value": 1}, {"source": 1436, "target": "rogowski boby", "value": 1}, {"source": 1436, "target": "pararrayos", "value": 1}, {"source": 1436, "target": "derivación resistiva", "value": 1}, {"source": 1436, "target": "resistores", "value": 1}, {"source": 1436, "target": "resistencia", "value": 1}, {"source": 1436, "target": "resiste", "value": 1}, {"source": 1436, "target": "organismos", "value": 1}, {"source": 1436, "target": "varistores", "value": 1}, {"source": 1436, "target": "comercialización", "value": 1}, {"source": 1436, "target": "corrientes de fuga", "value": 1}, {"source": 1436, "target": "oxígeno", "value": 1}, {"source": 1436, "target": "los límites de grano", "value": 1}, {"source": "f1ea6a11-0f8b-4b02-bc4d-3088f2f1a2d5", "target": 1441, "value": 1}, {"source": 1441, "target": "modelado", "value": 63}, {"source": 1441, "target": "generadores", "value": 50}, {"source": 1441, "target": "controlabilidad", "value": 41}, {"source": 1441, "target": "simulación", "value": 37}, {"source": 1441, "target": "voltaje", "value": 31}, {"source": 1441, "target": "estimacion", "value": 28}, {"source": 1441, "target": "calculadoras", "value": 23}, {"source": 1441, "target": "convertidores", "value": 23}, {"source": 1441, "target": "actual", "value": 23}, {"source": 1441, "target": "sistemas de control", "value": 18}, {"source": 1441, "target": "sistemas fotovoltaicos", "value": 17}, {"source": 1441, "target": "aplicadores", "value": 17}, {"source": 1441, "target": "software", "value": 17}, {"source": 1441, "target": "matemáticas", "value": 14}, {"source": 1441, "target": "energía", "value": 14}, {"source": 1441, "target": "modelo matemático", "value": 12}, {"source": 1441, "target": "diodos", "value": 12}, {"source": 1441, "target": "aditivos", "value": 12}, {"source": 1441, "target": "electricidad", "value": 12}, {"source": 1441, "target": "algoritmos", "value": 12}, {"source": 1441, "target": "frecuencia", "value": 11}, {"source": 1441, "target": "limitante", "value": 11}, {"source": 1441, "target": "circuitos", "value": 11}, {"source": 1441, "target": "modulación", "value": 10}, {"source": 1441, "target": "reguladores", "value": 10}, {"source": 1441, "target": "estimación de parámetros", "value": 10}, {"source": 1441, "target": "estimulante", "value": 9}, {"source": 1441, "target": "momento", "value": 9}, {"source": 1441, "target": "índices", "value": 9}, {"source": 1441, "target": "indexación", "value": 9}, {"source": "f1ea6a11-0f8b-4b02-bc4d-3088f2f1a2d5", "target": 1461, "value": 1}, {"source": 1461, "target": "sensores", "value": 13}, {"source": 1461, "target": "momento", "value": 11}, {"source": 1461, "target": "energía", "value": 11}, {"source": 1461, "target": "controlabilidad", "value": 8}, {"source": 1461, "target": "generadores", "value": 8}, {"source": 1461, "target": "mejoramiento", "value": 7}, {"source": 1461, "target": "eficiencia energética", "value": 7}, {"source": 1461, "target": "aplicadores", "value": 6}, {"source": 1461, "target": "protocolos", "value": 6}, {"source": 1461, "target": "sensor de redes inalámbricas", "value": 6}, {"source": 1461, "target": "redes de sensores corporales", "value": 6}, {"source": 1461, "target": "ordenadores", "value": 5}, {"source": 1461, "target": "medición", "value": 5}, {"source": 1461, "target": "algoritmos", "value": 5}, {"source": 1461, "target": "modelado", "value": 5}, {"source": 1461, "target": "tecnología", "value": 5}, {"source": 1461, "target": "dinámica", "value": 4}, {"source": 1461, "target": "pruebas", "value": 4}, {"source": 1461, "target": "vigilancia", "value": 4}, {"source": 1461, "target": "propagación", "value": 4}, {"source": 1461, "target": "administración", "value": 4}, {"source": 1461, "target": "comunicación inalámbrica", "value": 4}, {"source": 1461, "target": "actual", "value": 3}, {"source": 1461, "target": "fotografías", "value": 3}, {"source": 1461, "target": "ondas", "value": 3}, {"source": 1461, "target": "control de poder", "value": 3}, {"source": 1461, "target": "consumo de energía", "value": 3}, {"source": 1461, "target": "simulación", "value": 3}, {"source": 1461, "target": "estimacion", "value": 3}, {"source": 1461, "target": "capacitación", "value": 3}, {"source": "f1ea6a11-0f8b-4b02-bc4d-3088f2f1a2d5", "target": 1475, "value": 1}, {"source": 1475, "target": "modelado", "value": 29}, {"source": 1475, "target": "electricidad", "value": 23}, {"source": 1475, "target": "generadores", "value": 20}, {"source": 1475, "target": "producción", "value": 16}, {"source": 1475, "target": "productividad", "value": 16}, {"source": 1475, "target": "automatización", "value": 13}, {"source": 1475, "target": "momento", "value": 13}, {"source": 1475, "target": "redes de petri", "value": 12}, {"source": 1475, "target": "industrias", "value": 12}, {"source": 1475, "target": "controlabilidad", "value": 12}, {"source": 1475, "target": "ordenadores", "value": 11}, {"source": 1475, "target": "aplicadores", "value": 11}, {"source": 1475, "target": "energía", "value": 11}, {"source": 1475, "target": "planificación", "value": 10}, {"source": 1475, "target": "sistemas de poder", "value": 9}, {"source": 1475, "target": "estandarización", "value": 9}, {"source": 1475, "target": "estándares", "value": 9}, {"source": 1475, "target": "compañías", "value": 9}, {"source": 1475, "target": "actual", "value": 8}, {"source": 1475, "target": "pruebas", "value": 8}, {"source": 1475, "target": "software", "value": 8}, {"source": 1475, "target": "administración", "value": 8}, {"source": 1475, "target": "organismos", "value": 7}, {"source": 1475, "target": "organizaciones", "value": 7}, {"source": 1475, "target": "fabricación", "value": 7}, {"source": 1475, "target": "herramientas", "value": 7}, {"source": 1475, "target": "topología", "value": 7}, {"source": 1475, "target": "mejoramiento", "value": 7}, {"source": 1475, "target": "lógica", "value": 7}, {"source": 1475, "target": "autorización", "value": 6}, {"source": "f1ea6a11-0f8b-4b02-bc4d-3088f2f1a2d5", "target": 3220, "value": 1}], "options": [{"label": "Estado inicial", "value": "Departamento de Energía Eléctrica y Automática", "group": "00. Opciones predeterminadas"}, {"label": "Arango Zuluaga Eliana Isabel", "value": "Arango Zuluaga Eliana Isabel", "group": "02. Opciones de autor"}, {"label": "Arcila Montoya Orlando De Jesus", "value": "Arcila Montoya Orlando De Jesus", "group": "02. Opciones de autor"}, {"label": "Blandon Diaz Jaime Alberto", "value": "Blandon Diaz Jaime Alberto", "group": "02. Opciones de autor"}, {"label": "Bolaños Martinez Freddy", "value": "Bolaños Martinez Freddy", "group": "02. Opciones de autor"}, {"label": "Botero Castro Hector Antonio", "value": "Botero Castro Hector Antonio", "group": "02. Opciones de autor"}, {"label": "Candelo Becerra John Edwin", "value": "Candelo Becerra John Edwin", "group": "02. Opciones de autor"}, {"label": "Cardona Correa Leonardo De Jesus", "value": "Cardona Correa Leonardo De Jesus", "group": "02. Opciones de autor"}, {"label": "Castrillon Gutierrez Neby Jennyfer", "value": "Castrillon Gutierrez Neby Jennyfer", "group": "02. Opciones de autor"}, {"label": "Correa Gutierrez Rosa Elvira", "value": "Correa Gutierrez Rosa Elvira", "group": "02. Opciones de autor"}, {"label": "Espinosa Oviedo Jairo José", "value": "Espinosa Oviedo Jairo José", "group": "02. Opciones de autor"}, {"label": "Hernandez Riveros Jesus Antonio", "value": "Hernandez Riveros Jesus Antonio", "group": "02. Opciones de autor"}, {"label": "Herrera Murcia Javier Gustavo", "value": "Herrera Murcia Javier Gustavo", "group": "02. Opciones de autor"}, {"label": "Hoyos Velasco Fredy Edimer", "value": "Hoyos Velasco Fredy Edimer", "group": "02. Opciones de autor"}, {"label": "Londoño Parra Carlos Mario", "value": "Londoño Parra Carlos Mario", "group": "02. Opciones de autor"}, {"label": "Lopera Mazo Edwin Herlyt", "value": "Lopera Mazo Edwin Herlyt", "group": "02. Opciones de autor"}, {"label": "Perez Gonzalez Ernesto", "value": "Perez Gonzalez Ernesto", "group": "02. Opciones de autor"}, {"label": "Perez Rojas Efrain Antonio", "value": "Perez Rojas Efrain Antonio", "group": "02. Opciones de autor"}, {"label": "Ramirez Piedrahita Gustavo Adolfo", "value": "Ramirez Piedrahita Gustavo Adolfo", "group": "02. Opciones de autor"}, {"label": "Ramos Paja Carlos Andrés", "value": "Ramos Paja Carlos Andrés", "group": "02. Opciones de autor"}, {"label": "Rivadeneira Paz Pablo Santiago", "value": "Rivadeneira Paz Pablo Santiago", "group": "02. Opciones de autor"}, {"label": "Rojo Ceballos Clara Rosa", "value": "Rojo Ceballos Clara Rosa", "group": "02. Opciones de autor"}, {"label": "Saavedra Montes Andres Julian", "value": "Saavedra Montes Andres Julian", "group": "02. Opciones de autor"}, {"label": "Vallejo Velasquez Monica Ayde", "value": "Vallejo Velasquez Monica Ayde", "group": "02. Opciones de autor"}, {"label": "Zapata Madrigal German Dario", "value": "Zapata Madrigal German Dario", "group": "02. Opciones de autor"}, {"label": "Departamento de Energía Eléctrica y Automática", "value": "Departamento de Energía Eléctrica y Automática", "group": "02. Opciones de uab"}, {"label": "aceites", "value": "aceites", "group": "03. Opciones de temas"}, {"label": "acoplamientos", "value": "acoplamientos", "group": "03. Opciones de temas"}, {"label": "actual", "value": "actual", "group": "03. Opciones de temas"}, {"label": "aditivos", "value": "aditivos", "group": "03. Opciones de temas"}, {"label": "administración", "value": "administración", "group": "03. Opciones de temas"}, {"label": "afinación", "value": "afinación", "group": "03. Opciones de temas"}, {"label": "alambrado", "value": "alambrado", "group": "03. Opciones de temas"}, {"label": "algoritmos", "value": "algoritmos", "group": "03. Opciones de temas"}, {"label": "algoritmos genéticos", "value": "algoritmos genéticos", "group": "03. Opciones de temas"}, {"label": "alternadores", "value": "alternadores", "group": "03. Opciones de temas"}, {"label": "aplicadores", "value": "aplicadores", "group": "03. Opciones de temas"}, {"label": "arquitectura", "value": "arquitectura", "group": "03. Opciones de temas"}, {"label": "arrestadores", "value": "arrestadores", "group": "03. Opciones de temas"}, {"label": "automatización", "value": "automatización", "group": "03. Opciones de temas"}, {"label": "autorización", "value": "autorización", "group": "03. Opciones de temas"}, {"label": "biomasa", "value": "biomasa", "group": "03. Opciones de temas"}, {"label": "bobinas", "value": "bobinas", "group": "03. Opciones de temas"}, {"label": "cable", "value": "cable", "group": "03. Opciones de temas"}, {"label": "calculadoras", "value": "calculadoras", "group": "03. Opciones de temas"}, {"label": "calidad de energía", "value": "calidad de energía", "group": "03. Opciones de temas"}, {"label": "cambia", "value": "cambia", "group": "03. Opciones de temas"}, {"label": "campos electromagnéticos", "value": "campos electromagnéticos", "group": "03. Opciones de temas"}, {"label": "capacidad", "value": "capacidad", "group": "03. Opciones de temas"}, {"label": "capacitación", "value": "capacitación", "group": "03. Opciones de temas"}, {"label": "celdas de combustible", "value": "celdas de combustible", "group": "03. Opciones de temas"}, {"label": "circuitos", "value": "circuitos", "group": "03. Opciones de temas"}, {"label": "circuitos integrados", "value": "circuitos integrados", "group": "03. Opciones de temas"}, {"label": "colaboración", "value": "colaboración", "group": "03. Opciones de temas"}, {"label": "combustibles", "value": "combustibles", "group": "03. Opciones de temas"}, {"label": "comentarios", "value": "comentarios", "group": "03. Opciones de temas"}, {"label": "comercialización", "value": "comercialización", "group": "03. Opciones de temas"}, {"label": "compañías", "value": "compañías", "group": "03. Opciones de temas"}, {"label": "comunicación inalámbrica", "value": "comunicación inalámbrica", "group": "03. Opciones de temas"}, {"label": "conductividad", "value": "conductividad", "group": "03. Opciones de temas"}, {"label": "construcción", "value": "construcción", "group": "03. Opciones de temas"}, {"label": "consumo de energía", "value": "consumo de energía", "group": "03. Opciones de temas"}, {"label": "contexto", "value": "contexto", "group": "03. Opciones de temas"}, {"label": "control de iluminación", "value": "control de iluminación", "group": "03. Opciones de temas"}, {"label": "control de poder", "value": "control de poder", "group": "03. Opciones de temas"}, {"label": "control de procesos", "value": "control de procesos", "group": "03. Opciones de temas"}, {"label": "control de tensión", "value": "control de tensión", "group": "03. Opciones de temas"}, {"label": "control predictivo", "value": "control predictivo", "group": "03. Opciones de temas"}, {"label": "control robusto", "value": "control robusto", "group": "03. Opciones de temas"}, {"label": "control óptimo", "value": "control óptimo", "group": "03. Opciones de temas"}, {"label": "controlabilidad", "value": "controlabilidad", "group": "03. Opciones de temas"}, {"label": "convergencia", "value": "convergencia", "group": "03. Opciones de temas"}, {"label": "convertidores", "value": "convertidores", "group": "03. Opciones de temas"}, {"label": "convertidores de conmutación", "value": "convertidores de conmutación", "group": "03. Opciones de temas"}, {"label": "corrientes de fuga", "value": "corrientes de fuga", "group": "03. Opciones de temas"}, {"label": "costos", "value": "costos", "group": "03. Opciones de temas"}, {"label": "current", "value": "current", "group": "03. Opciones de temas"}, {"label": "cálculo evolutivo", "value": "cálculo evolutivo", "group": "03. Opciones de temas"}, {"label": "degradación", "value": "degradación", "group": "03. Opciones de temas"}, {"label": "derivación resistiva", "value": "derivación resistiva", "group": "03. Opciones de temas"}, {"label": "diabetes", "value": "diabetes", "group": "03. Opciones de temas"}, {"label": "dinámica", "value": "dinámica", "group": "03. Opciones de temas"}, {"label": "diodos", "value": "diodos", "group": "03. Opciones de temas"}, {"label": "dirigir", "value": "dirigir", "group": "03. Opciones de temas"}, {"label": "diseño para la fabricación", "value": "diseño para la fabricación", "group": "03. Opciones de temas"}, {"label": "disponibilidad", "value": "disponibilidad", "group": "03. Opciones de temas"}, {"label": "distribución de poder", "value": "distribución de poder", "group": "03. Opciones de temas"}, {"label": "ecuaciones", "value": "ecuaciones", "group": "03. Opciones de temas"}, {"label": "ecuaciones diferenciales", "value": "ecuaciones diferenciales", "group": "03. Opciones de temas"}, {"label": "ecualizadores", "value": "ecualizadores", "group": "03. Opciones de temas"}, {"label": "edificios", "value": "edificios", "group": "03. Opciones de temas"}, {"label": "eficiencia energética", "value": "eficiencia energética", "group": "03. Opciones de temas"}, {"label": "electricidad", "value": "electricidad", "group": "03. Opciones de temas"}, {"label": "electromagnés", "value": "electromagnés", "group": "03. Opciones de temas"}, {"label": "electromagnético", "value": "electromagnético", "group": "03. Opciones de temas"}, {"label": "electrones", "value": "electrones", "group": "03. Opciones de temas"}, {"label": "electrónica de potencia", "value": "electrónica de potencia", "group": "03. Opciones de temas"}, {"label": "emtp", "value": "emtp", "group": "03. Opciones de temas"}, {"label": "encendiendo", "value": "encendiendo", "group": "03. Opciones de temas"}, {"label": "energía", "value": "energía", "group": "03. Opciones de temas"}, {"label": "energía solar", "value": "energía solar", "group": "03. Opciones de temas"}, {"label": "enrutamiento", "value": "enrutamiento", "group": "03. Opciones de temas"}, {"label": "estabilidad", "value": "estabilidad", "group": "03. Opciones de temas"}, {"label": "estabilidad del sistema de energía", "value": "estabilidad del sistema de energía", "group": "03. Opciones de temas"}, {"label": "estadísticas", "value": "estadísticas", "group": "03. Opciones de temas"}, {"label": "estandarización", "value": "estandarización", "group": "03. Opciones de temas"}, {"label": "estimacion", "value": "estimacion", "group": "03. Opciones de temas"}, {"label": "estimación de parámetros", "value": "estimación de parámetros", "group": "03. Opciones de temas"}, {"label": "estimación estatal", "value": "estimación estatal", "group": "03. Opciones de temas"}, {"label": "estimulante", "value": "estimulante", "group": "03. Opciones de temas"}, {"label": "estándares", "value": "estándares", "group": "03. Opciones de temas"}, {"label": "fabricación", "value": "fabricación", "group": "03. Opciones de temas"}, {"label": "fiabilidad", "value": "fiabilidad", "group": "03. Opciones de temas"}, {"label": "filtración", "value": "filtración", "group": "03. Opciones de temas"}, {"label": "filtros", "value": "filtros", "group": "03. Opciones de temas"}, {"label": "filtros de kalman", "value": "filtros de kalman", "group": "03. Opciones de temas"}, {"label": "fisiología", "value": "fisiología", "group": "03. Opciones de temas"}, {"label": "forma", "value": "forma", "group": "03. Opciones de temas"}, {"label": "fotografías", "value": "fotografías", "group": "03. Opciones de temas"}, {"label": "frecuencia", "value": "frecuencia", "group": "03. Opciones de temas"}, {"label": "fuentes de alimentación", "value": "fuentes de alimentación", "group": "03. Opciones de temas"}, {"label": "función de costo", "value": "función de costo", "group": "03. Opciones de temas"}, {"label": "generación de pulsos", "value": "generación de pulsos", "group": "03. Opciones de temas"}, {"label": "generadores", "value": "generadores", "group": "03. Opciones de temas"}, {"label": "genética", "value": "genética", "group": "03. Opciones de temas"}, {"label": "gestión de la energía", "value": "gestión de la energía", "group": "03. Opciones de temas"}, {"label": "globalización", "value": "globalización", "group": "03. Opciones de temas"}, {"label": "hardware", "value": "hardware", "group": "03. Opciones de temas"}, {"label": "herramientas", "value": "herramientas", "group": "03. Opciones de temas"}, {"label": "hidrógeno", "value": "hidrógeno", "group": "03. Opciones de temas"}, {"label": "horarios", "value": "horarios", "group": "03. Opciones de temas"}, {"label": "imanes", "value": "imanes", "group": "03. Opciones de temas"}, {"label": "incertidumbre", "value": "incertidumbre", "group": "03. Opciones de temas"}, {"label": "indexación", "value": "indexación", "group": "03. Opciones de temas"}, {"label": "inductancia", "value": "inductancia", "group": "03. Opciones de temas"}, {"label": "industrias", "value": "industrias", "group": "03. Opciones de temas"}, {"label": "ingenieria eléctrica", "value": "ingenieria eléctrica", "group": "03. Opciones de temas"}, {"label": "laboratorios", "value": "laboratorios", "group": "03. Opciones de temas"}, {"label": "ley", "value": "ley", "group": "03. Opciones de temas"}, {"label": "limitante", "value": "limitante", "group": "03. Opciones de temas"}, {"label": "linealidad", "value": "linealidad", "group": "03. Opciones de temas"}, {"label": "los límites de grano", "value": "los límites de grano", "group": "03. Opciones de temas"}, {"label": "lógica", "value": "lógica", "group": "03. Opciones de temas"}, {"label": "magnetics", "value": "magnetics", "group": "03. Opciones de temas"}, {"label": "magnetización", "value": "magnetización", "group": "03. Opciones de temas"}, {"label": "mantenimiento", "value": "mantenimiento", "group": "03. Opciones de temas"}, {"label": "matemáticas", "value": "matemáticas", "group": "03. Opciones de temas"}, {"label": "materiales", "value": "materiales", "group": "03. Opciones de temas"}, {"label": "materiales ferromagnéticos", "value": "materiales ferromagnéticos", "group": "03. Opciones de temas"}, {"label": "matlab", "value": "matlab", "group": "03. Opciones de temas"}, {"label": "matrices", "value": "matrices", "group": "03. Opciones de temas"}, {"label": "mecanizado", "value": "mecanizado", "group": "03. Opciones de temas"}, {"label": "medición", "value": "medición", "group": "03. Opciones de temas"}, {"label": "mejoramiento", "value": "mejoramiento", "group": "03. Opciones de temas"}, {"label": "memoria", "value": "memoria", "group": "03. Opciones de temas"}, {"label": "minimización", "value": "minimización", "group": "03. Opciones de temas"}, {"label": "modelado", "value": "modelado", "group": "03. Opciones de temas"}, {"label": "modelo matemático", "value": "modelo matemático", "group": "03. Opciones de temas"}, {"label": "modulación", "value": "modulación", "group": "03. Opciones de temas"}, {"label": "mojadura", "value": "mojadura", "group": "03. Opciones de temas"}, {"label": "momento", "value": "momento", "group": "03. Opciones de temas"}, {"label": "motores", "value": "motores", "group": "03. Opciones de temas"}, {"label": "motores de inducción", "value": "motores de inducción", "group": "03. Opciones de temas"}, {"label": "nubes", "value": "nubes", "group": "03. Opciones de temas"}, {"label": "observabilidad", "value": "observabilidad", "group": "03. Opciones de temas"}, {"label": "observadores", "value": "observadores", "group": "03. Opciones de temas"}, {"label": "ondas", "value": "ondas", "group": "03. Opciones de temas"}, {"label": "ordenadores", "value": "ordenadores", "group": "03. Opciones de temas"}, {"label": "organismos", "value": "organismos", "group": "03. Opciones de temas"}, {"label": "organizaciones", "value": "organizaciones", "group": "03. Opciones de temas"}, {"label": "osciladores", "value": "osciladores", "group": "03. Opciones de temas"}, {"label": "osciloscopios", "value": "osciloscopios", "group": "03. Opciones de temas"}, {"label": "oxígeno", "value": "oxígeno", "group": "03. Opciones de temas"}, {"label": "pararrayos", "value": "pararrayos", "group": "03. Opciones de temas"}, {"label": "planificación", "value": "planificación", "group": "03. Opciones de temas"}, {"label": "poder reactivo", "value": "poder reactivo", "group": "03. Opciones de temas"}, {"label": "procesos químicos", "value": "procesos químicos", "group": "03. Opciones de temas"}, {"label": "producción", "value": "producción", "group": "03. Opciones de temas"}, {"label": "productividad", "value": "productividad", "group": "03. Opciones de temas"}, {"label": "programación", "value": "programación", "group": "03. Opciones de temas"}, {"label": "propagación", "value": "propagación", "group": "03. Opciones de temas"}, {"label": "proteccion", "value": "proteccion", "group": "03. Opciones de temas"}, {"label": "protocolos", "value": "protocolos", "group": "03. Opciones de temas"}, {"label": "prototipos", "value": "prototipos", "group": "03. Opciones de temas"}, {"label": "pruebas", "value": "pruebas", "group": "03. Opciones de temas"}, {"label": "publicación", "value": "publicación", "group": "03. Opciones de temas"}, {"label": "pérdidas magnéticas", "value": "pérdidas magnéticas", "group": "03. Opciones de temas"}, {"label": "químicos", "value": "químicos", "group": "03. Opciones de temas"}, {"label": "realimentación", "value": "realimentación", "group": "03. Opciones de temas"}, {"label": "redes de petri", "value": "redes de petri", "group": "03. Opciones de temas"}, {"label": "redes de sensores corporales", "value": "redes de sensores corporales", "group": "03. Opciones de temas"}, {"label": "redes inalámbricas", "value": "redes inalámbricas", "group": "03. Opciones de temas"}, {"label": "reguladores", "value": "reguladores", "group": "03. Opciones de temas"}, {"label": "relámpago", "value": "relámpago", "group": "03. Opciones de temas"}, {"label": "resiste", "value": "resiste", "group": "03. Opciones de temas"}, {"label": "resistencia", "value": "resistencia", "group": "03. Opciones de temas"}, {"label": "resistores", "value": "resistores", "group": "03. Opciones de temas"}, {"label": "robots", "value": "robots", "group": "03. Opciones de temas"}, {"label": "robustez", "value": "robustez", "group": "03. Opciones de temas"}, {"label": "rogowski boby", "value": "rogowski boby", "group": "03. Opciones de temas"}, {"label": "seguridad", "value": "seguridad", "group": "03. Opciones de temas"}, {"label": "sensor de redes inalámbricas", "value": "sensor de redes inalámbricas", "group": "03. Opciones de temas"}, {"label": "sensores", "value": "sensores", "group": "03. Opciones de temas"}, {"label": "simulación", "value": "simulación", "group": "03. Opciones de temas"}, {"label": "sincronización", "value": "sincronización", "group": "03. Opciones de temas"}, {"label": "sistema-on-chip", "value": "sistema-on-chip", "group": "03. Opciones de temas"}, {"label": "sistemas de control", "value": "sistemas de control", "group": "03. Opciones de temas"}, {"label": "sistemas de poder", "value": "sistemas de poder", "group": "03. Opciones de temas"}, {"label": "sistemas dinámicos", "value": "sistemas dinámicos", "group": "03. Opciones de temas"}, {"label": "sistemas fotovoltaicos", "value": "sistemas fotovoltaicos", "group": "03. Opciones de temas"}, {"label": "sistemas lineales", "value": "sistemas lineales", "group": "03. Opciones de temas"}, {"label": "sistemas no lineales", "value": "sistemas no lineales", "group": "03. Opciones de temas"}, {"label": "software", "value": "software", "group": "03. Opciones de temas"}, {"label": "soldadura", "value": "soldadura", "group": "03. Opciones de temas"}, {"label": "sudamerica", "value": "sudamerica", "group": "03. Opciones de temas"}, {"label": "surgir", "value": "surgir", "group": "03. Opciones de temas"}, {"label": "tecnología", "value": "tecnología", "group": "03. Opciones de temas"}, {"label": "teoría de control", "value": "teoría de control", "group": "03. Opciones de temas"}, {"label": "toma de tierra", "value": "toma de tierra", "group": "03. Opciones de temas"}, {"label": "topología", "value": "topología", "group": "03. Opciones de temas"}, {"label": "transformaciones", "value": "transformaciones", "group": "03. Opciones de temas"}, {"label": "transformadores", "value": "transformadores", "group": "03. Opciones de temas"}, {"label": "transporte", "value": "transporte", "group": "03. Opciones de temas"}, {"label": "turbinas", "value": "turbinas", "group": "03. Opciones de temas"}, {"label": "varistores", "value": "varistores", "group": "03. Opciones de temas"}, {"label": "vehiculos", "value": "vehiculos", "group": "03. Opciones de temas"}, {"label": "vigilancia", "value": "vigilancia", "group": "03. Opciones de temas"}, {"label": "voltaje", "value": "voltaje", "group": "03. Opciones de temas"}, {"label": "voltajes inducidos por rayos", "value": "voltajes inducidos por rayos", "group": "03. Opciones de temas"}, {"label": "índices", "value": "índices", "group": "03. Opciones de temas"}]}