{"nodes": [{"id": "d20d0273-8dde-4acb-a5b8-2850d8891ebb", "label": "Departamento de Medicina Física y Rehabilitación", "type": "uab"}, {"id": 75, "label": "Barahona Rebolledo Carolina", "type": "author"}, {"id": "rehabilitación", "label": "rehabilitación", "type": "topic"}, {"id": 127, "label": "Calambas Nixon", "type": "author"}, {"id": "tunelización", "label": "tunelización", "type": "topic"}, {"id": "pacientes", "label": "pacientes", "type": "topic"}, {"id": "electrofisiología", "label": "electrofisiología", "type": "topic"}, {"id": "síndrome de down", "label": "síndrome de down", "type": "topic"}, {"id": "síndrome", "label": "síndrome", "type": "topic"}, {"id": "síndrome del túnel carpiano", "label": "síndrome del túnel carpiano", "type": "topic"}, {"id": "conductividad", "label": "conductividad", "type": "topic"}, {"id": "conducción nerviosa", "label": "conducción nerviosa", "type": "topic"}, {"id": "historia natural", "label": "historia natural", "type": "topic"}, {"id": "naturaleza", "label": "naturaleza", "type": "topic"}, {"id": "clasificación", "label": "clasificación", "type": "topic"}, {"id": "pruebas", "label": "pruebas", "type": "topic"}, {"id": "sincronización", "label": "sincronización", "type": "topic"}, {"id": "supervisión", "label": "supervisión", "type": "topic"}, {"id": "tiempo", "label": "tiempo", "type": "topic"}, {"id": "cirugía", "label": "cirugía", "type": "topic"}, {"id": "seguimiento del paciente", "label": "seguimiento del paciente", "type": "topic"}, {"id": "diagnóstico", "label": "diagnóstico", "type": "topic"}, {"id": "tratamiento conservador", "label": "tratamiento conservador", "type": "topic"}, {"id": "inyecciones", "label": "inyecciones", "type": "topic"}, {"id": "estudios de conducción nerviosa", "label": "estudios de conducción nerviosa", "type": "topic"}, {"id": "cuestionario de síndrome del túnel carpiano de boston", "label": "cuestionario de síndrome del túnel carpiano de boston", "type": "topic"}, {"id": "análisis de componentes principales", "label": "análisis de componentes principales", "type": "topic"}, {"id": "análisis factorial", "label": "análisis factorial", "type": "topic"}, {"id": "cuestionario del síndrome del túnel del carpiano de boston", "label": "cuestionario del síndrome del túnel del carpiano de boston", "type": "topic"}, {"id": "análisis de componente principal", "label": "análisis de componente principal", "type": "topic"}, {"id": "dolor", "label": "dolor", "type": "topic"}, {"id": "instrumentos", "label": "instrumentos", "type": "topic"}, {"id": "avaro", "label": "avaro", "type": "topic"}, {"id": "correlacionadores", "label": "correlacionadores", "type": "topic"}, {"id": 246, "label": "Díaz Ruiz Jorge Arturo", "type": "author"}, {"id": "métodos", "label": "métodos", "type": "topic"}, {"id": "músculos", "label": "músculos", "type": "topic"}, {"id": "informes de casos", "label": "informes de casos", "type": "topic"}, {"id": "cartel", "label": "cartel", "type": "topic"}, {"id": "electromiografía", "label": "electromiografía", "type": "topic"}, {"id": "terapéutica", "label": "terapéutica", "type": "topic"}, {"id": "trabajo", "label": "trabajo", "type": "topic"}, {"id": "motores", "label": "motores", "type": "topic"}, {"id": "asociación", "label": "asociación", "type": "topic"}, {"id": "radiculopatía", "label": "radiculopatía", "type": "topic"}, {"id": "patología", "label": "patología", "type": "topic"}, {"id": "plomo", "label": "plomo", "type": "topic"}, {"id": "mujeres", "label": "mujeres", "type": "topic"}, {"id": "lepra", "label": "lepra", "type": "topic"}, {"id": "riesgo", "label": "riesgo", "type": "topic"}, {"id": "hombro", "label": "hombro", "type": "topic"}, {"id": "tenosinovitis", "label": "tenosinovitis", "type": "topic"}, {"id": 380, "label": "Gutiérrez Ramírez Miguel Angel", "type": "author"}, {"id": "amputación", "label": "amputación", "type": "topic"}, {"id": "envejecimiento", "label": "envejecimiento", "type": "topic"}, {"id": "anciano", "label": "anciano", "type": "topic"}, {"id": "anciano de 80 o más años", "label": "anciano de 80 o más años", "type": "topic"}, {"id": "física", "label": "física", "type": "topic"}, {"id": "medicina", "label": "medicina", "type": "topic"}, {"id": "medicina física y rehabilitación", "label": "medicina física y rehabilitación", "type": "topic"}, {"id": "sociedades", "label": "sociedades", "type": "topic"}, {"id": "congreso", "label": "congreso", "type": "topic"}, {"id": "pie", "label": "pie", "type": "topic"}, {"id": "dentaduras", "label": "dentaduras", "type": "topic"}, {"id": "afecto", "label": "afecto", "type": "topic"}, {"id": "presión", "label": "presión", "type": "topic"}, {"id": "hombres", "label": "hombres", "type": "topic"}, {"id": "estadística", "label": "estadística", "type": "topic"}, {"id": "prescripciones", "label": "prescripciones", "type": "topic"}, {"id": "personalidad", "label": "personalidad", "type": "topic"}, {"id": "personas", "label": "personas", "type": "topic"}, {"id": "salud", "label": "salud", "type": "topic"}, {"id": "políticas", "label": "políticas", "type": "topic"}, {"id": "brazo", "label": "brazo", "type": "topic"}, {"id": "organismos", "label": "organismos", "type": "topic"}, {"id": "metabolismo", "label": "metabolismo", "type": "topic"}, {"id": "ambiente", "label": "ambiente", "type": "topic"}, {"id": "salud pública", "label": "salud pública", "type": "topic"}, {"id": 394, "label": "Hernández Arevalo Abel", "type": "author"}, {"id": "familia", "label": "familia", "type": "topic"}, {"id": "epidemiología", "label": "epidemiología", "type": "topic"}, {"id": "enseñanza", "label": "enseñanza", "type": "topic"}, {"id": "aprendizaje", "label": "aprendizaje", "type": "topic"}, {"id": "recurso educativo digital", "label": "recurso educativo digital", "type": "topic"}, {"id": "medicina alternativa", "label": "medicina alternativa", "type": "topic"}, {"id": "osteopatía", "label": "osteopatía", "type": "topic"}, {"id": "aprendizaje docente", "label": "aprendizaje docente", "type": "topic"}, {"id": "consultores", "label": "consultores", "type": "topic"}, {"id": "medicalización", "label": "medicalización", "type": "topic"}, {"id": "contraindicaciones", "label": "contraindicaciones", "type": "topic"}, {"id": "rol", "label": "rol", "type": "topic"}, {"id": "quiropráctica", "label": "quiropráctica", "type": "topic"}, {"id": "socialismo", "label": "socialismo", "type": "topic"}, {"id": "socialización", "label": "socialización", "type": "topic"}, {"id": "educación", "label": "educación", "type": "topic"}, {"id": "tecnología", "label": "tecnología", "type": "topic"}, {"id": "historia", "label": "historia", "type": "topic"}, {"id": "dolor musculoesquelético", "label": "dolor musculoesquelético", "type": "topic"}, {"id": "diagnóstico diferencial", "label": "diagnóstico diferencial", "type": "topic"}, {"id": "mano", "label": "mano", "type": "topic"}, {"id": "reflujo gastroesofágico", "label": "reflujo gastroesofágico", "type": "topic"}, {"id": "esofagitis", "label": "esofagitis", "type": "topic"}, {"id": 487, "label": "Martínez Lesmes María Lucia", "type": "author"}, {"id": "humanos", "label": "humanos", "type": "topic"}, {"id": "articulaciones", "label": "articulaciones", "type": "topic"}, {"id": "multimedia", "label": "multimedia", "type": "topic"}, {"id": "humanidades", "label": "humanidades", "type": "topic"}, {"id": "humanismo", "label": "humanismo", "type": "topic"}, {"id": "movimiento", "label": "movimiento", "type": "topic"}, {"id": "dolor de espalda", "label": "dolor de espalda", "type": "topic"}, {"id": "mecánica", "label": "mecánica", "type": "topic"}, {"id": "dorso", "label": "dorso", "type": "topic"}, {"id": "dolor de la región lumbar", "label": "dolor de la región lumbar", "type": "topic"}, {"id": "elementos", "label": "elementos", "type": "topic"}, {"id": "monografía", "label": "monografía", "type": "topic"}, {"id": "colombia", "label": "colombia", "type": "topic"}, {"id": "servicios de salud", "label": "servicios de salud", "type": "topic"}, {"id": "logro", "label": "logro", "type": "topic"}, {"id": "investigación", "label": "investigación", "type": "topic"}, {"id": 510, "label": "Méndez Buenaventura Fernando", "type": "author"}, {"id": "músculos paraespinales", "label": "músculos paraespinales", "type": "topic"}, {"id": "observación", "label": "observación", "type": "topic"}, {"id": "periodicidad", "label": "periodicidad", "type": "topic"}, {"id": "contabilidad", "label": "contabilidad", "type": "topic"}, {"id": "revisión", "label": "revisión", "type": "topic"}, {"id": "publicación periódica", "label": "publicación periódica", "type": "topic"}, {"id": "enfermedades", "label": "enfermedades", "type": "topic"}, {"id": "enfermedades reumáticas", "label": "enfermedades reumáticas", "type": "topic"}, {"id": "enfermedad", "label": "enfermedad", "type": "topic"}, {"id": "clase", "label": "clase", "type": "topic"}, {"id": "guía de estudio", "label": "guía de estudio", "type": "topic"}, {"id": 517, "label": "Mendoza Pulido Juan Camilo", "type": "author"}, {"id": "multiplexación", "label": "multiplexación", "type": "topic"}, {"id": "estandarización", "label": "estandarización", "type": "topic"}, {"id": "normas", "label": "normas", "type": "topic"}, {"id": "boxeo", "label": "boxeo", "type": "topic"}, {"id": "correlación", "label": "correlación", "type": "topic"}, {"id": "instituciones académicas", "label": "instituciones académicas", "type": "topic"}, {"id": "construcción", "label": "construcción", "type": "topic"}, {"id": "vida", "label": "vida", "type": "topic"}, {"id": "fiabilidad", "label": "fiabilidad", "type": "topic"}, {"id": "responsabilidad parental", "label": "responsabilidad parental", "type": "topic"}, {"id": "hijo único", "label": "hijo único", "type": "topic"}, {"id": "padres", "label": "padres", "type": "topic"}, {"id": "destreza motora", "label": "destreza motora", "type": "topic"}, {"id": "publicaciones", "label": "publicaciones", "type": "topic"}, {"id": 534, "label": "Monsalve Toro Juan Diego", "type": "author"}, {"id": "hospitalización", "label": "hospitalización", "type": "topic"}, {"id": "clínicas de dolor", "label": "clínicas de dolor", "type": "topic"}, {"id": "hospitales", "label": "hospitales", "type": "topic"}, {"id": 547, "label": "Moreno Capacho Miguel Mauricio", "type": "author"}, {"id": "laparoscopios", "label": "laparoscopios", "type": "topic"}, {"id": "lesiones", "label": "lesiones", "type": "topic"}, {"id": "críticas", "label": "críticas", "type": "topic"}, {"id": "literatura", "label": "literatura", "type": "topic"}, {"id": "escisión de ganglios linfáticos", "label": "escisión de ganglios linfáticos", "type": "topic"}, {"id": "nervio obturador", "label": "nervio obturador", "type": "topic"}, {"id": "laparoscopia", "label": "laparoscopia", "type": "topic"}, {"id": "escisión del ganglio linfático", "label": "escisión del ganglio linfático", "type": "topic"}, {"id": "laparoscopía", "label": "laparoscopía", "type": "topic"}, {"id": "publicación", "label": "publicación", "type": "topic"}, {"id": "diagnostico clinico", "label": "diagnostico clinico", "type": "topic"}, {"id": "administración", "label": "administración", "type": "topic"}, {"id": "fertilizantes", "label": "fertilizantes", "type": "topic"}, {"id": "materiales", "label": "materiales", "type": "topic"}, {"id": 589, "label": "Ortiz Corredor Fernando", "type": "author"}, {"id": "parálisis cerebral", "label": "parálisis cerebral", "type": "topic"}, {"id": "valores de referencia", "label": "valores de referencia", "type": "topic"}, {"id": "adulto", "label": "adulto", "type": "topic"}, {"id": "nervio mediano", "label": "nervio mediano", "type": "topic"}, {"id": "pronóstico", "label": "pronóstico", "type": "topic"}, {"id": 658, "label": "Plata García Sergio Mauricio", "type": "author"}, {"id": "discapacidades para el aprendizaje", "label": "discapacidades para el aprendizaje", "type": "topic"}, {"id": "dislexia", "label": "dislexia", "type": "topic"}, {"id": "enfermedad de alzheimer", "label": "enfermedad de alzheimer", "type": "topic"}, {"id": "estado de conciencia", "label": "estado de conciencia", "type": "topic"}, {"id": "semántica", "label": "semántica", "type": "topic"}, {"id": 768, "label": "Ruiz Ospina Edicson", "type": "author"}, {"id": "pediatría", "label": "pediatría", "type": "topic"}, {"id": "población", "label": "población", "type": "topic"}, {"id": "calidad de vida", "label": "calidad de vida", "type": "topic"}, {"id": "programa", "label": "programa", "type": "topic"}, {"id": "nervio peroneo", "label": "nervio peroneo", "type": "topic"}, {"id": "registros", "label": "registros", "type": "topic"}, {"id": "análisis de datos", "label": "análisis de datos", "type": "topic"}, {"id": "grupos de edad", "label": "grupos de edad", "type": "topic"}, {"id": "estudio comparativo", "label": "estudio comparativo", "type": "topic"}, {"id": 822, "label": "Silva Caicedo Octavio", "type": "author"}, {"id": "modelado", "label": "modelado", "type": "topic"}, {"id": "cadera", "label": "cadera", "type": "topic"}, {"id": "generadores", "label": "generadores", "type": "topic"}, {"id": "ordenadores", "label": "ordenadores", "type": "topic"}, {"id": "computadores", "label": "computadores", "type": "topic"}, {"id": "prótesis", "label": "prótesis", "type": "topic"}, {"id": "simulación", "label": "simulación", "type": "topic"}, {"id": "soluciones", "label": "soluciones", "type": "topic"}, {"id": "papel", "label": "papel", "type": "topic"}, {"id": "matemáticas", "label": "matemáticas", "type": "topic"}, {"id": "modelo matemático", "label": "modelo matemático", "type": "topic"}, {"id": "matemática", "label": "matemática", "type": "topic"}, {"id": "células", "label": "células", "type": "topic"}, {"id": "células 3t3", "label": "células 3t3", "type": "topic"}, {"id": "células a549", "label": "células a549", "type": "topic"}, {"id": "biomecánica", "label": "biomecánica", "type": "topic"}, {"id": "mecanobiología", "label": "mecanobiología", "type": "topic"}, {"id": "formación", "label": "formación", "type": "topic"}, {"id": "curriculum", "label": "curriculum", "type": "topic"}, {"id": "enchapado", "label": "enchapado", "type": "topic"}, {"id": 828, "label": "Soto Sánchez Hugo Alfredo", "type": "author"}, {"id": "universidades", "label": "universidades", "type": "topic"}, {"id": "docentes", "label": "docentes", "type": "topic"}, {"id": "estudiantes", "label": "estudiantes", "type": "topic"}, {"id": "conocimiento", "label": "conocimiento", "type": "topic"}, {"id": "retroalimentación", "label": "retroalimentación", "type": "topic"}, {"id": "terapia ocupacional", "label": "terapia ocupacional", "type": "topic"}, {"id": "logoterapia", "label": "logoterapia", "type": "topic"}, {"id": "actitud", "label": "actitud", "type": "topic"}, {"id": "habla", "label": "habla", "type": "topic"}, {"id": "autoevaluación", "label": "autoevaluación", "type": "topic"}, {"id": "memoria", "label": "memoria", "type": "topic"}, {"id": "percepción", "label": "percepción", "type": "topic"}, {"id": "regulación hacia abajo", "label": "regulación hacia abajo", "type": "topic"}, {"id": "regulación hacia arriba", "label": "regulación hacia arriba", "type": "topic"}, {"id": "rehabilitación cardiaca", "label": "rehabilitación cardiaca", "type": "topic"}, {"id": "arterias", "label": "arterias", "type": "topic"}, {"id": "enfermedad coronaria", "label": "enfermedad coronaria", "type": "topic"}, {"id": 860, "label": "Tovar De Nieto Claudia Amparo", "type": "author"}, {"id": 875, "label": "Valencia Valencia Doris", "type": "author"}, {"id": "neurología", "label": "neurología", "type": "topic"}, {"id": "factores de riesgo", "label": "factores de riesgo", "type": "topic"}, {"id": "toxina t-2", "label": "toxina t-2", "type": "topic"}, {"id": "toxinas botulínicas", "label": "toxinas botulínicas", "type": "topic"}, {"id": "lactante", "label": "lactante", "type": "topic"}, {"id": "hospitals", "label": "hospitals", "type": "topic"}, {"id": "niño", "label": "niño", "type": "topic"}, {"id": 905, "label": "Vera Silva Leonor", "type": "author"}, {"id": "comunicación", "label": "comunicación", "type": "topic"}, {"id": "comunismo", "label": "comunismo", "type": "topic"}, {"id": "educación en salud", "label": "educación en salud", "type": "topic"}, {"id": "urgencias médicas", "label": "urgencias médicas", "type": "topic"}, {"id": "educación médica pregrado", "label": "educación médica pregrado", "type": "topic"}, {"id": "modelos educativos", "label": "modelos educativos", "type": "topic"}, {"id": "malla de medición educativa", "label": "malla de medición educativa", "type": "topic"}, {"id": "educación para la salud", "label": "educación para la salud", "type": "topic"}, {"id": "educación de pregrado en medicina", "label": "educación de pregrado en medicina", "type": "topic"}, {"id": "modelos educacionales", "label": "modelos educacionales", "type": "topic"}, {"id": "laboratorios", "label": "laboratorios", "type": "topic"}, {"id": "seminarios", "label": "seminarios", "type": "topic"}, {"id": "entrevistas", "label": "entrevistas", "type": "topic"}, {"id": "aplicadores", "label": "aplicadores", "type": "topic"}, {"id": 3135, "label": "Fonseca Portilla Galia Constanza", "type": "author"}, {"id": 3192, "label": "Delgado Cadena Otto Nilsson", "type": "author"}, {"id": 3249, "label": "Rodriguez Zambrano Liliana Elizabeth", "type": "author"}, {"id": 3411, "label": "Castellar Leones Sandra Milena", "type": "author"}, {"id": 3443, "label": "Guevara Zárate Juan Manuel", "type": "author"}], "links": [{"source": "d20d0273-8dde-4acb-a5b8-2850d8891ebb", "target": 75, "value": 1}, {"source": 75, "target": "rehabilitación", "value": 1}, {"source": "d20d0273-8dde-4acb-a5b8-2850d8891ebb", "target": 127, "value": 1}, {"source": 127, "target": "tunelización", "value": 2}, {"source": 127, "target": "pacientes", "value": 2}, {"source": 127, "target": "electrofisiología", "value": 2}, {"source": 127, "target": "síndrome de down", "value": 2}, {"source": 127, "target": "síndrome", "value": 2}, {"source": 127, "target": "síndrome del túnel carpiano", "value": 2}, {"source": 127, "target": "conductividad", "value": 2}, {"source": 127, "target": "conducción nerviosa", "value": 1}, {"source": 127, "target": "historia natural", "value": 1}, {"source": 127, "target": "naturaleza", "value": 1}, {"source": 127, "target": "clasificación", "value": 1}, {"source": 127, "target": "pruebas", "value": 1}, {"source": 127, "target": "sincronización", "value": 1}, {"source": 127, "target": "supervisión", "value": 1}, {"source": 127, "target": "tiempo", "value": 1}, {"source": 127, "target": "cirugía", "value": 1}, {"source": 127, "target": "seguimiento del paciente", "value": 1}, {"source": 127, "target": "diagnóstico", "value": 1}, {"source": 127, "target": "tratamiento conservador", "value": 1}, {"source": 127, "target": "inyecciones", "value": 1}, {"source": 127, "target": "estudios de conducción nerviosa", "value": 1}, {"source": 127, "target": "cuestionario de síndrome del túnel carpiano de boston", "value": 1}, {"source": 127, "target": "análisis de componentes principales", "value": 1}, {"source": 127, "target": "análisis factorial", "value": 1}, {"source": 127, "target": "cuestionario del síndrome del túnel del carpiano de boston", "value": 1}, {"source": 127, "target": "análisis de componente principal", "value": 1}, {"source": 127, "target": "dolor", "value": 1}, {"source": 127, "target": "instrumentos", "value": 1}, {"source": 127, "target": "avaro", "value": 1}, {"source": 127, "target": "correlacionadores", "value": 1}, {"source": "d20d0273-8dde-4acb-a5b8-2850d8891ebb", "target": 246, "value": 1}, {"source": 246, "target": "síndrome de down", "value": 15}, {"source": 246, "target": "síndrome", "value": 15}, {"source": 246, "target": "pacientes", "value": 14}, {"source": 246, "target": "síndrome del túnel carpiano", "value": 12}, {"source": 246, "target": "electrofisiología", "value": 8}, {"source": 246, "target": "dolor", "value": 8}, {"source": 246, "target": "métodos", "value": 7}, {"source": 246, "target": "músculos", "value": 7}, {"source": 246, "target": "tunelización", "value": 6}, {"source": 246, "target": "pruebas", "value": 6}, {"source": 246, "target": "informes de casos", "value": 6}, {"source": 246, "target": "cartel", "value": 6}, {"source": 246, "target": "tiempo", "value": 5}, {"source": 246, "target": "diagnóstico", "value": 4}, {"source": 246, "target": "electromiografía", "value": 4}, {"source": 246, "target": "terapéutica", "value": 4}, {"source": 246, "target": "trabajo", "value": 4}, {"source": 246, "target": "conductividad", "value": 3}, {"source": 246, "target": "sincronización", "value": 3}, {"source": 246, "target": "motores", "value": 3}, {"source": 246, "target": "asociación", "value": 3}, {"source": 246, "target": "radiculopatía", "value": 3}, {"source": 246, "target": "rehabilitación", "value": 3}, {"source": 246, "target": "patología", "value": 3}, {"source": 246, "target": "plomo", "value": 3}, {"source": 246, "target": "mujeres", "value": 3}, {"source": 246, "target": "lepra", "value": 3}, {"source": 246, "target": "riesgo", "value": 3}, {"source": 246, "target": "hombro", "value": 3}, {"source": 246, "target": "tenosinovitis", "value": 3}, {"source": "d20d0273-8dde-4acb-a5b8-2850d8891ebb", "target": 380, "value": 1}, {"source": 380, "target": "rehabilitación", "value": 2}, {"source": 380, "target": "amputación", "value": 2}, {"source": 380, "target": "envejecimiento", "value": 2}, {"source": 380, "target": "anciano", "value": 2}, {"source": 380, "target": "anciano de 80 o más años", "value": 2}, {"source": 380, "target": "asociación", "value": 2}, {"source": 380, "target": "métodos", "value": 2}, {"source": 380, "target": "física", "value": 1}, {"source": 380, "target": "medicina", "value": 1}, {"source": 380, "target": "medicina física y rehabilitación", "value": 1}, {"source": 380, "target": "sociedades", "value": 1}, {"source": 380, "target": "congreso", "value": 1}, {"source": 380, "target": "pie", "value": 1}, {"source": 380, "target": "dentaduras", "value": 1}, {"source": 380, "target": "afecto", "value": 1}, {"source": 380, "target": "presión", "value": 1}, {"source": 380, "target": "hombres", "value": 1}, {"source": 380, "target": "mujeres", "value": 1}, {"source": 380, "target": "estadística", "value": 1}, {"source": 380, "target": "prescripciones", "value": 1}, {"source": 380, "target": "diagnóstico", "value": 1}, {"source": 380, "target": "personalidad", "value": 1}, {"source": 380, "target": "personas", "value": 1}, {"source": 380, "target": "salud", "value": 1}, {"source": 380, "target": "políticas", "value": 1}, {"source": 380, "target": "brazo", "value": 1}, {"source": 380, "target": "organismos", "value": 1}, {"source": 380, "target": "metabolismo", "value": 1}, {"source": 380, "target": "ambiente", "value": 1}, {"source": 380, "target": "salud pública", "value": 1}, {"source": "d20d0273-8dde-4acb-a5b8-2850d8891ebb", "target": 394, "value": 1}, {"source": 394, "target": "familia", "value": 3}, {"source": 394, "target": "epidemiología", "value": 2}, {"source": 394, "target": "enseñanza", "value": 2}, {"source": 394, "target": "aprendizaje", "value": 2}, {"source": 394, "target": "recurso educativo digital", "value": 2}, {"source": 394, "target": "medicina alternativa", "value": 2}, {"source": 394, "target": "osteopatía", "value": 2}, {"source": 394, "target": "aprendizaje docente", "value": 2}, {"source": 394, "target": "consultores", "value": 2}, {"source": 394, "target": "medicina", "value": 2}, {"source": 394, "target": "medicalización", "value": 2}, {"source": 394, "target": "contraindicaciones", "value": 2}, {"source": 394, "target": "personalidad", "value": 2}, {"source": 394, "target": "rol", "value": 2}, {"source": 394, "target": "quiropráctica", "value": 2}, {"source": 394, "target": "socialismo", "value": 2}, {"source": 394, "target": "socialización", "value": 2}, {"source": 394, "target": "educación", "value": 2}, {"source": 394, "target": "trabajo", "value": 2}, {"source": 394, "target": "tecnología", "value": 2}, {"source": 394, "target": "historia", "value": 2}, {"source": 394, "target": "dolor musculoesquelético", "value": 1}, {"source": 394, "target": "dolor", "value": 1}, {"source": 394, "target": "diagnóstico", "value": 1}, {"source": 394, "target": "diagnóstico diferencial", "value": 1}, {"source": 394, "target": "clasificación", "value": 1}, {"source": 394, "target": "mano", "value": 1}, {"source": 394, "target": "reflujo gastroesofágico", "value": 1}, {"source": 394, "target": "esofagitis", "value": 1}, {"source": 394, "target": "terapéutica", "value": 1}, {"source": "d20d0273-8dde-4acb-a5b8-2850d8891ebb", "target": 487, "value": 1}, {"source": 487, "target": "pacientes", "value": 4}, {"source": 487, "target": "humanos", "value": 4}, {"source": 487, "target": "dolor", "value": 4}, {"source": 487, "target": "articulaciones", "value": 3}, {"source": 487, "target": "aprendizaje", "value": 3}, {"source": 487, "target": "medicina", "value": 3}, {"source": 487, "target": "educación", "value": 3}, {"source": 487, "target": "multimedia", "value": 3}, {"source": 487, "target": "diagnóstico", "value": 3}, {"source": 487, "target": "humanidades", "value": 3}, {"source": 487, "target": "humanismo", "value": 3}, {"source": 487, "target": "movimiento", "value": 3}, {"source": 487, "target": "salud", "value": 3}, {"source": 487, "target": "osteopatía", "value": 3}, {"source": 487, "target": "dolor de espalda", "value": 3}, {"source": 487, "target": "mecánica", "value": 3}, {"source": 487, "target": "dorso", "value": 3}, {"source": 487, "target": "dolor de la región lumbar", "value": 3}, {"source": 487, "target": "músculos", "value": 2}, {"source": 487, "target": "organismos", "value": 2}, {"source": 487, "target": "elementos", "value": 2}, {"source": 487, "target": "rehabilitación", "value": 2}, {"source": 487, "target": "medicalización", "value": 2}, {"source": 487, "target": "monografía", "value": 2}, {"source": 487, "target": "tecnología", "value": 2}, {"source": 487, "target": "colombia", "value": 2}, {"source": 487, "target": "servicios de salud", "value": 2}, {"source": 487, "target": "física", "value": 2}, {"source": 487, "target": "logro", "value": 2}, {"source": 487, "target": "investigación", "value": 2}, {"source": "d20d0273-8dde-4acb-a5b8-2850d8891ebb", "target": 510, "value": 1}, {"source": 510, "target": "pacientes", "value": 3}, {"source": 510, "target": "electrofisiología", "value": 3}, {"source": 510, "target": "dolor", "value": 2}, {"source": 510, "target": "radiculopatía", "value": 2}, {"source": 510, "target": "rehabilitación", "value": 2}, {"source": 510, "target": "síndrome de down", "value": 2}, {"source": 510, "target": "síndrome", "value": 2}, {"source": 510, "target": "diagnóstico", "value": 2}, {"source": 510, "target": "dorso", "value": 1}, {"source": 510, "target": "músculos", "value": 1}, {"source": 510, "target": "músculos paraespinales", "value": 1}, {"source": 510, "target": "dolor de espalda", "value": 1}, {"source": 510, "target": "dolor de la región lumbar", "value": 1}, {"source": 510, "target": "métodos", "value": 1}, {"source": 510, "target": "observación", "value": 1}, {"source": 510, "target": "periodicidad", "value": 1}, {"source": 510, "target": "envejecimiento", "value": 1}, {"source": 510, "target": "anciano", "value": 1}, {"source": 510, "target": "anciano de 80 o más años", "value": 1}, {"source": 510, "target": "contabilidad", "value": 1}, {"source": 510, "target": "revisión", "value": 1}, {"source": 510, "target": "publicación periódica", "value": 1}, {"source": 510, "target": "medicina", "value": 1}, {"source": 510, "target": "enfermedades", "value": 1}, {"source": 510, "target": "enfermedades reumáticas", "value": 1}, {"source": 510, "target": "enfermedad", "value": 1}, {"source": 510, "target": "electromiografía", "value": 1}, {"source": 510, "target": "clase", "value": 1}, {"source": 510, "target": "guía de estudio", "value": 1}, {"source": 510, "target": "síndrome del túnel carpiano", "value": 1}, {"source": "d20d0273-8dde-4acb-a5b8-2850d8891ebb", "target": 517, "value": 1}, {"source": 517, "target": "pruebas", "value": 3}, {"source": 517, "target": "métodos", "value": 3}, {"source": 517, "target": "envejecimiento", "value": 3}, {"source": 517, "target": "anciano", "value": 3}, {"source": 517, "target": "investigación", "value": 2}, {"source": 517, "target": "revisión", "value": 2}, {"source": 517, "target": "periodicidad", "value": 2}, {"source": 517, "target": "medicina", "value": 2}, {"source": 517, "target": "publicación periódica", "value": 2}, {"source": 517, "target": "multiplexación", "value": 2}, {"source": 517, "target": "lepra", "value": 2}, {"source": 517, "target": "cartel", "value": 2}, {"source": 517, "target": "informes de casos", "value": 2}, {"source": 517, "target": "estandarización", "value": 2}, {"source": 517, "target": "normas", "value": 2}, {"source": 517, "target": "boxeo", "value": 2}, {"source": 517, "target": "correlacionadores", "value": 2}, {"source": 517, "target": "correlación", "value": 2}, {"source": 517, "target": "mano", "value": 2}, {"source": 517, "target": "instituciones académicas", "value": 2}, {"source": 517, "target": "construcción", "value": 2}, {"source": 517, "target": "motores", "value": 2}, {"source": 517, "target": "vida", "value": 2}, {"source": 517, "target": "fiabilidad", "value": 2}, {"source": 517, "target": "responsabilidad parental", "value": 2}, {"source": 517, "target": "hijo único", "value": 2}, {"source": 517, "target": "padres", "value": 2}, {"source": 517, "target": "destreza motora", "value": 2}, {"source": 517, "target": "publicaciones", "value": 2}, {"source": 517, "target": "humanos", "value": 2}, {"source": "d20d0273-8dde-4acb-a5b8-2850d8891ebb", "target": 534, "value": 1}, {"source": 534, "target": "dolor", "value": 1}, {"source": 534, "target": "hospitalización", "value": 1}, {"source": 534, "target": "clínicas de dolor", "value": 1}, {"source": 534, "target": "hospitales", "value": 1}, {"source": "d20d0273-8dde-4acb-a5b8-2850d8891ebb", "target": 547, "value": 1}, {"source": 547, "target": "laparoscopios", "value": 1}, {"source": 547, "target": "lesiones", "value": 1}, {"source": 547, "target": "críticas", "value": 1}, {"source": 547, "target": "literatura", "value": 1}, {"source": 547, "target": "revisión", "value": 1}, {"source": 547, "target": "informes de casos", "value": 1}, {"source": 547, "target": "escisión de ganglios linfáticos", "value": 1}, {"source": 547, "target": "nervio obturador", "value": 1}, {"source": 547, "target": "laparoscopia", "value": 1}, {"source": 547, "target": "escisión del ganglio linfático", "value": 1}, {"source": 547, "target": "laparoscopía", "value": 1}, {"source": 547, "target": "pacientes", "value": 1}, {"source": 547, "target": "publicación", "value": 1}, {"source": 547, "target": "diagnostico clinico", "value": 1}, {"source": 547, "target": "cirugía", "value": 1}, {"source": 547, "target": "administración", "value": 1}, {"source": 547, "target": "fertilizantes", "value": 1}, {"source": 547, "target": "conductividad", "value": 1}, {"source": 547, "target": "sincronización", "value": 1}, {"source": 547, "target": "materiales", "value": 1}, {"source": "d20d0273-8dde-4acb-a5b8-2850d8891ebb", "target": 589, "value": 1}, {"source": 589, "target": "pacientes", "value": 53}, {"source": 589, "target": "electrofisiología", "value": 32}, {"source": 589, "target": "métodos", "value": 32}, {"source": 589, "target": "síndrome de down", "value": 31}, {"source": 589, "target": "síndrome", "value": 31}, {"source": 589, "target": "motores", "value": 22}, {"source": 589, "target": "envejecimiento", "value": 19}, {"source": 589, "target": "pruebas", "value": 17}, {"source": 589, "target": "dolor", "value": 17}, {"source": 589, "target": "síndrome del túnel carpiano", "value": 16}, {"source": 589, "target": "músculos", "value": 16}, {"source": 589, "target": "clasificación", "value": 15}, {"source": 589, "target": "conductividad", "value": 15}, {"source": 589, "target": "electromiografía", "value": 15}, {"source": 589, "target": "tiempo", "value": 14}, {"source": 589, "target": "diagnóstico", "value": 14}, {"source": 589, "target": "correlacionadores", "value": 14}, {"source": 589, "target": "correlación", "value": 14}, {"source": 589, "target": "anciano", "value": 14}, {"source": 589, "target": "parálisis cerebral", "value": 13}, {"source": 589, "target": "anciano de 80 o más años", "value": 12}, {"source": 589, "target": "vida", "value": 10}, {"source": 589, "target": "física", "value": 10}, {"source": 589, "target": "valores de referencia", "value": 10}, {"source": 589, "target": "adulto", "value": 10}, {"source": 589, "target": "estadística", "value": 10}, {"source": 589, "target": "tunelización", "value": 9}, {"source": 589, "target": "nervio mediano", "value": 9}, {"source": 589, "target": "pronóstico", "value": 9}, {"source": 589, "target": "estandarización", "value": 9}, {"source": "d20d0273-8dde-4acb-a5b8-2850d8891ebb", "target": 658, "value": 1}, {"source": 658, "target": "discapacidades para el aprendizaje", "value": 1}, {"source": 658, "target": "diagnóstico", "value": 1}, {"source": 658, "target": "aprendizaje", "value": 1}, {"source": 658, "target": "medicalización", "value": 1}, {"source": 658, "target": "dislexia", "value": 1}, {"source": 658, "target": "enfermedades", "value": 1}, {"source": 658, "target": "enfermedad de alzheimer", "value": 1}, {"source": 658, "target": "enfermedad", "value": 1}, {"source": 658, "target": "estado de conciencia", "value": 1}, {"source": 658, "target": "semántica", "value": 1}, {"source": "d20d0273-8dde-4acb-a5b8-2850d8891ebb", "target": 768, "value": 1}, {"source": 768, "target": "pacientes", "value": 3}, {"source": 768, "target": "hospitalización", "value": 2}, {"source": 768, "target": "métodos", "value": 2}, {"source": 768, "target": "pediatría", "value": 2}, {"source": 768, "target": "población", "value": 2}, {"source": 768, "target": "hospitales", "value": 2}, {"source": 768, "target": "rehabilitación", "value": 2}, {"source": 768, "target": "calidad de vida", "value": 2}, {"source": 768, "target": "educación", "value": 2}, {"source": 768, "target": "programa", "value": 2}, {"source": 768, "target": "nervio peroneo", "value": 1}, {"source": 768, "target": "registros", "value": 1}, {"source": 768, "target": "observación", "value": 1}, {"source": 768, "target": "valores de referencia", "value": 1}, {"source": 768, "target": "envejecimiento", "value": 1}, {"source": 768, "target": "electrofisiología", "value": 1}, {"source": 768, "target": "análisis de datos", "value": 1}, {"source": 768, "target": "grupos de edad", "value": 1}, {"source": 768, "target": "anciano", "value": 1}, {"source": 768, "target": "anciano de 80 o más años", "value": 1}, {"source": 768, "target": "salud", "value": 1}, {"source": 768, "target": "estudio comparativo", "value": 1}, {"source": 768, "target": "colombia", "value": 1}, {"source": 768, "target": "músculos", "value": 1}, {"source": 768, "target": "plomo", "value": 1}, {"source": 768, "target": "familia", "value": 1}, {"source": 768, "target": "hijo único", "value": 1}, {"source": 768, "target": "física", "value": 1}, {"source": 768, "target": "medicina", "value": 1}, {"source": 768, "target": "socialismo", "value": 1}, {"source": "d20d0273-8dde-4acb-a5b8-2850d8891ebb", "target": 822, "value": 1}, {"source": 822, "target": "modelado", "value": 5}, {"source": 822, "target": "pacientes", "value": 4}, {"source": 822, "target": "cadera", "value": 3}, {"source": 822, "target": "generadores", "value": 3}, {"source": 822, "target": "ordenadores", "value": 3}, {"source": 822, "target": "computadores", "value": 3}, {"source": 822, "target": "mecánica", "value": 2}, {"source": 822, "target": "mano", "value": 2}, {"source": 822, "target": "prótesis", "value": 2}, {"source": 822, "target": "motores", "value": 2}, {"source": 822, "target": "simulación", "value": 2}, {"source": 822, "target": "soluciones", "value": 2}, {"source": 822, "target": "historia", "value": 2}, {"source": 822, "target": "articulaciones", "value": 2}, {"source": 822, "target": "pronóstico", "value": 2}, {"source": 822, "target": "afecto", "value": 2}, {"source": 822, "target": "papel", "value": 2}, {"source": 822, "target": "matemáticas", "value": 2}, {"source": 822, "target": "modelo matemático", "value": 2}, {"source": 822, "target": "matemática", "value": 2}, {"source": 822, "target": "células", "value": 2}, {"source": 822, "target": "células 3t3", "value": 2}, {"source": 822, "target": "células a549", "value": 2}, {"source": 822, "target": "ambiente", "value": 2}, {"source": 822, "target": "biomecánica", "value": 2}, {"source": 822, "target": "mecanobiología", "value": 2}, {"source": 822, "target": "formación", "value": 2}, {"source": 822, "target": "curriculum", "value": 2}, {"source": 822, "target": "trabajo", "value": 2}, {"source": 822, "target": "enchapado", "value": 2}, {"source": "d20d0273-8dde-4acb-a5b8-2850d8891ebb", "target": 828, "value": 1}, {"source": 828, "target": "diagnóstico", "value": 2}, {"source": 828, "target": "medicina", "value": 2}, {"source": 828, "target": "universidades", "value": 2}, {"source": 828, "target": "docentes", "value": 2}, {"source": 828, "target": "estudiantes", "value": 1}, {"source": 828, "target": "métodos", "value": 1}, {"source": 828, "target": "colombia", "value": 1}, {"source": 828, "target": "conocimiento", "value": 1}, {"source": 828, "target": "retroalimentación", "value": 1}, {"source": 828, "target": "terapia ocupacional", "value": 1}, {"source": 828, "target": "logoterapia", "value": 1}, {"source": 828, "target": "actitud", "value": 1}, {"source": 828, "target": "habla", "value": 1}, {"source": 828, "target": "autoevaluación", "value": 1}, {"source": 828, "target": "aprendizaje", "value": 1}, {"source": 828, "target": "memoria", "value": 1}, {"source": 828, "target": "percepción", "value": 1}, {"source": 828, "target": "periodicidad", "value": 1}, {"source": 828, "target": "regulación hacia abajo", "value": 1}, {"source": 828, "target": "regulación hacia arriba", "value": 1}, {"source": 828, "target": "rehabilitación", "value": 1}, {"source": 828, "target": "pacientes", "value": 1}, {"source": 828, "target": "rehabilitación cardiaca", "value": 1}, {"source": 828, "target": "programa", "value": 1}, {"source": 828, "target": "calidad de vida", "value": 1}, {"source": 828, "target": "física", "value": 1}, {"source": 828, "target": "arterias", "value": 1}, {"source": 828, "target": "hospitalización", "value": 1}, {"source": 828, "target": "hospitales", "value": 1}, {"source": 828, "target": "enfermedad coronaria", "value": 1}, {"source": "d20d0273-8dde-4acb-a5b8-2850d8891ebb", "target": 860, "value": 1}, {"source": "d20d0273-8dde-4acb-a5b8-2850d8891ebb", "target": 875, "value": 1}, {"source": 875, "target": "rehabilitación", "value": 21}, {"source": 875, "target": "pacientes", "value": 19}, {"source": 875, "target": "hospitalización", "value": 15}, {"source": 875, "target": "envejecimiento", "value": 13}, {"source": 875, "target": "anciano", "value": 13}, {"source": 875, "target": "anciano de 80 o más años", "value": 13}, {"source": 875, "target": "métodos", "value": 12}, {"source": 875, "target": "hospitales", "value": 12}, {"source": 875, "target": "parálisis cerebral", "value": 11}, {"source": 875, "target": "neurología", "value": 7}, {"source": 875, "target": "riesgo", "value": 7}, {"source": 875, "target": "pediatría", "value": 7}, {"source": 875, "target": "historia", "value": 6}, {"source": 875, "target": "factores de riesgo", "value": 6}, {"source": 875, "target": "diagnóstico", "value": 6}, {"source": 875, "target": "medicalización", "value": 6}, {"source": 875, "target": "toxina t-2", "value": 6}, {"source": 875, "target": "toxinas botulínicas", "value": 6}, {"source": 875, "target": "hijo único", "value": 6}, {"source": 875, "target": "motores", "value": 5}, {"source": 875, "target": "lactante", "value": 5}, {"source": 875, "target": "hospitals", "value": 5}, {"source": 875, "target": "afecto", "value": 5}, {"source": 875, "target": "población", "value": 5}, {"source": 875, "target": "vida", "value": 5}, {"source": 875, "target": "niño", "value": 5}, {"source": 875, "target": "pruebas", "value": 4}, {"source": 875, "target": "colombia", "value": 4}, {"source": 875, "target": "patología", "value": 4}, {"source": 875, "target": "física", "value": 4}, {"source": "d20d0273-8dde-4acb-a5b8-2850d8891ebb", "target": 905, "value": 1}, {"source": 905, "target": "medicina", "value": 7}, {"source": 905, "target": "enseñanza", "value": 6}, {"source": 905, "target": "educación", "value": 5}, {"source": 905, "target": "colombia", "value": 4}, {"source": 905, "target": "comunicación", "value": 4}, {"source": 905, "target": "investigación", "value": 4}, {"source": 905, "target": "rehabilitación", "value": 4}, {"source": 905, "target": "comunismo", "value": 3}, {"source": 905, "target": "percepción", "value": 3}, {"source": 905, "target": "universidades", "value": 3}, {"source": 905, "target": "salud", "value": 3}, {"source": 905, "target": "educación en salud", "value": 2}, {"source": 905, "target": "programa", "value": 2}, {"source": 905, "target": "terapia ocupacional", "value": 2}, {"source": 905, "target": "literatura", "value": 2}, {"source": 905, "target": "aprendizaje", "value": 2}, {"source": 905, "target": "urgencias médicas", "value": 2}, {"source": 905, "target": "métodos", "value": 2}, {"source": 905, "target": "estudiantes", "value": 2}, {"source": 905, "target": "docentes", "value": 2}, {"source": 905, "target": "educación médica pregrado", "value": 1}, {"source": 905, "target": "modelos educativos", "value": 1}, {"source": 905, "target": "malla de medición educativa", "value": 1}, {"source": 905, "target": "educación para la salud", "value": 1}, {"source": 905, "target": "educación de pregrado en medicina", "value": 1}, {"source": 905, "target": "modelos educacionales", "value": 1}, {"source": 905, "target": "laboratorios", "value": 1}, {"source": 905, "target": "seminarios", "value": 1}, {"source": 905, "target": "entrevistas", "value": 1}, {"source": 905, "target": "aplicadores", "value": 1}, {"source": "d20d0273-8dde-4acb-a5b8-2850d8891ebb", "target": 3135, "value": 1}, {"source": "d20d0273-8dde-4acb-a5b8-2850d8891ebb", "target": 3192, "value": 1}, {"source": "d20d0273-8dde-4acb-a5b8-2850d8891ebb", "target": 3249, "value": 1}, {"source": "d20d0273-8dde-4acb-a5b8-2850d8891ebb", "target": 3411, "value": 1}, {"source": "d20d0273-8dde-4acb-a5b8-2850d8891ebb", "target": 3443, "value": 1}], "options": [{"label": "Estado inicial", "value": "Departamento de Medicina Física y Rehabilitación", "group": "00. Opciones predeterminadas"}, {"label": "Barahona Rebolledo Carolina", "value": "Barahona Rebolledo Carolina", "group": "02. Opciones de autor"}, {"label": "Calambas Nixon", "value": "Calambas Nixon", "group": "02. Opciones de autor"}, {"label": "Castellar Leones Sandra Milena", "value": "Castellar Leones Sandra Milena", "group": "02. Opciones de autor"}, {"label": "Delgado Cadena Otto Nilsson", "value": "Delgado Cadena Otto Nilsson", "group": "02. Opciones de autor"}, {"label": "Díaz Ruiz Jorge Arturo", "value": "Díaz Ruiz Jorge Arturo", "group": "02. Opciones de autor"}, {"label": "Fonseca Portilla Galia Constanza", "value": "Fonseca Portilla Galia Constanza", "group": "02. Opciones de autor"}, {"label": "Guevara Zárate Juan Manuel", "value": "Guevara Zárate Juan Manuel", "group": "02. Opciones de autor"}, {"label": "Gutiérrez Ramírez Miguel Angel", "value": "Gutiérrez Ramírez Miguel Angel", "group": "02. Opciones de autor"}, {"label": "Hernández Arevalo Abel", "value": "Hernández Arevalo Abel", "group": "02. Opciones de autor"}, {"label": "Martínez Lesmes María Lucia", "value": "Martínez Lesmes María Lucia", "group": "02. Opciones de autor"}, {"label": "Mendoza Pulido Juan Camilo", "value": "Mendoza Pulido Juan Camilo", "group": "02. Opciones de autor"}, {"label": "Monsalve Toro Juan Diego", "value": "Monsalve Toro Juan Diego", "group": "02. Opciones de autor"}, {"label": "Moreno Capacho Miguel Mauricio", "value": "Moreno Capacho Miguel Mauricio", "group": "02. Opciones de autor"}, {"label": "Méndez Buenaventura Fernando", "value": "Méndez Buenaventura Fernando", "group": "02. Opciones de autor"}, {"label": "Ortiz Corredor Fernando", "value": "Ortiz Corredor Fernando", "group": "02. Opciones de autor"}, {"label": "Plata García Sergio Mauricio", "value": "Plata García Sergio Mauricio", "group": "02. Opciones de autor"}, {"label": "Rodriguez Zambrano Liliana Elizabeth", "value": "Rodriguez Zambrano Liliana Elizabeth", "group": "02. Opciones de autor"}, {"label": "Ruiz Ospina Edicson", "value": "Ruiz Ospina Edicson", "group": "02. Opciones de autor"}, {"label": "Silva Caicedo Octavio", "value": "Silva Caicedo Octavio", "group": "02. Opciones de autor"}, {"label": "Soto Sánchez Hugo Alfredo", "value": "Soto Sánchez Hugo Alfredo", "group": "02. Opciones de autor"}, {"label": "Tovar De Nieto Claudia Amparo", "value": "Tovar De Nieto Claudia Amparo", "group": "02. Opciones de autor"}, {"label": "Valencia Valencia Doris", "value": "Valencia Valencia Doris", "group": "02. Opciones de autor"}, {"label": "Vera Silva Leonor", "value": "Vera Silva Leonor", "group": "02. Opciones de autor"}, {"label": "Departamento de Medicina Física y Rehabilitación", "value": "Departamento de Medicina Física y Rehabilitación", "group": "02. Opciones de uab"}, {"label": "actitud", "value": "actitud", "group": "03. Opciones de temas"}, {"label": "administración", "value": "administración", "group": "03. Opciones de temas"}, {"label": "adulto", "value": "adulto", "group": "03. Opciones de temas"}, {"label": "afecto", "value": "afecto", "group": "03. Opciones de temas"}, {"label": "ambiente", "value": "ambiente", "group": "03. Opciones de temas"}, {"label": "amputación", "value": "amputación", "group": "03. Opciones de temas"}, {"label": "anciano", "value": "anciano", "group": "03. Opciones de temas"}, {"label": "anciano de 80 o más años", "value": "anciano de 80 o más años", "group": "03. Opciones de temas"}, {"label": "análisis de componente principal", "value": "análisis de componente principal", "group": "03. Opciones de temas"}, {"label": "análisis de componentes principales", "value": "análisis de componentes principales", "group": "03. Opciones de temas"}, {"label": "análisis de datos", "value": "análisis de datos", "group": "03. Opciones de temas"}, {"label": "análisis factorial", "value": "análisis factorial", "group": "03. Opciones de temas"}, {"label": "aplicadores", "value": "aplicadores", "group": "03. Opciones de temas"}, {"label": "aprendizaje", "value": "aprendizaje", "group": "03. Opciones de temas"}, {"label": "aprendizaje docente", "value": "aprendizaje docente", "group": "03. Opciones de temas"}, {"label": "arterias", "value": "arterias", "group": "03. Opciones de temas"}, {"label": "articulaciones", "value": "articulaciones", "group": "03. Opciones de temas"}, {"label": "asociación", "value": "asociación", "group": "03. Opciones de temas"}, {"label": "autoevaluación", "value": "autoevaluación", "group": "03. Opciones de temas"}, {"label": "avaro", "value": "avaro", "group": "03. Opciones de temas"}, {"label": "biomecánica", "value": "biomecánica", "group": "03. Opciones de temas"}, {"label": "boxeo", "value": "boxeo", "group": "03. Opciones de temas"}, {"label": "brazo", "value": "brazo", "group": "03. Opciones de temas"}, {"label": "cadera", "value": "cadera", "group": "03. Opciones de temas"}, {"label": "calidad de vida", "value": "calidad de vida", "group": "03. Opciones de temas"}, {"label": "cartel", "value": "cartel", "group": "03. Opciones de temas"}, {"label": "cirugía", "value": "cirugía", "group": "03. Opciones de temas"}, {"label": "clase", "value": "clase", "group": "03. Opciones de temas"}, {"label": "clasificación", "value": "clasificación", "group": "03. Opciones de temas"}, {"label": "clínicas de dolor", "value": "clínicas de dolor", "group": "03. Opciones de temas"}, {"label": "colombia", "value": "colombia", "group": "03. Opciones de temas"}, {"label": "computadores", "value": "computadores", "group": "03. Opciones de temas"}, {"label": "comunicación", "value": "comunicación", "group": "03. Opciones de temas"}, {"label": "comunismo", "value": "comunismo", "group": "03. Opciones de temas"}, {"label": "conducción nerviosa", "value": "conducción nerviosa", "group": "03. Opciones de temas"}, {"label": "conductividad", "value": "conductividad", "group": "03. Opciones de temas"}, {"label": "congreso", "value": "congreso", "group": "03. Opciones de temas"}, {"label": "conocimiento", "value": "conocimiento", "group": "03. Opciones de temas"}, {"label": "construcción", "value": "construcción", "group": "03. Opciones de temas"}, {"label": "consultores", "value": "consultores", "group": "03. Opciones de temas"}, {"label": "contabilidad", "value": "contabilidad", "group": "03. Opciones de temas"}, {"label": "contraindicaciones", "value": "contraindicaciones", "group": "03. Opciones de temas"}, {"label": "correlacionadores", "value": "correlacionadores", "group": "03. Opciones de temas"}, {"label": "correlación", "value": "correlación", "group": "03. Opciones de temas"}, {"label": "críticas", "value": "críticas", "group": "03. Opciones de temas"}, {"label": "cuestionario de síndrome del túnel carpiano de boston", "value": "cuestionario de síndrome del túnel carpiano de boston", "group": "03. Opciones de temas"}, {"label": "cuestionario del síndrome del túnel del carpiano de boston", "value": "cuestionario del síndrome del túnel del carpiano de boston", "group": "03. Opciones de temas"}, {"label": "curriculum", "value": "curriculum", "group": "03. Opciones de temas"}, {"label": "células", "value": "células", "group": "03. Opciones de temas"}, {"label": "células 3t3", "value": "células 3t3", "group": "03. Opciones de temas"}, {"label": "células a549", "value": "células a549", "group": "03. Opciones de temas"}, {"label": "dentaduras", "value": "dentaduras", "group": "03. Opciones de temas"}, {"label": "destreza motora", "value": "destreza motora", "group": "03. Opciones de temas"}, {"label": "diagnostico clinico", "value": "diagnostico clinico", "group": "03. Opciones de temas"}, {"label": "diagnóstico", "value": "diagnóstico", "group": "03. Opciones de temas"}, {"label": "diagnóstico diferencial", "value": "diagnóstico diferencial", "group": "03. Opciones de temas"}, {"label": "discapacidades para el aprendizaje", "value": "discapacidades para el aprendizaje", "group": "03. Opciones de temas"}, {"label": "dislexia", "value": "dislexia", "group": "03. Opciones de temas"}, {"label": "docentes", "value": "docentes", "group": "03. Opciones de temas"}, {"label": "dolor", "value": "dolor", "group": "03. Opciones de temas"}, {"label": "dolor de espalda", "value": "dolor de espalda", "group": "03. Opciones de temas"}, {"label": "dolor de la región lumbar", "value": "dolor de la región lumbar", "group": "03. Opciones de temas"}, {"label": "dolor musculoesquelético", "value": "dolor musculoesquelético", "group": "03. Opciones de temas"}, {"label": "dorso", "value": "dorso", "group": "03. Opciones de temas"}, {"label": "educación", "value": "educación", "group": "03. Opciones de temas"}, {"label": "educación de pregrado en medicina", "value": "educación de pregrado en medicina", "group": "03. Opciones de temas"}, {"label": "educación en salud", "value": "educación en salud", "group": "03. Opciones de temas"}, {"label": "educación médica pregrado", "value": "educación médica pregrado", "group": "03. Opciones de temas"}, {"label": "educación para la salud", "value": "educación para la salud", "group": "03. Opciones de temas"}, {"label": "electrofisiología", "value": "electrofisiología", "group": "03. Opciones de temas"}, {"label": "electromiografía", "value": "electromiografía", "group": "03. Opciones de temas"}, {"label": "elementos", "value": "elementos", "group": "03. Opciones de temas"}, {"label": "enchapado", "value": "enchapado", "group": "03. Opciones de temas"}, {"label": "enfermedad", "value": "enfermedad", "group": "03. Opciones de temas"}, {"label": "enfermedad coronaria", "value": "enfermedad coronaria", "group": "03. Opciones de temas"}, {"label": "enfermedad de alzheimer", "value": "enfermedad de alzheimer", "group": "03. Opciones de temas"}, {"label": "enfermedades", "value": "enfermedades", "group": "03. Opciones de temas"}, {"label": "enfermedades reumáticas", "value": "enfermedades reumáticas", "group": "03. Opciones de temas"}, {"label": "enseñanza", "value": "enseñanza", "group": "03. Opciones de temas"}, {"label": "entrevistas", "value": "entrevistas", "group": "03. Opciones de temas"}, {"label": "envejecimiento", "value": "envejecimiento", "group": "03. Opciones de temas"}, {"label": "epidemiología", "value": "epidemiología", "group": "03. Opciones de temas"}, {"label": "escisión de ganglios linfáticos", "value": "escisión de ganglios linfáticos", "group": "03. Opciones de temas"}, {"label": "escisión del ganglio linfático", "value": "escisión del ganglio linfático", "group": "03. Opciones de temas"}, {"label": "esofagitis", "value": "esofagitis", "group": "03. Opciones de temas"}, {"label": "estado de conciencia", "value": "estado de conciencia", "group": "03. Opciones de temas"}, {"label": "estadística", "value": "estadística", "group": "03. Opciones de temas"}, {"label": "estandarización", "value": "estandarización", "group": "03. Opciones de temas"}, {"label": "estudiantes", "value": "estudiantes", "group": "03. Opciones de temas"}, {"label": "estudio comparativo", "value": "estudio comparativo", "group": "03. Opciones de temas"}, {"label": "estudios de conducción nerviosa", "value": "estudios de conducción nerviosa", "group": "03. Opciones de temas"}, {"label": "factores de riesgo", "value": "factores de riesgo", "group": "03. Opciones de temas"}, {"label": "familia", "value": "familia", "group": "03. Opciones de temas"}, {"label": "fertilizantes", "value": "fertilizantes", "group": "03. Opciones de temas"}, {"label": "fiabilidad", "value": "fiabilidad", "group": "03. Opciones de temas"}, {"label": "formación", "value": "formación", "group": "03. Opciones de temas"}, {"label": "física", "value": "física", "group": "03. Opciones de temas"}, {"label": "generadores", "value": "generadores", "group": "03. Opciones de temas"}, {"label": "grupos de edad", "value": "grupos de edad", "group": "03. Opciones de temas"}, {"label": "guía de estudio", "value": "guía de estudio", "group": "03. Opciones de temas"}, {"label": "habla", "value": "habla", "group": "03. Opciones de temas"}, {"label": "hijo único", "value": "hijo único", "group": "03. Opciones de temas"}, {"label": "historia", "value": "historia", "group": "03. Opciones de temas"}, {"label": "historia natural", "value": "historia natural", "group": "03. Opciones de temas"}, {"label": "hombres", "value": "hombres", "group": "03. Opciones de temas"}, {"label": "hombro", "value": "hombro", "group": "03. Opciones de temas"}, {"label": "hospitales", "value": "hospitales", "group": "03. Opciones de temas"}, {"label": "hospitalización", "value": "hospitalización", "group": "03. Opciones de temas"}, {"label": "hospitals", "value": "hospitals", "group": "03. Opciones de temas"}, {"label": "humanidades", "value": "humanidades", "group": "03. Opciones de temas"}, {"label": "humanismo", "value": "humanismo", "group": "03. Opciones de temas"}, {"label": "humanos", "value": "humanos", "group": "03. Opciones de temas"}, {"label": "informes de casos", "value": "informes de casos", "group": "03. Opciones de temas"}, {"label": "instituciones académicas", "value": "instituciones académicas", "group": "03. Opciones de temas"}, {"label": "instrumentos", "value": "instrumentos", "group": "03. Opciones de temas"}, {"label": "investigación", "value": "investigación", "group": "03. Opciones de temas"}, {"label": "inyecciones", "value": "inyecciones", "group": "03. Opciones de temas"}, {"label": "laboratorios", "value": "laboratorios", "group": "03. Opciones de temas"}, {"label": "lactante", "value": "lactante", "group": "03. Opciones de temas"}, {"label": "laparoscopia", "value": "laparoscopia", "group": "03. Opciones de temas"}, {"label": "laparoscopios", "value": "laparoscopios", "group": "03. Opciones de temas"}, {"label": "laparoscopía", "value": "laparoscopía", "group": "03. Opciones de temas"}, {"label": "lepra", "value": "lepra", "group": "03. Opciones de temas"}, {"label": "lesiones", "value": "lesiones", "group": "03. Opciones de temas"}, {"label": "literatura", "value": "literatura", "group": "03. Opciones de temas"}, {"label": "logoterapia", "value": "logoterapia", "group": "03. Opciones de temas"}, {"label": "logro", "value": "logro", "group": "03. Opciones de temas"}, {"label": "malla de medición educativa", "value": "malla de medición educativa", "group": "03. Opciones de temas"}, {"label": "mano", "value": "mano", "group": "03. Opciones de temas"}, {"label": "matemática", "value": "matemática", "group": "03. Opciones de temas"}, {"label": "matemáticas", "value": "matemáticas", "group": "03. Opciones de temas"}, {"label": "materiales", "value": "materiales", "group": "03. Opciones de temas"}, {"label": "mecanobiología", "value": "mecanobiología", "group": "03. Opciones de temas"}, {"label": "mecánica", "value": "mecánica", "group": "03. Opciones de temas"}, {"label": "medicalización", "value": "medicalización", "group": "03. Opciones de temas"}, {"label": "medicina", "value": "medicina", "group": "03. Opciones de temas"}, {"label": "medicina alternativa", "value": "medicina alternativa", "group": "03. Opciones de temas"}, {"label": "medicina física y rehabilitación", "value": "medicina física y rehabilitación", "group": "03. Opciones de temas"}, {"label": "memoria", "value": "memoria", "group": "03. Opciones de temas"}, {"label": "metabolismo", "value": "metabolismo", "group": "03. Opciones de temas"}, {"label": "modelado", "value": "modelado", "group": "03. Opciones de temas"}, {"label": "modelo matemático", "value": "modelo matemático", "group": "03. Opciones de temas"}, {"label": "modelos educacionales", "value": "modelos educacionales", "group": "03. Opciones de temas"}, {"label": "modelos educativos", "value": "modelos educativos", "group": "03. Opciones de temas"}, {"label": "monografía", "value": "monografía", "group": "03. Opciones de temas"}, {"label": "motores", "value": "motores", "group": "03. Opciones de temas"}, {"label": "movimiento", "value": "movimiento", "group": "03. Opciones de temas"}, {"label": "mujeres", "value": "mujeres", "group": "03. Opciones de temas"}, {"label": "multimedia", "value": "multimedia", "group": "03. Opciones de temas"}, {"label": "multiplexación", "value": "multiplexación", "group": "03. Opciones de temas"}, {"label": "métodos", "value": "métodos", "group": "03. Opciones de temas"}, {"label": "músculos", "value": "músculos", "group": "03. Opciones de temas"}, {"label": "músculos paraespinales", "value": "músculos paraespinales", "group": "03. Opciones de temas"}, {"label": "naturaleza", "value": "naturaleza", "group": "03. Opciones de temas"}, {"label": "nervio mediano", "value": "nervio mediano", "group": "03. Opciones de temas"}, {"label": "nervio obturador", "value": "nervio obturador", "group": "03. Opciones de temas"}, {"label": "nervio peroneo", "value": "nervio peroneo", "group": "03. Opciones de temas"}, {"label": "neurología", "value": "neurología", "group": "03. Opciones de temas"}, {"label": "niño", "value": "niño", "group": "03. Opciones de temas"}, {"label": "normas", "value": "normas", "group": "03. Opciones de temas"}, {"label": "observación", "value": "observación", "group": "03. Opciones de temas"}, {"label": "ordenadores", "value": "ordenadores", "group": "03. Opciones de temas"}, {"label": "organismos", "value": "organismos", "group": "03. Opciones de temas"}, {"label": "osteopatía", "value": "osteopatía", "group": "03. Opciones de temas"}, {"label": "pacientes", "value": "pacientes", "group": "03. Opciones de temas"}, {"label": "padres", "value": "padres", "group": "03. Opciones de temas"}, {"label": "papel", "value": "papel", "group": "03. Opciones de temas"}, {"label": "parálisis cerebral", "value": "parálisis cerebral", "group": "03. Opciones de temas"}, {"label": "patología", "value": "patología", "group": "03. Opciones de temas"}, {"label": "pediatría", "value": "pediatría", "group": "03. Opciones de temas"}, {"label": "percepción", "value": "percepción", "group": "03. Opciones de temas"}, {"label": "periodicidad", "value": "periodicidad", "group": "03. Opciones de temas"}, {"label": "personalidad", "value": "personalidad", "group": "03. Opciones de temas"}, {"label": "personas", "value": "personas", "group": "03. Opciones de temas"}, {"label": "pie", "value": "pie", "group": "03. Opciones de temas"}, {"label": "plomo", "value": "plomo", "group": "03. Opciones de temas"}, {"label": "población", "value": "población", "group": "03. Opciones de temas"}, {"label": "políticas", "value": "políticas", "group": "03. Opciones de temas"}, {"label": "prescripciones", "value": "prescripciones", "group": "03. Opciones de temas"}, {"label": "presión", "value": "presión", "group": "03. Opciones de temas"}, {"label": "programa", "value": "programa", "group": "03. Opciones de temas"}, {"label": "pronóstico", "value": "pronóstico", "group": "03. Opciones de temas"}, {"label": "pruebas", "value": "pruebas", "group": "03. Opciones de temas"}, {"label": "prótesis", "value": "prótesis", "group": "03. Opciones de temas"}, {"label": "publicaciones", "value": "publicaciones", "group": "03. Opciones de temas"}, {"label": "publicación", "value": "publicación", "group": "03. Opciones de temas"}, {"label": "publicación periódica", "value": "publicación periódica", "group": "03. Opciones de temas"}, {"label": "quiropráctica", "value": "quiropráctica", "group": "03. Opciones de temas"}, {"label": "radiculopatía", "value": "radiculopatía", "group": "03. Opciones de temas"}, {"label": "recurso educativo digital", "value": "recurso educativo digital", "group": "03. Opciones de temas"}, {"label": "reflujo gastroesofágico", "value": "reflujo gastroesofágico", "group": "03. Opciones de temas"}, {"label": "registros", "value": "registros", "group": "03. Opciones de temas"}, {"label": "regulación hacia abajo", "value": "regulación hacia abajo", "group": "03. Opciones de temas"}, {"label": "regulación hacia arriba", "value": "regulación hacia arriba", "group": "03. Opciones de temas"}, {"label": "rehabilitación", "value": "rehabilitación", "group": "03. Opciones de temas"}, {"label": "rehabilitación cardiaca", "value": "rehabilitación cardiaca", "group": "03. Opciones de temas"}, {"label": "responsabilidad parental", "value": "responsabilidad parental", "group": "03. Opciones de temas"}, {"label": "retroalimentación", "value": "retroalimentación", "group": "03. Opciones de temas"}, {"label": "revisión", "value": "revisión", "group": "03. Opciones de temas"}, {"label": "riesgo", "value": "riesgo", "group": "03. Opciones de temas"}, {"label": "rol", "value": "rol", "group": "03. Opciones de temas"}, {"label": "salud", "value": "salud", "group": "03. Opciones de temas"}, {"label": "salud pública", "value": "salud pública", "group": "03. Opciones de temas"}, {"label": "seguimiento del paciente", "value": "seguimiento del paciente", "group": "03. Opciones de temas"}, {"label": "seminarios", "value": "seminarios", "group": "03. Opciones de temas"}, {"label": "semántica", "value": "semántica", "group": "03. Opciones de temas"}, {"label": "servicios de salud", "value": "servicios de salud", "group": "03. Opciones de temas"}, {"label": "simulación", "value": "simulación", "group": "03. Opciones de temas"}, {"label": "sincronización", "value": "sincronización", "group": "03. Opciones de temas"}, {"label": "socialismo", "value": "socialismo", "group": "03. Opciones de temas"}, {"label": "socialización", "value": "socialización", "group": "03. Opciones de temas"}, {"label": "sociedades", "value": "sociedades", "group": "03. Opciones de temas"}, {"label": "soluciones", "value": "soluciones", "group": "03. Opciones de temas"}, {"label": "supervisión", "value": "supervisión", "group": "03. Opciones de temas"}, {"label": "síndrome", "value": "síndrome", "group": "03. Opciones de temas"}, {"label": "síndrome de down", "value": "síndrome de down", "group": "03. Opciones de temas"}, {"label": "síndrome del túnel carpiano", "value": "síndrome del túnel carpiano", "group": "03. Opciones de temas"}, {"label": "tecnología", "value": "tecnología", "group": "03. Opciones de temas"}, {"label": "tenosinovitis", "value": "tenosinovitis", "group": "03. Opciones de temas"}, {"label": "terapia ocupacional", "value": "terapia ocupacional", "group": "03. Opciones de temas"}, {"label": "terapéutica", "value": "terapéutica", "group": "03. Opciones de temas"}, {"label": "tiempo", "value": "tiempo", "group": "03. Opciones de temas"}, {"label": "toxina t-2", "value": "toxina t-2", "group": "03. Opciones de temas"}, {"label": "toxinas botulínicas", "value": "toxinas botulínicas", "group": "03. Opciones de temas"}, {"label": "trabajo", "value": "trabajo", "group": "03. Opciones de temas"}, {"label": "tratamiento conservador", "value": "tratamiento conservador", "group": "03. Opciones de temas"}, {"label": "tunelización", "value": "tunelización", "group": "03. Opciones de temas"}, {"label": "universidades", "value": "universidades", "group": "03. Opciones de temas"}, {"label": "urgencias médicas", "value": "urgencias médicas", "group": "03. Opciones de temas"}, {"label": "valores de referencia", "value": "valores de referencia", "group": "03. Opciones de temas"}, {"label": "vida", "value": "vida", "group": "03. Opciones de temas"}]}