{"nodes": [{"id": "8e6c7f64-c2b9-4ea3-9e74-dd954e8652d8", "label": "FACULTAD DE CIENCIAS AGROPECUARIAS", "type": "faculty"}, {"id": "7da3b6de-f40c-4b0b-9235-7430718a0da4", "label": "Departamento de Ciencias Agrícolas", "type": "uab"}, {"id": 2580, "label": "Pelaez Pelaez Manuel Jose", "type": "author"}, {"id": 2582, "label": "Muñoz Perea Carlos German", "type": "author"}, {"id": 2586, "label": "Vasquez Amariles Herney Dario", "type": "author"}, {"id": 2587, "label": "Zarate Reyes Ruben Dario", "type": "author"}, {"id": 2590, "label": "Hidalgo Hidalgo Rigoberto", "type": "author"}, {"id": 2591, "label": "Manzano Martinez Maria Del Rosario", "type": "author"}, {"id": 2592, "label": "Cardozo Conde Carlos Ivan", "type": "author"}, {"id": 2593, "label": "Estrada Salazar Edgar Ivan", "type": "author"}, {"id": 2595, "label": "Menjivar Flores Juan Carlos", "type": "author"}, {"id": "geohazard", "label": "geohazard", "type": "topic"}, {"id": "cultivo de café", "label": "cultivo de café", "type": "topic"}, {"id": "susceptibilidad de deslizamiento de tierra", "label": "susceptibilidad de deslizamiento de tierra", "type": "topic"}, {"id": "frecuencia", "label": "frecuencia", "type": "topic"}, {"id": "geología", "label": "geología", "type": "topic"}, {"id": "tierra", "label": "tierra", "type": "topic"}, {"id": "ceniza volcánica", "label": "ceniza volcánica", "type": "topic"}, {"id": "logística", "label": "logística", "type": "topic"}, {"id": "autorización", "label": "autorización", "type": "topic"}, {"id": "conductividad", "label": "conductividad", "type": "topic"}, {"id": "encendiendo", "label": "encendiendo", "type": "topic"}, {"id": "compuestos", "label": "compuestos", "type": "topic"}, {"id": "probabilidad", "label": "probabilidad", "type": "topic"}, {"id": "índices", "label": "índices", "type": "topic"}, {"id": "indexación", "label": "indexación", "type": "topic"}, {"id": "modelado", "label": "modelado", "type": "topic"}, {"id": 2596, "label": "Ramos Rodriguez Hector Fabio", "type": "author"}, {"id": 2598, "label": "Ceballos Lascano Hernan", "type": "author"}, {"id": 2602, "label": "Rivera Posada Jose Horacio", "type": "author"}, {"id": 2605, "label": "Mejia De Tafur Maria Sara", "type": "author"}, {"id": 2612, "label": "Mesa Cobo Nora Cristina", "type": "author"}, {"id": 2615, "label": "Vaca Vaca Juan Carlos", "type": "author"}, {"id": 2633, "label": "Vallejo Cabrera Franco Alirio", "type": "author"}, {"id": "métodos de agrupamiento", "label": "métodos de agrupamiento", "type": "topic"}, {"id": "genética", "label": "genética", "type": "topic"}, {"id": "transformaciones", "label": "transformaciones", "type": "topic"}, {"id": "transformadores", "label": "transformadores", "type": "topic"}, {"id": 2638, "label": "Garcia Davila Mario Augusto", "type": "author"}, {"id": 2642, "label": "Velasquez Ibañez Elena", "type": "author"}, {"id": 3088, "label": "Morillo Coronado Yacenia", "type": "author"}, {"id": "321dfc04-89e1-4613-b05d-d64a6450265f", "label": "Departamento de Ciencia Animal", "type": "uab"}, {"id": 2581, "label": "Rincón Florez Juan Carlos", "type": "author"}, {"id": 2584, "label": "Owen Bartlett Arthur Alwyn", "type": "author"}, {"id": 2594, "label": "Lenis Sanin Yasser Yohan", "type": "author"}, {"id": 2599, "label": "Velez Terranova Oscar Mauricio", "type": "author"}, {"id": 2600, "label": "Gomez Carabali Arnulfo", "type": "author"}, {"id": 2601, "label": "Sarria Buenaventura Patricia Isabel", "type": "author"}, {"id": 2603, "label": "Alvarez Franco Luz Angela", "type": "author"}, {"id": 2604, "label": "Quintero De Vallejo Victoria Eugenia", "type": "author"}, {"id": 2607, "label": "Campos Gaona Romulo", "type": "author"}, {"id": 2609, "label": "Muñoz Arboleda Luz Stella", "type": "author"}, {"id": 2616, "label": "Pineda Vasquez Maria Elena", "type": "author"}, {"id": 2617, "label": "Sanchez Guerrero Hugo", "type": "author"}, {"id": 2618, "label": "Hernandez Herrera Darwin Yovanny", "type": "author"}, {"id": 2619, "label": "Vasquez Gamboa Lucena", "type": "author"}, {"id": 2621, "label": "Giraldo Patiño Leonidas", "type": "author"}, {"id": 2622, "label": "Benavides Montaño Javier Antonio", "type": "author"}, {"id": 2623, "label": "Lopez Galeano Arnobio", "type": "author"}, {"id": 2624, "label": "Ararat Jose Enrique", "type": "author"}, {"id": 2629, "label": "Reyes Rojas Gustavo Adolfo", "type": "author"}, {"id": 2630, "label": "Ramirez Nader Luis Miguel", "type": "author"}, {"id": 2631, "label": "Ortiz Grisales Sanin", "type": "author"}, {"id": 2632, "label": "Malagon Manrique Ricardo", "type": "author"}, {"id": 2635, "label": "Gracia Cardenas Roberto", "type": "author"}, {"id": 2637, "label": "Duran Castro Carlos Vicente", "type": "author"}, {"id": 2639, "label": "Jaramillo Cruz Carlos Alberto", "type": "author"}, {"id": 2640, "label": "Gomez Peñaranda Jose Ader", "type": "author"}, {"id": 2641, "label": "Valencia Llano Nestor Fabio", "type": "author"}, {"id": 2860, "label": "Soares Da Silva Ferreira Matheus", "type": "author"}, {"id": 3221, "label": "Camargo Rodriguez Delmis Omar", "type": "author"}, {"id": 3395, "label": "Barrientos Grajales Sorany Milena", "type": "author"}, {"id": "afc0b0b6-d5a8-43da-af75-7b2082330f27", "label": "Departamento de Ciencias Biológicas", "type": "uab"}, {"id": 2583, "label": "Sanchez De Prager Marina", "type": "author"}, {"id": 2585, "label": "Ocampo Perez Jhon Albeiro", "type": "author"}, {"id": 2588, "label": "Tovar Vanegas Jorge Enrique", "type": "author"}, {"id": 2589, "label": "Gutierrez Forero Jose Ariel", "type": "author"}, {"id": 2597, "label": "Lopez Alvarez Diana Carolina", "type": "author"}, {"id": 2606, "label": "Ortiz Escobar Amanda", "type": "author"}, {"id": 2608, "label": "De La Cruz Aparicio Gabriel Antonio", "type": "author"}, {"id": 2610, "label": "Lopez Lopez Karina", "type": "author"}, {"id": 2611, "label": "Gomez Lopez Eyder Daniel", "type": "author"}, {"id": 2613, "label": "Muñoz Florez Jaime Eduardo", "type": "author"}, {"id": 2614, "label": "Barrera Marin Nancy", "type": "author"}, {"id": 2620, "label": "Sanchez Orozco Manuel Salvador", "type": "author"}, {"id": 2625, "label": "Londoño Motta Angela Maria", "type": "author"}, {"id": 2626, "label": "Forero Pinto Luis Eduardo", "type": "author"}, {"id": 2627, "label": "Ramirez Hernando", "type": "author"}, {"id": 2628, "label": "Caetano Creuci Maria", "type": "author"}, {"id": 2634, "label": "Angel Sanchez Diego Ivan", "type": "author"}, {"id": 2636, "label": "Prager Mosquera Martin", "type": "author"}, {"id": 3092, "label": "Franco Gamboa Angelica", "type": "author"}, {"id": 3145, "label": "Hoyos Castaño Veronica", "type": "author"}], "links": [{"source": "8e6c7f64-c2b9-4ea3-9e74-dd954e8652d8", "target": "7da3b6de-f40c-4b0b-9235-7430718a0da4", "value": 1}, {"source": "7da3b6de-f40c-4b0b-9235-7430718a0da4", "target": 2580, "value": 1}, {"source": "7da3b6de-f40c-4b0b-9235-7430718a0da4", "target": 2582, "value": 1}, {"source": "7da3b6de-f40c-4b0b-9235-7430718a0da4", "target": 2586, "value": 1}, {"source": "7da3b6de-f40c-4b0b-9235-7430718a0da4", "target": 2587, "value": 1}, {"source": "7da3b6de-f40c-4b0b-9235-7430718a0da4", "target": 2590, "value": 1}, {"source": "7da3b6de-f40c-4b0b-9235-7430718a0da4", "target": 2591, "value": 1}, {"source": "7da3b6de-f40c-4b0b-9235-7430718a0da4", "target": 2592, "value": 1}, {"source": "7da3b6de-f40c-4b0b-9235-7430718a0da4", "target": 2593, "value": 1}, {"source": "7da3b6de-f40c-4b0b-9235-7430718a0da4", "target": 2595, "value": 1}, {"source": 2595, "target": "geohazard", "value": 1}, {"source": 2595, "target": "cultivo de café", "value": 1}, {"source": 2595, "target": "susceptibilidad de deslizamiento de tierra", "value": 1}, {"source": 2595, "target": "frecuencia", "value": 1}, {"source": 2595, "target": "geología", "value": 1}, {"source": 2595, "target": "tierra", "value": 1}, {"source": 2595, "target": "ceniza volcánica", "value": 1}, {"source": 2595, "target": "logística", "value": 1}, {"source": 2595, "target": "autorización", "value": 1}, {"source": 2595, "target": "conductividad", "value": 1}, {"source": 2595, "target": "encendiendo", "value": 1}, {"source": 2595, "target": "compuestos", "value": 1}, {"source": 2595, "target": "probabilidad", "value": 1}, {"source": 2595, "target": "índices", "value": 1}, {"source": 2595, "target": "indexación", "value": 1}, {"source": 2595, "target": "modelado", "value": 1}, {"source": "7da3b6de-f40c-4b0b-9235-7430718a0da4", "target": 2596, "value": 1}, {"source": "7da3b6de-f40c-4b0b-9235-7430718a0da4", "target": 2598, "value": 1}, {"source": "7da3b6de-f40c-4b0b-9235-7430718a0da4", "target": 2602, "value": 1}, {"source": "7da3b6de-f40c-4b0b-9235-7430718a0da4", "target": 2605, "value": 1}, {"source": "7da3b6de-f40c-4b0b-9235-7430718a0da4", "target": 2612, "value": 1}, {"source": "7da3b6de-f40c-4b0b-9235-7430718a0da4", "target": 2615, "value": 1}, {"source": "7da3b6de-f40c-4b0b-9235-7430718a0da4", "target": 2633, "value": 1}, {"source": 2633, "target": "métodos de agrupamiento", "value": 2}, {"source": 2633, "target": "genética", "value": 2}, {"source": 2633, "target": "conductividad", "value": 2}, {"source": 2633, "target": "transformaciones", "value": 2}, {"source": 2633, "target": "transformadores", "value": 2}, {"source": 2633, "target": "índices", "value": 2}, {"source": 2633, "target": "indexación", "value": 2}, {"source": "7da3b6de-f40c-4b0b-9235-7430718a0da4", "target": 2638, "value": 1}, {"source": "7da3b6de-f40c-4b0b-9235-7430718a0da4", "target": 2642, "value": 1}, {"source": "7da3b6de-f40c-4b0b-9235-7430718a0da4", "target": 3088, "value": 1}, {"source": "8e6c7f64-c2b9-4ea3-9e74-dd954e8652d8", "target": "321dfc04-89e1-4613-b05d-d64a6450265f", "value": 1}, {"source": "321dfc04-89e1-4613-b05d-d64a6450265f", "target": 2581, "value": 1}, {"source": "321dfc04-89e1-4613-b05d-d64a6450265f", "target": 2584, "value": 1}, {"source": "321dfc04-89e1-4613-b05d-d64a6450265f", "target": 2594, "value": 1}, {"source": "321dfc04-89e1-4613-b05d-d64a6450265f", "target": 2599, "value": 1}, {"source": "321dfc04-89e1-4613-b05d-d64a6450265f", "target": 2600, "value": 1}, {"source": "321dfc04-89e1-4613-b05d-d64a6450265f", "target": 2601, "value": 1}, {"source": "321dfc04-89e1-4613-b05d-d64a6450265f", "target": 2603, "value": 1}, {"source": "321dfc04-89e1-4613-b05d-d64a6450265f", "target": 2604, "value": 1}, {"source": "321dfc04-89e1-4613-b05d-d64a6450265f", "target": 2607, "value": 1}, {"source": "321dfc04-89e1-4613-b05d-d64a6450265f", "target": 2609, "value": 1}, {"source": "321dfc04-89e1-4613-b05d-d64a6450265f", "target": 2616, "value": 1}, {"source": "321dfc04-89e1-4613-b05d-d64a6450265f", "target": 2617, "value": 1}, {"source": "321dfc04-89e1-4613-b05d-d64a6450265f", "target": 2618, "value": 1}, {"source": "321dfc04-89e1-4613-b05d-d64a6450265f", "target": 2619, "value": 1}, {"source": "321dfc04-89e1-4613-b05d-d64a6450265f", "target": 2621, "value": 1}, {"source": "321dfc04-89e1-4613-b05d-d64a6450265f", "target": 2622, "value": 1}, {"source": "321dfc04-89e1-4613-b05d-d64a6450265f", "target": 2623, "value": 1}, {"source": "321dfc04-89e1-4613-b05d-d64a6450265f", "target": 2624, "value": 1}, {"source": "321dfc04-89e1-4613-b05d-d64a6450265f", "target": 2629, "value": 1}, {"source": "321dfc04-89e1-4613-b05d-d64a6450265f", "target": 2630, "value": 1}, {"source": "321dfc04-89e1-4613-b05d-d64a6450265f", "target": 2631, "value": 1}, {"source": "321dfc04-89e1-4613-b05d-d64a6450265f", "target": 2632, "value": 1}, {"source": "321dfc04-89e1-4613-b05d-d64a6450265f", "target": 2635, "value": 1}, {"source": "321dfc04-89e1-4613-b05d-d64a6450265f", "target": 2637, "value": 1}, {"source": "321dfc04-89e1-4613-b05d-d64a6450265f", "target": 2639, "value": 1}, {"source": "321dfc04-89e1-4613-b05d-d64a6450265f", "target": 2640, "value": 1}, {"source": "321dfc04-89e1-4613-b05d-d64a6450265f", "target": 2641, "value": 1}, {"source": "321dfc04-89e1-4613-b05d-d64a6450265f", "target": 2860, "value": 1}, {"source": "321dfc04-89e1-4613-b05d-d64a6450265f", "target": 3221, "value": 1}, {"source": "321dfc04-89e1-4613-b05d-d64a6450265f", "target": 3395, "value": 1}, {"source": "8e6c7f64-c2b9-4ea3-9e74-dd954e8652d8", "target": "afc0b0b6-d5a8-43da-af75-7b2082330f27", "value": 1}, {"source": "afc0b0b6-d5a8-43da-af75-7b2082330f27", "target": 2583, "value": 1}, {"source": "afc0b0b6-d5a8-43da-af75-7b2082330f27", "target": 2585, "value": 1}, {"source": "afc0b0b6-d5a8-43da-af75-7b2082330f27", "target": 2588, "value": 1}, {"source": "afc0b0b6-d5a8-43da-af75-7b2082330f27", "target": 2589, "value": 1}, {"source": "afc0b0b6-d5a8-43da-af75-7b2082330f27", "target": 2597, "value": 1}, {"source": "afc0b0b6-d5a8-43da-af75-7b2082330f27", "target": 2606, "value": 1}, {"source": "afc0b0b6-d5a8-43da-af75-7b2082330f27", "target": 2608, "value": 1}, {"source": "afc0b0b6-d5a8-43da-af75-7b2082330f27", "target": 2610, "value": 1}, {"source": "afc0b0b6-d5a8-43da-af75-7b2082330f27", "target": 2611, "value": 1}, {"source": "afc0b0b6-d5a8-43da-af75-7b2082330f27", "target": 2613, "value": 1}, {"source": "afc0b0b6-d5a8-43da-af75-7b2082330f27", "target": 2614, "value": 1}, {"source": "afc0b0b6-d5a8-43da-af75-7b2082330f27", "target": 2620, "value": 1}, {"source": "afc0b0b6-d5a8-43da-af75-7b2082330f27", "target": 2625, "value": 1}, {"source": "afc0b0b6-d5a8-43da-af75-7b2082330f27", "target": 2626, "value": 1}, {"source": "afc0b0b6-d5a8-43da-af75-7b2082330f27", "target": 2627, "value": 1}, {"source": "afc0b0b6-d5a8-43da-af75-7b2082330f27", "target": 2628, "value": 1}, {"source": "afc0b0b6-d5a8-43da-af75-7b2082330f27", "target": 2634, "value": 1}, {"source": "afc0b0b6-d5a8-43da-af75-7b2082330f27", "target": 2636, "value": 1}, {"source": "afc0b0b6-d5a8-43da-af75-7b2082330f27", "target": 3092, "value": 1}, {"source": "afc0b0b6-d5a8-43da-af75-7b2082330f27", "target": 3145, "value": 1}], "options": [{"label": "Estado inicial", "value": "FACULTAD DE CIENCIAS AGROPECUARIAS", "group": "00. Opciones predeterminadas"}, {"label": "FACULTAD DE CIENCIAS AGROPECUARIAS", "value": "FACULTAD DE CIENCIAS AGROPECUARIAS", "group": "01. Opciones de facultad"}, {"label": "Departamento de Ciencia Animal", "value": "Departamento de Ciencia Animal", "group": "02. Opciones de uab"}, {"label": "Departamento de Ciencias Agrícolas", "value": "Departamento de Ciencias Agrícolas", "group": "02. Opciones de uab"}, {"label": "Departamento de Ciencias Biológicas", "value": "Departamento de Ciencias Biológicas", "group": "02. Opciones de uab"}, {"label": "Alvarez Franco Luz Angela", "value": "Alvarez Franco Luz Angela", "group": "03. Opciones de autor"}, {"label": "Angel Sanchez Diego Ivan", "value": "Angel Sanchez Diego Ivan", "group": "03. Opciones de autor"}, {"label": "Ararat Jose Enrique", "value": "Ararat Jose Enrique", "group": "03. Opciones de autor"}, {"label": "Barrera Marin Nancy", "value": "Barrera Marin Nancy", "group": "03. Opciones de autor"}, {"label": "Barrientos Grajales Sorany Milena", "value": "Barrientos Grajales Sorany Milena", "group": "03. Opciones de autor"}, {"label": "Benavides Montaño Javier Antonio", "value": "Benavides Montaño Javier Antonio", "group": "03. Opciones de autor"}, {"label": "Caetano Creuci Maria", "value": "Caetano Creuci Maria", "group": "03. Opciones de autor"}, {"label": "Camargo Rodriguez Delmis Omar", "value": "Camargo Rodriguez Delmis Omar", "group": "03. Opciones de autor"}, {"label": "Campos Gaona Romulo", "value": "Campos Gaona Romulo", "group": "03. Opciones de autor"}, {"label": "Cardozo Conde Carlos Ivan", "value": "Cardozo Conde Carlos Ivan", "group": "03. Opciones de autor"}, {"label": "Ceballos Lascano Hernan", "value": "Ceballos Lascano Hernan", "group": "03. Opciones de autor"}, {"label": "De La Cruz Aparicio Gabriel Antonio", "value": "De La Cruz Aparicio Gabriel Antonio", "group": "03. Opciones de autor"}, {"label": "Duran Castro Carlos Vicente", "value": "Duran Castro Carlos Vicente", "group": "03. Opciones de autor"}, {"label": "Estrada Salazar Edgar Ivan", "value": "Estrada Salazar Edgar Ivan", "group": "03. Opciones de autor"}, {"label": "Forero Pinto Luis Eduardo", "value": "Forero Pinto Luis Eduardo", "group": "03. Opciones de autor"}, {"label": "Franco Gamboa Angelica", "value": "Franco Gamboa Angelica", "group": "03. Opciones de autor"}, {"label": "Garcia Davila Mario Augusto", "value": "Garcia Davila Mario Augusto", "group": "03. Opciones de autor"}, {"label": "Giraldo Patiño Leonidas", "value": "Giraldo Patiño Leonidas", "group": "03. Opciones de autor"}, {"label": "Gomez Carabali Arnulfo", "value": "Gomez Carabali Arnulfo", "group": "03. Opciones de autor"}, {"label": "Gomez Lopez Eyder Daniel", "value": "Gomez Lopez Eyder Daniel", "group": "03. Opciones de autor"}, {"label": "Gomez Peñaranda Jose Ader", "value": "Gomez Peñaranda Jose Ader", "group": "03. Opciones de autor"}, {"label": "Gracia Cardenas Roberto", "value": "Gracia Cardenas Roberto", "group": "03. Opciones de autor"}, {"label": "Gutierrez Forero Jose Ariel", "value": "Gutierrez Forero Jose Ariel", "group": "03. Opciones de autor"}, {"label": "Hernandez Herrera Darwin Yovanny", "value": "Hernandez Herrera Darwin Yovanny", "group": "03. Opciones de autor"}, {"label": "Hidalgo Hidalgo Rigoberto", "value": "Hidalgo Hidalgo Rigoberto", "group": "03. Opciones de autor"}, {"label": "Hoyos Castaño Veronica", "value": "Hoyos Castaño Veronica", "group": "03. Opciones de autor"}, {"label": "Jaramillo Cruz Carlos Alberto", "value": "Jaramillo Cruz Carlos Alberto", "group": "03. Opciones de autor"}, {"label": "Lenis Sanin Yasser Yohan", "value": "Lenis Sanin Yasser Yohan", "group": "03. Opciones de autor"}, {"label": "Londoño Motta Angela Maria", "value": "Londoño Motta Angela Maria", "group": "03. Opciones de autor"}, {"label": "Lopez Alvarez Diana Carolina", "value": "Lopez Alvarez Diana Carolina", "group": "03. Opciones de autor"}, {"label": "Lopez Galeano Arnobio", "value": "Lopez Galeano Arnobio", "group": "03. Opciones de autor"}, {"label": "Lopez Lopez Karina", "value": "Lopez Lopez Karina", "group": "03. Opciones de autor"}, {"label": "Malagon Manrique Ricardo", "value": "Malagon Manrique Ricardo", "group": "03. Opciones de autor"}, {"label": "Manzano Martinez Maria Del Rosario", "value": "Manzano Martinez Maria Del Rosario", "group": "03. Opciones de autor"}, {"label": "Mejia De Tafur Maria Sara", "value": "Mejia De Tafur Maria Sara", "group": "03. Opciones de autor"}, {"label": "Menjivar Flores Juan Carlos", "value": "Menjivar Flores Juan Carlos", "group": "03. Opciones de autor"}, {"label": "Mesa Cobo Nora Cristina", "value": "Mesa Cobo Nora Cristina", "group": "03. Opciones de autor"}, {"label": "Morillo Coronado Yacenia", "value": "Morillo Coronado Yacenia", "group": "03. Opciones de autor"}, {"label": "Muñoz Arboleda Luz Stella", "value": "Muñoz Arboleda Luz Stella", "group": "03. Opciones de autor"}, {"label": "Muñoz Florez Jaime Eduardo", "value": "Muñoz Florez Jaime Eduardo", "group": "03. Opciones de autor"}, {"label": "Muñoz Perea Carlos German", "value": "Muñoz Perea Carlos German", "group": "03. Opciones de autor"}, {"label": "Ocampo Perez Jhon Albeiro", "value": "Ocampo Perez Jhon Albeiro", "group": "03. Opciones de autor"}, {"label": "Ortiz Escobar Amanda", "value": "Ortiz Escobar Amanda", "group": "03. Opciones de autor"}, {"label": "Ortiz Grisales Sanin", "value": "Ortiz Grisales Sanin", "group": "03. Opciones de autor"}, {"label": "Owen Bartlett Arthur Alwyn", "value": "Owen Bartlett Arthur Alwyn", "group": "03. Opciones de autor"}, {"label": "Pelaez Pelaez Manuel Jose", "value": "Pelaez Pelaez Manuel Jose", "group": "03. Opciones de autor"}, {"label": "Pineda Vasquez Maria Elena", "value": "Pineda Vasquez Maria Elena", "group": "03. Opciones de autor"}, {"label": "Prager Mosquera Martin", "value": "Prager Mosquera Martin", "group": "03. Opciones de autor"}, {"label": "Quintero De Vallejo Victoria Eugenia", "value": "Quintero De Vallejo Victoria Eugenia", "group": "03. Opciones de autor"}, {"label": "Ramirez Hernando", "value": "Ramirez Hernando", "group": "03. Opciones de autor"}, {"label": "Ramirez Nader Luis Miguel", "value": "Ramirez Nader Luis Miguel", "group": "03. Opciones de autor"}, {"label": "Ramos Rodriguez Hector Fabio", "value": "Ramos Rodriguez Hector Fabio", "group": "03. Opciones de autor"}, {"label": "Reyes Rojas Gustavo Adolfo", "value": "Reyes Rojas Gustavo Adolfo", "group": "03. Opciones de autor"}, {"label": "Rincón Florez Juan Carlos", "value": "Rincón Florez Juan Carlos", "group": "03. Opciones de autor"}, {"label": "Rivera Posada Jose Horacio", "value": "Rivera Posada Jose Horacio", "group": "03. Opciones de autor"}, {"label": "Sanchez De Prager Marina", "value": "Sanchez De Prager Marina", "group": "03. Opciones de autor"}, {"label": "Sanchez Guerrero Hugo", "value": "Sanchez Guerrero Hugo", "group": "03. Opciones de autor"}, {"label": "Sanchez Orozco Manuel Salvador", "value": "Sanchez Orozco Manuel Salvador", "group": "03. Opciones de autor"}, {"label": "Sarria Buenaventura Patricia Isabel", "value": "Sarria Buenaventura Patricia Isabel", "group": "03. Opciones de autor"}, {"label": "Soares Da Silva Ferreira Matheus", "value": "Soares Da Silva Ferreira Matheus", "group": "03. Opciones de autor"}, {"label": "Tovar Vanegas Jorge Enrique", "value": "Tovar Vanegas Jorge Enrique", "group": "03. Opciones de autor"}, {"label": "Vaca Vaca Juan Carlos", "value": "Vaca Vaca Juan Carlos", "group": "03. Opciones de autor"}, {"label": "Valencia Llano Nestor Fabio", "value": "Valencia Llano Nestor Fabio", "group": "03. Opciones de autor"}, {"label": "Vallejo Cabrera Franco Alirio", "value": "Vallejo Cabrera Franco Alirio", "group": "03. Opciones de autor"}, {"label": "Vasquez Amariles Herney Dario", "value": "Vasquez Amariles Herney Dario", "group": "03. Opciones de autor"}, {"label": "Vasquez Gamboa Lucena", "value": "Vasquez Gamboa Lucena", "group": "03. Opciones de autor"}, {"label": "Velasquez Ibañez Elena", "value": "Velasquez Ibañez Elena", "group": "03. Opciones de autor"}, {"label": "Velez Terranova Oscar Mauricio", "value": "Velez Terranova Oscar Mauricio", "group": "03. Opciones de autor"}, {"label": "Zarate Reyes Ruben Dario", "value": "Zarate Reyes Ruben Dario", "group": "03. Opciones de autor"}, {"label": "autorización", "value": "autorización", "group": "04. Opciones de temas"}, {"label": "ceniza volcánica", "value": "ceniza volcánica", "group": "04. Opciones de temas"}, {"label": "compuestos", "value": "compuestos", "group": "04. Opciones de temas"}, {"label": "conductividad", "value": "conductividad", "group": "04. Opciones de temas"}, {"label": "cultivo de café", "value": "cultivo de café", "group": "04. Opciones de temas"}, {"label": "encendiendo", "value": "encendiendo", "group": "04. Opciones de temas"}, {"label": "frecuencia", "value": "frecuencia", "group": "04. Opciones de temas"}, {"label": "genética", "value": "genética", "group": "04. Opciones de temas"}, {"label": "geohazard", "value": "geohazard", "group": "04. Opciones de temas"}, {"label": "geología", "value": "geología", "group": "04. Opciones de temas"}, {"label": "indexación", "value": "indexación", "group": "04. Opciones de temas"}, {"label": "logística", "value": "logística", "group": "04. Opciones de temas"}, {"label": "modelado", "value": "modelado", "group": "04. Opciones de temas"}, {"label": "métodos de agrupamiento", "value": "métodos de agrupamiento", "group": "04. Opciones de temas"}, {"label": "probabilidad", "value": "probabilidad", "group": "04. Opciones de temas"}, {"label": "susceptibilidad de deslizamiento de tierra", "value": "susceptibilidad de deslizamiento de tierra", "group": "04. Opciones de temas"}, {"label": "tierra", "value": "tierra", "group": "04. Opciones de temas"}, {"label": "transformaciones", "value": "transformaciones", "group": "04. Opciones de temas"}, {"label": "transformadores", "value": "transformadores", "group": "04. Opciones de temas"}, {"label": "índices", "value": "índices", "group": "04. Opciones de temas"}]}